draw_id,game_id,statistical_regime_id,draw_date,draw_stream,split
FL-D-1988-05-07,florida_lotto,FL-S01,1988-05-07,main,exploration
FL-D-1988-05-14,florida_lotto,FL-S01,1988-05-14,main,exploration
FL-D-1988-05-21,florida_lotto,FL-S01,1988-05-21,main,exploration
FL-D-1988-05-28,florida_lotto,FL-S01,1988-05-28,main,exploration
FL-D-1988-06-04,florida_lotto,FL-S01,1988-06-04,main,exploration
FL-D-1988-06-11,florida_lotto,FL-S01,1988-06-11,main,exploration
FL-D-1988-06-18,florida_lotto,FL-S01,1988-06-18,main,exploration
FL-D-1988-06-25,florida_lotto,FL-S01,1988-06-25,main,exploration
FL-D-1988-07-02,florida_lotto,FL-S01,1988-07-02,main,exploration
FL-D-1988-07-09,florida_lotto,FL-S01,1988-07-09,main,exploration
FL-D-1988-07-16,florida_lotto,FL-S01,1988-07-16,main,exploration
FL-D-1988-07-23,florida_lotto,FL-S01,1988-07-23,main,exploration
FL-D-1988-07-30,florida_lotto,FL-S01,1988-07-30,main,exploration
FL-D-1988-08-06,florida_lotto,FL-S01,1988-08-06,main,exploration
FL-D-1988-08-13,florida_lotto,FL-S01,1988-08-13,main,exploration
FL-D-1988-08-20,florida_lotto,FL-S01,1988-08-20,main,exploration
FL-D-1988-08-27,florida_lotto,FL-S01,1988-08-27,main,exploration
FL-D-1988-09-03,florida_lotto,FL-S01,1988-09-03,main,exploration
FL-D-1988-09-10,florida_lotto,FL-S01,1988-09-10,main,exploration
FL-D-1988-09-17,florida_lotto,FL-S01,1988-09-17,main,exploration
FL-D-1988-09-24,florida_lotto,FL-S01,1988-09-24,main,exploration
FL-D-1988-10-01,florida_lotto,FL-S01,1988-10-01,main,exploration
FL-D-1988-10-08,florida_lotto,FL-S01,1988-10-08,main,exploration
FL-D-1988-10-15,florida_lotto,FL-S01,1988-10-15,main,exploration
FL-D-1988-10-22,florida_lotto,FL-S01,1988-10-22,main,exploration
FL-D-1988-10-29,florida_lotto,FL-S01,1988-10-29,main,exploration
FL-D-1988-11-05,florida_lotto,FL-S01,1988-11-05,main,exploration
FL-D-1988-11-12,florida_lotto,FL-S01,1988-11-12,main,exploration
FL-D-1988-11-19,florida_lotto,FL-S01,1988-11-19,main,exploration
FL-D-1988-11-26,florida_lotto,FL-S01,1988-11-26,main,exploration
FL-D-1988-12-03,florida_lotto,FL-S01,1988-12-03,main,exploration
FL-D-1988-12-10,florida_lotto,FL-S01,1988-12-10,main,exploration
FL-D-1988-12-17,florida_lotto,FL-S01,1988-12-17,main,exploration
FL-D-1988-12-24,florida_lotto,FL-S01,1988-12-24,main,exploration
FL-D-1988-12-31,florida_lotto,FL-S01,1988-12-31,main,exploration
FL-D-1989-01-07,florida_lotto,FL-S01,1989-01-07,main,exploration
FL-D-1989-01-14,florida_lotto,FL-S01,1989-01-14,main,exploration
FL-D-1989-01-21,florida_lotto,FL-S01,1989-01-21,main,exploration
FL-D-1989-01-28,florida_lotto,FL-S01,1989-01-28,main,exploration
FL-D-1989-02-04,florida_lotto,FL-S01,1989-02-04,main,exploration
FL-D-1989-02-11,florida_lotto,FL-S01,1989-02-11,main,exploration
FL-D-1989-02-18,florida_lotto,FL-S01,1989-02-18,main,exploration
FL-D-1989-02-25,florida_lotto,FL-S01,1989-02-25,main,exploration
FL-D-1989-03-04,florida_lotto,FL-S01,1989-03-04,main,exploration
FL-D-1989-03-11,florida_lotto,FL-S01,1989-03-11,main,exploration
FL-D-1989-03-18,florida_lotto,FL-S01,1989-03-18,main,exploration
FL-D-1989-03-25,florida_lotto,FL-S01,1989-03-25,main,exploration
FL-D-1989-04-01,florida_lotto,FL-S01,1989-04-01,main,exploration
FL-D-1989-04-08,florida_lotto,FL-S01,1989-04-08,main,exploration
FL-D-1989-04-15,florida_lotto,FL-S01,1989-04-15,main,exploration
FL-D-1989-04-22,florida_lotto,FL-S01,1989-04-22,main,exploration
FL-D-1989-04-29,florida_lotto,FL-S01,1989-04-29,main,exploration
FL-D-1989-05-06,florida_lotto,FL-S01,1989-05-06,main,exploration
FL-D-1989-05-13,florida_lotto,FL-S01,1989-05-13,main,exploration
FL-D-1989-05-20,florida_lotto,FL-S01,1989-05-20,main,exploration
FL-D-1989-05-27,florida_lotto,FL-S01,1989-05-27,main,exploration
FL-D-1989-06-03,florida_lotto,FL-S01,1989-06-03,main,exploration
FL-D-1989-06-10,florida_lotto,FL-S01,1989-06-10,main,exploration
FL-D-1989-06-17,florida_lotto,FL-S01,1989-06-17,main,exploration
FL-D-1989-06-24,florida_lotto,FL-S01,1989-06-24,main,exploration
FL-D-1989-07-01,florida_lotto,FL-S01,1989-07-01,main,exploration
FL-D-1989-07-08,florida_lotto,FL-S01,1989-07-08,main,exploration
FL-D-1989-07-15,florida_lotto,FL-S01,1989-07-15,main,exploration
FL-D-1989-07-22,florida_lotto,FL-S01,1989-07-22,main,exploration
FL-D-1989-07-29,florida_lotto,FL-S01,1989-07-29,main,exploration
FL-D-1989-08-05,florida_lotto,FL-S01,1989-08-05,main,exploration
FL-D-1989-08-12,florida_lotto,FL-S01,1989-08-12,main,exploration
FL-D-1989-08-19,florida_lotto,FL-S01,1989-08-19,main,exploration
FL-D-1989-08-26,florida_lotto,FL-S01,1989-08-26,main,exploration
FL-D-1989-09-02,florida_lotto,FL-S01,1989-09-02,main,exploration
FL-D-1989-09-09,florida_lotto,FL-S01,1989-09-09,main,exploration
FL-D-1989-09-16,florida_lotto,FL-S01,1989-09-16,main,exploration
FL-D-1989-09-23,florida_lotto,FL-S01,1989-09-23,main,exploration
FL-D-1989-09-30,florida_lotto,FL-S01,1989-09-30,main,exploration
FL-D-1989-10-07,florida_lotto,FL-S01,1989-10-07,main,exploration
FL-D-1989-10-14,florida_lotto,FL-S01,1989-10-14,main,exploration
FL-D-1989-10-21,florida_lotto,FL-S01,1989-10-21,main,exploration
FL-D-1989-10-28,florida_lotto,FL-S01,1989-10-28,main,exploration
FL-D-1989-11-04,florida_lotto,FL-S01,1989-11-04,main,exploration
FL-D-1989-11-11,florida_lotto,FL-S01,1989-11-11,main,exploration
FL-D-1989-11-18,florida_lotto,FL-S01,1989-11-18,main,exploration
FL-D-1989-11-25,florida_lotto,FL-S01,1989-11-25,main,exploration
FL-D-1989-12-02,florida_lotto,FL-S01,1989-12-02,main,exploration
FL-D-1989-12-09,florida_lotto,FL-S01,1989-12-09,main,exploration
FL-D-1989-12-16,florida_lotto,FL-S01,1989-12-16,main,exploration
FL-D-1989-12-23,florida_lotto,FL-S01,1989-12-23,main,exploration
FL-D-1989-12-30,florida_lotto,FL-S01,1989-12-30,main,exploration
FL-D-1990-01-06,florida_lotto,FL-S01,1990-01-06,main,exploration
FL-D-1990-01-13,florida_lotto,FL-S01,1990-01-13,main,exploration
FL-D-1990-01-20,florida_lotto,FL-S01,1990-01-20,main,exploration
FL-D-1990-01-27,florida_lotto,FL-S01,1990-01-27,main,exploration
FL-D-1990-02-03,florida_lotto,FL-S01,1990-02-03,main,exploration
FL-D-1990-02-10,florida_lotto,FL-S01,1990-02-10,main,exploration
FL-D-1990-02-17,florida_lotto,FL-S01,1990-02-17,main,exploration
FL-D-1990-02-24,florida_lotto,FL-S01,1990-02-24,main,exploration
FL-D-1990-03-03,florida_lotto,FL-S01,1990-03-03,main,exploration
FL-D-1990-03-10,florida_lotto,FL-S01,1990-03-10,main,exploration
FL-D-1990-03-17,florida_lotto,FL-S01,1990-03-17,main,exploration
FL-D-1990-03-24,florida_lotto,FL-S01,1990-03-24,main,exploration
FL-D-1990-03-31,florida_lotto,FL-S01,1990-03-31,main,exploration
FL-D-1990-04-07,florida_lotto,FL-S01,1990-04-07,main,exploration
FL-D-1990-04-14,florida_lotto,FL-S01,1990-04-14,main,exploration
FL-D-1990-04-21,florida_lotto,FL-S01,1990-04-21,main,exploration
FL-D-1990-04-28,florida_lotto,FL-S01,1990-04-28,main,exploration
FL-D-1990-05-05,florida_lotto,FL-S01,1990-05-05,main,exploration
FL-D-1990-05-12,florida_lotto,FL-S01,1990-05-12,main,exploration
FL-D-1990-05-19,florida_lotto,FL-S01,1990-05-19,main,exploration
FL-D-1990-05-26,florida_lotto,FL-S01,1990-05-26,main,exploration
FL-D-1990-06-02,florida_lotto,FL-S01,1990-06-02,main,exploration
FL-D-1990-06-09,florida_lotto,FL-S01,1990-06-09,main,exploration
FL-D-1990-06-16,florida_lotto,FL-S01,1990-06-16,main,exploration
FL-D-1990-06-23,florida_lotto,FL-S01,1990-06-23,main,exploration
FL-D-1990-06-30,florida_lotto,FL-S01,1990-06-30,main,exploration
FL-D-1990-07-07,florida_lotto,FL-S01,1990-07-07,main,exploration
FL-D-1990-07-14,florida_lotto,FL-S01,1990-07-14,main,exploration
FL-D-1990-07-21,florida_lotto,FL-S01,1990-07-21,main,exploration
FL-D-1990-07-28,florida_lotto,FL-S01,1990-07-28,main,exploration
FL-D-1990-08-04,florida_lotto,FL-S01,1990-08-04,main,exploration
FL-D-1990-08-11,florida_lotto,FL-S01,1990-08-11,main,exploration
FL-D-1990-08-18,florida_lotto,FL-S01,1990-08-18,main,exploration
FL-D-1990-08-25,florida_lotto,FL-S01,1990-08-25,main,exploration
FL-D-1990-09-01,florida_lotto,FL-S01,1990-09-01,main,exploration
FL-D-1990-09-08,florida_lotto,FL-S01,1990-09-08,main,exploration
FL-D-1990-09-15,florida_lotto,FL-S01,1990-09-15,main,exploration
FL-D-1990-09-22,florida_lotto,FL-S01,1990-09-22,main,exploration
FL-D-1990-09-29,florida_lotto,FL-S01,1990-09-29,main,exploration
FL-D-1990-10-06,florida_lotto,FL-S01,1990-10-06,main,exploration
FL-D-1990-10-13,florida_lotto,FL-S01,1990-10-13,main,exploration
FL-D-1990-10-20,florida_lotto,FL-S01,1990-10-20,main,exploration
FL-D-1990-10-27,florida_lotto,FL-S01,1990-10-27,main,exploration
FL-D-1990-11-03,florida_lotto,FL-S01,1990-11-03,main,exploration
FL-D-1990-11-10,florida_lotto,FL-S01,1990-11-10,main,exploration
FL-D-1990-11-17,florida_lotto,FL-S01,1990-11-17,main,exploration
FL-D-1990-11-24,florida_lotto,FL-S01,1990-11-24,main,exploration
FL-D-1990-12-01,florida_lotto,FL-S01,1990-12-01,main,exploration
FL-D-1990-12-08,florida_lotto,FL-S01,1990-12-08,main,exploration
FL-D-1990-12-15,florida_lotto,FL-S01,1990-12-15,main,exploration
FL-D-1990-12-22,florida_lotto,FL-S01,1990-12-22,main,exploration
FL-D-1990-12-29,florida_lotto,FL-S01,1990-12-29,main,exploration
FL-D-1991-01-05,florida_lotto,FL-S01,1991-01-05,main,exploration
FL-D-1991-01-12,florida_lotto,FL-S01,1991-01-12,main,exploration
FL-D-1991-01-19,florida_lotto,FL-S01,1991-01-19,main,exploration
FL-D-1991-01-26,florida_lotto,FL-S01,1991-01-26,main,exploration
FL-D-1991-02-02,florida_lotto,FL-S01,1991-02-02,main,exploration
FL-D-1991-02-09,florida_lotto,FL-S01,1991-02-09,main,exploration
FL-D-1991-02-16,florida_lotto,FL-S01,1991-02-16,main,exploration
FL-D-1991-02-23,florida_lotto,FL-S01,1991-02-23,main,exploration
FL-D-1991-03-02,florida_lotto,FL-S01,1991-03-02,main,exploration
FL-D-1991-03-09,florida_lotto,FL-S01,1991-03-09,main,exploration
FL-D-1991-03-16,florida_lotto,FL-S01,1991-03-16,main,exploration
FL-D-1991-03-23,florida_lotto,FL-S01,1991-03-23,main,exploration
FL-D-1991-03-30,florida_lotto,FL-S01,1991-03-30,main,exploration
FL-D-1991-04-06,florida_lotto,FL-S01,1991-04-06,main,exploration
FL-D-1991-04-13,florida_lotto,FL-S01,1991-04-13,main,exploration
FL-D-1991-04-20,florida_lotto,FL-S01,1991-04-20,main,exploration
FL-D-1991-04-27,florida_lotto,FL-S01,1991-04-27,main,exploration
FL-D-1991-05-04,florida_lotto,FL-S01,1991-05-04,main,exploration
FL-D-1991-05-11,florida_lotto,FL-S01,1991-05-11,main,exploration
FL-D-1991-05-18,florida_lotto,FL-S01,1991-05-18,main,exploration
FL-D-1991-05-25,florida_lotto,FL-S01,1991-05-25,main,exploration
FL-D-1991-06-01,florida_lotto,FL-S01,1991-06-01,main,exploration
FL-D-1991-06-08,florida_lotto,FL-S01,1991-06-08,main,exploration
FL-D-1991-06-15,florida_lotto,FL-S01,1991-06-15,main,exploration
FL-D-1991-06-22,florida_lotto,FL-S01,1991-06-22,main,exploration
FL-D-1991-06-29,florida_lotto,FL-S01,1991-06-29,main,exploration
FL-D-1991-07-06,florida_lotto,FL-S01,1991-07-06,main,exploration
FL-D-1991-07-13,florida_lotto,FL-S01,1991-07-13,main,exploration
FL-D-1991-07-20,florida_lotto,FL-S01,1991-07-20,main,exploration
FL-D-1991-07-27,florida_lotto,FL-S01,1991-07-27,main,exploration
FL-D-1991-08-03,florida_lotto,FL-S01,1991-08-03,main,exploration
FL-D-1991-08-10,florida_lotto,FL-S01,1991-08-10,main,exploration
FL-D-1991-08-17,florida_lotto,FL-S01,1991-08-17,main,exploration
FL-D-1991-08-24,florida_lotto,FL-S01,1991-08-24,main,exploration
FL-D-1991-08-31,florida_lotto,FL-S01,1991-08-31,main,exploration
FL-D-1991-09-07,florida_lotto,FL-S01,1991-09-07,main,exploration
FL-D-1991-09-14,florida_lotto,FL-S01,1991-09-14,main,exploration
FL-D-1991-09-21,florida_lotto,FL-S01,1991-09-21,main,exploration
FL-D-1991-09-28,florida_lotto,FL-S01,1991-09-28,main,exploration
FL-D-1991-10-05,florida_lotto,FL-S01,1991-10-05,main,exploration
FL-D-1991-10-12,florida_lotto,FL-S01,1991-10-12,main,exploration
FL-D-1991-10-19,florida_lotto,FL-S01,1991-10-19,main,exploration
FL-D-1991-10-26,florida_lotto,FL-S01,1991-10-26,main,exploration
FL-D-1991-11-02,florida_lotto,FL-S01,1991-11-02,main,exploration
FL-D-1991-11-09,florida_lotto,FL-S01,1991-11-09,main,exploration
FL-D-1991-11-16,florida_lotto,FL-S01,1991-11-16,main,exploration
FL-D-1991-11-23,florida_lotto,FL-S01,1991-11-23,main,exploration
FL-D-1991-11-30,florida_lotto,FL-S01,1991-11-30,main,exploration
FL-D-1991-12-07,florida_lotto,FL-S01,1991-12-07,main,exploration
FL-D-1991-12-14,florida_lotto,FL-S01,1991-12-14,main,exploration
FL-D-1991-12-21,florida_lotto,FL-S01,1991-12-21,main,exploration
FL-D-1991-12-28,florida_lotto,FL-S01,1991-12-28,main,exploration
FL-D-1992-01-04,florida_lotto,FL-S01,1992-01-04,main,exploration
FL-D-1992-01-11,florida_lotto,FL-S01,1992-01-11,main,exploration
FL-D-1992-01-18,florida_lotto,FL-S01,1992-01-18,main,exploration
FL-D-1992-01-25,florida_lotto,FL-S01,1992-01-25,main,exploration
FL-D-1992-02-01,florida_lotto,FL-S01,1992-02-01,main,exploration
FL-D-1992-02-08,florida_lotto,FL-S01,1992-02-08,main,exploration
FL-D-1992-02-15,florida_lotto,FL-S01,1992-02-15,main,exploration
FL-D-1992-02-22,florida_lotto,FL-S01,1992-02-22,main,exploration
FL-D-1992-02-29,florida_lotto,FL-S01,1992-02-29,main,exploration
FL-D-1992-03-07,florida_lotto,FL-S01,1992-03-07,main,exploration
FL-D-1992-03-14,florida_lotto,FL-S01,1992-03-14,main,exploration
FL-D-1992-03-21,florida_lotto,FL-S01,1992-03-21,main,exploration
FL-D-1992-03-28,florida_lotto,FL-S01,1992-03-28,main,exploration
FL-D-1992-04-04,florida_lotto,FL-S01,1992-04-04,main,exploration
FL-D-1992-04-11,florida_lotto,FL-S01,1992-04-11,main,exploration
FL-D-1992-04-18,florida_lotto,FL-S01,1992-04-18,main,exploration
FL-D-1992-04-25,florida_lotto,FL-S01,1992-04-25,main,exploration
FL-D-1992-05-02,florida_lotto,FL-S01,1992-05-02,main,exploration
FL-D-1992-05-09,florida_lotto,FL-S01,1992-05-09,main,exploration
FL-D-1992-05-16,florida_lotto,FL-S01,1992-05-16,main,exploration
FL-D-1992-05-23,florida_lotto,FL-S01,1992-05-23,main,exploration
FL-D-1992-05-30,florida_lotto,FL-S01,1992-05-30,main,exploration
FL-D-1992-06-06,florida_lotto,FL-S01,1992-06-06,main,exploration
FL-D-1992-06-13,florida_lotto,FL-S01,1992-06-13,main,exploration
FL-D-1992-06-20,florida_lotto,FL-S01,1992-06-20,main,exploration
FL-D-1992-06-27,florida_lotto,FL-S01,1992-06-27,main,exploration
FL-D-1992-07-04,florida_lotto,FL-S01,1992-07-04,main,exploration
FL-D-1992-07-11,florida_lotto,FL-S01,1992-07-11,main,exploration
FL-D-1992-07-18,florida_lotto,FL-S01,1992-07-18,main,exploration
FL-D-1992-07-25,florida_lotto,FL-S01,1992-07-25,main,exploration
FL-D-1992-08-01,florida_lotto,FL-S01,1992-08-01,main,exploration
FL-D-1992-08-08,florida_lotto,FL-S01,1992-08-08,main,exploration
FL-D-1992-08-15,florida_lotto,FL-S01,1992-08-15,main,exploration
FL-D-1992-08-22,florida_lotto,FL-S01,1992-08-22,main,exploration
FL-D-1992-08-29,florida_lotto,FL-S01,1992-08-29,main,exploration
FL-D-1992-09-05,florida_lotto,FL-S01,1992-09-05,main,exploration
FL-D-1992-09-12,florida_lotto,FL-S01,1992-09-12,main,exploration
FL-D-1992-09-19,florida_lotto,FL-S01,1992-09-19,main,exploration
FL-D-1992-09-26,florida_lotto,FL-S01,1992-09-26,main,exploration
FL-D-1992-10-03,florida_lotto,FL-S01,1992-10-03,main,exploration
FL-D-1992-10-10,florida_lotto,FL-S01,1992-10-10,main,exploration
FL-D-1992-10-17,florida_lotto,FL-S01,1992-10-17,main,exploration
FL-D-1992-10-24,florida_lotto,FL-S01,1992-10-24,main,exploration
FL-D-1992-10-31,florida_lotto,FL-S01,1992-10-31,main,exploration
FL-D-1992-11-07,florida_lotto,FL-S01,1992-11-07,main,exploration
FL-D-1992-11-14,florida_lotto,FL-S01,1992-11-14,main,exploration
FL-D-1992-11-21,florida_lotto,FL-S01,1992-11-21,main,exploration
FL-D-1992-11-28,florida_lotto,FL-S01,1992-11-28,main,exploration
FL-D-1992-12-05,florida_lotto,FL-S01,1992-12-05,main,exploration
FL-D-1992-12-12,florida_lotto,FL-S01,1992-12-12,main,exploration
FL-D-1992-12-19,florida_lotto,FL-S01,1992-12-19,main,exploration
FL-D-1992-12-26,florida_lotto,FL-S01,1992-12-26,main,exploration
FL-D-1993-01-02,florida_lotto,FL-S01,1993-01-02,main,exploration
FL-D-1993-01-09,florida_lotto,FL-S01,1993-01-09,main,exploration
FL-D-1993-01-16,florida_lotto,FL-S01,1993-01-16,main,exploration
FL-D-1993-01-23,florida_lotto,FL-S01,1993-01-23,main,exploration
FL-D-1993-01-30,florida_lotto,FL-S01,1993-01-30,main,exploration
FL-D-1993-02-06,florida_lotto,FL-S01,1993-02-06,main,exploration
FL-D-1993-02-13,florida_lotto,FL-S01,1993-02-13,main,exploration
FL-D-1993-02-20,florida_lotto,FL-S01,1993-02-20,main,exploration
FL-D-1993-02-27,florida_lotto,FL-S01,1993-02-27,main,exploration
FL-D-1993-03-06,florida_lotto,FL-S01,1993-03-06,main,exploration
FL-D-1993-03-13,florida_lotto,FL-S01,1993-03-13,main,exploration
FL-D-1993-03-20,florida_lotto,FL-S01,1993-03-20,main,exploration
FL-D-1993-03-27,florida_lotto,FL-S01,1993-03-27,main,exploration
FL-D-1993-04-03,florida_lotto,FL-S01,1993-04-03,main,exploration
FL-D-1993-04-10,florida_lotto,FL-S01,1993-04-10,main,exploration
FL-D-1993-04-17,florida_lotto,FL-S01,1993-04-17,main,exploration
FL-D-1993-04-24,florida_lotto,FL-S01,1993-04-24,main,exploration
FL-D-1993-05-01,florida_lotto,FL-S01,1993-05-01,main,exploration
FL-D-1993-05-08,florida_lotto,FL-S01,1993-05-08,main,exploration
FL-D-1993-05-15,florida_lotto,FL-S01,1993-05-15,main,exploration
FL-D-1993-05-22,florida_lotto,FL-S01,1993-05-22,main,exploration
FL-D-1993-05-29,florida_lotto,FL-S01,1993-05-29,main,exploration
FL-D-1993-06-05,florida_lotto,FL-S01,1993-06-05,main,exploration
FL-D-1993-06-12,florida_lotto,FL-S01,1993-06-12,main,exploration
FL-D-1993-06-19,florida_lotto,FL-S01,1993-06-19,main,exploration
FL-D-1993-06-26,florida_lotto,FL-S01,1993-06-26,main,exploration
FL-D-1993-07-03,florida_lotto,FL-S01,1993-07-03,main,exploration
FL-D-1993-07-10,florida_lotto,FL-S01,1993-07-10,main,exploration
FL-D-1993-07-17,florida_lotto,FL-S01,1993-07-17,main,exploration
FL-D-1993-07-24,florida_lotto,FL-S01,1993-07-24,main,exploration
FL-D-1993-07-31,florida_lotto,FL-S01,1993-07-31,main,exploration
FL-D-1993-08-07,florida_lotto,FL-S01,1993-08-07,main,exploration
FL-D-1993-08-14,florida_lotto,FL-S01,1993-08-14,main,exploration
FL-D-1993-08-21,florida_lotto,FL-S01,1993-08-21,main,exploration
FL-D-1993-08-28,florida_lotto,FL-S01,1993-08-28,main,exploration
FL-D-1993-09-04,florida_lotto,FL-S01,1993-09-04,main,exploration
FL-D-1993-09-11,florida_lotto,FL-S01,1993-09-11,main,exploration
FL-D-1993-09-18,florida_lotto,FL-S01,1993-09-18,main,exploration
FL-D-1993-09-25,florida_lotto,FL-S01,1993-09-25,main,exploration
FL-D-1993-10-02,florida_lotto,FL-S01,1993-10-02,main,exploration
FL-D-1993-10-09,florida_lotto,FL-S01,1993-10-09,main,exploration
FL-D-1993-10-16,florida_lotto,FL-S01,1993-10-16,main,exploration
FL-D-1993-10-23,florida_lotto,FL-S01,1993-10-23,main,exploration
FL-D-1993-10-30,florida_lotto,FL-S01,1993-10-30,main,exploration
FL-D-1993-11-06,florida_lotto,FL-S01,1993-11-06,main,exploration
FL-D-1993-11-13,florida_lotto,FL-S01,1993-11-13,main,exploration
FL-D-1993-11-20,florida_lotto,FL-S01,1993-11-20,main,exploration
FL-D-1993-11-27,florida_lotto,FL-S01,1993-11-27,main,exploration
FL-D-1993-12-04,florida_lotto,FL-S01,1993-12-04,main,exploration
FL-D-1993-12-11,florida_lotto,FL-S01,1993-12-11,main,exploration
FL-D-1993-12-18,florida_lotto,FL-S01,1993-12-18,main,exploration
FL-D-1993-12-25,florida_lotto,FL-S01,1993-12-25,main,exploration
FL-D-1994-01-01,florida_lotto,FL-S01,1994-01-01,main,exploration
FL-D-1994-01-08,florida_lotto,FL-S01,1994-01-08,main,exploration
FL-D-1994-01-15,florida_lotto,FL-S01,1994-01-15,main,exploration
FL-D-1994-01-22,florida_lotto,FL-S01,1994-01-22,main,exploration
FL-D-1994-01-29,florida_lotto,FL-S01,1994-01-29,main,exploration
FL-D-1994-02-05,florida_lotto,FL-S01,1994-02-05,main,exploration
FL-D-1994-02-12,florida_lotto,FL-S01,1994-02-12,main,exploration
FL-D-1994-02-19,florida_lotto,FL-S01,1994-02-19,main,exploration
FL-D-1994-02-26,florida_lotto,FL-S01,1994-02-26,main,exploration
FL-D-1994-03-05,florida_lotto,FL-S01,1994-03-05,main,exploration
FL-D-1994-03-12,florida_lotto,FL-S01,1994-03-12,main,exploration
FL-D-1994-03-19,florida_lotto,FL-S01,1994-03-19,main,exploration
FL-D-1994-03-26,florida_lotto,FL-S01,1994-03-26,main,exploration
FL-D-1994-04-02,florida_lotto,FL-S01,1994-04-02,main,exploration
FL-D-1994-04-09,florida_lotto,FL-S01,1994-04-09,main,exploration
FL-D-1994-04-16,florida_lotto,FL-S01,1994-04-16,main,exploration
FL-D-1994-04-23,florida_lotto,FL-S01,1994-04-23,main,exploration
FL-D-1994-04-30,florida_lotto,FL-S01,1994-04-30,main,exploration
FL-D-1994-05-07,florida_lotto,FL-S01,1994-05-07,main,exploration
FL-D-1994-05-14,florida_lotto,FL-S01,1994-05-14,main,exploration
FL-D-1994-05-21,florida_lotto,FL-S01,1994-05-21,main,exploration
FL-D-1994-05-28,florida_lotto,FL-S01,1994-05-28,main,exploration
FL-D-1994-06-04,florida_lotto,FL-S01,1994-06-04,main,exploration
FL-D-1994-06-11,florida_lotto,FL-S01,1994-06-11,main,exploration
FL-D-1994-06-18,florida_lotto,FL-S01,1994-06-18,main,exploration
FL-D-1994-06-25,florida_lotto,FL-S01,1994-06-25,main,exploration
FL-D-1994-07-02,florida_lotto,FL-S01,1994-07-02,main,exploration
FL-D-1994-07-09,florida_lotto,FL-S01,1994-07-09,main,exploration
FL-D-1994-07-16,florida_lotto,FL-S01,1994-07-16,main,exploration
FL-D-1994-07-23,florida_lotto,FL-S01,1994-07-23,main,exploration
FL-D-1994-07-30,florida_lotto,FL-S01,1994-07-30,main,exploration
FL-D-1994-08-06,florida_lotto,FL-S01,1994-08-06,main,exploration
FL-D-1994-08-13,florida_lotto,FL-S01,1994-08-13,main,exploration
FL-D-1994-08-20,florida_lotto,FL-S01,1994-08-20,main,exploration
FL-D-1994-08-27,florida_lotto,FL-S01,1994-08-27,main,exploration
FL-D-1994-09-03,florida_lotto,FL-S01,1994-09-03,main,exploration
FL-D-1994-09-10,florida_lotto,FL-S01,1994-09-10,main,exploration
FL-D-1994-09-17,florida_lotto,FL-S01,1994-09-17,main,exploration
FL-D-1994-09-24,florida_lotto,FL-S01,1994-09-24,main,exploration
FL-D-1994-10-01,florida_lotto,FL-S01,1994-10-01,main,exploration
FL-D-1994-10-08,florida_lotto,FL-S01,1994-10-08,main,exploration
FL-D-1994-10-15,florida_lotto,FL-S01,1994-10-15,main,exploration
FL-D-1994-10-22,florida_lotto,FL-S01,1994-10-22,main,exploration
FL-D-1994-10-29,florida_lotto,FL-S01,1994-10-29,main,exploration
FL-D-1994-11-05,florida_lotto,FL-S01,1994-11-05,main,exploration
FL-D-1994-11-12,florida_lotto,FL-S01,1994-11-12,main,exploration
FL-D-1994-11-19,florida_lotto,FL-S01,1994-11-19,main,exploration
FL-D-1994-11-26,florida_lotto,FL-S01,1994-11-26,main,exploration
FL-D-1994-12-03,florida_lotto,FL-S01,1994-12-03,main,exploration
FL-D-1994-12-10,florida_lotto,FL-S01,1994-12-10,main,exploration
FL-D-1994-12-17,florida_lotto,FL-S01,1994-12-17,main,exploration
FL-D-1994-12-24,florida_lotto,FL-S01,1994-12-24,main,exploration
FL-D-1994-12-31,florida_lotto,FL-S01,1994-12-31,main,exploration
FL-D-1995-01-07,florida_lotto,FL-S01,1995-01-07,main,exploration
FL-D-1995-01-14,florida_lotto,FL-S01,1995-01-14,main,exploration
FL-D-1995-01-21,florida_lotto,FL-S01,1995-01-21,main,exploration
FL-D-1995-01-28,florida_lotto,FL-S01,1995-01-28,main,exploration
FL-D-1995-02-04,florida_lotto,FL-S01,1995-02-04,main,exploration
FL-D-1995-02-11,florida_lotto,FL-S01,1995-02-11,main,exploration
FL-D-1995-02-18,florida_lotto,FL-S01,1995-02-18,main,exploration
FL-D-1995-02-25,florida_lotto,FL-S01,1995-02-25,main,exploration
FL-D-1995-03-04,florida_lotto,FL-S01,1995-03-04,main,exploration
FL-D-1995-03-11,florida_lotto,FL-S01,1995-03-11,main,exploration
FL-D-1995-03-18,florida_lotto,FL-S01,1995-03-18,main,exploration
FL-D-1995-03-25,florida_lotto,FL-S01,1995-03-25,main,exploration
FL-D-1995-04-01,florida_lotto,FL-S01,1995-04-01,main,exploration
FL-D-1995-04-08,florida_lotto,FL-S01,1995-04-08,main,exploration
FL-D-1995-04-15,florida_lotto,FL-S01,1995-04-15,main,exploration
FL-D-1995-04-22,florida_lotto,FL-S01,1995-04-22,main,exploration
FL-D-1995-04-29,florida_lotto,FL-S01,1995-04-29,main,exploration
FL-D-1995-05-06,florida_lotto,FL-S01,1995-05-06,main,exploration
FL-D-1995-05-13,florida_lotto,FL-S01,1995-05-13,main,exploration
FL-D-1995-05-20,florida_lotto,FL-S01,1995-05-20,main,exploration
FL-D-1995-05-27,florida_lotto,FL-S01,1995-05-27,main,exploration
FL-D-1995-06-03,florida_lotto,FL-S01,1995-06-03,main,exploration
FL-D-1995-06-10,florida_lotto,FL-S01,1995-06-10,main,exploration
FL-D-1995-06-17,florida_lotto,FL-S01,1995-06-17,main,exploration
FL-D-1995-06-24,florida_lotto,FL-S01,1995-06-24,main,exploration
FL-D-1995-07-01,florida_lotto,FL-S01,1995-07-01,main,exploration
FL-D-1995-07-08,florida_lotto,FL-S01,1995-07-08,main,exploration
FL-D-1995-07-15,florida_lotto,FL-S01,1995-07-15,main,exploration
FL-D-1995-07-22,florida_lotto,FL-S01,1995-07-22,main,exploration
FL-D-1995-07-29,florida_lotto,FL-S01,1995-07-29,main,exploration
FL-D-1995-08-05,florida_lotto,FL-S01,1995-08-05,main,exploration
FL-D-1995-08-12,florida_lotto,FL-S01,1995-08-12,main,exploration
FL-D-1995-08-19,florida_lotto,FL-S01,1995-08-19,main,exploration
FL-D-1995-08-26,florida_lotto,FL-S01,1995-08-26,main,exploration
FL-D-1995-09-02,florida_lotto,FL-S01,1995-09-02,main,exploration
FL-D-1995-09-09,florida_lotto,FL-S01,1995-09-09,main,exploration
FL-D-1995-09-16,florida_lotto,FL-S01,1995-09-16,main,exploration
FL-D-1995-09-23,florida_lotto,FL-S01,1995-09-23,main,exploration
FL-D-1995-09-30,florida_lotto,FL-S01,1995-09-30,main,exploration
FL-D-1995-10-07,florida_lotto,FL-S01,1995-10-07,main,exploration
FL-D-1995-10-14,florida_lotto,FL-S01,1995-10-14,main,exploration
FL-D-1995-10-21,florida_lotto,FL-S01,1995-10-21,main,exploration
FL-D-1995-10-28,florida_lotto,FL-S01,1995-10-28,main,exploration
FL-D-1995-11-04,florida_lotto,FL-S01,1995-11-04,main,exploration
FL-D-1995-11-11,florida_lotto,FL-S01,1995-11-11,main,exploration
FL-D-1995-11-18,florida_lotto,FL-S01,1995-11-18,main,exploration
FL-D-1995-11-25,florida_lotto,FL-S01,1995-11-25,main,exploration
FL-D-1995-12-02,florida_lotto,FL-S01,1995-12-02,main,exploration
FL-D-1995-12-09,florida_lotto,FL-S01,1995-12-09,main,exploration
FL-D-1995-12-16,florida_lotto,FL-S01,1995-12-16,main,exploration
FL-D-1995-12-23,florida_lotto,FL-S01,1995-12-23,main,exploration
FL-D-1995-12-30,florida_lotto,FL-S01,1995-12-30,main,exploration
FL-D-1996-01-06,florida_lotto,FL-S01,1996-01-06,main,exploration
FL-D-1996-01-13,florida_lotto,FL-S01,1996-01-13,main,exploration
FL-D-1996-01-20,florida_lotto,FL-S01,1996-01-20,main,exploration
FL-D-1996-01-27,florida_lotto,FL-S01,1996-01-27,main,exploration
FL-D-1996-02-03,florida_lotto,FL-S01,1996-02-03,main,exploration
FL-D-1996-02-10,florida_lotto,FL-S01,1996-02-10,main,exploration
FL-D-1996-02-17,florida_lotto,FL-S01,1996-02-17,main,exploration
FL-D-1996-02-24,florida_lotto,FL-S01,1996-02-24,main,exploration
FL-D-1996-03-02,florida_lotto,FL-S01,1996-03-02,main,exploration
FL-D-1996-03-09,florida_lotto,FL-S01,1996-03-09,main,exploration
FL-D-1996-03-16,florida_lotto,FL-S01,1996-03-16,main,exploration
FL-D-1996-03-23,florida_lotto,FL-S01,1996-03-23,main,exploration
FL-D-1996-03-30,florida_lotto,FL-S01,1996-03-30,main,exploration
FL-D-1996-04-06,florida_lotto,FL-S01,1996-04-06,main,exploration
FL-D-1996-04-13,florida_lotto,FL-S01,1996-04-13,main,exploration
FL-D-1996-04-20,florida_lotto,FL-S01,1996-04-20,main,exploration
FL-D-1996-04-27,florida_lotto,FL-S01,1996-04-27,main,exploration
FL-D-1996-05-04,florida_lotto,FL-S01,1996-05-04,main,exploration
FL-D-1996-05-11,florida_lotto,FL-S01,1996-05-11,main,exploration
FL-D-1996-05-18,florida_lotto,FL-S01,1996-05-18,main,exploration
FL-D-1996-05-25,florida_lotto,FL-S01,1996-05-25,main,exploration
FL-D-1996-06-01,florida_lotto,FL-S01,1996-06-01,main,exploration
FL-D-1996-06-08,florida_lotto,FL-S01,1996-06-08,main,exploration
FL-D-1996-06-15,florida_lotto,FL-S01,1996-06-15,main,exploration
FL-D-1996-06-22,florida_lotto,FL-S01,1996-06-22,main,exploration
FL-D-1996-06-29,florida_lotto,FL-S01,1996-06-29,main,exploration
FL-D-1996-07-06,florida_lotto,FL-S01,1996-07-06,main,exploration
FL-D-1996-07-13,florida_lotto,FL-S01,1996-07-13,main,exploration
FL-D-1996-07-20,florida_lotto,FL-S01,1996-07-20,main,exploration
FL-D-1996-07-27,florida_lotto,FL-S01,1996-07-27,main,exploration
FL-D-1996-08-03,florida_lotto,FL-S01,1996-08-03,main,exploration
FL-D-1996-08-10,florida_lotto,FL-S01,1996-08-10,main,exploration
FL-D-1996-08-17,florida_lotto,FL-S01,1996-08-17,main,exploration
FL-D-1996-08-24,florida_lotto,FL-S01,1996-08-24,main,exploration
FL-D-1996-08-31,florida_lotto,FL-S01,1996-08-31,main,exploration
FL-D-1996-09-07,florida_lotto,FL-S01,1996-09-07,main,exploration
FL-D-1996-09-14,florida_lotto,FL-S01,1996-09-14,main,exploration
FL-D-1996-09-21,florida_lotto,FL-S01,1996-09-21,main,exploration
FL-D-1996-09-28,florida_lotto,FL-S01,1996-09-28,main,exploration
FL-D-1996-10-05,florida_lotto,FL-S01,1996-10-05,main,exploration
FL-D-1996-10-12,florida_lotto,FL-S01,1996-10-12,main,exploration
FL-D-1996-10-19,florida_lotto,FL-S01,1996-10-19,main,exploration
FL-D-1996-10-26,florida_lotto,FL-S01,1996-10-26,main,exploration
FL-D-1996-11-02,florida_lotto,FL-S01,1996-11-02,main,exploration
FL-D-1996-11-09,florida_lotto,FL-S01,1996-11-09,main,exploration
FL-D-1996-11-16,florida_lotto,FL-S01,1996-11-16,main,exploration
FL-D-1996-11-23,florida_lotto,FL-S01,1996-11-23,main,exploration
FL-D-1996-11-30,florida_lotto,FL-S01,1996-11-30,main,exploration
FL-D-1996-12-07,florida_lotto,FL-S01,1996-12-07,main,exploration
FL-D-1996-12-14,florida_lotto,FL-S01,1996-12-14,main,exploration
FL-D-1996-12-21,florida_lotto,FL-S01,1996-12-21,main,exploration
FL-D-1996-12-28,florida_lotto,FL-S01,1996-12-28,main,exploration
FL-D-1997-01-04,florida_lotto,FL-S01,1997-01-04,main,exploration
FL-D-1997-01-11,florida_lotto,FL-S01,1997-01-11,main,exploration
FL-D-1997-01-18,florida_lotto,FL-S01,1997-01-18,main,exploration
FL-D-1997-01-25,florida_lotto,FL-S01,1997-01-25,main,exploration
FL-D-1997-02-01,florida_lotto,FL-S01,1997-02-01,main,exploration
FL-D-1997-02-08,florida_lotto,FL-S01,1997-02-08,main,exploration
FL-D-1997-02-15,florida_lotto,FL-S01,1997-02-15,main,exploration
FL-D-1997-02-22,florida_lotto,FL-S01,1997-02-22,main,exploration
FL-D-1997-03-01,florida_lotto,FL-S01,1997-03-01,main,exploration
FL-D-1997-03-08,florida_lotto,FL-S01,1997-03-08,main,exploration
FL-D-1997-03-15,florida_lotto,FL-S01,1997-03-15,main,exploration
FL-D-1997-03-22,florida_lotto,FL-S01,1997-03-22,main,exploration
FL-D-1997-03-29,florida_lotto,FL-S01,1997-03-29,main,exploration
FL-D-1997-04-05,florida_lotto,FL-S01,1997-04-05,main,exploration
FL-D-1997-04-12,florida_lotto,FL-S01,1997-04-12,main,exploration
FL-D-1997-04-19,florida_lotto,FL-S01,1997-04-19,main,exploration
FL-D-1997-04-26,florida_lotto,FL-S01,1997-04-26,main,exploration
FL-D-1997-05-03,florida_lotto,FL-S01,1997-05-03,main,exploration
FL-D-1997-05-10,florida_lotto,FL-S01,1997-05-10,main,exploration
FL-D-1997-05-17,florida_lotto,FL-S01,1997-05-17,main,exploration
FL-D-1997-05-24,florida_lotto,FL-S01,1997-05-24,main,exploration
FL-D-1997-05-31,florida_lotto,FL-S01,1997-05-31,main,exploration
FL-D-1997-06-07,florida_lotto,FL-S01,1997-06-07,main,exploration
FL-D-1997-06-14,florida_lotto,FL-S01,1997-06-14,main,exploration
FL-D-1997-06-21,florida_lotto,FL-S01,1997-06-21,main,exploration
FL-D-1997-06-28,florida_lotto,FL-S01,1997-06-28,main,exploration
FL-D-1997-07-05,florida_lotto,FL-S01,1997-07-05,main,exploration
FL-D-1999-10-27,florida_lotto,FL-S02,1999-10-27,main,exploration
FL-D-1999-10-30,florida_lotto,FL-S02,1999-10-30,main,exploration
FL-D-1999-11-03,florida_lotto,FL-S02,1999-11-03,main,exploration
FL-D-1999-11-06,florida_lotto,FL-S02,1999-11-06,main,exploration
FL-D-1999-11-10,florida_lotto,FL-S02,1999-11-10,main,exploration
FL-D-1999-11-13,florida_lotto,FL-S02,1999-11-13,main,exploration
FL-D-1999-11-17,florida_lotto,FL-S02,1999-11-17,main,exploration
FL-D-1999-11-20,florida_lotto,FL-S02,1999-11-20,main,exploration
FL-D-1999-11-24,florida_lotto,FL-S02,1999-11-24,main,exploration
FL-D-1999-11-27,florida_lotto,FL-S02,1999-11-27,main,exploration
FL-D-1999-12-01,florida_lotto,FL-S02,1999-12-01,main,exploration
FL-D-1999-12-04,florida_lotto,FL-S02,1999-12-04,main,exploration
FL-D-1999-12-08,florida_lotto,FL-S02,1999-12-08,main,exploration
FL-D-1999-12-11,florida_lotto,FL-S02,1999-12-11,main,exploration
FL-D-1999-12-15,florida_lotto,FL-S02,1999-12-15,main,exploration
FL-D-1999-12-18,florida_lotto,FL-S02,1999-12-18,main,exploration
FL-D-1999-12-22,florida_lotto,FL-S02,1999-12-22,main,exploration
FL-D-1999-12-25,florida_lotto,FL-S02,1999-12-25,main,exploration
FL-D-1999-12-29,florida_lotto,FL-S02,1999-12-29,main,exploration
FL-D-2000-01-01,florida_lotto,FL-S02,2000-01-01,main,exploration
FL-D-2000-01-05,florida_lotto,FL-S02,2000-01-05,main,exploration
FL-D-2000-01-08,florida_lotto,FL-S02,2000-01-08,main,exploration
FL-D-2000-01-12,florida_lotto,FL-S02,2000-01-12,main,exploration
FL-D-2000-01-15,florida_lotto,FL-S02,2000-01-15,main,exploration
FL-D-2000-01-19,florida_lotto,FL-S02,2000-01-19,main,exploration
FL-D-2000-01-22,florida_lotto,FL-S02,2000-01-22,main,exploration
FL-D-2000-01-26,florida_lotto,FL-S02,2000-01-26,main,exploration
FL-D-2000-01-29,florida_lotto,FL-S02,2000-01-29,main,exploration
FL-D-2000-02-02,florida_lotto,FL-S02,2000-02-02,main,exploration
FL-D-2000-02-05,florida_lotto,FL-S02,2000-02-05,main,exploration
FL-D-2000-02-09,florida_lotto,FL-S02,2000-02-09,main,exploration
FL-D-2000-02-12,florida_lotto,FL-S02,2000-02-12,main,exploration
FL-D-2000-02-16,florida_lotto,FL-S02,2000-02-16,main,exploration
FL-D-2000-02-19,florida_lotto,FL-S02,2000-02-19,main,exploration
FL-D-2000-02-23,florida_lotto,FL-S02,2000-02-23,main,exploration
FL-D-2000-02-26,florida_lotto,FL-S02,2000-02-26,main,exploration
FL-D-2000-03-01,florida_lotto,FL-S02,2000-03-01,main,exploration
FL-D-2000-03-04,florida_lotto,FL-S02,2000-03-04,main,exploration
FL-D-2000-03-08,florida_lotto,FL-S02,2000-03-08,main,exploration
FL-D-2000-03-11,florida_lotto,FL-S02,2000-03-11,main,exploration
FL-D-2000-03-15,florida_lotto,FL-S02,2000-03-15,main,exploration
FL-D-2000-03-18,florida_lotto,FL-S02,2000-03-18,main,exploration
FL-D-2000-03-22,florida_lotto,FL-S02,2000-03-22,main,exploration
FL-D-2000-03-25,florida_lotto,FL-S02,2000-03-25,main,exploration
FL-D-2000-03-29,florida_lotto,FL-S02,2000-03-29,main,exploration
FL-D-2000-04-01,florida_lotto,FL-S02,2000-04-01,main,exploration
FL-D-2000-04-05,florida_lotto,FL-S02,2000-04-05,main,exploration
FL-D-2000-04-08,florida_lotto,FL-S02,2000-04-08,main,exploration
FL-D-2000-04-12,florida_lotto,FL-S02,2000-04-12,main,exploration
FL-D-2000-04-15,florida_lotto,FL-S02,2000-04-15,main,exploration
FL-D-2000-04-19,florida_lotto,FL-S02,2000-04-19,main,exploration
FL-D-2000-04-22,florida_lotto,FL-S02,2000-04-22,main,exploration
FL-D-2000-04-26,florida_lotto,FL-S02,2000-04-26,main,exploration
FL-D-2000-04-29,florida_lotto,FL-S02,2000-04-29,main,exploration
FL-D-2000-05-03,florida_lotto,FL-S02,2000-05-03,main,exploration
FL-D-2000-05-06,florida_lotto,FL-S02,2000-05-06,main,exploration
FL-D-2000-05-10,florida_lotto,FL-S02,2000-05-10,main,exploration
FL-D-2000-05-13,florida_lotto,FL-S02,2000-05-13,main,exploration
FL-D-2000-05-17,florida_lotto,FL-S02,2000-05-17,main,exploration
FL-D-2000-05-20,florida_lotto,FL-S02,2000-05-20,main,exploration
FL-D-2000-05-24,florida_lotto,FL-S02,2000-05-24,main,exploration
FL-D-2000-05-27,florida_lotto,FL-S02,2000-05-27,main,exploration
FL-D-2000-05-31,florida_lotto,FL-S02,2000-05-31,main,exploration
FL-D-2000-06-03,florida_lotto,FL-S02,2000-06-03,main,exploration
FL-D-2000-06-07,florida_lotto,FL-S02,2000-06-07,main,exploration
FL-D-2000-06-10,florida_lotto,FL-S02,2000-06-10,main,exploration
FL-D-2000-06-14,florida_lotto,FL-S02,2000-06-14,main,exploration
FL-D-2000-06-17,florida_lotto,FL-S02,2000-06-17,main,exploration
FL-D-2000-06-21,florida_lotto,FL-S02,2000-06-21,main,exploration
FL-D-2000-06-24,florida_lotto,FL-S02,2000-06-24,main,exploration
FL-D-2000-06-28,florida_lotto,FL-S02,2000-06-28,main,exploration
FL-D-2000-07-01,florida_lotto,FL-S02,2000-07-01,main,exploration
FL-D-2000-07-05,florida_lotto,FL-S02,2000-07-05,main,exploration
FL-D-2000-07-08,florida_lotto,FL-S02,2000-07-08,main,exploration
FL-D-2000-07-12,florida_lotto,FL-S02,2000-07-12,main,exploration
FL-D-2000-07-15,florida_lotto,FL-S02,2000-07-15,main,exploration
FL-D-2000-07-19,florida_lotto,FL-S02,2000-07-19,main,exploration
FL-D-2000-07-22,florida_lotto,FL-S02,2000-07-22,main,exploration
FL-D-2000-07-26,florida_lotto,FL-S02,2000-07-26,main,exploration
FL-D-2000-07-29,florida_lotto,FL-S02,2000-07-29,main,exploration
FL-D-2000-08-02,florida_lotto,FL-S02,2000-08-02,main,exploration
FL-D-2000-08-05,florida_lotto,FL-S02,2000-08-05,main,exploration
FL-D-2000-08-09,florida_lotto,FL-S02,2000-08-09,main,exploration
FL-D-2000-08-12,florida_lotto,FL-S02,2000-08-12,main,exploration
FL-D-2000-08-16,florida_lotto,FL-S02,2000-08-16,main,exploration
FL-D-2000-08-19,florida_lotto,FL-S02,2000-08-19,main,exploration
FL-D-2000-08-23,florida_lotto,FL-S02,2000-08-23,main,exploration
FL-D-2000-08-26,florida_lotto,FL-S02,2000-08-26,main,exploration
FL-D-2000-08-30,florida_lotto,FL-S02,2000-08-30,main,exploration
FL-D-2000-09-02,florida_lotto,FL-S02,2000-09-02,main,exploration
FL-D-2000-09-06,florida_lotto,FL-S02,2000-09-06,main,exploration
FL-D-2000-09-09,florida_lotto,FL-S02,2000-09-09,main,exploration
FL-D-2000-09-13,florida_lotto,FL-S02,2000-09-13,main,exploration
FL-D-2000-09-16,florida_lotto,FL-S02,2000-09-16,main,exploration
FL-D-2000-09-20,florida_lotto,FL-S02,2000-09-20,main,exploration
FL-D-2000-09-23,florida_lotto,FL-S02,2000-09-23,main,exploration
FL-D-2000-09-27,florida_lotto,FL-S02,2000-09-27,main,exploration
FL-D-2000-09-30,florida_lotto,FL-S02,2000-09-30,main,exploration
FL-D-2000-10-04,florida_lotto,FL-S02,2000-10-04,main,exploration
FL-D-2000-10-07,florida_lotto,FL-S02,2000-10-07,main,exploration
FL-D-2000-10-11,florida_lotto,FL-S02,2000-10-11,main,exploration
FL-D-2000-10-14,florida_lotto,FL-S02,2000-10-14,main,exploration
FL-D-2000-10-18,florida_lotto,FL-S02,2000-10-18,main,exploration
FL-D-2000-10-21,florida_lotto,FL-S02,2000-10-21,main,exploration
FL-D-2000-10-25,florida_lotto,FL-S02,2000-10-25,main,exploration
FL-D-2000-10-28,florida_lotto,FL-S02,2000-10-28,main,exploration
FL-D-2000-11-01,florida_lotto,FL-S02,2000-11-01,main,exploration
FL-D-2000-11-04,florida_lotto,FL-S02,2000-11-04,main,exploration
FL-D-2000-11-08,florida_lotto,FL-S02,2000-11-08,main,exploration
FL-D-2000-11-11,florida_lotto,FL-S02,2000-11-11,main,exploration
FL-D-2000-11-15,florida_lotto,FL-S02,2000-11-15,main,exploration
FL-D-2000-11-18,florida_lotto,FL-S02,2000-11-18,main,exploration
FL-D-2000-11-22,florida_lotto,FL-S02,2000-11-22,main,exploration
FL-D-2000-11-25,florida_lotto,FL-S02,2000-11-25,main,exploration
FL-D-2000-11-29,florida_lotto,FL-S02,2000-11-29,main,exploration
FL-D-2000-12-02,florida_lotto,FL-S02,2000-12-02,main,exploration
FL-D-2000-12-06,florida_lotto,FL-S02,2000-12-06,main,exploration
FL-D-2000-12-09,florida_lotto,FL-S02,2000-12-09,main,exploration
FL-D-2000-12-13,florida_lotto,FL-S02,2000-12-13,main,exploration
FL-D-2000-12-16,florida_lotto,FL-S02,2000-12-16,main,exploration
FL-D-2000-12-20,florida_lotto,FL-S02,2000-12-20,main,exploration
FL-D-2000-12-23,florida_lotto,FL-S02,2000-12-23,main,exploration
FL-D-2000-12-27,florida_lotto,FL-S02,2000-12-27,main,exploration
FL-D-2000-12-30,florida_lotto,FL-S02,2000-12-30,main,exploration
FL-D-2001-01-03,florida_lotto,FL-S02,2001-01-03,main,exploration
FL-D-2001-01-06,florida_lotto,FL-S02,2001-01-06,main,exploration
FL-D-2001-01-10,florida_lotto,FL-S02,2001-01-10,main,exploration
FL-D-2001-01-13,florida_lotto,FL-S02,2001-01-13,main,exploration
FL-D-2001-01-17,florida_lotto,FL-S02,2001-01-17,main,exploration
FL-D-2001-01-20,florida_lotto,FL-S02,2001-01-20,main,exploration
FL-D-2001-01-24,florida_lotto,FL-S02,2001-01-24,main,exploration
FL-D-2001-01-27,florida_lotto,FL-S02,2001-01-27,main,exploration
FL-D-2001-01-31,florida_lotto,FL-S02,2001-01-31,main,exploration
FL-D-2001-02-03,florida_lotto,FL-S02,2001-02-03,main,exploration
FL-D-2001-02-07,florida_lotto,FL-S02,2001-02-07,main,exploration
FL-D-2001-02-10,florida_lotto,FL-S02,2001-02-10,main,exploration
FL-D-2001-02-14,florida_lotto,FL-S02,2001-02-14,main,exploration
FL-D-2001-02-17,florida_lotto,FL-S02,2001-02-17,main,exploration
FL-D-2001-02-21,florida_lotto,FL-S02,2001-02-21,main,exploration
FL-D-2001-02-24,florida_lotto,FL-S02,2001-02-24,main,exploration
FL-D-2001-02-28,florida_lotto,FL-S02,2001-02-28,main,exploration
FL-D-2001-03-03,florida_lotto,FL-S02,2001-03-03,main,exploration
FL-D-2001-03-07,florida_lotto,FL-S02,2001-03-07,main,exploration
FL-D-2001-03-10,florida_lotto,FL-S02,2001-03-10,main,exploration
FL-D-2001-03-14,florida_lotto,FL-S02,2001-03-14,main,exploration
FL-D-2001-03-17,florida_lotto,FL-S02,2001-03-17,main,exploration
FL-D-2001-03-21,florida_lotto,FL-S02,2001-03-21,main,exploration
FL-D-2001-03-24,florida_lotto,FL-S02,2001-03-24,main,exploration
FL-D-2001-03-28,florida_lotto,FL-S02,2001-03-28,main,exploration
FL-D-2001-03-31,florida_lotto,FL-S02,2001-03-31,main,exploration
FL-D-2001-04-04,florida_lotto,FL-S02,2001-04-04,main,exploration
FL-D-2001-04-07,florida_lotto,FL-S02,2001-04-07,main,exploration
FL-D-2001-04-11,florida_lotto,FL-S02,2001-04-11,main,exploration
FL-D-2001-04-14,florida_lotto,FL-S02,2001-04-14,main,exploration
FL-D-2001-04-18,florida_lotto,FL-S02,2001-04-18,main,exploration
FL-D-2001-04-21,florida_lotto,FL-S02,2001-04-21,main,exploration
FL-D-2001-04-25,florida_lotto,FL-S02,2001-04-25,main,exploration
FL-D-2001-04-28,florida_lotto,FL-S02,2001-04-28,main,exploration
FL-D-2001-05-02,florida_lotto,FL-S02,2001-05-02,main,exploration
FL-D-2001-05-05,florida_lotto,FL-S02,2001-05-05,main,exploration
FL-D-2001-05-09,florida_lotto,FL-S02,2001-05-09,main,exploration
FL-D-2001-05-12,florida_lotto,FL-S02,2001-05-12,main,exploration
FL-D-2001-05-16,florida_lotto,FL-S02,2001-05-16,main,exploration
FL-D-2001-05-19,florida_lotto,FL-S02,2001-05-19,main,exploration
FL-D-2001-05-23,florida_lotto,FL-S02,2001-05-23,main,exploration
FL-D-2001-05-26,florida_lotto,FL-S02,2001-05-26,main,exploration
FL-D-2001-05-30,florida_lotto,FL-S02,2001-05-30,main,exploration
FL-D-2001-06-02,florida_lotto,FL-S02,2001-06-02,main,exploration
FL-D-2001-06-06,florida_lotto,FL-S02,2001-06-06,main,exploration
FL-D-2001-06-09,florida_lotto,FL-S02,2001-06-09,main,exploration
FL-D-2001-06-13,florida_lotto,FL-S02,2001-06-13,main,exploration
FL-D-2001-06-16,florida_lotto,FL-S02,2001-06-16,main,exploration
FL-D-2001-06-20,florida_lotto,FL-S02,2001-06-20,main,exploration
FL-D-2001-06-23,florida_lotto,FL-S02,2001-06-23,main,exploration
FL-D-2001-06-27,florida_lotto,FL-S02,2001-06-27,main,exploration
FL-D-2001-06-30,florida_lotto,FL-S02,2001-06-30,main,exploration
FL-D-2001-07-04,florida_lotto,FL-S02,2001-07-04,main,exploration
FL-D-2001-07-07,florida_lotto,FL-S02,2001-07-07,main,exploration
FL-D-2001-07-11,florida_lotto,FL-S02,2001-07-11,main,exploration
FL-D-2001-07-14,florida_lotto,FL-S02,2001-07-14,main,exploration
FL-D-2001-07-18,florida_lotto,FL-S02,2001-07-18,main,exploration
FL-D-2001-07-21,florida_lotto,FL-S02,2001-07-21,main,exploration
FL-D-2001-07-25,florida_lotto,FL-S02,2001-07-25,main,exploration
FL-D-2001-07-28,florida_lotto,FL-S02,2001-07-28,main,exploration
FL-D-2001-08-01,florida_lotto,FL-S02,2001-08-01,main,exploration
FL-D-2001-08-04,florida_lotto,FL-S02,2001-08-04,main,exploration
FL-D-2001-08-08,florida_lotto,FL-S02,2001-08-08,main,exploration
FL-D-2001-08-11,florida_lotto,FL-S02,2001-08-11,main,exploration
FL-D-2001-08-15,florida_lotto,FL-S02,2001-08-15,main,exploration
FL-D-2001-08-18,florida_lotto,FL-S02,2001-08-18,main,exploration
FL-D-2001-08-22,florida_lotto,FL-S02,2001-08-22,main,exploration
FL-D-2001-08-25,florida_lotto,FL-S02,2001-08-25,main,exploration
FL-D-2001-08-29,florida_lotto,FL-S02,2001-08-29,main,exploration
FL-D-2001-09-01,florida_lotto,FL-S02,2001-09-01,main,exploration
FL-D-2001-09-05,florida_lotto,FL-S02,2001-09-05,main,exploration
FL-D-2001-09-08,florida_lotto,FL-S02,2001-09-08,main,exploration
FL-D-2001-09-12,florida_lotto,FL-S02,2001-09-12,main,exploration
FL-D-2001-09-15,florida_lotto,FL-S02,2001-09-15,main,exploration
FL-D-2001-09-19,florida_lotto,FL-S02,2001-09-19,main,exploration
FL-D-2001-09-22,florida_lotto,FL-S02,2001-09-22,main,exploration
FL-D-2001-09-26,florida_lotto,FL-S02,2001-09-26,main,exploration
FL-D-2001-09-29,florida_lotto,FL-S02,2001-09-29,main,exploration
FL-D-2001-10-03,florida_lotto,FL-S02,2001-10-03,main,exploration
FL-D-2001-10-06,florida_lotto,FL-S02,2001-10-06,main,exploration
FL-D-2001-10-10,florida_lotto,FL-S02,2001-10-10,main,exploration
FL-D-2001-10-13,florida_lotto,FL-S02,2001-10-13,main,exploration
FL-D-2001-10-17,florida_lotto,FL-S02,2001-10-17,main,exploration
FL-D-2001-10-20,florida_lotto,FL-S02,2001-10-20,main,exploration
FL-D-2001-10-24,florida_lotto,FL-S02,2001-10-24,main,exploration
FL-D-2001-10-27,florida_lotto,FL-S02,2001-10-27,main,exploration
FL-D-2001-10-31,florida_lotto,FL-S02,2001-10-31,main,exploration
FL-D-2001-11-03,florida_lotto,FL-S02,2001-11-03,main,exploration
FL-D-2001-11-07,florida_lotto,FL-S02,2001-11-07,main,exploration
FL-D-2001-11-10,florida_lotto,FL-S02,2001-11-10,main,exploration
FL-D-2001-11-14,florida_lotto,FL-S02,2001-11-14,main,exploration
FL-D-2001-11-17,florida_lotto,FL-S02,2001-11-17,main,exploration
FL-D-2001-11-21,florida_lotto,FL-S02,2001-11-21,main,exploration
FL-D-2001-11-24,florida_lotto,FL-S02,2001-11-24,main,exploration
FL-D-2001-11-28,florida_lotto,FL-S02,2001-11-28,main,exploration
FL-D-2001-12-01,florida_lotto,FL-S02,2001-12-01,main,exploration
FL-D-2001-12-05,florida_lotto,FL-S02,2001-12-05,main,exploration
FL-D-2001-12-08,florida_lotto,FL-S02,2001-12-08,main,exploration
FL-D-2001-12-12,florida_lotto,FL-S02,2001-12-12,main,exploration
FL-D-2001-12-15,florida_lotto,FL-S02,2001-12-15,main,exploration
FL-D-2001-12-19,florida_lotto,FL-S02,2001-12-19,main,exploration
FL-D-2001-12-22,florida_lotto,FL-S02,2001-12-22,main,exploration
FL-D-2001-12-26,florida_lotto,FL-S02,2001-12-26,main,exploration
FL-D-2001-12-29,florida_lotto,FL-S02,2001-12-29,main,exploration
FL-D-2002-01-02,florida_lotto,FL-S02,2002-01-02,main,exploration
FL-D-2002-01-05,florida_lotto,FL-S02,2002-01-05,main,exploration
FL-D-2002-01-09,florida_lotto,FL-S02,2002-01-09,main,exploration
FL-D-2002-01-12,florida_lotto,FL-S02,2002-01-12,main,exploration
FL-D-2002-01-16,florida_lotto,FL-S02,2002-01-16,main,exploration
FL-D-2002-01-19,florida_lotto,FL-S02,2002-01-19,main,exploration
FL-D-2002-01-23,florida_lotto,FL-S02,2002-01-23,main,exploration
FL-D-2002-01-26,florida_lotto,FL-S02,2002-01-26,main,exploration
FL-D-2002-01-30,florida_lotto,FL-S02,2002-01-30,main,exploration
FL-D-2002-02-02,florida_lotto,FL-S02,2002-02-02,main,exploration
FL-D-2002-02-06,florida_lotto,FL-S02,2002-02-06,main,exploration
FL-D-2002-02-09,florida_lotto,FL-S02,2002-02-09,main,exploration
FL-D-2002-02-13,florida_lotto,FL-S02,2002-02-13,main,exploration
FL-D-2002-02-16,florida_lotto,FL-S02,2002-02-16,main,exploration
FL-D-2002-02-20,florida_lotto,FL-S02,2002-02-20,main,exploration
FL-D-2002-02-23,florida_lotto,FL-S02,2002-02-23,main,exploration
FL-D-2002-02-27,florida_lotto,FL-S02,2002-02-27,main,exploration
FL-D-2002-03-02,florida_lotto,FL-S02,2002-03-02,main,exploration
FL-D-2002-03-06,florida_lotto,FL-S02,2002-03-06,main,exploration
FL-D-2002-03-09,florida_lotto,FL-S02,2002-03-09,main,exploration
FL-D-2002-03-13,florida_lotto,FL-S02,2002-03-13,main,exploration
FL-D-2002-03-16,florida_lotto,FL-S02,2002-03-16,main,exploration
FL-D-2002-03-20,florida_lotto,FL-S02,2002-03-20,main,exploration
FL-D-2002-03-23,florida_lotto,FL-S02,2002-03-23,main,exploration
FL-D-2002-03-27,florida_lotto,FL-S02,2002-03-27,main,exploration
FL-D-2002-03-30,florida_lotto,FL-S02,2002-03-30,main,exploration
FL-D-2002-04-03,florida_lotto,FL-S02,2002-04-03,main,exploration
FL-D-2002-04-06,florida_lotto,FL-S02,2002-04-06,main,exploration
FL-D-2002-04-10,florida_lotto,FL-S02,2002-04-10,main,exploration
FL-D-2002-04-13,florida_lotto,FL-S02,2002-04-13,main,exploration
FL-D-2002-04-17,florida_lotto,FL-S02,2002-04-17,main,exploration
FL-D-2002-04-20,florida_lotto,FL-S02,2002-04-20,main,exploration
FL-D-2002-04-24,florida_lotto,FL-S02,2002-04-24,main,exploration
FL-D-2002-04-27,florida_lotto,FL-S02,2002-04-27,main,exploration
FL-D-2002-05-01,florida_lotto,FL-S02,2002-05-01,main,exploration
FL-D-2002-05-04,florida_lotto,FL-S02,2002-05-04,main,exploration
FL-D-2002-05-08,florida_lotto,FL-S02,2002-05-08,main,exploration
FL-D-2002-05-11,florida_lotto,FL-S02,2002-05-11,main,exploration
FL-D-2002-05-15,florida_lotto,FL-S02,2002-05-15,main,exploration
FL-D-2002-05-18,florida_lotto,FL-S02,2002-05-18,main,exploration
FL-D-2002-05-22,florida_lotto,FL-S02,2002-05-22,main,exploration
FL-D-2002-05-25,florida_lotto,FL-S02,2002-05-25,main,exploration
FL-D-2002-05-29,florida_lotto,FL-S02,2002-05-29,main,exploration
FL-D-2002-06-01,florida_lotto,FL-S02,2002-06-01,main,exploration
FL-D-2002-06-05,florida_lotto,FL-S02,2002-06-05,main,exploration
FL-D-2002-06-08,florida_lotto,FL-S02,2002-06-08,main,exploration
FL-D-2002-06-12,florida_lotto,FL-S02,2002-06-12,main,exploration
FL-D-2002-06-15,florida_lotto,FL-S02,2002-06-15,main,exploration
FL-D-2002-06-19,florida_lotto,FL-S02,2002-06-19,main,exploration
FL-D-2002-06-22,florida_lotto,FL-S02,2002-06-22,main,exploration
FL-D-2002-06-26,florida_lotto,FL-S02,2002-06-26,main,exploration
FL-D-2002-06-29,florida_lotto,FL-S02,2002-06-29,main,exploration
FL-D-2002-07-03,florida_lotto,FL-S02,2002-07-03,main,exploration
FL-D-2002-07-06,florida_lotto,FL-S02,2002-07-06,main,exploration
FL-D-2002-07-10,florida_lotto,FL-S02,2002-07-10,main,exploration
FL-D-2002-07-13,florida_lotto,FL-S02,2002-07-13,main,exploration
FL-D-2002-07-17,florida_lotto,FL-S02,2002-07-17,main,exploration
FL-D-2002-07-20,florida_lotto,FL-S02,2002-07-20,main,exploration
FL-D-2002-07-24,florida_lotto,FL-S02,2002-07-24,main,exploration
FL-D-2002-07-27,florida_lotto,FL-S02,2002-07-27,main,exploration
FL-D-2002-07-31,florida_lotto,FL-S02,2002-07-31,main,exploration
FL-D-2002-08-03,florida_lotto,FL-S02,2002-08-03,main,exploration
FL-D-2002-08-07,florida_lotto,FL-S02,2002-08-07,main,exploration
FL-D-2002-08-10,florida_lotto,FL-S02,2002-08-10,main,exploration
FL-D-2002-08-14,florida_lotto,FL-S02,2002-08-14,main,exploration
FL-D-2002-08-17,florida_lotto,FL-S02,2002-08-17,main,exploration
FL-D-2002-08-21,florida_lotto,FL-S02,2002-08-21,main,exploration
FL-D-2002-08-24,florida_lotto,FL-S02,2002-08-24,main,exploration
FL-D-2002-08-28,florida_lotto,FL-S02,2002-08-28,main,exploration
FL-D-2002-08-31,florida_lotto,FL-S02,2002-08-31,main,exploration
FL-D-2002-09-04,florida_lotto,FL-S02,2002-09-04,main,exploration
FL-D-2002-09-07,florida_lotto,FL-S02,2002-09-07,main,exploration
FL-D-2002-09-11,florida_lotto,FL-S02,2002-09-11,main,exploration
FL-D-2002-09-14,florida_lotto,FL-S02,2002-09-14,main,exploration
FL-D-2002-09-18,florida_lotto,FL-S02,2002-09-18,main,exploration
FL-D-2002-09-21,florida_lotto,FL-S02,2002-09-21,main,exploration
FL-D-2002-09-25,florida_lotto,FL-S02,2002-09-25,main,exploration
FL-D-2002-09-28,florida_lotto,FL-S02,2002-09-28,main,exploration
FL-D-2002-10-02,florida_lotto,FL-S02,2002-10-02,main,exploration
FL-D-2002-10-05,florida_lotto,FL-S02,2002-10-05,main,exploration
FL-D-2002-10-09,florida_lotto,FL-S02,2002-10-09,main,exploration
FL-D-2002-10-12,florida_lotto,FL-S02,2002-10-12,main,exploration
FL-D-2002-10-16,florida_lotto,FL-S02,2002-10-16,main,exploration
FL-D-2002-10-19,florida_lotto,FL-S02,2002-10-19,main,exploration
FL-D-2002-10-23,florida_lotto,FL-S02,2002-10-23,main,exploration
FL-D-2002-10-26,florida_lotto,FL-S02,2002-10-26,main,exploration
FL-D-2002-10-30,florida_lotto,FL-S02,2002-10-30,main,exploration
FL-D-2002-11-02,florida_lotto,FL-S02,2002-11-02,main,exploration
FL-D-2002-11-06,florida_lotto,FL-S02,2002-11-06,main,exploration
FL-D-2002-11-09,florida_lotto,FL-S02,2002-11-09,main,exploration
FL-D-2002-11-13,florida_lotto,FL-S02,2002-11-13,main,exploration
FL-D-2002-11-16,florida_lotto,FL-S02,2002-11-16,main,exploration
FL-D-2002-11-20,florida_lotto,FL-S02,2002-11-20,main,exploration
FL-D-2002-11-23,florida_lotto,FL-S02,2002-11-23,main,exploration
FL-D-2002-11-27,florida_lotto,FL-S02,2002-11-27,main,exploration
FL-D-2002-11-30,florida_lotto,FL-S02,2002-11-30,main,exploration
FL-D-2002-12-04,florida_lotto,FL-S02,2002-12-04,main,exploration
FL-D-2002-12-07,florida_lotto,FL-S02,2002-12-07,main,exploration
FL-D-2002-12-11,florida_lotto,FL-S02,2002-12-11,main,exploration
FL-D-2002-12-14,florida_lotto,FL-S02,2002-12-14,main,exploration
FL-D-2002-12-18,florida_lotto,FL-S02,2002-12-18,main,exploration
FL-D-2002-12-21,florida_lotto,FL-S02,2002-12-21,main,exploration
FL-D-2002-12-25,florida_lotto,FL-S02,2002-12-25,main,exploration
FL-D-2002-12-28,florida_lotto,FL-S02,2002-12-28,main,exploration
FL-D-2003-01-01,florida_lotto,FL-S02,2003-01-01,main,exploration
FL-D-2003-01-04,florida_lotto,FL-S02,2003-01-04,main,exploration
FL-D-2003-01-08,florida_lotto,FL-S02,2003-01-08,main,exploration
FL-D-2003-01-11,florida_lotto,FL-S02,2003-01-11,main,exploration
FL-D-2003-01-15,florida_lotto,FL-S02,2003-01-15,main,exploration
FL-D-2003-01-18,florida_lotto,FL-S02,2003-01-18,main,exploration
FL-D-2003-01-22,florida_lotto,FL-S02,2003-01-22,main,exploration
FL-D-2003-01-25,florida_lotto,FL-S02,2003-01-25,main,exploration
FL-D-2003-01-29,florida_lotto,FL-S02,2003-01-29,main,exploration
FL-D-2003-02-01,florida_lotto,FL-S02,2003-02-01,main,exploration
FL-D-2003-02-05,florida_lotto,FL-S02,2003-02-05,main,exploration
FL-D-2003-02-08,florida_lotto,FL-S02,2003-02-08,main,exploration
FL-D-2003-02-12,florida_lotto,FL-S02,2003-02-12,main,exploration
FL-D-2003-02-15,florida_lotto,FL-S02,2003-02-15,main,exploration
FL-D-2003-02-19,florida_lotto,FL-S02,2003-02-19,main,exploration
FL-D-2003-02-22,florida_lotto,FL-S02,2003-02-22,main,exploration
FL-D-2003-02-26,florida_lotto,FL-S02,2003-02-26,main,exploration
FL-D-2003-03-01,florida_lotto,FL-S02,2003-03-01,main,exploration
FL-D-2003-03-05,florida_lotto,FL-S02,2003-03-05,main,exploration
FL-D-2003-03-08,florida_lotto,FL-S02,2003-03-08,main,exploration
FL-D-2003-03-12,florida_lotto,FL-S02,2003-03-12,main,exploration
FL-D-2003-03-15,florida_lotto,FL-S02,2003-03-15,main,exploration
FL-D-2003-03-19,florida_lotto,FL-S02,2003-03-19,main,exploration
FL-D-2003-03-22,florida_lotto,FL-S02,2003-03-22,main,exploration
FL-D-2003-03-26,florida_lotto,FL-S02,2003-03-26,main,exploration
FL-D-2003-03-29,florida_lotto,FL-S02,2003-03-29,main,exploration
FL-D-2003-04-02,florida_lotto,FL-S02,2003-04-02,main,exploration
FL-D-2003-04-05,florida_lotto,FL-S02,2003-04-05,main,exploration
FL-D-2003-04-09,florida_lotto,FL-S02,2003-04-09,main,exploration
FL-D-2003-04-12,florida_lotto,FL-S02,2003-04-12,main,exploration
FL-D-2003-04-16,florida_lotto,FL-S02,2003-04-16,main,exploration
FL-D-2003-04-19,florida_lotto,FL-S02,2003-04-19,main,exploration
FL-D-2003-04-23,florida_lotto,FL-S02,2003-04-23,main,exploration
FL-D-2003-04-26,florida_lotto,FL-S02,2003-04-26,main,exploration
FL-D-2003-04-30,florida_lotto,FL-S02,2003-04-30,main,exploration
FL-D-2003-05-03,florida_lotto,FL-S02,2003-05-03,main,exploration
FL-D-2003-05-07,florida_lotto,FL-S02,2003-05-07,main,exploration
FL-D-2003-05-10,florida_lotto,FL-S02,2003-05-10,main,exploration
FL-D-2003-05-14,florida_lotto,FL-S02,2003-05-14,main,exploration
FL-D-2003-05-17,florida_lotto,FL-S02,2003-05-17,main,exploration
FL-D-2003-05-21,florida_lotto,FL-S02,2003-05-21,main,exploration
FL-D-2003-05-24,florida_lotto,FL-S02,2003-05-24,main,exploration
FL-D-2003-05-28,florida_lotto,FL-S02,2003-05-28,main,exploration
FL-D-2003-05-31,florida_lotto,FL-S02,2003-05-31,main,exploration
FL-D-2003-06-04,florida_lotto,FL-S02,2003-06-04,main,exploration
FL-D-2003-06-07,florida_lotto,FL-S02,2003-06-07,main,exploration
FL-D-2003-06-11,florida_lotto,FL-S02,2003-06-11,main,exploration
FL-D-2003-06-14,florida_lotto,FL-S02,2003-06-14,main,exploration
FL-D-2003-06-18,florida_lotto,FL-S02,2003-06-18,main,exploration
FL-D-2003-06-21,florida_lotto,FL-S02,2003-06-21,main,exploration
FL-D-2003-06-25,florida_lotto,FL-S02,2003-06-25,main,exploration
FL-D-2003-06-28,florida_lotto,FL-S02,2003-06-28,main,exploration
FL-D-2003-07-02,florida_lotto,FL-S02,2003-07-02,main,exploration
FL-D-2003-07-05,florida_lotto,FL-S02,2003-07-05,main,exploration
FL-D-2003-07-09,florida_lotto,FL-S02,2003-07-09,main,exploration
FL-D-2003-07-12,florida_lotto,FL-S02,2003-07-12,main,exploration
FL-D-2003-07-16,florida_lotto,FL-S02,2003-07-16,main,exploration
FL-D-2003-07-19,florida_lotto,FL-S02,2003-07-19,main,exploration
FL-D-2003-07-23,florida_lotto,FL-S02,2003-07-23,main,exploration
FL-D-2003-07-26,florida_lotto,FL-S02,2003-07-26,main,exploration
FL-D-2003-07-30,florida_lotto,FL-S02,2003-07-30,main,exploration
FL-D-2003-08-02,florida_lotto,FL-S02,2003-08-02,main,exploration
FL-D-2003-08-06,florida_lotto,FL-S02,2003-08-06,main,exploration
FL-D-2003-08-09,florida_lotto,FL-S02,2003-08-09,main,exploration
FL-D-2003-08-13,florida_lotto,FL-S02,2003-08-13,main,exploration
FL-D-2003-08-16,florida_lotto,FL-S02,2003-08-16,main,exploration
FL-D-2003-08-20,florida_lotto,FL-S02,2003-08-20,main,exploration
FL-D-2003-08-23,florida_lotto,FL-S02,2003-08-23,main,exploration
FL-D-2003-08-27,florida_lotto,FL-S02,2003-08-27,main,exploration
FL-D-2003-08-30,florida_lotto,FL-S02,2003-08-30,main,exploration
FL-D-2003-09-03,florida_lotto,FL-S02,2003-09-03,main,exploration
FL-D-2003-09-06,florida_lotto,FL-S02,2003-09-06,main,exploration
FL-D-2003-09-10,florida_lotto,FL-S02,2003-09-10,main,exploration
FL-D-2003-09-13,florida_lotto,FL-S02,2003-09-13,main,exploration
FL-D-2003-09-17,florida_lotto,FL-S02,2003-09-17,main,exploration
FL-D-2003-09-20,florida_lotto,FL-S02,2003-09-20,main,exploration
FL-D-2003-09-24,florida_lotto,FL-S02,2003-09-24,main,exploration
FL-D-2003-09-27,florida_lotto,FL-S02,2003-09-27,main,exploration
FL-D-2003-10-01,florida_lotto,FL-S02,2003-10-01,main,exploration
FL-D-2003-10-04,florida_lotto,FL-S02,2003-10-04,main,exploration
FL-D-2003-10-08,florida_lotto,FL-S02,2003-10-08,main,exploration
FL-D-2003-10-11,florida_lotto,FL-S02,2003-10-11,main,exploration
FL-D-2003-10-15,florida_lotto,FL-S02,2003-10-15,main,exploration
FL-D-2003-10-18,florida_lotto,FL-S02,2003-10-18,main,exploration
FL-D-2003-10-22,florida_lotto,FL-S02,2003-10-22,main,exploration
FL-D-2003-10-25,florida_lotto,FL-S02,2003-10-25,main,exploration
FL-D-2003-10-29,florida_lotto,FL-S02,2003-10-29,main,exploration
FL-D-2003-11-01,florida_lotto,FL-S02,2003-11-01,main,exploration
FL-D-2003-11-05,florida_lotto,FL-S02,2003-11-05,main,exploration
FL-D-2003-11-08,florida_lotto,FL-S02,2003-11-08,main,exploration
FL-D-2003-11-12,florida_lotto,FL-S02,2003-11-12,main,exploration
FL-D-2003-11-15,florida_lotto,FL-S02,2003-11-15,main,exploration
FL-D-2003-11-19,florida_lotto,FL-S02,2003-11-19,main,exploration
FL-D-2003-11-22,florida_lotto,FL-S02,2003-11-22,main,exploration
FL-D-2003-11-26,florida_lotto,FL-S02,2003-11-26,main,exploration
FL-D-2003-11-29,florida_lotto,FL-S02,2003-11-29,main,exploration
FL-D-2003-12-03,florida_lotto,FL-S02,2003-12-03,main,exploration
FL-D-2003-12-06,florida_lotto,FL-S02,2003-12-06,main,exploration
FL-D-2003-12-10,florida_lotto,FL-S02,2003-12-10,main,exploration
FL-D-2003-12-13,florida_lotto,FL-S02,2003-12-13,main,exploration
FL-D-2003-12-17,florida_lotto,FL-S02,2003-12-17,main,exploration
FL-D-2003-12-20,florida_lotto,FL-S02,2003-12-20,main,exploration
FL-D-2003-12-24,florida_lotto,FL-S02,2003-12-24,main,exploration
FL-D-2003-12-27,florida_lotto,FL-S02,2003-12-27,main,exploration
FL-D-2003-12-31,florida_lotto,FL-S02,2003-12-31,main,exploration
FL-D-2004-01-03,florida_lotto,FL-S02,2004-01-03,main,exploration
FL-D-2004-01-07,florida_lotto,FL-S02,2004-01-07,main,exploration
FL-D-2004-01-10,florida_lotto,FL-S02,2004-01-10,main,exploration
FL-D-2004-01-14,florida_lotto,FL-S02,2004-01-14,main,exploration
FL-D-2004-01-17,florida_lotto,FL-S02,2004-01-17,main,exploration
FL-D-2004-01-21,florida_lotto,FL-S02,2004-01-21,main,exploration
FL-D-2004-01-24,florida_lotto,FL-S02,2004-01-24,main,exploration
FL-D-2004-01-28,florida_lotto,FL-S02,2004-01-28,main,exploration
FL-D-2004-01-31,florida_lotto,FL-S02,2004-01-31,main,exploration
FL-D-2004-02-04,florida_lotto,FL-S02,2004-02-04,main,exploration
FL-D-2004-02-07,florida_lotto,FL-S02,2004-02-07,main,exploration
FL-D-2004-02-11,florida_lotto,FL-S02,2004-02-11,main,exploration
FL-D-2004-02-14,florida_lotto,FL-S02,2004-02-14,main,exploration
FL-D-2004-02-18,florida_lotto,FL-S02,2004-02-18,main,exploration
FL-D-2004-02-21,florida_lotto,FL-S02,2004-02-21,main,exploration
FL-D-2004-02-25,florida_lotto,FL-S02,2004-02-25,main,exploration
FL-D-2004-02-28,florida_lotto,FL-S02,2004-02-28,main,exploration
FL-D-2004-03-03,florida_lotto,FL-S02,2004-03-03,main,exploration
FL-D-2004-03-06,florida_lotto,FL-S02,2004-03-06,main,exploration
FL-D-2004-03-10,florida_lotto,FL-S02,2004-03-10,main,exploration
FL-D-2004-03-13,florida_lotto,FL-S02,2004-03-13,main,exploration
FL-D-2004-03-17,florida_lotto,FL-S02,2004-03-17,main,exploration
FL-D-2004-03-20,florida_lotto,FL-S02,2004-03-20,main,exploration
FL-D-2004-03-24,florida_lotto,FL-S02,2004-03-24,main,exploration
FL-D-2004-03-27,florida_lotto,FL-S02,2004-03-27,main,exploration
FL-D-2004-03-31,florida_lotto,FL-S02,2004-03-31,main,exploration
FL-D-2004-04-03,florida_lotto,FL-S02,2004-04-03,main,exploration
FL-D-2004-04-07,florida_lotto,FL-S02,2004-04-07,main,exploration
FL-D-2004-04-10,florida_lotto,FL-S02,2004-04-10,main,exploration
FL-D-2004-04-14,florida_lotto,FL-S02,2004-04-14,main,exploration
FL-D-2004-04-17,florida_lotto,FL-S02,2004-04-17,main,exploration
FL-D-2004-04-21,florida_lotto,FL-S02,2004-04-21,main,exploration
FL-D-2004-04-24,florida_lotto,FL-S02,2004-04-24,main,exploration
FL-D-2004-04-28,florida_lotto,FL-S02,2004-04-28,main,exploration
FL-D-2004-05-01,florida_lotto,FL-S02,2004-05-01,main,exploration
FL-D-2004-05-05,florida_lotto,FL-S02,2004-05-05,main,exploration
FL-D-2004-05-08,florida_lotto,FL-S02,2004-05-08,main,exploration
FL-D-2004-05-12,florida_lotto,FL-S02,2004-05-12,main,exploration
FL-D-2004-05-15,florida_lotto,FL-S02,2004-05-15,main,exploration
FL-D-2004-05-19,florida_lotto,FL-S02,2004-05-19,main,exploration
FL-D-2004-05-22,florida_lotto,FL-S02,2004-05-22,main,exploration
FL-D-2004-05-26,florida_lotto,FL-S02,2004-05-26,main,exploration
FL-D-2004-05-29,florida_lotto,FL-S02,2004-05-29,main,exploration
FL-D-2004-06-02,florida_lotto,FL-S02,2004-06-02,main,exploration
FL-D-2004-06-05,florida_lotto,FL-S02,2004-06-05,main,exploration
FL-D-2004-06-09,florida_lotto,FL-S02,2004-06-09,main,exploration
FL-D-2004-06-12,florida_lotto,FL-S02,2004-06-12,main,exploration
FL-D-2004-06-16,florida_lotto,FL-S02,2004-06-16,main,exploration
FL-D-2004-06-19,florida_lotto,FL-S02,2004-06-19,main,exploration
FL-D-2004-06-23,florida_lotto,FL-S02,2004-06-23,main,exploration
FL-D-2004-06-26,florida_lotto,FL-S02,2004-06-26,main,exploration
FL-D-2004-06-30,florida_lotto,FL-S02,2004-06-30,main,exploration
FL-D-2004-07-03,florida_lotto,FL-S02,2004-07-03,main,exploration
FL-D-2004-07-07,florida_lotto,FL-S02,2004-07-07,main,exploration
FL-D-2004-07-10,florida_lotto,FL-S02,2004-07-10,main,exploration
FL-D-2004-07-14,florida_lotto,FL-S02,2004-07-14,main,exploration
FL-D-2004-07-17,florida_lotto,FL-S02,2004-07-17,main,exploration
FL-D-2004-07-21,florida_lotto,FL-S02,2004-07-21,main,exploration
FL-D-2004-07-24,florida_lotto,FL-S02,2004-07-24,main,exploration
FL-D-2004-07-28,florida_lotto,FL-S02,2004-07-28,main,exploration
FL-D-2004-07-31,florida_lotto,FL-S02,2004-07-31,main,exploration
FL-D-2004-08-04,florida_lotto,FL-S02,2004-08-04,main,exploration
FL-D-2004-08-07,florida_lotto,FL-S02,2004-08-07,main,exploration
FL-D-2004-08-11,florida_lotto,FL-S02,2004-08-11,main,exploration
FL-D-2004-08-14,florida_lotto,FL-S02,2004-08-14,main,exploration
FL-D-2004-08-18,florida_lotto,FL-S02,2004-08-18,main,exploration
FL-D-2004-08-21,florida_lotto,FL-S02,2004-08-21,main,exploration
FL-D-2004-08-25,florida_lotto,FL-S02,2004-08-25,main,exploration
FL-D-2004-08-28,florida_lotto,FL-S02,2004-08-28,main,exploration
FL-D-2004-09-01,florida_lotto,FL-S02,2004-09-01,main,exploration
FL-D-2004-09-04,florida_lotto,FL-S02,2004-09-04,main,exploration
FL-D-2004-09-08,florida_lotto,FL-S02,2004-09-08,main,exploration
FL-D-2004-09-11,florida_lotto,FL-S02,2004-09-11,main,exploration
FL-D-2004-09-15,florida_lotto,FL-S02,2004-09-15,main,exploration
FL-D-2004-09-18,florida_lotto,FL-S02,2004-09-18,main,exploration
FL-D-2004-09-22,florida_lotto,FL-S02,2004-09-22,main,exploration
FL-D-2004-09-25,florida_lotto,FL-S02,2004-09-25,main,exploration
FL-D-2004-09-29,florida_lotto,FL-S02,2004-09-29,main,exploration
FL-D-2004-10-02,florida_lotto,FL-S02,2004-10-02,main,exploration
FL-D-2004-10-06,florida_lotto,FL-S02,2004-10-06,main,exploration
FL-D-2004-10-09,florida_lotto,FL-S02,2004-10-09,main,exploration
FL-D-2004-10-13,florida_lotto,FL-S02,2004-10-13,main,exploration
FL-D-2004-10-16,florida_lotto,FL-S02,2004-10-16,main,exploration
FL-D-2004-10-20,florida_lotto,FL-S02,2004-10-20,main,exploration
FL-D-2004-10-23,florida_lotto,FL-S02,2004-10-23,main,exploration
FL-D-2004-10-27,florida_lotto,FL-S02,2004-10-27,main,exploration
FL-D-2004-10-30,florida_lotto,FL-S02,2004-10-30,main,exploration
FL-D-2004-11-03,florida_lotto,FL-S02,2004-11-03,main,exploration
FL-D-2004-11-06,florida_lotto,FL-S02,2004-11-06,main,exploration
FL-D-2004-11-10,florida_lotto,FL-S02,2004-11-10,main,exploration
FL-D-2004-11-13,florida_lotto,FL-S02,2004-11-13,main,exploration
FL-D-2004-11-17,florida_lotto,FL-S02,2004-11-17,main,exploration
FL-D-2004-11-20,florida_lotto,FL-S02,2004-11-20,main,exploration
FL-D-2004-11-24,florida_lotto,FL-S02,2004-11-24,main,exploration
FL-D-2004-11-27,florida_lotto,FL-S02,2004-11-27,main,exploration
FL-D-2004-12-01,florida_lotto,FL-S02,2004-12-01,main,exploration
FL-D-2004-12-04,florida_lotto,FL-S02,2004-12-04,main,exploration
FL-D-2004-12-08,florida_lotto,FL-S02,2004-12-08,main,exploration
FL-D-2004-12-11,florida_lotto,FL-S02,2004-12-11,main,exploration
FL-D-2004-12-15,florida_lotto,FL-S02,2004-12-15,main,exploration
FL-D-2004-12-18,florida_lotto,FL-S02,2004-12-18,main,exploration
FL-D-2004-12-22,florida_lotto,FL-S02,2004-12-22,main,exploration
FL-D-2004-12-25,florida_lotto,FL-S02,2004-12-25,main,exploration
FL-D-2004-12-29,florida_lotto,FL-S02,2004-12-29,main,exploration
FL-D-2005-01-01,florida_lotto,FL-S02,2005-01-01,main,exploration
FL-D-2005-01-05,florida_lotto,FL-S02,2005-01-05,main,exploration
FL-D-2005-01-08,florida_lotto,FL-S02,2005-01-08,main,exploration
FL-D-2005-01-12,florida_lotto,FL-S02,2005-01-12,main,exploration
FL-D-2005-01-15,florida_lotto,FL-S02,2005-01-15,main,exploration
FL-D-2005-01-19,florida_lotto,FL-S02,2005-01-19,main,exploration
FL-D-2005-01-22,florida_lotto,FL-S02,2005-01-22,main,exploration
FL-D-2005-01-26,florida_lotto,FL-S02,2005-01-26,main,exploration
FL-D-2005-01-29,florida_lotto,FL-S02,2005-01-29,main,exploration
FL-D-2005-02-02,florida_lotto,FL-S02,2005-02-02,main,exploration
FL-D-2005-02-05,florida_lotto,FL-S02,2005-02-05,main,exploration
FL-D-2005-02-09,florida_lotto,FL-S02,2005-02-09,main,exploration
FL-D-2005-02-12,florida_lotto,FL-S02,2005-02-12,main,exploration
FL-D-2005-02-16,florida_lotto,FL-S02,2005-02-16,main,exploration
FL-D-2005-02-19,florida_lotto,FL-S02,2005-02-19,main,exploration
FL-D-2005-02-23,florida_lotto,FL-S02,2005-02-23,main,exploration
FL-D-2005-02-26,florida_lotto,FL-S02,2005-02-26,main,exploration
FL-D-2005-03-02,florida_lotto,FL-S02,2005-03-02,main,exploration
FL-D-2005-03-05,florida_lotto,FL-S02,2005-03-05,main,exploration
FL-D-2005-03-09,florida_lotto,FL-S02,2005-03-09,main,exploration
FL-D-2005-03-12,florida_lotto,FL-S02,2005-03-12,main,exploration
FL-D-2005-03-16,florida_lotto,FL-S02,2005-03-16,main,exploration
FL-D-2005-03-19,florida_lotto,FL-S02,2005-03-19,main,exploration
FL-D-2005-03-23,florida_lotto,FL-S02,2005-03-23,main,exploration
FL-D-2005-03-26,florida_lotto,FL-S02,2005-03-26,main,exploration
FL-D-2005-03-30,florida_lotto,FL-S02,2005-03-30,main,exploration
FL-D-2005-04-02,florida_lotto,FL-S02,2005-04-02,main,exploration
FL-D-2005-04-06,florida_lotto,FL-S02,2005-04-06,main,exploration
FL-D-2005-04-09,florida_lotto,FL-S02,2005-04-09,main,exploration
FL-D-2005-04-13,florida_lotto,FL-S02,2005-04-13,main,exploration
FL-D-2005-04-16,florida_lotto,FL-S02,2005-04-16,main,exploration
FL-D-2005-04-20,florida_lotto,FL-S02,2005-04-20,main,exploration
FL-D-2005-04-23,florida_lotto,FL-S02,2005-04-23,main,exploration
FL-D-2005-04-27,florida_lotto,FL-S02,2005-04-27,main,exploration
FL-D-2005-04-30,florida_lotto,FL-S02,2005-04-30,main,exploration
FL-D-2005-05-04,florida_lotto,FL-S02,2005-05-04,main,exploration
FL-D-2005-05-07,florida_lotto,FL-S02,2005-05-07,main,exploration
FL-D-2005-05-11,florida_lotto,FL-S02,2005-05-11,main,exploration
FL-D-2005-05-14,florida_lotto,FL-S02,2005-05-14,main,exploration
FL-D-2005-05-18,florida_lotto,FL-S02,2005-05-18,main,exploration
FL-D-2005-05-21,florida_lotto,FL-S02,2005-05-21,main,exploration
FL-D-2005-05-25,florida_lotto,FL-S02,2005-05-25,main,exploration
FL-D-2005-05-28,florida_lotto,FL-S02,2005-05-28,main,exploration
FL-D-2005-06-01,florida_lotto,FL-S02,2005-06-01,main,exploration
FL-D-2005-06-04,florida_lotto,FL-S02,2005-06-04,main,exploration
FL-D-2005-06-08,florida_lotto,FL-S02,2005-06-08,main,exploration
FL-D-2005-06-11,florida_lotto,FL-S02,2005-06-11,main,exploration
FL-D-2005-06-15,florida_lotto,FL-S02,2005-06-15,main,exploration
FL-D-2005-06-18,florida_lotto,FL-S02,2005-06-18,main,exploration
FL-D-2005-06-22,florida_lotto,FL-S02,2005-06-22,main,exploration
FL-D-2005-06-25,florida_lotto,FL-S02,2005-06-25,main,exploration
FL-D-2005-06-29,florida_lotto,FL-S02,2005-06-29,main,exploration
FL-D-2005-07-02,florida_lotto,FL-S02,2005-07-02,main,exploration
FL-D-2005-07-06,florida_lotto,FL-S02,2005-07-06,main,exploration
FL-D-2005-07-09,florida_lotto,FL-S02,2005-07-09,main,exploration
FL-D-2005-07-13,florida_lotto,FL-S02,2005-07-13,main,exploration
FL-D-2005-07-16,florida_lotto,FL-S02,2005-07-16,main,exploration
FL-D-2005-07-20,florida_lotto,FL-S02,2005-07-20,main,exploration
FL-D-2005-07-23,florida_lotto,FL-S02,2005-07-23,main,exploration
FL-D-2005-07-27,florida_lotto,FL-S02,2005-07-27,main,exploration
FL-D-2005-07-30,florida_lotto,FL-S02,2005-07-30,main,exploration
FL-D-2005-08-03,florida_lotto,FL-S02,2005-08-03,main,exploration
FL-D-2005-08-06,florida_lotto,FL-S02,2005-08-06,main,exploration
FL-D-2005-08-10,florida_lotto,FL-S02,2005-08-10,main,exploration
FL-D-2005-08-13,florida_lotto,FL-S02,2005-08-13,main,exploration
FL-D-2005-08-17,florida_lotto,FL-S02,2005-08-17,main,exploration
FL-D-2005-08-20,florida_lotto,FL-S02,2005-08-20,main,exploration
FL-D-2005-08-24,florida_lotto,FL-S02,2005-08-24,main,exploration
FL-D-2005-08-27,florida_lotto,FL-S02,2005-08-27,main,exploration
FL-D-2005-08-31,florida_lotto,FL-S02,2005-08-31,main,exploration
FL-D-2005-09-03,florida_lotto,FL-S02,2005-09-03,main,exploration
FL-D-2005-09-07,florida_lotto,FL-S02,2005-09-07,main,exploration
FL-D-2005-09-10,florida_lotto,FL-S02,2005-09-10,main,exploration
FL-D-2005-09-14,florida_lotto,FL-S02,2005-09-14,main,exploration
FL-D-2005-09-17,florida_lotto,FL-S02,2005-09-17,main,exploration
FL-D-2005-09-21,florida_lotto,FL-S02,2005-09-21,main,exploration
FL-D-2005-09-24,florida_lotto,FL-S02,2005-09-24,main,exploration
FL-D-2005-09-28,florida_lotto,FL-S02,2005-09-28,main,exploration
FL-D-2005-10-01,florida_lotto,FL-S02,2005-10-01,main,exploration
FL-D-2005-10-05,florida_lotto,FL-S02,2005-10-05,main,exploration
FL-D-2005-10-08,florida_lotto,FL-S02,2005-10-08,main,exploration
FL-D-2005-10-12,florida_lotto,FL-S02,2005-10-12,main,exploration
FL-D-2005-10-15,florida_lotto,FL-S02,2005-10-15,main,exploration
FL-D-2005-10-19,florida_lotto,FL-S02,2005-10-19,main,exploration
FL-D-2005-10-22,florida_lotto,FL-S02,2005-10-22,main,exploration
FL-D-2005-10-26,florida_lotto,FL-S02,2005-10-26,main,exploration
FL-D-2005-10-29,florida_lotto,FL-S02,2005-10-29,main,exploration
FL-D-2005-11-02,florida_lotto,FL-S02,2005-11-02,main,exploration
FL-D-2005-11-05,florida_lotto,FL-S02,2005-11-05,main,exploration
FL-D-2005-11-09,florida_lotto,FL-S02,2005-11-09,main,exploration
FL-D-2005-11-12,florida_lotto,FL-S02,2005-11-12,main,exploration
FL-D-2005-11-16,florida_lotto,FL-S02,2005-11-16,main,exploration
FL-D-2005-11-19,florida_lotto,FL-S02,2005-11-19,main,exploration
FL-D-2005-11-23,florida_lotto,FL-S02,2005-11-23,main,exploration
FL-D-2005-11-26,florida_lotto,FL-S02,2005-11-26,main,exploration
FL-D-2005-11-30,florida_lotto,FL-S02,2005-11-30,main,exploration
FL-D-2005-12-03,florida_lotto,FL-S02,2005-12-03,main,exploration
FL-D-2005-12-07,florida_lotto,FL-S02,2005-12-07,main,exploration
FL-D-2005-12-10,florida_lotto,FL-S02,2005-12-10,main,exploration
FL-D-2005-12-14,florida_lotto,FL-S02,2005-12-14,main,exploration
FL-D-2005-12-17,florida_lotto,FL-S02,2005-12-17,main,exploration
FL-D-2005-12-21,florida_lotto,FL-S02,2005-12-21,main,exploration
FL-D-2005-12-24,florida_lotto,FL-S02,2005-12-24,main,exploration
FL-D-2005-12-28,florida_lotto,FL-S02,2005-12-28,main,exploration
FL-D-2005-12-31,florida_lotto,FL-S02,2005-12-31,main,exploration
FL-D-2006-01-04,florida_lotto,FL-S02,2006-01-04,main,exploration
FL-D-2006-01-07,florida_lotto,FL-S02,2006-01-07,main,exploration
FL-D-2006-01-11,florida_lotto,FL-S02,2006-01-11,main,exploration
FL-D-2006-01-14,florida_lotto,FL-S02,2006-01-14,main,exploration
FL-D-2006-01-18,florida_lotto,FL-S02,2006-01-18,main,exploration
FL-D-2006-01-21,florida_lotto,FL-S02,2006-01-21,main,exploration
FL-D-2006-01-25,florida_lotto,FL-S02,2006-01-25,main,exploration
FL-D-2006-01-28,florida_lotto,FL-S02,2006-01-28,main,exploration
FL-D-2006-02-01,florida_lotto,FL-S02,2006-02-01,main,exploration
FL-D-2006-02-04,florida_lotto,FL-S02,2006-02-04,main,exploration
FL-D-2006-02-08,florida_lotto,FL-S02,2006-02-08,main,exploration
FL-D-2006-02-11,florida_lotto,FL-S02,2006-02-11,main,exploration
FL-D-2006-02-15,florida_lotto,FL-S02,2006-02-15,main,exploration
FL-D-2006-02-18,florida_lotto,FL-S02,2006-02-18,main,exploration
FL-D-2006-02-22,florida_lotto,FL-S02,2006-02-22,main,exploration
FL-D-2006-02-25,florida_lotto,FL-S02,2006-02-25,main,exploration
FL-D-2006-03-01,florida_lotto,FL-S02,2006-03-01,main,exploration
FL-D-2006-03-04,florida_lotto,FL-S02,2006-03-04,main,exploration
FL-D-2006-03-08,florida_lotto,FL-S02,2006-03-08,main,exploration
FL-D-2006-03-11,florida_lotto,FL-S02,2006-03-11,main,exploration
FL-D-2006-03-15,florida_lotto,FL-S02,2006-03-15,main,exploration
FL-D-2006-03-18,florida_lotto,FL-S02,2006-03-18,main,exploration
FL-D-2006-03-22,florida_lotto,FL-S02,2006-03-22,main,exploration
FL-D-2006-03-25,florida_lotto,FL-S02,2006-03-25,main,exploration
FL-D-2006-03-29,florida_lotto,FL-S02,2006-03-29,main,exploration
FL-D-2006-04-01,florida_lotto,FL-S02,2006-04-01,main,exploration
FL-D-2006-04-05,florida_lotto,FL-S02,2006-04-05,main,exploration
FL-D-2006-04-08,florida_lotto,FL-S02,2006-04-08,main,exploration
FL-D-2006-04-12,florida_lotto,FL-S02,2006-04-12,main,exploration
FL-D-2006-04-15,florida_lotto,FL-S02,2006-04-15,main,exploration
FL-D-2006-04-19,florida_lotto,FL-S02,2006-04-19,main,exploration
FL-D-2006-04-22,florida_lotto,FL-S02,2006-04-22,main,exploration
FL-D-2006-04-26,florida_lotto,FL-S02,2006-04-26,main,exploration
FL-D-2006-04-29,florida_lotto,FL-S02,2006-04-29,main,exploration
FL-D-2006-05-03,florida_lotto,FL-S02,2006-05-03,main,exploration
FL-D-2006-05-06,florida_lotto,FL-S02,2006-05-06,main,exploration
FL-D-2006-05-10,florida_lotto,FL-S02,2006-05-10,main,exploration
FL-D-2006-05-13,florida_lotto,FL-S02,2006-05-13,main,exploration
FL-D-2006-05-17,florida_lotto,FL-S02,2006-05-17,main,exploration
FL-D-2006-05-20,florida_lotto,FL-S02,2006-05-20,main,exploration
FL-D-2006-05-24,florida_lotto,FL-S02,2006-05-24,main,exploration
FL-D-2006-05-27,florida_lotto,FL-S02,2006-05-27,main,exploration
FL-D-2006-05-31,florida_lotto,FL-S02,2006-05-31,main,exploration
FL-D-2006-06-03,florida_lotto,FL-S02,2006-06-03,main,exploration
FL-D-2006-06-07,florida_lotto,FL-S02,2006-06-07,main,exploration
FL-D-2006-06-10,florida_lotto,FL-S02,2006-06-10,main,exploration
FL-D-2006-06-14,florida_lotto,FL-S02,2006-06-14,main,exploration
FL-D-2006-06-17,florida_lotto,FL-S02,2006-06-17,main,exploration
FL-D-2006-06-21,florida_lotto,FL-S02,2006-06-21,main,exploration
FL-D-2006-06-24,florida_lotto,FL-S02,2006-06-24,main,exploration
FL-D-2006-06-28,florida_lotto,FL-S02,2006-06-28,main,exploration
FL-D-2006-07-01,florida_lotto,FL-S02,2006-07-01,main,exploration
FL-D-2006-07-05,florida_lotto,FL-S02,2006-07-05,main,exploration
FL-D-2006-07-08,florida_lotto,FL-S02,2006-07-08,main,exploration
FL-D-2006-07-12,florida_lotto,FL-S02,2006-07-12,main,exploration
FL-D-2006-07-15,florida_lotto,FL-S02,2006-07-15,main,exploration
FL-D-2006-07-19,florida_lotto,FL-S02,2006-07-19,main,exploration
FL-D-2006-07-22,florida_lotto,FL-S02,2006-07-22,main,exploration
FL-D-2006-07-26,florida_lotto,FL-S02,2006-07-26,main,exploration
FL-D-2006-07-29,florida_lotto,FL-S02,2006-07-29,main,exploration
FL-D-2006-08-02,florida_lotto,FL-S02,2006-08-02,main,exploration
FL-D-2006-08-05,florida_lotto,FL-S02,2006-08-05,main,exploration
FL-D-2006-08-09,florida_lotto,FL-S02,2006-08-09,main,exploration
FL-D-2006-08-12,florida_lotto,FL-S02,2006-08-12,main,exploration
FL-D-2006-08-16,florida_lotto,FL-S02,2006-08-16,main,exploration
FL-D-2006-08-19,florida_lotto,FL-S02,2006-08-19,main,exploration
FL-D-2006-08-23,florida_lotto,FL-S02,2006-08-23,main,exploration
FL-D-2006-08-26,florida_lotto,FL-S02,2006-08-26,main,exploration
FL-D-2006-08-30,florida_lotto,FL-S02,2006-08-30,main,exploration
FL-D-2006-09-02,florida_lotto,FL-S02,2006-09-02,main,exploration
FL-D-2006-09-06,florida_lotto,FL-S02,2006-09-06,main,exploration
FL-D-2006-09-09,florida_lotto,FL-S02,2006-09-09,main,exploration
FL-D-2006-09-13,florida_lotto,FL-S02,2006-09-13,main,exploration
FL-D-2006-09-16,florida_lotto,FL-S02,2006-09-16,main,exploration
FL-D-2006-09-20,florida_lotto,FL-S02,2006-09-20,main,exploration
FL-D-2006-09-23,florida_lotto,FL-S02,2006-09-23,main,exploration
FL-D-2006-09-27,florida_lotto,FL-S02,2006-09-27,main,exploration
FL-D-2006-09-30,florida_lotto,FL-S02,2006-09-30,main,exploration
FL-D-2006-10-04,florida_lotto,FL-S02,2006-10-04,main,exploration
FL-D-2006-10-07,florida_lotto,FL-S02,2006-10-07,main,exploration
FL-D-2006-10-11,florida_lotto,FL-S02,2006-10-11,main,exploration
FL-D-2006-10-14,florida_lotto,FL-S02,2006-10-14,main,exploration
FL-D-2006-10-18,florida_lotto,FL-S02,2006-10-18,main,exploration
FL-D-2006-10-21,florida_lotto,FL-S02,2006-10-21,main,exploration
FL-D-2006-10-25,florida_lotto,FL-S02,2006-10-25,main,exploration
FL-D-2006-10-28,florida_lotto,FL-S02,2006-10-28,main,exploration
FL-D-2006-11-01,florida_lotto,FL-S02,2006-11-01,main,exploration
FL-D-2006-11-04,florida_lotto,FL-S02,2006-11-04,main,exploration
FL-D-2006-11-08,florida_lotto,FL-S02,2006-11-08,main,exploration
FL-D-2006-11-11,florida_lotto,FL-S02,2006-11-11,main,exploration
FL-D-2006-11-15,florida_lotto,FL-S02,2006-11-15,main,exploration
FL-D-2006-11-18,florida_lotto,FL-S02,2006-11-18,main,exploration
FL-D-2006-11-22,florida_lotto,FL-S02,2006-11-22,main,exploration
FL-D-2006-11-25,florida_lotto,FL-S02,2006-11-25,main,exploration
FL-D-2006-11-29,florida_lotto,FL-S02,2006-11-29,main,exploration
FL-D-2006-12-02,florida_lotto,FL-S02,2006-12-02,main,exploration
FL-D-2006-12-06,florida_lotto,FL-S02,2006-12-06,main,exploration
FL-D-2006-12-09,florida_lotto,FL-S02,2006-12-09,main,exploration
FL-D-2006-12-13,florida_lotto,FL-S02,2006-12-13,main,exploration
FL-D-2006-12-16,florida_lotto,FL-S02,2006-12-16,main,exploration
FL-D-2006-12-20,florida_lotto,FL-S02,2006-12-20,main,exploration
FL-D-2006-12-23,florida_lotto,FL-S02,2006-12-23,main,exploration
FL-D-2006-12-27,florida_lotto,FL-S02,2006-12-27,main,exploration
FL-D-2006-12-30,florida_lotto,FL-S02,2006-12-30,main,exploration
FL-D-2007-01-03,florida_lotto,FL-S02,2007-01-03,main,exploration
FL-D-2007-01-06,florida_lotto,FL-S02,2007-01-06,main,exploration
FL-D-2007-01-10,florida_lotto,FL-S02,2007-01-10,main,exploration
FL-D-2007-01-13,florida_lotto,FL-S02,2007-01-13,main,exploration
FL-D-2007-01-17,florida_lotto,FL-S02,2007-01-17,main,exploration
FL-D-2007-01-20,florida_lotto,FL-S02,2007-01-20,main,exploration
FL-D-2007-01-24,florida_lotto,FL-S02,2007-01-24,main,exploration
FL-D-2007-01-27,florida_lotto,FL-S02,2007-01-27,main,exploration
FL-D-2007-01-31,florida_lotto,FL-S02,2007-01-31,main,exploration
FL-D-2007-02-03,florida_lotto,FL-S02,2007-02-03,main,exploration
FL-D-2007-02-07,florida_lotto,FL-S02,2007-02-07,main,exploration
FL-D-2007-02-10,florida_lotto,FL-S02,2007-02-10,main,exploration
FL-D-2007-02-14,florida_lotto,FL-S02,2007-02-14,main,exploration
FL-D-2007-02-17,florida_lotto,FL-S02,2007-02-17,main,exploration
FL-D-2007-02-21,florida_lotto,FL-S02,2007-02-21,main,exploration
FL-D-2007-02-24,florida_lotto,FL-S02,2007-02-24,main,exploration
FL-D-2007-02-28,florida_lotto,FL-S02,2007-02-28,main,exploration
FL-D-2007-03-03,florida_lotto,FL-S02,2007-03-03,main,exploration
FL-D-2007-03-07,florida_lotto,FL-S02,2007-03-07,main,exploration
FL-D-2007-03-10,florida_lotto,FL-S02,2007-03-10,main,exploration
FL-D-2007-03-14,florida_lotto,FL-S02,2007-03-14,main,exploration
FL-D-2007-03-17,florida_lotto,FL-S02,2007-03-17,main,exploration
FL-D-2007-03-21,florida_lotto,FL-S02,2007-03-21,main,exploration
FL-D-2007-03-24,florida_lotto,FL-S02,2007-03-24,main,exploration
FL-D-2007-03-28,florida_lotto,FL-S02,2007-03-28,main,exploration
FL-D-2007-03-31,florida_lotto,FL-S02,2007-03-31,main,exploration
FL-D-2007-04-04,florida_lotto,FL-S02,2007-04-04,main,exploration
FL-D-2007-04-07,florida_lotto,FL-S02,2007-04-07,main,exploration
FL-D-2007-04-11,florida_lotto,FL-S02,2007-04-11,main,exploration
FL-D-2007-04-14,florida_lotto,FL-S02,2007-04-14,main,exploration
FL-D-2007-04-18,florida_lotto,FL-S02,2007-04-18,main,exploration
FL-D-2007-04-21,florida_lotto,FL-S02,2007-04-21,main,exploration
FL-D-2007-04-25,florida_lotto,FL-S02,2007-04-25,main,exploration
FL-D-2007-04-28,florida_lotto,FL-S02,2007-04-28,main,exploration
FL-D-2007-05-02,florida_lotto,FL-S02,2007-05-02,main,exploration
FL-D-2007-05-05,florida_lotto,FL-S02,2007-05-05,main,exploration
FL-D-2007-05-09,florida_lotto,FL-S02,2007-05-09,main,exploration
FL-D-2007-05-12,florida_lotto,FL-S02,2007-05-12,main,exploration
FL-D-2007-05-16,florida_lotto,FL-S02,2007-05-16,main,exploration
FL-D-2007-05-19,florida_lotto,FL-S02,2007-05-19,main,exploration
FL-D-2007-05-23,florida_lotto,FL-S02,2007-05-23,main,exploration
FL-D-2007-05-26,florida_lotto,FL-S02,2007-05-26,main,exploration
FL-D-2007-05-30,florida_lotto,FL-S02,2007-05-30,main,exploration
FL-D-2007-06-02,florida_lotto,FL-S02,2007-06-02,main,exploration
FL-D-2007-06-06,florida_lotto,FL-S02,2007-06-06,main,exploration
FL-D-2007-06-09,florida_lotto,FL-S02,2007-06-09,main,exploration
FL-D-2007-06-13,florida_lotto,FL-S02,2007-06-13,main,exploration
FL-D-2007-06-16,florida_lotto,FL-S02,2007-06-16,main,exploration
FL-D-2007-06-20,florida_lotto,FL-S02,2007-06-20,main,exploration
FL-D-2007-06-23,florida_lotto,FL-S02,2007-06-23,main,exploration
FL-D-2007-06-27,florida_lotto,FL-S02,2007-06-27,main,exploration
FL-D-2007-06-30,florida_lotto,FL-S02,2007-06-30,main,exploration
FL-D-2007-07-04,florida_lotto,FL-S02,2007-07-04,main,exploration
FL-D-2007-07-07,florida_lotto,FL-S02,2007-07-07,main,exploration
FL-D-2007-07-11,florida_lotto,FL-S02,2007-07-11,main,exploration
FL-D-2007-07-14,florida_lotto,FL-S02,2007-07-14,main,exploration
FL-D-2007-07-18,florida_lotto,FL-S02,2007-07-18,main,exploration
FL-D-2007-07-21,florida_lotto,FL-S02,2007-07-21,main,exploration
FL-D-2007-07-25,florida_lotto,FL-S02,2007-07-25,main,exploration
FL-D-2007-07-28,florida_lotto,FL-S02,2007-07-28,main,exploration
FL-D-2007-08-01,florida_lotto,FL-S02,2007-08-01,main,exploration
FL-D-2007-08-04,florida_lotto,FL-S02,2007-08-04,main,exploration
FL-D-2007-08-08,florida_lotto,FL-S02,2007-08-08,main,exploration
FL-D-2007-08-11,florida_lotto,FL-S02,2007-08-11,main,exploration
FL-D-2007-08-15,florida_lotto,FL-S02,2007-08-15,main,exploration
FL-D-2007-08-18,florida_lotto,FL-S02,2007-08-18,main,exploration
FL-D-2007-08-22,florida_lotto,FL-S02,2007-08-22,main,exploration
FL-D-2007-08-25,florida_lotto,FL-S02,2007-08-25,main,exploration
FL-D-2007-08-29,florida_lotto,FL-S02,2007-08-29,main,exploration
FL-D-2007-09-01,florida_lotto,FL-S02,2007-09-01,main,exploration
FL-D-2007-09-05,florida_lotto,FL-S02,2007-09-05,main,exploration
FL-D-2007-09-08,florida_lotto,FL-S02,2007-09-08,main,exploration
FL-D-2007-09-12,florida_lotto,FL-S02,2007-09-12,main,exploration
FL-D-2007-09-15,florida_lotto,FL-S02,2007-09-15,main,exploration
FL-D-2007-09-19,florida_lotto,FL-S02,2007-09-19,main,exploration
FL-D-2007-09-22,florida_lotto,FL-S02,2007-09-22,main,exploration
FL-D-2007-09-26,florida_lotto,FL-S02,2007-09-26,main,exploration
FL-D-2007-09-29,florida_lotto,FL-S02,2007-09-29,main,exploration
FL-D-2007-10-03,florida_lotto,FL-S02,2007-10-03,main,exploration
FL-D-2007-10-06,florida_lotto,FL-S02,2007-10-06,main,exploration
FL-D-2007-10-10,florida_lotto,FL-S02,2007-10-10,main,exploration
FL-D-2007-10-13,florida_lotto,FL-S02,2007-10-13,main,exploration
FL-D-2007-10-17,florida_lotto,FL-S02,2007-10-17,main,exploration
FL-D-2007-10-20,florida_lotto,FL-S02,2007-10-20,main,exploration
FL-D-2007-10-24,florida_lotto,FL-S02,2007-10-24,main,exploration
FL-D-2007-10-27,florida_lotto,FL-S02,2007-10-27,main,exploration
FL-D-2007-10-31,florida_lotto,FL-S02,2007-10-31,main,exploration
FL-D-2007-11-03,florida_lotto,FL-S02,2007-11-03,main,exploration
FL-D-2007-11-07,florida_lotto,FL-S02,2007-11-07,main,exploration
FL-D-2007-11-10,florida_lotto,FL-S02,2007-11-10,main,exploration
FL-D-2007-11-14,florida_lotto,FL-S02,2007-11-14,main,exploration
FL-D-2007-11-17,florida_lotto,FL-S02,2007-11-17,main,exploration
FL-D-2007-11-21,florida_lotto,FL-S02,2007-11-21,main,exploration
FL-D-2007-11-24,florida_lotto,FL-S02,2007-11-24,main,exploration
FL-D-2007-11-28,florida_lotto,FL-S02,2007-11-28,main,exploration
FL-D-2007-12-01,florida_lotto,FL-S02,2007-12-01,main,exploration
FL-D-2007-12-05,florida_lotto,FL-S02,2007-12-05,main,exploration
FL-D-2007-12-08,florida_lotto,FL-S02,2007-12-08,main,exploration
FL-D-2007-12-12,florida_lotto,FL-S02,2007-12-12,main,exploration
FL-D-2007-12-15,florida_lotto,FL-S02,2007-12-15,main,exploration
FL-D-2007-12-19,florida_lotto,FL-S02,2007-12-19,main,exploration
FL-D-2007-12-22,florida_lotto,FL-S02,2007-12-22,main,exploration
FL-D-2007-12-26,florida_lotto,FL-S02,2007-12-26,main,exploration
FL-D-2007-12-29,florida_lotto,FL-S02,2007-12-29,main,exploration
FL-D-2008-01-02,florida_lotto,FL-S02,2008-01-02,main,exploration
FL-D-2008-01-05,florida_lotto,FL-S02,2008-01-05,main,exploration
FL-D-2008-01-09,florida_lotto,FL-S02,2008-01-09,main,exploration
FL-D-2008-01-12,florida_lotto,FL-S02,2008-01-12,main,exploration
FL-D-2008-01-16,florida_lotto,FL-S02,2008-01-16,main,exploration
FL-D-2008-01-19,florida_lotto,FL-S02,2008-01-19,main,exploration
FL-D-2008-01-23,florida_lotto,FL-S02,2008-01-23,main,exploration
FL-D-2008-01-26,florida_lotto,FL-S02,2008-01-26,main,exploration
FL-D-2008-01-30,florida_lotto,FL-S02,2008-01-30,main,exploration
FL-D-2008-02-02,florida_lotto,FL-S02,2008-02-02,main,exploration
FL-D-2008-02-06,florida_lotto,FL-S02,2008-02-06,main,exploration
FL-D-2008-02-09,florida_lotto,FL-S02,2008-02-09,main,exploration
FL-D-2008-02-13,florida_lotto,FL-S02,2008-02-13,main,exploration
FL-D-2008-02-16,florida_lotto,FL-S02,2008-02-16,main,exploration
FL-D-2008-02-20,florida_lotto,FL-S02,2008-02-20,main,exploration
FL-D-2008-02-23,florida_lotto,FL-S02,2008-02-23,main,exploration
FL-D-2008-02-27,florida_lotto,FL-S02,2008-02-27,main,exploration
FL-D-2008-03-01,florida_lotto,FL-S02,2008-03-01,main,exploration
FL-D-2008-03-05,florida_lotto,FL-S02,2008-03-05,main,exploration
FL-D-2008-03-08,florida_lotto,FL-S02,2008-03-08,main,exploration
FL-D-2008-03-12,florida_lotto,FL-S02,2008-03-12,main,exploration
FL-D-2008-03-15,florida_lotto,FL-S02,2008-03-15,main,exploration
FL-D-2008-03-19,florida_lotto,FL-S02,2008-03-19,main,exploration
FL-D-2008-03-22,florida_lotto,FL-S02,2008-03-22,main,exploration
FL-D-2008-03-26,florida_lotto,FL-S02,2008-03-26,main,exploration
FL-D-2008-03-29,florida_lotto,FL-S02,2008-03-29,main,exploration
FL-D-2008-04-02,florida_lotto,FL-S02,2008-04-02,main,exploration
FL-D-2008-04-05,florida_lotto,FL-S02,2008-04-05,main,exploration
FL-D-2008-04-09,florida_lotto,FL-S02,2008-04-09,main,exploration
FL-D-2008-04-12,florida_lotto,FL-S02,2008-04-12,main,exploration
FL-D-2008-04-16,florida_lotto,FL-S02,2008-04-16,main,exploration
FL-D-2008-04-19,florida_lotto,FL-S02,2008-04-19,main,exploration
FL-D-2008-04-23,florida_lotto,FL-S02,2008-04-23,main,exploration
FL-D-2008-04-26,florida_lotto,FL-S02,2008-04-26,main,exploration
FL-D-2008-04-30,florida_lotto,FL-S02,2008-04-30,main,exploration
FL-D-2008-05-03,florida_lotto,FL-S02,2008-05-03,main,exploration
FL-D-2008-05-07,florida_lotto,FL-S02,2008-05-07,main,exploration
FL-D-2008-05-10,florida_lotto,FL-S02,2008-05-10,main,exploration
FL-D-2008-05-14,florida_lotto,FL-S02,2008-05-14,main,exploration
FL-D-2008-05-17,florida_lotto,FL-S02,2008-05-17,main,exploration
FL-D-2008-05-21,florida_lotto,FL-S02,2008-05-21,main,exploration
FL-D-2008-05-24,florida_lotto,FL-S02,2008-05-24,main,exploration
FL-D-2008-05-28,florida_lotto,FL-S02,2008-05-28,main,exploration
FL-D-2008-05-31,florida_lotto,FL-S02,2008-05-31,main,exploration
FL-D-2008-06-04,florida_lotto,FL-S02,2008-06-04,main,exploration
FL-D-2008-06-07,florida_lotto,FL-S02,2008-06-07,main,exploration
FL-D-2008-06-11,florida_lotto,FL-S02,2008-06-11,main,exploration
FL-D-2008-06-14,florida_lotto,FL-S02,2008-06-14,main,exploration
FL-D-2008-06-18,florida_lotto,FL-S02,2008-06-18,main,exploration
FL-D-2008-06-21,florida_lotto,FL-S02,2008-06-21,main,exploration
FL-D-2008-06-25,florida_lotto,FL-S02,2008-06-25,main,exploration
FL-D-2008-06-28,florida_lotto,FL-S02,2008-06-28,main,exploration
FL-D-2008-07-02,florida_lotto,FL-S02,2008-07-02,main,exploration
FL-D-2008-07-05,florida_lotto,FL-S02,2008-07-05,main,exploration
FL-D-2008-07-09,florida_lotto,FL-S02,2008-07-09,main,exploration
FL-D-2008-07-12,florida_lotto,FL-S02,2008-07-12,main,exploration
FL-D-2008-07-16,florida_lotto,FL-S02,2008-07-16,main,exploration
FL-D-2008-07-19,florida_lotto,FL-S02,2008-07-19,main,exploration
FL-D-2008-07-23,florida_lotto,FL-S02,2008-07-23,main,exploration
FL-D-2008-07-26,florida_lotto,FL-S02,2008-07-26,main,exploration
FL-D-2008-07-30,florida_lotto,FL-S02,2008-07-30,main,exploration
FL-D-2008-08-02,florida_lotto,FL-S02,2008-08-02,main,exploration
FL-D-2008-08-06,florida_lotto,FL-S02,2008-08-06,main,exploration
FL-D-2008-08-09,florida_lotto,FL-S02,2008-08-09,main,exploration
FL-D-2008-08-13,florida_lotto,FL-S02,2008-08-13,main,exploration
FL-D-2008-08-16,florida_lotto,FL-S02,2008-08-16,main,exploration
FL-D-2008-08-20,florida_lotto,FL-S02,2008-08-20,main,exploration
FL-D-2008-08-23,florida_lotto,FL-S02,2008-08-23,main,exploration
FL-D-2008-08-27,florida_lotto,FL-S02,2008-08-27,main,exploration
FL-D-2008-08-30,florida_lotto,FL-S02,2008-08-30,main,exploration
FL-D-2008-09-03,florida_lotto,FL-S02,2008-09-03,main,exploration
FL-D-2008-09-06,florida_lotto,FL-S02,2008-09-06,main,exploration
FL-D-2008-09-10,florida_lotto,FL-S02,2008-09-10,main,exploration
FL-D-2008-09-13,florida_lotto,FL-S02,2008-09-13,main,exploration
FL-D-2008-09-17,florida_lotto,FL-S02,2008-09-17,main,exploration
FL-D-2008-09-20,florida_lotto,FL-S02,2008-09-20,main,exploration
FL-D-2008-09-24,florida_lotto,FL-S02,2008-09-24,main,exploration
FL-D-2008-09-27,florida_lotto,FL-S02,2008-09-27,main,exploration
FL-D-2008-10-01,florida_lotto,FL-S02,2008-10-01,main,exploration
FL-D-2008-10-04,florida_lotto,FL-S02,2008-10-04,main,exploration
FL-D-2008-10-08,florida_lotto,FL-S02,2008-10-08,main,exploration
FL-D-2008-10-11,florida_lotto,FL-S02,2008-10-11,main,exploration
FL-D-2008-10-15,florida_lotto,FL-S02,2008-10-15,main,exploration
FL-D-2008-10-18,florida_lotto,FL-S02,2008-10-18,main,exploration
FL-D-2008-10-22,florida_lotto,FL-S02,2008-10-22,main,exploration
FL-D-2008-10-25,florida_lotto,FL-S02,2008-10-25,main,exploration
FL-D-2008-10-29,florida_lotto,FL-S02,2008-10-29,main,exploration
FL-D-2008-11-01,florida_lotto,FL-S02,2008-11-01,main,exploration
FL-D-2008-11-05,florida_lotto,FL-S02,2008-11-05,main,exploration
FL-D-2008-11-08,florida_lotto,FL-S02,2008-11-08,main,exploration
FL-D-2008-11-12,florida_lotto,FL-S02,2008-11-12,main,exploration
FL-D-2008-11-15,florida_lotto,FL-S02,2008-11-15,main,exploration
FL-D-2008-11-19,florida_lotto,FL-S02,2008-11-19,main,exploration
FL-D-2008-11-22,florida_lotto,FL-S02,2008-11-22,main,exploration
FL-D-2008-11-26,florida_lotto,FL-S02,2008-11-26,main,exploration
FL-D-2008-11-29,florida_lotto,FL-S02,2008-11-29,main,exploration
FL-D-2008-12-03,florida_lotto,FL-S02,2008-12-03,main,exploration
FL-D-2008-12-06,florida_lotto,FL-S02,2008-12-06,main,exploration
FL-D-2008-12-10,florida_lotto,FL-S02,2008-12-10,main,exploration
FL-D-2008-12-13,florida_lotto,FL-S02,2008-12-13,main,exploration
FL-D-2008-12-17,florida_lotto,FL-S02,2008-12-17,main,exploration
FL-D-2008-12-20,florida_lotto,FL-S02,2008-12-20,main,exploration
FL-D-2008-12-24,florida_lotto,FL-S02,2008-12-24,main,exploration
FL-D-2008-12-27,florida_lotto,FL-S02,2008-12-27,main,exploration
FL-D-2008-12-31,florida_lotto,FL-S02,2008-12-31,main,exploration
FL-D-2009-01-03,florida_lotto,FL-S02,2009-01-03,main,exploration
FL-D-2009-01-07,florida_lotto,FL-S02,2009-01-07,main,exploration
FL-D-2009-01-10,florida_lotto,FL-S02,2009-01-10,main,exploration
FL-D-2009-01-14,florida_lotto,FL-S02,2009-01-14,main,exploration
FL-D-2009-01-17,florida_lotto,FL-S02,2009-01-17,main,exploration
FL-D-2009-01-21,florida_lotto,FL-S02,2009-01-21,main,exploration
FL-D-2009-01-24,florida_lotto,FL-S02,2009-01-24,main,exploration
FL-D-2009-01-28,florida_lotto,FL-S02,2009-01-28,main,exploration
FL-D-2009-01-31,florida_lotto,FL-S02,2009-01-31,main,exploration
FL-D-2009-02-04,florida_lotto,FL-S02,2009-02-04,main,exploration
FL-D-2009-02-07,florida_lotto,FL-S02,2009-02-07,main,exploration
FL-D-2009-02-11,florida_lotto,FL-S02,2009-02-11,main,exploration
FL-D-2009-02-14,florida_lotto,FL-S02,2009-02-14,main,exploration
FL-D-2009-02-18,florida_lotto,FL-S02,2009-02-18,main,exploration
FL-D-2009-02-21,florida_lotto,FL-S02,2009-02-21,main,exploration
FL-D-2009-02-25,florida_lotto,FL-S02,2009-02-25,main,exploration
FL-D-2009-02-28,florida_lotto,FL-S02,2009-02-28,main,exploration
FL-D-2009-03-04,florida_lotto,FL-S02,2009-03-04,main,exploration
FL-D-2009-03-07,florida_lotto,FL-S02,2009-03-07,main,exploration
FL-D-2009-03-11,florida_lotto,FL-S02,2009-03-11,main,exploration
FL-D-2009-03-14,florida_lotto,FL-S02,2009-03-14,main,exploration
FL-D-2009-03-18,florida_lotto,FL-S02,2009-03-18,main,exploration
FL-D-2009-03-21,florida_lotto,FL-S02,2009-03-21,main,exploration
FL-D-2009-03-25,florida_lotto,FL-S02,2009-03-25,main,exploration
FL-D-2009-03-28,florida_lotto,FL-S02,2009-03-28,main,exploration
FL-D-2009-04-01,florida_lotto,FL-S02,2009-04-01,main,exploration
FL-D-2009-04-04,florida_lotto,FL-S02,2009-04-04,main,exploration
FL-D-2009-04-08,florida_lotto,FL-S02,2009-04-08,main,exploration
FL-D-2009-04-11,florida_lotto,FL-S02,2009-04-11,main,exploration
FL-D-2009-04-15,florida_lotto,FL-S02,2009-04-15,main,exploration
FL-D-2009-04-18,florida_lotto,FL-S02,2009-04-18,main,exploration
FL-D-2009-04-22,florida_lotto,FL-S02,2009-04-22,main,exploration
FL-D-2009-04-25,florida_lotto,FL-S02,2009-04-25,main,exploration
FL-D-2009-04-29,florida_lotto,FL-S02,2009-04-29,main,exploration
FL-D-2009-05-02,florida_lotto,FL-S02,2009-05-02,main,exploration
FL-D-2009-05-06,florida_lotto,FL-S02,2009-05-06,main,exploration
FL-D-2009-05-09,florida_lotto,FL-S02,2009-05-09,main,exploration
FL-D-2009-05-13,florida_lotto,FL-S02,2009-05-13,main,exploration
FL-D-2009-05-16,florida_lotto,FL-S02,2009-05-16,main,exploration
FL-D-2009-05-20,florida_lotto,FL-S02,2009-05-20,main,exploration
FL-D-2009-05-23,florida_lotto,FL-S02,2009-05-23,main,exploration
FL-D-2009-05-27,florida_lotto,FL-S02,2009-05-27,main,exploration
FL-D-2009-05-30,florida_lotto,FL-S02,2009-05-30,main,exploration
FL-D-2009-06-03,florida_lotto,FL-S02,2009-06-03,main,exploration
FL-D-2009-06-06,florida_lotto,FL-S02,2009-06-06,main,exploration
FL-D-2009-06-10,florida_lotto,FL-S02,2009-06-10,main,exploration
FL-D-2009-06-13,florida_lotto,FL-S02,2009-06-13,main,exploration
FL-D-2009-06-17,florida_lotto,FL-S02,2009-06-17,main,exploration
FL-D-2009-06-20,florida_lotto,FL-S02,2009-06-20,main,exploration
FL-D-2009-06-24,florida_lotto,FL-S02,2009-06-24,main,exploration
FL-D-2009-06-27,florida_lotto,FL-S02,2009-06-27,main,exploration
FL-D-2009-07-01,florida_lotto,FL-S02,2009-07-01,main,exploration
FL-D-2009-07-04,florida_lotto,FL-S02,2009-07-04,main,exploration
FL-D-2009-07-08,florida_lotto,FL-S02,2009-07-08,main,exploration
FL-D-2009-07-11,florida_lotto,FL-S02,2009-07-11,main,exploration
FL-D-2009-07-15,florida_lotto,FL-S02,2009-07-15,main,exploration
FL-D-2009-07-18,florida_lotto,FL-S02,2009-07-18,main,exploration
FL-D-2009-07-22,florida_lotto,FL-S02,2009-07-22,main,exploration
FL-D-2009-07-25,florida_lotto,FL-S02,2009-07-25,main,exploration
FL-D-2009-07-29,florida_lotto,FL-S02,2009-07-29,main,exploration
FL-D-2009-08-01,florida_lotto,FL-S02,2009-08-01,main,exploration
FL-D-2009-08-05,florida_lotto,FL-S02,2009-08-05,main,exploration
FL-D-2009-08-08,florida_lotto,FL-S02,2009-08-08,main,exploration
FL-D-2009-08-12,florida_lotto,FL-S02,2009-08-12,main,exploration
FL-D-2009-08-15,florida_lotto,FL-S02,2009-08-15,main,exploration
FL-D-2009-08-19,florida_lotto,FL-S02,2009-08-19,main,exploration
FL-D-2009-08-22,florida_lotto,FL-S02,2009-08-22,main,exploration
FL-D-2009-08-26,florida_lotto,FL-S02,2009-08-26,main,exploration
FL-D-2009-08-29,florida_lotto,FL-S02,2009-08-29,main,exploration
FL-D-2009-09-02,florida_lotto,FL-S02,2009-09-02,main,exploration
FL-D-2009-09-05,florida_lotto,FL-S02,2009-09-05,main,exploration
FL-D-2009-09-09,florida_lotto,FL-S02,2009-09-09,main,exploration
FL-D-2009-09-12,florida_lotto,FL-S02,2009-09-12,main,exploration
FL-D-2009-09-16,florida_lotto,FL-S02,2009-09-16,main,exploration
FL-D-2009-09-19,florida_lotto,FL-S02,2009-09-19,main,exploration
FL-D-2009-09-23,florida_lotto,FL-S02,2009-09-23,main,exploration
FL-D-2009-09-26,florida_lotto,FL-S02,2009-09-26,main,exploration
FL-D-2009-09-30,florida_lotto,FL-S02,2009-09-30,main,exploration
FL-D-2009-10-03,florida_lotto,FL-S02,2009-10-03,main,exploration
FL-D-2009-10-07,florida_lotto,FL-S02,2009-10-07,main,exploration
FL-D-2009-10-10,florida_lotto,FL-S02,2009-10-10,main,exploration
FL-D-2009-10-14,florida_lotto,FL-S02,2009-10-14,main,exploration
FL-D-2009-10-17,florida_lotto,FL-S02,2009-10-17,main,exploration
FL-D-2009-10-21,florida_lotto,FL-S02,2009-10-21,main,exploration
FL-D-2009-10-24,florida_lotto,FL-S02,2009-10-24,main,exploration
FL-D-2009-10-28,florida_lotto,FL-S02,2009-10-28,main,exploration
FL-D-2009-10-31,florida_lotto,FL-S02,2009-10-31,main,exploration
FL-D-2009-11-04,florida_lotto,FL-S02,2009-11-04,main,exploration
FL-D-2009-11-07,florida_lotto,FL-S02,2009-11-07,main,exploration
FL-D-2009-11-11,florida_lotto,FL-S02,2009-11-11,main,exploration
FL-D-2009-11-14,florida_lotto,FL-S02,2009-11-14,main,exploration
FL-D-2009-11-18,florida_lotto,FL-S02,2009-11-18,main,exploration
FL-D-2009-11-21,florida_lotto,FL-S02,2009-11-21,main,exploration
FL-D-2009-11-25,florida_lotto,FL-S02,2009-11-25,main,exploration
FL-D-2009-11-28,florida_lotto,FL-S02,2009-11-28,main,exploration
FL-D-2009-12-02,florida_lotto,FL-S02,2009-12-02,main,exploration
FL-D-2009-12-05,florida_lotto,FL-S02,2009-12-05,main,exploration
FL-D-2009-12-09,florida_lotto,FL-S02,2009-12-09,main,exploration
FL-D-2009-12-12,florida_lotto,FL-S02,2009-12-12,main,exploration
FL-D-2009-12-16,florida_lotto,FL-S02,2009-12-16,main,exploration
FL-D-2009-12-19,florida_lotto,FL-S02,2009-12-19,main,exploration
FL-D-2009-12-23,florida_lotto,FL-S02,2009-12-23,main,exploration
FL-D-2009-12-26,florida_lotto,FL-S02,2009-12-26,main,exploration
FL-D-2009-12-30,florida_lotto,FL-S02,2009-12-30,main,exploration
FL-D-2010-01-02,florida_lotto,FL-S02,2010-01-02,main,exploration
FL-D-2010-01-06,florida_lotto,FL-S02,2010-01-06,main,exploration
FL-D-2010-01-09,florida_lotto,FL-S02,2010-01-09,main,exploration
FL-D-2010-01-13,florida_lotto,FL-S02,2010-01-13,main,exploration
FL-D-2010-01-16,florida_lotto,FL-S02,2010-01-16,main,exploration
FL-D-2010-01-20,florida_lotto,FL-S02,2010-01-20,main,exploration
FL-D-2010-01-23,florida_lotto,FL-S02,2010-01-23,main,exploration
FL-D-2010-01-27,florida_lotto,FL-S02,2010-01-27,main,exploration
FL-D-2010-01-30,florida_lotto,FL-S02,2010-01-30,main,exploration
FL-D-2010-02-03,florida_lotto,FL-S02,2010-02-03,main,exploration
FL-D-2010-02-06,florida_lotto,FL-S02,2010-02-06,main,exploration
FL-D-2010-02-10,florida_lotto,FL-S02,2010-02-10,main,exploration
FL-D-2010-02-13,florida_lotto,FL-S02,2010-02-13,main,exploration
FL-D-2010-02-17,florida_lotto,FL-S02,2010-02-17,main,exploration
FL-D-2010-02-20,florida_lotto,FL-S02,2010-02-20,main,exploration
FL-D-2010-02-24,florida_lotto,FL-S02,2010-02-24,main,exploration
FL-D-2010-02-27,florida_lotto,FL-S02,2010-02-27,main,exploration
FL-D-2010-03-03,florida_lotto,FL-S02,2010-03-03,main,exploration
FL-D-2010-03-06,florida_lotto,FL-S02,2010-03-06,main,exploration
FL-D-2010-03-10,florida_lotto,FL-S02,2010-03-10,main,exploration
FL-D-2010-03-13,florida_lotto,FL-S02,2010-03-13,main,exploration
FL-D-2010-03-17,florida_lotto,FL-S02,2010-03-17,main,exploration
FL-D-2010-03-20,florida_lotto,FL-S02,2010-03-20,main,exploration
FL-D-2010-03-24,florida_lotto,FL-S02,2010-03-24,main,exploration
FL-D-2010-03-27,florida_lotto,FL-S02,2010-03-27,main,exploration
FL-D-2010-03-31,florida_lotto,FL-S02,2010-03-31,main,exploration
FL-D-2010-04-03,florida_lotto,FL-S02,2010-04-03,main,exploration
FL-D-2010-04-07,florida_lotto,FL-S02,2010-04-07,main,exploration
FL-D-2010-04-10,florida_lotto,FL-S02,2010-04-10,main,exploration
FL-D-2010-04-14,florida_lotto,FL-S02,2010-04-14,main,exploration
FL-D-2010-04-17,florida_lotto,FL-S02,2010-04-17,main,exploration
FL-D-2010-04-21,florida_lotto,FL-S02,2010-04-21,main,exploration
FL-D-2010-04-24,florida_lotto,FL-S02,2010-04-24,main,exploration
FL-D-2010-04-28,florida_lotto,FL-S02,2010-04-28,main,exploration
FL-D-2010-05-01,florida_lotto,FL-S02,2010-05-01,main,exploration
FL-D-2010-05-05,florida_lotto,FL-S02,2010-05-05,main,exploration
FL-D-2010-05-08,florida_lotto,FL-S02,2010-05-08,main,exploration
FL-D-2010-05-12,florida_lotto,FL-S02,2010-05-12,main,exploration
FL-D-2010-05-15,florida_lotto,FL-S02,2010-05-15,main,exploration
FL-D-2010-05-19,florida_lotto,FL-S02,2010-05-19,main,exploration
FL-D-2010-05-22,florida_lotto,FL-S02,2010-05-22,main,exploration
FL-D-2010-05-26,florida_lotto,FL-S02,2010-05-26,main,exploration
FL-D-2010-05-29,florida_lotto,FL-S02,2010-05-29,main,exploration
FL-D-2010-06-02,florida_lotto,FL-S02,2010-06-02,main,exploration
FL-D-2010-06-05,florida_lotto,FL-S02,2010-06-05,main,exploration
FL-D-2010-06-09,florida_lotto,FL-S02,2010-06-09,main,exploration
FL-D-2010-06-12,florida_lotto,FL-S02,2010-06-12,main,exploration
FL-D-2010-06-16,florida_lotto,FL-S02,2010-06-16,main,exploration
FL-D-2010-06-19,florida_lotto,FL-S02,2010-06-19,main,exploration
FL-D-2010-06-23,florida_lotto,FL-S02,2010-06-23,main,exploration
FL-D-2010-06-26,florida_lotto,FL-S02,2010-06-26,main,exploration
FL-D-2010-06-30,florida_lotto,FL-S02,2010-06-30,main,exploration
FL-D-2010-07-03,florida_lotto,FL-S02,2010-07-03,main,exploration
FL-D-2010-07-07,florida_lotto,FL-S02,2010-07-07,main,exploration
FL-D-2010-07-10,florida_lotto,FL-S02,2010-07-10,main,exploration
FL-D-2010-07-14,florida_lotto,FL-S02,2010-07-14,main,exploration
FL-D-2010-07-17,florida_lotto,FL-S02,2010-07-17,main,exploration
FL-D-2010-07-21,florida_lotto,FL-S02,2010-07-21,main,exploration
FL-D-2010-07-24,florida_lotto,FL-S02,2010-07-24,main,exploration
FL-D-2010-07-28,florida_lotto,FL-S02,2010-07-28,main,exploration
FL-D-2010-07-31,florida_lotto,FL-S02,2010-07-31,main,exploration
FL-D-2010-08-04,florida_lotto,FL-S02,2010-08-04,main,exploration
FL-D-2010-08-07,florida_lotto,FL-S02,2010-08-07,main,exploration
FL-D-2010-08-11,florida_lotto,FL-S02,2010-08-11,main,exploration
FL-D-2010-08-14,florida_lotto,FL-S02,2010-08-14,main,exploration
FL-D-2010-08-18,florida_lotto,FL-S02,2010-08-18,main,exploration
FL-D-2010-08-21,florida_lotto,FL-S02,2010-08-21,main,exploration
FL-D-2010-08-25,florida_lotto,FL-S02,2010-08-25,main,exploration
FL-D-2010-08-28,florida_lotto,FL-S02,2010-08-28,main,exploration
FL-D-2010-09-01,florida_lotto,FL-S02,2010-09-01,main,exploration
FL-D-2010-09-04,florida_lotto,FL-S02,2010-09-04,main,exploration
FL-D-2010-09-08,florida_lotto,FL-S02,2010-09-08,main,exploration
FL-D-2010-09-11,florida_lotto,FL-S02,2010-09-11,main,exploration
FL-D-2010-09-15,florida_lotto,FL-S02,2010-09-15,main,exploration
FL-D-2010-09-18,florida_lotto,FL-S02,2010-09-18,main,exploration
FL-D-2010-09-22,florida_lotto,FL-S02,2010-09-22,main,exploration
FL-D-2010-09-25,florida_lotto,FL-S02,2010-09-25,main,exploration
FL-D-2010-09-29,florida_lotto,FL-S02,2010-09-29,main,exploration
FL-D-2010-10-02,florida_lotto,FL-S02,2010-10-02,main,exploration
FL-D-2010-10-06,florida_lotto,FL-S02,2010-10-06,main,exploration
FL-D-2010-10-09,florida_lotto,FL-S02,2010-10-09,main,exploration
FL-D-2010-10-13,florida_lotto,FL-S02,2010-10-13,main,exploration
FL-D-2010-10-16,florida_lotto,FL-S02,2010-10-16,main,exploration
FL-D-2010-10-20,florida_lotto,FL-S02,2010-10-20,main,exploration
FL-D-2010-10-23,florida_lotto,FL-S02,2010-10-23,main,exploration
FL-D-2010-10-27,florida_lotto,FL-S02,2010-10-27,main,exploration
FL-D-2010-10-30,florida_lotto,FL-S02,2010-10-30,main,exploration
FL-D-2010-11-03,florida_lotto,FL-S02,2010-11-03,main,exploration
FL-D-2010-11-06,florida_lotto,FL-S02,2010-11-06,main,exploration
FL-D-2010-11-10,florida_lotto,FL-S02,2010-11-10,main,exploration
FL-D-2010-11-13,florida_lotto,FL-S02,2010-11-13,main,exploration
FL-D-2010-11-17,florida_lotto,FL-S02,2010-11-17,main,exploration
FL-D-2010-11-20,florida_lotto,FL-S02,2010-11-20,main,exploration
FL-D-2010-11-24,florida_lotto,FL-S02,2010-11-24,main,exploration
FL-D-2010-11-27,florida_lotto,FL-S02,2010-11-27,main,exploration
FL-D-2010-12-01,florida_lotto,FL-S02,2010-12-01,main,exploration
FL-D-2010-12-04,florida_lotto,FL-S02,2010-12-04,main,exploration
FL-D-2010-12-08,florida_lotto,FL-S02,2010-12-08,main,exploration
FL-D-2010-12-11,florida_lotto,FL-S02,2010-12-11,main,exploration
FL-D-2010-12-15,florida_lotto,FL-S02,2010-12-15,main,exploration
FL-D-2010-12-18,florida_lotto,FL-S02,2010-12-18,main,exploration
FL-D-2010-12-22,florida_lotto,FL-S02,2010-12-22,main,exploration
FL-D-2010-12-25,florida_lotto,FL-S02,2010-12-25,main,exploration
FL-D-2010-12-29,florida_lotto,FL-S02,2010-12-29,main,exploration
FL-D-2011-01-01,florida_lotto,FL-S02,2011-01-01,main,exploration
FL-D-2011-01-05,florida_lotto,FL-S02,2011-01-05,main,exploration
FL-D-2011-01-08,florida_lotto,FL-S02,2011-01-08,main,exploration
FL-D-2011-01-12,florida_lotto,FL-S02,2011-01-12,main,exploration
FL-D-2011-01-15,florida_lotto,FL-S02,2011-01-15,main,exploration
FL-D-2011-01-19,florida_lotto,FL-S02,2011-01-19,main,exploration
FL-D-2011-01-22,florida_lotto,FL-S02,2011-01-22,main,exploration
FL-D-2011-01-26,florida_lotto,FL-S02,2011-01-26,main,exploration
FL-D-2011-01-29,florida_lotto,FL-S02,2011-01-29,main,exploration
FL-D-2011-02-02,florida_lotto,FL-S02,2011-02-02,main,exploration
FL-D-2011-02-05,florida_lotto,FL-S02,2011-02-05,main,exploration
FL-D-2011-02-09,florida_lotto,FL-S02,2011-02-09,main,exploration
FL-D-2011-02-12,florida_lotto,FL-S02,2011-02-12,main,exploration
FL-D-2011-02-16,florida_lotto,FL-S02,2011-02-16,main,exploration
FL-D-2011-02-19,florida_lotto,FL-S02,2011-02-19,main,exploration
FL-D-2011-02-23,florida_lotto,FL-S02,2011-02-23,main,exploration
FL-D-2011-02-26,florida_lotto,FL-S02,2011-02-26,main,exploration
FL-D-2011-03-02,florida_lotto,FL-S02,2011-03-02,main,exploration
FL-D-2011-03-05,florida_lotto,FL-S02,2011-03-05,main,exploration
FL-D-2011-03-09,florida_lotto,FL-S02,2011-03-09,main,exploration
FL-D-2011-03-12,florida_lotto,FL-S02,2011-03-12,main,exploration
FL-D-2011-03-16,florida_lotto,FL-S02,2011-03-16,main,exploration
FL-D-2011-03-19,florida_lotto,FL-S02,2011-03-19,main,exploration
FL-D-2011-03-23,florida_lotto,FL-S02,2011-03-23,main,exploration
FL-D-2011-03-26,florida_lotto,FL-S02,2011-03-26,main,exploration
FL-D-2011-03-30,florida_lotto,FL-S02,2011-03-30,main,exploration
FL-D-2011-04-02,florida_lotto,FL-S02,2011-04-02,main,exploration
FL-D-2011-04-06,florida_lotto,FL-S02,2011-04-06,main,exploration
FL-D-2011-04-09,florida_lotto,FL-S02,2011-04-09,main,exploration
FL-D-2011-04-13,florida_lotto,FL-S02,2011-04-13,main,exploration
FL-D-2011-04-16,florida_lotto,FL-S02,2011-04-16,main,exploration
FL-D-2011-04-20,florida_lotto,FL-S02,2011-04-20,main,exploration
FL-D-2011-04-23,florida_lotto,FL-S02,2011-04-23,main,exploration
FL-D-2011-04-27,florida_lotto,FL-S02,2011-04-27,main,exploration
FL-D-2011-04-30,florida_lotto,FL-S02,2011-04-30,main,exploration
FL-D-2011-05-04,florida_lotto,FL-S02,2011-05-04,main,exploration
FL-D-2011-05-07,florida_lotto,FL-S02,2011-05-07,main,exploration
FL-D-2011-05-11,florida_lotto,FL-S02,2011-05-11,main,exploration
FL-D-2011-05-14,florida_lotto,FL-S02,2011-05-14,main,exploration
FL-D-2011-05-18,florida_lotto,FL-S02,2011-05-18,main,exploration
FL-D-2011-05-21,florida_lotto,FL-S02,2011-05-21,main,exploration
FL-D-2011-05-25,florida_lotto,FL-S02,2011-05-25,main,exploration
FL-D-2011-05-28,florida_lotto,FL-S02,2011-05-28,main,exploration
FL-D-2011-06-01,florida_lotto,FL-S02,2011-06-01,main,exploration
FL-D-2011-06-04,florida_lotto,FL-S02,2011-06-04,main,exploration
FL-D-2011-06-08,florida_lotto,FL-S02,2011-06-08,main,exploration
FL-D-2011-06-11,florida_lotto,FL-S02,2011-06-11,main,exploration
FL-D-2011-06-15,florida_lotto,FL-S02,2011-06-15,main,exploration
FL-D-2011-06-18,florida_lotto,FL-S02,2011-06-18,main,exploration
FL-D-2011-06-22,florida_lotto,FL-S02,2011-06-22,main,exploration
FL-D-2011-06-25,florida_lotto,FL-S02,2011-06-25,main,exploration
FL-D-2011-06-29,florida_lotto,FL-S02,2011-06-29,main,exploration
FL-D-2011-07-02,florida_lotto,FL-S02,2011-07-02,main,exploration
FL-D-2011-07-06,florida_lotto,FL-S02,2011-07-06,main,exploration
FL-D-2011-07-09,florida_lotto,FL-S02,2011-07-09,main,exploration
FL-D-2011-07-13,florida_lotto,FL-S02,2011-07-13,main,exploration
FL-D-2011-07-16,florida_lotto,FL-S02,2011-07-16,main,exploration
FL-D-2011-07-20,florida_lotto,FL-S02,2011-07-20,main,exploration
FL-D-2011-07-23,florida_lotto,FL-S02,2011-07-23,main,exploration
FL-D-2011-07-27,florida_lotto,FL-S02,2011-07-27,main,exploration
FL-D-2011-07-30,florida_lotto,FL-S02,2011-07-30,main,exploration
FL-D-2011-08-03,florida_lotto,FL-S02,2011-08-03,main,exploration
FL-D-2011-08-06,florida_lotto,FL-S02,2011-08-06,main,exploration
FL-D-2011-08-10,florida_lotto,FL-S02,2011-08-10,main,exploration
FL-D-2011-08-13,florida_lotto,FL-S02,2011-08-13,main,exploration
FL-D-2011-08-17,florida_lotto,FL-S02,2011-08-17,main,exploration
FL-D-2011-08-20,florida_lotto,FL-S02,2011-08-20,main,exploration
FL-D-2011-08-24,florida_lotto,FL-S02,2011-08-24,main,exploration
FL-D-2011-08-27,florida_lotto,FL-S02,2011-08-27,main,exploration
FL-D-2011-08-31,florida_lotto,FL-S02,2011-08-31,main,exploration
FL-D-2011-09-03,florida_lotto,FL-S02,2011-09-03,main,exploration
FL-D-2011-09-07,florida_lotto,FL-S02,2011-09-07,main,exploration
FL-D-2011-09-10,florida_lotto,FL-S02,2011-09-10,main,exploration
FL-D-2011-09-14,florida_lotto,FL-S02,2011-09-14,main,exploration
FL-D-2011-09-17,florida_lotto,FL-S02,2011-09-17,main,exploration
FL-D-2011-09-21,florida_lotto,FL-S02,2011-09-21,main,exploration
FL-D-2011-09-24,florida_lotto,FL-S02,2011-09-24,main,exploration
FL-D-2011-09-28,florida_lotto,FL-S02,2011-09-28,main,exploration
FL-D-2011-10-01,florida_lotto,FL-S02,2011-10-01,main,exploration
FL-D-2011-10-05,florida_lotto,FL-S02,2011-10-05,main,exploration
FL-D-2011-10-08,florida_lotto,FL-S02,2011-10-08,main,exploration
FL-D-2011-10-12,florida_lotto,FL-S02,2011-10-12,main,exploration
FL-D-2011-10-15,florida_lotto,FL-S02,2011-10-15,main,exploration
FL-D-2011-10-19,florida_lotto,FL-S02,2011-10-19,main,exploration
FL-D-2011-10-22,florida_lotto,FL-S02,2011-10-22,main,exploration
FL-D-2011-10-26,florida_lotto,FL-S02,2011-10-26,main,exploration
FL-D-2011-10-29,florida_lotto,FL-S02,2011-10-29,main,exploration
FL-D-2011-11-02,florida_lotto,FL-S02,2011-11-02,main,exploration
FL-D-2011-11-05,florida_lotto,FL-S02,2011-11-05,main,exploration
FL-D-2011-11-09,florida_lotto,FL-S02,2011-11-09,main,exploration
FL-D-2011-11-12,florida_lotto,FL-S02,2011-11-12,main,exploration
FL-D-2011-11-16,florida_lotto,FL-S02,2011-11-16,main,exploration
FL-D-2011-11-19,florida_lotto,FL-S02,2011-11-19,main,exploration
FL-D-2011-11-23,florida_lotto,FL-S02,2011-11-23,main,exploration
FL-D-2011-11-26,florida_lotto,FL-S02,2011-11-26,main,exploration
FL-D-2011-11-30,florida_lotto,FL-S02,2011-11-30,main,exploration
FL-D-2011-12-03,florida_lotto,FL-S02,2011-12-03,main,exploration
FL-D-2011-12-07,florida_lotto,FL-S02,2011-12-07,main,exploration
FL-D-2011-12-10,florida_lotto,FL-S02,2011-12-10,main,exploration
FL-D-2011-12-14,florida_lotto,FL-S02,2011-12-14,main,exploration
FL-D-2011-12-17,florida_lotto,FL-S02,2011-12-17,main,exploration
FL-D-2011-12-21,florida_lotto,FL-S02,2011-12-21,main,exploration
FL-D-2011-12-24,florida_lotto,FL-S02,2011-12-24,main,exploration
FL-D-2011-12-28,florida_lotto,FL-S02,2011-12-28,main,exploration
FL-D-2011-12-31,florida_lotto,FL-S02,2011-12-31,main,exploration
FL-D-2012-01-04,florida_lotto,FL-S02,2012-01-04,main,exploration
FL-D-2012-01-07,florida_lotto,FL-S02,2012-01-07,main,exploration
FL-D-2012-01-11,florida_lotto,FL-S02,2012-01-11,main,exploration
FL-D-2012-01-14,florida_lotto,FL-S02,2012-01-14,main,exploration
FL-D-2012-01-18,florida_lotto,FL-S02,2012-01-18,main,exploration
FL-D-2012-01-21,florida_lotto,FL-S02,2012-01-21,main,exploration
FL-D-2012-01-25,florida_lotto,FL-S02,2012-01-25,main,exploration
FL-D-2012-01-28,florida_lotto,FL-S02,2012-01-28,main,exploration
FL-D-2012-02-01,florida_lotto,FL-S02,2012-02-01,main,exploration
FL-D-2012-02-04,florida_lotto,FL-S02,2012-02-04,main,exploration
FL-D-2012-02-08,florida_lotto,FL-S02,2012-02-08,main,exploration
FL-D-2012-02-11,florida_lotto,FL-S02,2012-02-11,main,exploration
FL-D-2012-02-15,florida_lotto,FL-S02,2012-02-15,main,exploration
FL-D-2012-02-18,florida_lotto,FL-S02,2012-02-18,main,exploration
FL-D-2012-02-22,florida_lotto,FL-S02,2012-02-22,main,exploration
FL-D-2012-02-25,florida_lotto,FL-S02,2012-02-25,main,exploration
FL-D-2012-02-29,florida_lotto,FL-S02,2012-02-29,main,exploration
FL-D-2012-03-03,florida_lotto,FL-S02,2012-03-03,main,exploration
FL-D-2012-03-07,florida_lotto,FL-S02,2012-03-07,main,exploration
FL-D-2012-03-10,florida_lotto,FL-S02,2012-03-10,main,exploration
FL-D-2012-03-14,florida_lotto,FL-S02,2012-03-14,main,exploration
FL-D-2012-03-17,florida_lotto,FL-S02,2012-03-17,main,exploration
FL-D-2012-03-21,florida_lotto,FL-S02,2012-03-21,main,exploration
FL-D-2012-03-24,florida_lotto,FL-S02,2012-03-24,main,exploration
FL-D-2012-03-28,florida_lotto,FL-S02,2012-03-28,main,exploration
FL-D-2012-03-31,florida_lotto,FL-S02,2012-03-31,main,exploration
FL-D-2012-04-04,florida_lotto,FL-S02,2012-04-04,main,exploration
FL-D-2012-04-07,florida_lotto,FL-S02,2012-04-07,main,exploration
FL-D-2012-04-11,florida_lotto,FL-S02,2012-04-11,main,exploration
FL-D-2012-04-14,florida_lotto,FL-S02,2012-04-14,main,exploration
FL-D-2012-04-18,florida_lotto,FL-S02,2012-04-18,main,exploration
FL-D-2012-04-21,florida_lotto,FL-S02,2012-04-21,main,exploration
FL-D-2012-04-25,florida_lotto,FL-S02,2012-04-25,main,exploration
FL-D-2012-04-28,florida_lotto,FL-S02,2012-04-28,main,exploration
FL-D-2012-05-02,florida_lotto,FL-S02,2012-05-02,main,exploration
FL-D-2012-05-05,florida_lotto,FL-S02,2012-05-05,main,exploration
FL-D-2012-05-09,florida_lotto,FL-S02,2012-05-09,main,exploration
FL-D-2012-05-12,florida_lotto,FL-S02,2012-05-12,main,exploration
FL-D-2012-05-16,florida_lotto,FL-S02,2012-05-16,main,exploration
FL-D-2012-05-19,florida_lotto,FL-S02,2012-05-19,main,exploration
FL-D-2012-05-23,florida_lotto,FL-S02,2012-05-23,main,exploration
FL-D-2012-05-26,florida_lotto,FL-S02,2012-05-26,main,exploration
FL-D-2012-05-30,florida_lotto,FL-S02,2012-05-30,main,exploration
FL-D-2012-06-02,florida_lotto,FL-S02,2012-06-02,main,exploration
FL-D-2012-06-06,florida_lotto,FL-S02,2012-06-06,main,exploration
FL-D-2012-06-09,florida_lotto,FL-S02,2012-06-09,main,exploration
FL-D-2012-06-13,florida_lotto,FL-S02,2012-06-13,main,exploration
FL-D-2012-06-16,florida_lotto,FL-S02,2012-06-16,main,exploration
FL-D-2012-06-20,florida_lotto,FL-S02,2012-06-20,main,exploration
FL-D-2012-06-23,florida_lotto,FL-S02,2012-06-23,main,exploration
FL-D-2012-06-27,florida_lotto,FL-S02,2012-06-27,main,exploration
FL-D-2012-06-30,florida_lotto,FL-S02,2012-06-30,main,exploration
FL-D-2012-07-04,florida_lotto,FL-S02,2012-07-04,main,exploration
FL-D-2012-07-07,florida_lotto,FL-S02,2012-07-07,main,exploration
FL-D-2012-07-11,florida_lotto,FL-S02,2012-07-11,main,exploration
FL-D-2012-07-14,florida_lotto,FL-S02,2012-07-14,main,exploration
FL-D-2012-07-18,florida_lotto,FL-S02,2012-07-18,main,exploration
FL-D-2012-07-21,florida_lotto,FL-S02,2012-07-21,main,exploration
FL-D-2012-07-25,florida_lotto,FL-S02,2012-07-25,main,exploration
FL-D-2012-07-28,florida_lotto,FL-S02,2012-07-28,main,exploration
FL-D-2012-08-01,florida_lotto,FL-S02,2012-08-01,main,exploration
FL-D-2012-08-04,florida_lotto,FL-S02,2012-08-04,main,exploration
FL-D-2012-08-08,florida_lotto,FL-S02,2012-08-08,main,exploration
FL-D-2012-08-11,florida_lotto,FL-S02,2012-08-11,main,exploration
FL-D-2012-08-15,florida_lotto,FL-S02,2012-08-15,main,exploration
FL-D-2012-08-18,florida_lotto,FL-S02,2012-08-18,main,exploration
FL-D-2012-08-22,florida_lotto,FL-S02,2012-08-22,main,exploration
FL-D-2012-08-25,florida_lotto,FL-S02,2012-08-25,main,exploration
FL-D-2012-08-29,florida_lotto,FL-S02,2012-08-29,main,exploration
FL-D-2012-09-01,florida_lotto,FL-S02,2012-09-01,main,exploration
FL-D-2012-09-05,florida_lotto,FL-S02,2012-09-05,main,exploration
FL-D-2012-09-08,florida_lotto,FL-S02,2012-09-08,main,exploration
FL-D-2012-09-12,florida_lotto,FL-S02,2012-09-12,main,exploration
FL-D-2012-09-15,florida_lotto,FL-S02,2012-09-15,main,exploration
FL-D-2012-09-19,florida_lotto,FL-S02,2012-09-19,main,exploration
FL-D-2012-09-22,florida_lotto,FL-S02,2012-09-22,main,exploration
FL-D-2012-09-26,florida_lotto,FL-S02,2012-09-26,main,exploration
FL-D-2012-09-29,florida_lotto,FL-S02,2012-09-29,main,exploration
FL-D-2012-10-03,florida_lotto,FL-S02,2012-10-03,main,exploration
FL-D-2012-10-06,florida_lotto,FL-S02,2012-10-06,main,exploration
FL-D-2012-10-10,florida_lotto,FL-S02,2012-10-10,main,exploration
FL-D-2012-10-13,florida_lotto,FL-S02,2012-10-13,main,exploration
FL-D-2012-10-17,florida_lotto,FL-S02,2012-10-17,main,exploration
FL-D-2012-10-20,florida_lotto,FL-S02,2012-10-20,main,exploration
FL-D-2012-10-24,florida_lotto,FL-S02,2012-10-24,main,exploration
FL-D-2012-10-27,florida_lotto,FL-S02,2012-10-27,main,exploration
FL-D-2012-10-31,florida_lotto,FL-S02,2012-10-31,main,exploration
FL-D-2012-11-03,florida_lotto,FL-S02,2012-11-03,main,exploration
FL-D-2012-11-07,florida_lotto,FL-S02,2012-11-07,main,exploration
FL-D-2012-11-10,florida_lotto,FL-S02,2012-11-10,main,exploration
FL-D-2012-11-14,florida_lotto,FL-S02,2012-11-14,main,exploration
FL-D-2012-11-17,florida_lotto,FL-S02,2012-11-17,main,exploration
FL-D-2012-11-21,florida_lotto,FL-S02,2012-11-21,main,exploration
FL-D-2012-11-24,florida_lotto,FL-S02,2012-11-24,main,exploration
FL-D-2012-11-28,florida_lotto,FL-S02,2012-11-28,main,exploration
FL-D-2012-12-01,florida_lotto,FL-S02,2012-12-01,main,exploration
FL-D-2012-12-05,florida_lotto,FL-S02,2012-12-05,main,exploration
FL-D-2012-12-08,florida_lotto,FL-S02,2012-12-08,main,exploration
FL-D-2012-12-12,florida_lotto,FL-S02,2012-12-12,main,exploration
FL-D-2012-12-15,florida_lotto,FL-S02,2012-12-15,main,exploration
FL-D-2012-12-19,florida_lotto,FL-S02,2012-12-19,main,exploration
FL-D-2012-12-22,florida_lotto,FL-S02,2012-12-22,main,exploration
FL-D-2012-12-26,florida_lotto,FL-S02,2012-12-26,main,exploration
FL-D-2012-12-29,florida_lotto,FL-S02,2012-12-29,main,exploration
FL-D-2013-01-02,florida_lotto,FL-S02,2013-01-02,main,exploration
FL-D-2013-01-05,florida_lotto,FL-S02,2013-01-05,main,exploration
FL-D-2013-01-09,florida_lotto,FL-S02,2013-01-09,main,exploration
FL-D-2013-01-12,florida_lotto,FL-S02,2013-01-12,main,exploration
FL-D-2013-01-16,florida_lotto,FL-S02,2013-01-16,main,exploration
FL-D-2013-01-19,florida_lotto,FL-S02,2013-01-19,main,exploration
FL-D-2013-01-23,florida_lotto,FL-S02,2013-01-23,main,exploration
FL-D-2013-01-26,florida_lotto,FL-S02,2013-01-26,main,exploration
FL-D-2013-01-30,florida_lotto,FL-S02,2013-01-30,main,exploration
FL-D-2013-02-02,florida_lotto,FL-S02,2013-02-02,main,exploration
FL-D-2013-02-06,florida_lotto,FL-S02,2013-02-06,main,exploration
FL-D-2013-02-09,florida_lotto,FL-S02,2013-02-09,main,exploration
FL-D-2013-02-13,florida_lotto,FL-S02,2013-02-13,main,exploration
FL-D-2013-02-16,florida_lotto,FL-S02,2013-02-16,main,exploration
FL-D-2013-02-20,florida_lotto,FL-S02,2013-02-20,main,exploration
FL-D-2013-02-23,florida_lotto,FL-S02,2013-02-23,main,exploration
FL-D-2013-02-27,florida_lotto,FL-S02,2013-02-27,main,exploration
FL-D-2013-03-02,florida_lotto,FL-S02,2013-03-02,main,exploration
FL-D-2013-03-06,florida_lotto,FL-S02,2013-03-06,main,exploration
FL-D-2013-03-09,florida_lotto,FL-S02,2013-03-09,main,exploration
FL-D-2013-03-13,florida_lotto,FL-S02,2013-03-13,main,exploration
FL-D-2013-03-16,florida_lotto,FL-S02,2013-03-16,main,exploration
FL-D-2013-03-20,florida_lotto,FL-S02,2013-03-20,main,exploration
FL-D-2013-03-23,florida_lotto,FL-S02,2013-03-23,main,exploration
FL-D-2013-03-27,florida_lotto,FL-S02,2013-03-27,main,exploration
FL-D-2013-03-30,florida_lotto,FL-S02,2013-03-30,main,exploration
FL-D-2013-04-03,florida_lotto,FL-S02,2013-04-03,main,exploration
FL-D-2013-04-06,florida_lotto,FL-S02,2013-04-06,main,exploration
FL-D-2013-04-10,florida_lotto,FL-S02,2013-04-10,main,exploration
FL-D-2013-04-13,florida_lotto,FL-S02,2013-04-13,main,exploration
FL-D-2013-04-17,florida_lotto,FL-S02,2013-04-17,main,exploration
FL-D-2013-04-20,florida_lotto,FL-S02,2013-04-20,main,exploration
FL-D-2013-04-24,florida_lotto,FL-S02,2013-04-24,main,exploration
FL-D-2013-04-27,florida_lotto,FL-S02,2013-04-27,main,exploration
FL-D-2013-05-01,florida_lotto,FL-S02,2013-05-01,main,exploration
FL-D-2013-05-04,florida_lotto,FL-S02,2013-05-04,main,exploration
FL-D-2013-05-08,florida_lotto,FL-S02,2013-05-08,main,exploration
FL-D-2013-05-11,florida_lotto,FL-S02,2013-05-11,main,exploration
FL-D-2013-05-15,florida_lotto,FL-S02,2013-05-15,main,exploration
FL-D-2013-05-18,florida_lotto,FL-S02,2013-05-18,main,exploration
FL-D-2013-05-22,florida_lotto,FL-S02,2013-05-22,main,exploration
FL-D-2013-05-25,florida_lotto,FL-S02,2013-05-25,main,exploration
FL-D-2013-05-29,florida_lotto,FL-S02,2013-05-29,main,exploration
FL-D-2013-06-01,florida_lotto,FL-S02,2013-06-01,main,exploration
FL-D-2013-06-05,florida_lotto,FL-S02,2013-06-05,main,exploration
FL-D-2013-06-08,florida_lotto,FL-S02,2013-06-08,main,exploration
FL-D-2013-06-12,florida_lotto,FL-S02,2013-06-12,main,exploration
FL-D-2013-06-15,florida_lotto,FL-S02,2013-06-15,main,exploration
FL-D-2013-06-19,florida_lotto,FL-S02,2013-06-19,main,exploration
FL-D-2013-06-22,florida_lotto,FL-S02,2013-06-22,main,exploration
FL-D-2013-06-26,florida_lotto,FL-S02,2013-06-26,main,exploration
FL-D-2013-06-29,florida_lotto,FL-S02,2013-06-29,main,exploration
FL-D-2013-07-03,florida_lotto,FL-S02,2013-07-03,main,exploration
FL-D-2013-07-06,florida_lotto,FL-S02,2013-07-06,main,exploration
FL-D-2013-07-10,florida_lotto,FL-S02,2013-07-10,main,exploration
FL-D-2013-07-13,florida_lotto,FL-S02,2013-07-13,main,exploration
FL-D-2013-07-17,florida_lotto,FL-S02,2013-07-17,main,exploration
FL-D-2013-07-20,florida_lotto,FL-S02,2013-07-20,main,exploration
FL-D-2013-07-24,florida_lotto,FL-S02,2013-07-24,main,exploration
FL-D-2013-07-27,florida_lotto,FL-S02,2013-07-27,main,exploration
FL-D-2013-07-31,florida_lotto,FL-S02,2013-07-31,main,exploration
FL-D-2013-08-03,florida_lotto,FL-S02,2013-08-03,main,exploration
FL-D-2013-08-07,florida_lotto,FL-S02,2013-08-07,main,exploration
FL-D-2013-08-10,florida_lotto,FL-S02,2013-08-10,main,exploration
FL-D-2013-08-14,florida_lotto,FL-S02,2013-08-14,main,exploration
FL-D-2013-08-17,florida_lotto,FL-S02,2013-08-17,main,exploration
FL-D-2013-08-21,florida_lotto,FL-S02,2013-08-21,main,exploration
FL-D-2013-08-24,florida_lotto,FL-S02,2013-08-24,main,exploration
FL-D-2013-08-28,florida_lotto,FL-S02,2013-08-28,main,exploration
FL-D-2013-08-31,florida_lotto,FL-S02,2013-08-31,main,exploration
FL-D-2013-09-04,florida_lotto,FL-S02,2013-09-04,main,exploration
FL-D-2013-09-07,florida_lotto,FL-S02,2013-09-07,main,exploration
FL-D-2013-09-11,florida_lotto,FL-S02,2013-09-11,main,exploration
FL-D-2013-09-14,florida_lotto,FL-S02,2013-09-14,main,exploration
FL-D-2013-09-18,florida_lotto,FL-S02,2013-09-18,main,exploration
FL-D-2013-09-21,florida_lotto,FL-S02,2013-09-21,main,exploration
FL-D-2013-09-25,florida_lotto,FL-S02,2013-09-25,main,exploration
FL-D-2013-09-28,florida_lotto,FL-S02,2013-09-28,main,exploration
FL-D-2013-10-02,florida_lotto,FL-S02,2013-10-02,main,exploration
FL-D-2013-10-05,florida_lotto,FL-S02,2013-10-05,main,exploration
FL-D-2013-10-09,florida_lotto,FL-S02,2013-10-09,main,exploration
FL-D-2013-10-12,florida_lotto,FL-S02,2013-10-12,main,exploration
FL-D-2013-10-16,florida_lotto,FL-S02,2013-10-16,main,exploration
FL-D-2013-10-19,florida_lotto,FL-S02,2013-10-19,main,exploration
FL-D-2013-10-23,florida_lotto,FL-S02,2013-10-23,main,exploration
FL-D-2013-10-26,florida_lotto,FL-S02,2013-10-26,main,exploration
FL-D-2013-10-30,florida_lotto,FL-S02,2013-10-30,main,exploration
FL-D-2013-11-02,florida_lotto,FL-S02,2013-11-02,main,exploration
FL-D-2013-11-06,florida_lotto,FL-S02,2013-11-06,main,exploration
FL-D-2013-11-09,florida_lotto,FL-S02,2013-11-09,main,exploration
FL-D-2013-11-13,florida_lotto,FL-S02,2013-11-13,main,exploration
FL-D-2013-11-16,florida_lotto,FL-S02,2013-11-16,main,exploration
FL-D-2013-11-20,florida_lotto,FL-S02,2013-11-20,main,exploration
FL-D-2013-11-23,florida_lotto,FL-S02,2013-11-23,main,exploration
FL-D-2013-11-27,florida_lotto,FL-S02,2013-11-27,main,exploration
FL-D-2013-11-30,florida_lotto,FL-S02,2013-11-30,main,exploration
FL-D-2013-12-04,florida_lotto,FL-S02,2013-12-04,main,exploration
FL-D-2013-12-07,florida_lotto,FL-S02,2013-12-07,main,exploration
FL-D-2013-12-11,florida_lotto,FL-S02,2013-12-11,main,exploration
FL-D-2013-12-14,florida_lotto,FL-S02,2013-12-14,main,exploration
FL-D-2013-12-18,florida_lotto,FL-S02,2013-12-18,main,exploration
FL-D-2013-12-21,florida_lotto,FL-S02,2013-12-21,main,exploration
FL-D-2013-12-25,florida_lotto,FL-S02,2013-12-25,main,exploration
FL-D-2013-12-28,florida_lotto,FL-S02,2013-12-28,main,exploration
FL-D-2014-01-01,florida_lotto,FL-S02,2014-01-01,main,exploration
FL-D-2014-01-04,florida_lotto,FL-S02,2014-01-04,main,exploration
FL-D-2014-01-08,florida_lotto,FL-S02,2014-01-08,main,exploration
FL-D-2014-01-11,florida_lotto,FL-S02,2014-01-11,main,exploration
FL-D-2014-01-15,florida_lotto,FL-S02,2014-01-15,main,exploration
FL-D-2014-01-18,florida_lotto,FL-S02,2014-01-18,main,exploration
FL-D-2014-01-22,florida_lotto,FL-S02,2014-01-22,main,exploration
FL-D-2014-01-25,florida_lotto,FL-S02,2014-01-25,main,exploration
FL-D-2014-01-29,florida_lotto,FL-S02,2014-01-29,main,exploration
FL-D-2014-02-01,florida_lotto,FL-S02,2014-02-01,main,exploration
FL-D-2014-02-05,florida_lotto,FL-S02,2014-02-05,main,exploration
FL-D-2014-02-08,florida_lotto,FL-S02,2014-02-08,main,exploration
FL-D-2014-02-12,florida_lotto,FL-S02,2014-02-12,main,exploration
FL-D-2014-02-15,florida_lotto,FL-S02,2014-02-15,main,exploration
FL-D-2014-02-19,florida_lotto,FL-S02,2014-02-19,main,exploration
FL-D-2014-02-22,florida_lotto,FL-S02,2014-02-22,main,exploration
FL-D-2014-02-26,florida_lotto,FL-S02,2014-02-26,main,exploration
FL-D-2014-03-01,florida_lotto,FL-S02,2014-03-01,main,exploration
FL-D-2014-03-05,florida_lotto,FL-S02,2014-03-05,main,exploration
FL-D-2014-03-08,florida_lotto,FL-S02,2014-03-08,main,exploration
FL-D-2014-03-12,florida_lotto,FL-S02,2014-03-12,main,exploration
FL-D-2014-03-15,florida_lotto,FL-S02,2014-03-15,main,exploration
FL-D-2014-03-19,florida_lotto,FL-S02,2014-03-19,main,exploration
FL-D-2014-03-22,florida_lotto,FL-S02,2014-03-22,main,exploration
FL-D-2014-03-26,florida_lotto,FL-S02,2014-03-26,main,exploration
FL-D-2014-03-29,florida_lotto,FL-S02,2014-03-29,main,exploration
FL-D-2014-04-02,florida_lotto,FL-S02,2014-04-02,main,exploration
FL-D-2014-04-05,florida_lotto,FL-S02,2014-04-05,main,exploration
FL-D-2014-04-09,florida_lotto,FL-S02,2014-04-09,main,exploration
FL-D-2014-04-12,florida_lotto,FL-S02,2014-04-12,main,exploration
FL-D-2014-04-16,florida_lotto,FL-S02,2014-04-16,main,exploration
FL-D-2014-04-19,florida_lotto,FL-S02,2014-04-19,main,exploration
FL-D-2014-04-23,florida_lotto,FL-S02,2014-04-23,main,exploration
FL-D-2014-04-26,florida_lotto,FL-S02,2014-04-26,main,exploration
FL-D-2014-04-30,florida_lotto,FL-S02,2014-04-30,main,exploration
FL-D-2014-05-03,florida_lotto,FL-S02,2014-05-03,main,exploration
FL-D-2014-05-07,florida_lotto,FL-S02,2014-05-07,main,exploration
FL-D-2014-05-10,florida_lotto,FL-S02,2014-05-10,main,exploration
FL-D-2014-05-14,florida_lotto,FL-S02,2014-05-14,main,exploration
FL-D-2014-05-17,florida_lotto,FL-S02,2014-05-17,main,exploration
FL-D-2014-05-21,florida_lotto,FL-S02,2014-05-21,main,exploration
FL-D-2014-05-24,florida_lotto,FL-S02,2014-05-24,main,exploration
FL-D-2014-05-28,florida_lotto,FL-S02,2014-05-28,main,exploration
FL-D-2014-05-31,florida_lotto,FL-S02,2014-05-31,main,exploration
FL-D-2014-06-04,florida_lotto,FL-S02,2014-06-04,main,exploration
FL-D-2014-06-07,florida_lotto,FL-S02,2014-06-07,main,exploration
FL-D-2014-06-11,florida_lotto,FL-S02,2014-06-11,main,exploration
FL-D-2014-06-14,florida_lotto,FL-S02,2014-06-14,main,exploration
FL-D-2014-06-18,florida_lotto,FL-S02,2014-06-18,main,exploration
FL-D-2014-06-21,florida_lotto,FL-S02,2014-06-21,main,exploration
FL-D-2014-06-25,florida_lotto,FL-S02,2014-06-25,main,exploration
FL-D-2014-06-28,florida_lotto,FL-S02,2014-06-28,main,exploration
FL-D-2014-07-02,florida_lotto,FL-S02,2014-07-02,main,exploration
FL-D-2014-07-05,florida_lotto,FL-S02,2014-07-05,main,exploration
FL-D-2014-07-09,florida_lotto,FL-S02,2014-07-09,main,exploration
FL-D-2014-07-12,florida_lotto,FL-S02,2014-07-12,main,exploration
FL-D-2014-07-16,florida_lotto,FL-S02,2014-07-16,main,exploration
FL-D-2014-07-19,florida_lotto,FL-S02,2014-07-19,main,exploration
FL-D-2014-07-23,florida_lotto,FL-S02,2014-07-23,main,exploration
FL-D-2014-07-26,florida_lotto,FL-S02,2014-07-26,main,exploration
FL-D-2014-07-30,florida_lotto,FL-S02,2014-07-30,main,exploration
FL-D-2014-08-02,florida_lotto,FL-S02,2014-08-02,main,exploration
FL-D-2014-08-06,florida_lotto,FL-S02,2014-08-06,main,exploration
FL-D-2014-08-09,florida_lotto,FL-S02,2014-08-09,main,exploration
FL-D-2014-08-13,florida_lotto,FL-S02,2014-08-13,main,exploration
FL-D-2014-08-16,florida_lotto,FL-S02,2014-08-16,main,exploration
FL-D-2014-08-20,florida_lotto,FL-S02,2014-08-20,main,exploration
FL-D-2014-08-23,florida_lotto,FL-S02,2014-08-23,main,exploration
FL-D-2014-08-27,florida_lotto,FL-S02,2014-08-27,main,exploration
FL-D-2014-08-30,florida_lotto,FL-S02,2014-08-30,main,exploration
FL-D-2014-09-03,florida_lotto,FL-S02,2014-09-03,main,exploration
FL-D-2014-09-06,florida_lotto,FL-S02,2014-09-06,main,exploration
FL-D-2014-09-10,florida_lotto,FL-S02,2014-09-10,main,exploration
FL-D-2014-09-13,florida_lotto,FL-S02,2014-09-13,main,exploration
FL-D-2014-09-17,florida_lotto,FL-S02,2014-09-17,main,exploration
FL-D-2014-09-20,florida_lotto,FL-S02,2014-09-20,main,exploration
FL-D-2014-09-24,florida_lotto,FL-S02,2014-09-24,main,exploration
FL-D-2014-09-27,florida_lotto,FL-S02,2014-09-27,main,exploration
FL-D-2014-10-01,florida_lotto,FL-S02,2014-10-01,main,exploration
FL-D-2014-10-04,florida_lotto,FL-S02,2014-10-04,main,exploration
FL-D-2014-10-08,florida_lotto,FL-S02,2014-10-08,main,exploration
FL-D-2014-10-11,florida_lotto,FL-S02,2014-10-11,main,exploration
FL-D-2014-10-15,florida_lotto,FL-S02,2014-10-15,main,exploration
FL-D-2014-10-18,florida_lotto,FL-S02,2014-10-18,main,exploration
FL-D-2014-10-22,florida_lotto,FL-S02,2014-10-22,main,exploration
FL-D-2014-10-25,florida_lotto,FL-S02,2014-10-25,main,exploration
FL-D-2014-10-29,florida_lotto,FL-S02,2014-10-29,main,exploration
FL-D-2014-11-01,florida_lotto,FL-S02,2014-11-01,main,exploration
FL-D-2014-11-05,florida_lotto,FL-S02,2014-11-05,main,exploration
FL-D-2014-11-08,florida_lotto,FL-S02,2014-11-08,main,exploration
FL-D-2014-11-12,florida_lotto,FL-S02,2014-11-12,main,exploration
FL-D-2014-11-15,florida_lotto,FL-S02,2014-11-15,main,exploration
FL-D-2014-11-19,florida_lotto,FL-S02,2014-11-19,main,exploration
FL-D-2014-11-22,florida_lotto,FL-S02,2014-11-22,main,exploration
FL-D-2014-11-26,florida_lotto,FL-S02,2014-11-26,main,exploration
FL-D-2014-11-29,florida_lotto,FL-S02,2014-11-29,main,exploration
FL-D-2014-12-03,florida_lotto,FL-S02,2014-12-03,main,exploration
FL-D-2014-12-06,florida_lotto,FL-S02,2014-12-06,main,exploration
FL-D-2014-12-10,florida_lotto,FL-S02,2014-12-10,main,exploration
FL-D-2014-12-13,florida_lotto,FL-S02,2014-12-13,main,exploration
FL-D-2014-12-17,florida_lotto,FL-S02,2014-12-17,main,exploration
FL-D-2014-12-20,florida_lotto,FL-S02,2014-12-20,main,exploration
FL-D-2014-12-24,florida_lotto,FL-S02,2014-12-24,main,exploration
FL-D-2014-12-27,florida_lotto,FL-S02,2014-12-27,main,exploration
FL-D-2014-12-31,florida_lotto,FL-S02,2014-12-31,main,exploration
FL-D-2015-01-03,florida_lotto,FL-S02,2015-01-03,main,exploration
FL-D-2015-01-07,florida_lotto,FL-S02,2015-01-07,main,exploration
FL-D-2015-01-10,florida_lotto,FL-S02,2015-01-10,main,exploration
FL-D-2015-01-14,florida_lotto,FL-S02,2015-01-14,main,exploration
FL-D-2015-01-17,florida_lotto,FL-S02,2015-01-17,main,exploration
FL-D-2015-01-21,florida_lotto,FL-S02,2015-01-21,main,exploration
FL-D-2015-01-24,florida_lotto,FL-S02,2015-01-24,main,exploration
FL-D-2015-01-28,florida_lotto,FL-S02,2015-01-28,main,exploration
FL-D-2015-01-31,florida_lotto,FL-S02,2015-01-31,main,exploration
FL-D-2015-02-04,florida_lotto,FL-S02,2015-02-04,main,exploration
FL-D-2015-02-07,florida_lotto,FL-S02,2015-02-07,main,exploration
FL-D-2015-02-11,florida_lotto,FL-S02,2015-02-11,main,exploration
FL-D-2015-02-14,florida_lotto,FL-S02,2015-02-14,main,exploration
FL-D-2015-02-18,florida_lotto,FL-S02,2015-02-18,main,exploration
FL-D-2015-02-21,florida_lotto,FL-S02,2015-02-21,main,exploration
FL-D-2015-02-25,florida_lotto,FL-S02,2015-02-25,main,exploration
FL-D-2015-02-28,florida_lotto,FL-S02,2015-02-28,main,exploration
FL-D-2015-03-04,florida_lotto,FL-S02,2015-03-04,main,exploration
FL-D-2015-03-07,florida_lotto,FL-S02,2015-03-07,main,exploration
FL-D-2015-03-11,florida_lotto,FL-S02,2015-03-11,main,exploration
FL-D-2015-03-14,florida_lotto,FL-S02,2015-03-14,main,exploration
FL-D-2015-03-18,florida_lotto,FL-S02,2015-03-18,main,exploration
FL-D-2015-03-21,florida_lotto,FL-S02,2015-03-21,main,exploration
FL-D-2015-03-25,florida_lotto,FL-S02,2015-03-25,main,exploration
FL-D-2015-03-28,florida_lotto,FL-S02,2015-03-28,main,exploration
FL-D-2015-04-01,florida_lotto,FL-S02,2015-04-01,main,exploration
FL-D-2015-04-04,florida_lotto,FL-S02,2015-04-04,main,exploration
FL-D-2015-04-08,florida_lotto,FL-S02,2015-04-08,main,exploration
FL-D-2015-04-11,florida_lotto,FL-S02,2015-04-11,main,exploration
FL-D-2015-04-15,florida_lotto,FL-S02,2015-04-15,main,exploration
FL-D-2015-04-18,florida_lotto,FL-S02,2015-04-18,main,exploration
FL-D-2015-04-22,florida_lotto,FL-S02,2015-04-22,main,exploration
FL-D-2015-04-25,florida_lotto,FL-S02,2015-04-25,main,exploration
FL-D-2015-04-29,florida_lotto,FL-S02,2015-04-29,main,exploration
FL-D-2015-05-02,florida_lotto,FL-S02,2015-05-02,main,exploration
FL-D-2015-05-06,florida_lotto,FL-S02,2015-05-06,main,exploration
FL-D-2015-05-09,florida_lotto,FL-S02,2015-05-09,main,exploration
FL-D-2015-05-13,florida_lotto,FL-S02,2015-05-13,main,exploration
FL-D-2015-05-16,florida_lotto,FL-S02,2015-05-16,main,exploration
FL-D-2015-05-20,florida_lotto,FL-S02,2015-05-20,main,exploration
FL-D-2015-05-23,florida_lotto,FL-S02,2015-05-23,main,exploration
FL-D-2015-05-27,florida_lotto,FL-S02,2015-05-27,main,exploration
FL-D-2015-05-30,florida_lotto,FL-S02,2015-05-30,main,exploration
FL-D-2015-06-03,florida_lotto,FL-S02,2015-06-03,main,exploration
FL-D-2015-06-06,florida_lotto,FL-S02,2015-06-06,main,exploration
FL-D-2015-06-10,florida_lotto,FL-S02,2015-06-10,main,exploration
FL-D-2015-06-13,florida_lotto,FL-S02,2015-06-13,main,exploration
FL-D-2015-06-17,florida_lotto,FL-S02,2015-06-17,main,exploration
FL-D-2015-06-20,florida_lotto,FL-S02,2015-06-20,main,exploration
FL-D-2015-06-24,florida_lotto,FL-S02,2015-06-24,main,exploration
FL-D-2015-06-27,florida_lotto,FL-S02,2015-06-27,main,exploration
FL-D-2015-07-01,florida_lotto,FL-S02,2015-07-01,main,exploration
FL-D-2015-07-04,florida_lotto,FL-S02,2015-07-04,main,exploration
FL-D-2015-07-08,florida_lotto,FL-S02,2015-07-08,main,exploration
FL-D-2015-07-11,florida_lotto,FL-S02,2015-07-11,main,exploration
FL-D-2015-07-15,florida_lotto,FL-S02,2015-07-15,main,exploration
FL-D-2015-07-18,florida_lotto,FL-S02,2015-07-18,main,exploration
FL-D-2015-07-22,florida_lotto,FL-S02,2015-07-22,main,exploration
FL-D-2015-07-25,florida_lotto,FL-S02,2015-07-25,main,exploration
FL-D-2015-07-29,florida_lotto,FL-S02,2015-07-29,main,exploration
FL-D-2015-08-01,florida_lotto,FL-S02,2015-08-01,main,exploration
FL-D-2015-08-05,florida_lotto,FL-S02,2015-08-05,main,exploration
FL-D-2015-08-08,florida_lotto,FL-S02,2015-08-08,main,exploration
FL-D-2015-08-12,florida_lotto,FL-S02,2015-08-12,main,exploration
FL-D-2015-08-15,florida_lotto,FL-S02,2015-08-15,main,exploration
FL-D-2015-08-19,florida_lotto,FL-S02,2015-08-19,main,exploration
FL-D-2015-08-22,florida_lotto,FL-S02,2015-08-22,main,exploration
FL-D-2015-08-26,florida_lotto,FL-S02,2015-08-26,main,exploration
FL-D-2015-08-29,florida_lotto,FL-S02,2015-08-29,main,exploration
FL-D-2015-09-02,florida_lotto,FL-S02,2015-09-02,main,exploration
FL-D-2015-09-05,florida_lotto,FL-S02,2015-09-05,main,exploration
FL-D-2015-09-09,florida_lotto,FL-S02,2015-09-09,main,exploration
FL-D-2015-09-12,florida_lotto,FL-S02,2015-09-12,main,exploration
FL-D-2015-09-16,florida_lotto,FL-S02,2015-09-16,main,exploration
FL-D-2015-09-19,florida_lotto,FL-S02,2015-09-19,main,exploration
FL-D-2015-09-23,florida_lotto,FL-S02,2015-09-23,main,exploration
FL-D-2015-09-26,florida_lotto,FL-S02,2015-09-26,main,exploration
FL-D-2015-09-30,florida_lotto,FL-S02,2015-09-30,main,exploration
FL-D-2015-10-03,florida_lotto,FL-S02,2015-10-03,main,exploration
FL-D-2015-10-07,florida_lotto,FL-S02,2015-10-07,main,exploration
FL-D-2015-10-10,florida_lotto,FL-S02,2015-10-10,main,exploration
FL-D-2015-10-14,florida_lotto,FL-S02,2015-10-14,main,exploration
FL-D-2015-10-17,florida_lotto,FL-S02,2015-10-17,main,exploration
FL-D-2015-10-21,florida_lotto,FL-S02,2015-10-21,main,exploration
FL-D-2015-10-24,florida_lotto,FL-S02,2015-10-24,main,exploration
FL-D-2015-10-28,florida_lotto,FL-S02,2015-10-28,main,exploration
FL-D-2015-10-31,florida_lotto,FL-S02,2015-10-31,main,exploration
FL-D-2015-11-04,florida_lotto,FL-S02,2015-11-04,main,exploration
FL-D-2015-11-07,florida_lotto,FL-S02,2015-11-07,main,exploration
FL-D-2015-11-11,florida_lotto,FL-S02,2015-11-11,main,exploration
FL-D-2015-11-14,florida_lotto,FL-S02,2015-11-14,main,exploration
FL-D-2015-11-18,florida_lotto,FL-S02,2015-11-18,main,exploration
FL-D-2015-11-21,florida_lotto,FL-S02,2015-11-21,main,exploration
FL-D-2015-11-25,florida_lotto,FL-S02,2015-11-25,main,exploration
FL-D-2015-11-28,florida_lotto,FL-S02,2015-11-28,main,exploration
FL-D-2015-12-02,florida_lotto,FL-S02,2015-12-02,main,exploration
FL-D-2015-12-05,florida_lotto,FL-S02,2015-12-05,main,exploration
FL-D-2015-12-09,florida_lotto,FL-S02,2015-12-09,main,exploration
FL-D-2015-12-12,florida_lotto,FL-S02,2015-12-12,main,exploration
FL-D-2015-12-16,florida_lotto,FL-S02,2015-12-16,main,exploration
FL-D-2015-12-19,florida_lotto,FL-S02,2015-12-19,main,exploration
FL-D-2015-12-23,florida_lotto,FL-S02,2015-12-23,main,exploration
FL-D-2015-12-26,florida_lotto,FL-S02,2015-12-26,main,exploration
FL-D-2015-12-30,florida_lotto,FL-S02,2015-12-30,main,exploration
FL-D-2016-01-02,florida_lotto,FL-S02,2016-01-02,main,exploration
FL-D-2016-01-06,florida_lotto,FL-S02,2016-01-06,main,exploration
FL-D-2016-01-09,florida_lotto,FL-S02,2016-01-09,main,exploration
FL-D-2016-01-13,florida_lotto,FL-S02,2016-01-13,main,exploration
FL-D-2016-01-16,florida_lotto,FL-S02,2016-01-16,main,exploration
FL-D-2016-01-20,florida_lotto,FL-S02,2016-01-20,main,exploration
FL-D-2016-01-23,florida_lotto,FL-S02,2016-01-23,main,exploration
FL-D-2016-01-27,florida_lotto,FL-S02,2016-01-27,main,exploration
FL-D-2016-01-30,florida_lotto,FL-S02,2016-01-30,main,exploration
FL-D-2016-02-03,florida_lotto,FL-S02,2016-02-03,main,exploration
FL-D-2016-02-06,florida_lotto,FL-S02,2016-02-06,main,exploration
FL-D-2016-02-10,florida_lotto,FL-S02,2016-02-10,main,exploration
FL-D-2016-02-13,florida_lotto,FL-S02,2016-02-13,main,exploration
FL-D-2016-02-17,florida_lotto,FL-S02,2016-02-17,main,exploration
FL-D-2016-02-20,florida_lotto,FL-S02,2016-02-20,main,exploration
FL-D-2016-02-24,florida_lotto,FL-S02,2016-02-24,main,exploration
FL-D-2016-02-27,florida_lotto,FL-S02,2016-02-27,main,exploration
FL-D-2016-03-02,florida_lotto,FL-S02,2016-03-02,main,exploration
FL-D-2016-03-05,florida_lotto,FL-S02,2016-03-05,main,exploration
FL-D-2016-03-09,florida_lotto,FL-S02,2016-03-09,main,exploration
FL-D-2016-03-12,florida_lotto,FL-S02,2016-03-12,main,exploration
FL-D-2016-03-16,florida_lotto,FL-S02,2016-03-16,main,exploration
FL-D-2016-03-19,florida_lotto,FL-S02,2016-03-19,main,exploration
FL-D-2016-03-23,florida_lotto,FL-S02,2016-03-23,main,exploration
FL-D-2016-03-26,florida_lotto,FL-S02,2016-03-26,main,exploration
FL-D-2016-03-30,florida_lotto,FL-S02,2016-03-30,main,exploration
FL-D-2016-04-02,florida_lotto,FL-S02,2016-04-02,main,exploration
FL-D-2016-04-06,florida_lotto,FL-S02,2016-04-06,main,exploration
FL-D-2016-04-09,florida_lotto,FL-S02,2016-04-09,main,exploration
FL-D-2016-04-13,florida_lotto,FL-S02,2016-04-13,main,exploration
FL-D-2016-04-16,florida_lotto,FL-S02,2016-04-16,main,exploration
FL-D-2016-04-20,florida_lotto,FL-S02,2016-04-20,main,exploration
FL-D-2016-04-23,florida_lotto,FL-S02,2016-04-23,main,exploration
FL-D-2016-04-27,florida_lotto,FL-S02,2016-04-27,main,exploration
FL-D-2016-04-30,florida_lotto,FL-S02,2016-04-30,main,exploration
FL-D-2016-05-04,florida_lotto,FL-S02,2016-05-04,main,exploration
FL-D-2016-05-07,florida_lotto,FL-S02,2016-05-07,main,exploration
FL-D-2016-05-11,florida_lotto,FL-S02,2016-05-11,main,exploration
FL-D-2016-05-14,florida_lotto,FL-S02,2016-05-14,main,exploration
FL-D-2016-05-18,florida_lotto,FL-S02,2016-05-18,main,exploration
FL-D-2016-05-21,florida_lotto,FL-S02,2016-05-21,main,exploration
FL-D-2016-05-25,florida_lotto,FL-S02,2016-05-25,main,exploration
FL-D-2016-05-28,florida_lotto,FL-S02,2016-05-28,main,exploration
FL-D-2016-06-01,florida_lotto,FL-S02,2016-06-01,main,exploration
FL-D-2016-06-04,florida_lotto,FL-S02,2016-06-04,main,exploration
FL-D-2016-06-08,florida_lotto,FL-S02,2016-06-08,main,exploration
FL-D-2016-06-11,florida_lotto,FL-S02,2016-06-11,main,exploration
FL-D-2016-06-15,florida_lotto,FL-S02,2016-06-15,main,exploration
FL-D-2016-06-18,florida_lotto,FL-S02,2016-06-18,main,exploration
FL-D-2016-06-22,florida_lotto,FL-S02,2016-06-22,main,exploration
FL-D-2016-06-25,florida_lotto,FL-S02,2016-06-25,main,exploration
FL-D-2016-06-29,florida_lotto,FL-S02,2016-06-29,main,exploration
FL-D-2016-07-02,florida_lotto,FL-S02,2016-07-02,main,exploration
FL-D-2016-07-06,florida_lotto,FL-S02,2016-07-06,main,exploration
FL-D-2016-07-09,florida_lotto,FL-S02,2016-07-09,main,exploration
FL-D-2016-07-13,florida_lotto,FL-S02,2016-07-13,main,exploration
FL-D-2016-07-16,florida_lotto,FL-S02,2016-07-16,main,exploration
FL-D-2016-07-20,florida_lotto,FL-S02,2016-07-20,main,exploration
FL-D-2016-07-23,florida_lotto,FL-S02,2016-07-23,main,exploration
FL-D-2016-07-27,florida_lotto,FL-S02,2016-07-27,main,exploration
FL-D-2016-07-30,florida_lotto,FL-S02,2016-07-30,main,exploration
FL-D-2016-08-03,florida_lotto,FL-S02,2016-08-03,main,exploration
FL-D-2016-08-06,florida_lotto,FL-S02,2016-08-06,main,exploration
FL-D-2016-08-10,florida_lotto,FL-S02,2016-08-10,main,exploration
FL-D-2016-08-13,florida_lotto,FL-S02,2016-08-13,main,exploration
FL-D-2016-08-17,florida_lotto,FL-S02,2016-08-17,main,exploration
FL-D-2016-08-20,florida_lotto,FL-S02,2016-08-20,main,exploration
FL-D-2016-08-24,florida_lotto,FL-S02,2016-08-24,main,exploration
FL-D-2016-08-27,florida_lotto,FL-S02,2016-08-27,main,exploration
FL-D-2016-08-31,florida_lotto,FL-S02,2016-08-31,main,exploration
FL-D-2016-09-03,florida_lotto,FL-S02,2016-09-03,main,exploration
FL-D-2016-09-07,florida_lotto,FL-S02,2016-09-07,main,exploration
FL-D-2016-09-10,florida_lotto,FL-S02,2016-09-10,main,exploration
FL-D-2016-09-14,florida_lotto,FL-S02,2016-09-14,main,exploration
FL-D-2016-09-17,florida_lotto,FL-S02,2016-09-17,main,exploration
FL-D-2016-09-21,florida_lotto,FL-S02,2016-09-21,main,exploration
FL-D-2016-09-24,florida_lotto,FL-S02,2016-09-24,main,exploration
FL-D-2016-09-28,florida_lotto,FL-S02,2016-09-28,main,exploration
FL-D-2016-10-01,florida_lotto,FL-S02,2016-10-01,main,exploration
FL-D-2016-10-05,florida_lotto,FL-S02,2016-10-05,main,exploration
FL-D-2016-10-08,florida_lotto,FL-S02,2016-10-08,main,exploration
FL-D-2016-10-12,florida_lotto,FL-S02,2016-10-12,main,exploration
FL-D-2016-10-15,florida_lotto,FL-S02,2016-10-15,main,exploration
FL-D-2016-10-19,florida_lotto,FL-S02,2016-10-19,main,exploration
FL-D-2016-10-22,florida_lotto,FL-S02,2016-10-22,main,exploration
FL-D-2016-10-26,florida_lotto,FL-S02,2016-10-26,main,exploration
FL-D-2016-10-29,florida_lotto,FL-S02,2016-10-29,main,exploration
FL-D-2016-11-02,florida_lotto,FL-S02,2016-11-02,main,exploration
FL-D-2016-11-05,florida_lotto,FL-S02,2016-11-05,main,exploration
FL-D-2016-11-09,florida_lotto,FL-S02,2016-11-09,main,exploration
FL-D-2016-11-12,florida_lotto,FL-S02,2016-11-12,main,exploration
FL-D-2016-11-16,florida_lotto,FL-S02,2016-11-16,main,exploration
FL-D-2016-11-19,florida_lotto,FL-S02,2016-11-19,main,exploration
FL-D-2016-11-23,florida_lotto,FL-S02,2016-11-23,main,exploration
FL-D-2016-11-26,florida_lotto,FL-S02,2016-11-26,main,exploration
FL-D-2016-11-30,florida_lotto,FL-S02,2016-11-30,main,exploration
FL-D-2016-12-03,florida_lotto,FL-S02,2016-12-03,main,exploration
FL-D-2016-12-07,florida_lotto,FL-S02,2016-12-07,main,exploration
FL-D-2016-12-10,florida_lotto,FL-S02,2016-12-10,main,exploration
FL-D-2016-12-14,florida_lotto,FL-S02,2016-12-14,main,exploration
FL-D-2016-12-17,florida_lotto,FL-S02,2016-12-17,main,exploration
FL-D-2016-12-21,florida_lotto,FL-S02,2016-12-21,main,exploration
FL-D-2016-12-24,florida_lotto,FL-S02,2016-12-24,main,exploration
FL-D-2016-12-28,florida_lotto,FL-S02,2016-12-28,main,exploration
FL-D-2016-12-31,florida_lotto,FL-S02,2016-12-31,main,exploration
FL-D-2017-01-04,florida_lotto,FL-S02,2017-01-04,main,exploration
FL-D-2017-01-07,florida_lotto,FL-S02,2017-01-07,main,exploration
FL-D-2017-01-11,florida_lotto,FL-S02,2017-01-11,main,exploration
FL-D-2017-01-14,florida_lotto,FL-S02,2017-01-14,main,exploration
FL-D-2017-01-18,florida_lotto,FL-S02,2017-01-18,main,exploration
FL-D-2017-01-21,florida_lotto,FL-S02,2017-01-21,main,exploration
FL-D-2017-01-25,florida_lotto,FL-S02,2017-01-25,main,exploration
FL-D-2017-01-28,florida_lotto,FL-S02,2017-01-28,main,exploration
FL-D-2017-02-01,florida_lotto,FL-S02,2017-02-01,main,exploration
FL-D-2017-02-04,florida_lotto,FL-S02,2017-02-04,main,exploration
FL-D-2017-02-08,florida_lotto,FL-S02,2017-02-08,main,exploration
FL-D-2017-02-11,florida_lotto,FL-S02,2017-02-11,main,exploration
FL-D-2017-02-15,florida_lotto,FL-S02,2017-02-15,main,exploration
FL-D-2017-02-18,florida_lotto,FL-S02,2017-02-18,main,exploration
FL-D-2017-02-22,florida_lotto,FL-S02,2017-02-22,main,exploration
FL-D-2017-02-25,florida_lotto,FL-S02,2017-02-25,main,exploration
FL-D-2017-03-01,florida_lotto,FL-S02,2017-03-01,main,exploration
FL-D-2017-03-04,florida_lotto,FL-S02,2017-03-04,main,exploration
FL-D-2017-03-08,florida_lotto,FL-S02,2017-03-08,main,exploration
FL-D-2017-03-11,florida_lotto,FL-S02,2017-03-11,main,exploration
FL-D-2017-03-15,florida_lotto,FL-S02,2017-03-15,main,exploration
FL-D-2017-03-18,florida_lotto,FL-S02,2017-03-18,main,exploration
FL-D-2017-03-22,florida_lotto,FL-S02,2017-03-22,main,exploration
FL-D-2017-03-25,florida_lotto,FL-S02,2017-03-25,main,exploration
FL-D-2017-03-29,florida_lotto,FL-S02,2017-03-29,main,exploration
FL-D-2017-04-01,florida_lotto,FL-S02,2017-04-01,main,exploration
FL-D-2017-04-05,florida_lotto,FL-S02,2017-04-05,main,exploration
FL-D-2017-04-08,florida_lotto,FL-S02,2017-04-08,main,exploration
FL-D-2017-04-12,florida_lotto,FL-S02,2017-04-12,main,exploration
FL-D-2017-04-15,florida_lotto,FL-S02,2017-04-15,main,exploration
FL-D-2017-04-19,florida_lotto,FL-S02,2017-04-19,main,exploration
FL-D-2017-04-22,florida_lotto,FL-S02,2017-04-22,main,exploration
FL-D-2017-04-26,florida_lotto,FL-S02,2017-04-26,main,exploration
FL-D-2017-04-29,florida_lotto,FL-S02,2017-04-29,main,exploration
FL-D-2017-05-03,florida_lotto,FL-S02,2017-05-03,main,exploration
FL-D-2017-05-06,florida_lotto,FL-S02,2017-05-06,main,exploration
FL-D-2017-05-10,florida_lotto,FL-S02,2017-05-10,main,exploration
FL-D-2017-05-13,florida_lotto,FL-S02,2017-05-13,main,exploration
FL-D-2017-05-17,florida_lotto,FL-S02,2017-05-17,main,exploration
FL-D-2017-05-20,florida_lotto,FL-S02,2017-05-20,main,exploration
FL-D-2017-05-24,florida_lotto,FL-S02,2017-05-24,main,exploration
FL-D-2017-05-27,florida_lotto,FL-S02,2017-05-27,main,exploration
FL-D-2017-05-31,florida_lotto,FL-S02,2017-05-31,main,exploration
FL-D-2017-06-03,florida_lotto,FL-S02,2017-06-03,main,exploration
FL-D-2017-06-07,florida_lotto,FL-S02,2017-06-07,main,exploration
FL-D-2017-06-10,florida_lotto,FL-S02,2017-06-10,main,exploration
FL-D-2017-06-14,florida_lotto,FL-S02,2017-06-14,main,exploration
FL-D-2017-06-17,florida_lotto,FL-S02,2017-06-17,main,exploration
FL-D-2017-06-21,florida_lotto,FL-S02,2017-06-21,main,exploration
FL-D-2017-06-24,florida_lotto,FL-S02,2017-06-24,main,exploration
FL-D-2017-06-28,florida_lotto,FL-S02,2017-06-28,main,exploration
FL-D-2017-07-01,florida_lotto,FL-S02,2017-07-01,main,exploration
FL-D-2017-07-05,florida_lotto,FL-S02,2017-07-05,main,exploration
FL-D-2017-07-08,florida_lotto,FL-S02,2017-07-08,main,exploration
FL-D-2017-07-12,florida_lotto,FL-S02,2017-07-12,main,exploration
FL-D-2017-07-15,florida_lotto,FL-S02,2017-07-15,main,exploration
FL-D-2017-07-19,florida_lotto,FL-S02,2017-07-19,main,exploration
FL-D-2017-07-22,florida_lotto,FL-S02,2017-07-22,main,exploration
FL-D-2017-07-26,florida_lotto,FL-S02,2017-07-26,main,exploration
FL-D-2017-07-29,florida_lotto,FL-S02,2017-07-29,main,exploration
FL-D-2017-08-02,florida_lotto,FL-S02,2017-08-02,main,exploration
FL-D-2017-08-05,florida_lotto,FL-S02,2017-08-05,main,exploration
FL-D-2017-08-09,florida_lotto,FL-S02,2017-08-09,main,exploration
FL-D-2017-08-12,florida_lotto,FL-S02,2017-08-12,main,exploration
FL-D-2017-08-16,florida_lotto,FL-S02,2017-08-16,main,exploration
FL-D-2017-08-19,florida_lotto,FL-S02,2017-08-19,main,exploration
FL-D-2017-08-23,florida_lotto,FL-S02,2017-08-23,main,exploration
FL-D-2017-08-26,florida_lotto,FL-S02,2017-08-26,main,exploration
FL-D-2017-08-30,florida_lotto,FL-S02,2017-08-30,main,exploration
FL-D-2017-09-02,florida_lotto,FL-S02,2017-09-02,main,exploration
FL-D-2017-09-06,florida_lotto,FL-S02,2017-09-06,main,exploration
FL-D-2017-09-09,florida_lotto,FL-S02,2017-09-09,main,exploration
FL-D-2017-09-13,florida_lotto,FL-S02,2017-09-13,main,exploration
FL-D-2017-09-16,florida_lotto,FL-S02,2017-09-16,main,exploration
FL-D-2017-09-20,florida_lotto,FL-S02,2017-09-20,main,exploration
FL-D-2017-09-23,florida_lotto,FL-S02,2017-09-23,main,exploration
FL-D-2017-09-27,florida_lotto,FL-S02,2017-09-27,main,exploration
FL-D-2017-09-30,florida_lotto,FL-S02,2017-09-30,main,exploration
FL-D-2017-10-04,florida_lotto,FL-S02,2017-10-04,main,exploration
FL-D-2017-10-07,florida_lotto,FL-S02,2017-10-07,main,exploration
FL-D-2017-10-11,florida_lotto,FL-S02,2017-10-11,main,exploration
FL-D-2017-10-14,florida_lotto,FL-S02,2017-10-14,main,exploration
FL-D-2017-10-18,florida_lotto,FL-S02,2017-10-18,main,exploration
FL-D-2017-10-21,florida_lotto,FL-S02,2017-10-21,main,exploration
FL-D-2017-10-25,florida_lotto,FL-S02,2017-10-25,main,exploration
FL-D-2017-10-28,florida_lotto,FL-S02,2017-10-28,main,exploration
FL-D-2017-11-01,florida_lotto,FL-S02,2017-11-01,main,exploration
FL-D-2017-11-04,florida_lotto,FL-S02,2017-11-04,main,exploration
FL-D-2017-11-08,florida_lotto,FL-S02,2017-11-08,main,exploration
FL-D-2017-11-11,florida_lotto,FL-S02,2017-11-11,main,exploration
FL-D-2017-11-15,florida_lotto,FL-S02,2017-11-15,main,exploration
FL-D-2017-11-18,florida_lotto,FL-S02,2017-11-18,main,exploration
FL-D-2017-11-22,florida_lotto,FL-S02,2017-11-22,main,exploration
FL-D-2017-11-25,florida_lotto,FL-S02,2017-11-25,main,exploration
FL-D-2017-11-29,florida_lotto,FL-S02,2017-11-29,main,exploration
FL-D-2017-12-02,florida_lotto,FL-S02,2017-12-02,main,exploration
FL-D-2017-12-06,florida_lotto,FL-S02,2017-12-06,main,exploration
FL-D-2017-12-09,florida_lotto,FL-S02,2017-12-09,main,exploration
FL-D-2017-12-13,florida_lotto,FL-S02,2017-12-13,main,exploration
FL-D-2017-12-16,florida_lotto,FL-S02,2017-12-16,main,exploration
FL-D-2017-12-20,florida_lotto,FL-S02,2017-12-20,main,exploration
FL-D-2017-12-23,florida_lotto,FL-S02,2017-12-23,main,exploration
FL-D-2017-12-27,florida_lotto,FL-S02,2017-12-27,main,exploration
FL-D-2017-12-30,florida_lotto,FL-S02,2017-12-30,main,exploration
FL-D-2018-01-03,florida_lotto,FL-S02,2018-01-03,main,exploration
FL-D-2018-01-06,florida_lotto,FL-S02,2018-01-06,main,exploration
FL-D-2018-01-10,florida_lotto,FL-S02,2018-01-10,main,exploration
FL-D-2018-01-13,florida_lotto,FL-S02,2018-01-13,main,exploration
FL-D-2018-01-17,florida_lotto,FL-S02,2018-01-17,main,exploration
FL-D-2018-01-20,florida_lotto,FL-S02,2018-01-20,main,exploration
FL-D-2018-01-24,florida_lotto,FL-S02,2018-01-24,main,exploration
FL-D-2018-01-27,florida_lotto,FL-S02,2018-01-27,main,exploration
FL-D-2018-01-31,florida_lotto,FL-S02,2018-01-31,main,exploration
FL-D-2018-02-03,florida_lotto,FL-S02,2018-02-03,main,exploration
FL-D-2018-02-07,florida_lotto,FL-S02,2018-02-07,main,exploration
FL-D-2018-02-10,florida_lotto,FL-S02,2018-02-10,main,exploration
FL-D-2018-02-14,florida_lotto,FL-S02,2018-02-14,main,exploration
FL-D-2018-02-17,florida_lotto,FL-S02,2018-02-17,main,exploration
FL-D-2018-02-21,florida_lotto,FL-S02,2018-02-21,main,exploration
FL-D-2018-02-24,florida_lotto,FL-S02,2018-02-24,main,exploration
FL-D-2018-02-28,florida_lotto,FL-S02,2018-02-28,main,exploration
FL-D-2018-03-03,florida_lotto,FL-S02,2018-03-03,main,exploration
FL-D-2018-03-07,florida_lotto,FL-S02,2018-03-07,main,exploration
FL-D-2018-03-10,florida_lotto,FL-S02,2018-03-10,main,exploration
FL-D-2018-03-14,florida_lotto,FL-S02,2018-03-14,main,exploration
FL-D-2018-03-17,florida_lotto,FL-S02,2018-03-17,main,exploration
FL-D-2018-03-21,florida_lotto,FL-S02,2018-03-21,main,exploration
FL-D-2018-03-24,florida_lotto,FL-S02,2018-03-24,main,exploration
FL-D-2018-03-28,florida_lotto,FL-S02,2018-03-28,main,exploration
FL-D-2018-03-31,florida_lotto,FL-S02,2018-03-31,main,exploration
FL-D-2018-04-04,florida_lotto,FL-S02,2018-04-04,main,exploration
FL-D-2018-04-07,florida_lotto,FL-S02,2018-04-07,main,exploration
FL-D-2018-04-11,florida_lotto,FL-S02,2018-04-11,main,exploration
FL-D-2018-04-14,florida_lotto,FL-S02,2018-04-14,main,exploration
FL-D-2018-04-18,florida_lotto,FL-S02,2018-04-18,main,exploration
FL-D-2018-04-21,florida_lotto,FL-S02,2018-04-21,main,exploration
FL-D-2018-04-25,florida_lotto,FL-S02,2018-04-25,main,exploration
FL-D-2018-04-28,florida_lotto,FL-S02,2018-04-28,main,exploration
FL-D-2018-05-02,florida_lotto,FL-S02,2018-05-02,main,exploration
FL-D-2018-05-05,florida_lotto,FL-S02,2018-05-05,main,exploration
FL-D-2018-05-09,florida_lotto,FL-S02,2018-05-09,main,exploration
FL-D-2018-05-12,florida_lotto,FL-S02,2018-05-12,main,exploration
FL-D-2018-05-16,florida_lotto,FL-S02,2018-05-16,main,exploration
FL-D-2018-05-19,florida_lotto,FL-S02,2018-05-19,main,exploration
FL-D-2018-05-23,florida_lotto,FL-S02,2018-05-23,main,exploration
FL-D-2018-05-26,florida_lotto,FL-S02,2018-05-26,main,exploration
FL-D-2018-05-30,florida_lotto,FL-S02,2018-05-30,main,exploration
FL-D-2018-06-02,florida_lotto,FL-S02,2018-06-02,main,exploration
FL-D-2018-06-06,florida_lotto,FL-S02,2018-06-06,main,exploration
FL-D-2018-06-09,florida_lotto,FL-S02,2018-06-09,main,exploration
FL-D-2018-06-13,florida_lotto,FL-S02,2018-06-13,main,exploration
FL-D-2018-06-16,florida_lotto,FL-S02,2018-06-16,main,exploration
FL-D-2018-06-20,florida_lotto,FL-S02,2018-06-20,main,exploration
FL-D-2018-06-23,florida_lotto,FL-S02,2018-06-23,main,exploration
FL-D-2018-06-27,florida_lotto,FL-S02,2018-06-27,main,exploration
FL-D-2018-06-30,florida_lotto,FL-S02,2018-06-30,main,exploration
FL-D-2018-07-04,florida_lotto,FL-S02,2018-07-04,main,exploration
FL-D-2018-07-07,florida_lotto,FL-S02,2018-07-07,main,exploration
FL-D-2018-07-11,florida_lotto,FL-S02,2018-07-11,main,exploration
FL-D-2018-07-14,florida_lotto,FL-S02,2018-07-14,main,exploration
FL-D-2018-07-18,florida_lotto,FL-S02,2018-07-18,main,exploration
FL-D-2018-07-21,florida_lotto,FL-S02,2018-07-21,main,exploration
FL-D-2018-07-25,florida_lotto,FL-S02,2018-07-25,main,exploration
FL-D-2018-07-28,florida_lotto,FL-S02,2018-07-28,main,exploration
FL-D-2018-08-01,florida_lotto,FL-S02,2018-08-01,main,exploration
FL-D-2018-08-04,florida_lotto,FL-S02,2018-08-04,main,exploration
FL-D-2018-08-08,florida_lotto,FL-S02,2018-08-08,main,exploration
FL-D-2018-08-11,florida_lotto,FL-S02,2018-08-11,main,exploration
FL-D-2018-08-15,florida_lotto,FL-S02,2018-08-15,main,exploration
FL-D-2018-08-18,florida_lotto,FL-S02,2018-08-18,main,exploration
FL-D-2018-08-22,florida_lotto,FL-S02,2018-08-22,main,exploration
FL-D-2018-08-25,florida_lotto,FL-S02,2018-08-25,main,exploration
FL-D-2018-08-29,florida_lotto,FL-S02,2018-08-29,main,exploration
FL-D-2018-09-01,florida_lotto,FL-S02,2018-09-01,main,exploration
FL-D-2018-09-05,florida_lotto,FL-S02,2018-09-05,main,exploration
FL-D-2018-09-08,florida_lotto,FL-S02,2018-09-08,main,exploration
FL-D-2018-09-12,florida_lotto,FL-S02,2018-09-12,main,exploration
FL-D-2018-09-15,florida_lotto,FL-S02,2018-09-15,main,exploration
FL-D-2018-09-19,florida_lotto,FL-S02,2018-09-19,main,exploration
FL-D-2018-09-22,florida_lotto,FL-S02,2018-09-22,main,exploration
FL-D-2018-09-26,florida_lotto,FL-S02,2018-09-26,main,exploration
FL-D-2018-09-29,florida_lotto,FL-S02,2018-09-29,main,exploration
FL-D-2018-10-03,florida_lotto,FL-S02,2018-10-03,main,exploration
FL-D-2018-10-06,florida_lotto,FL-S02,2018-10-06,main,exploration
FL-D-2018-10-10,florida_lotto,FL-S02,2018-10-10,main,exploration
FL-D-2018-10-13,florida_lotto,FL-S02,2018-10-13,main,exploration
FL-D-2018-10-17,florida_lotto,FL-S02,2018-10-17,main,exploration
FL-D-2018-10-20,florida_lotto,FL-S02,2018-10-20,main,exploration
FL-D-2018-10-24,florida_lotto,FL-S02,2018-10-24,main,exploration
FL-D-2018-10-27,florida_lotto,FL-S02,2018-10-27,main,exploration
FL-D-2018-10-31,florida_lotto,FL-S02,2018-10-31,main,exploration
FL-D-2018-11-03,florida_lotto,FL-S02,2018-11-03,main,exploration
FL-D-2018-11-07,florida_lotto,FL-S02,2018-11-07,main,exploration
FL-D-2018-11-10,florida_lotto,FL-S02,2018-11-10,main,exploration
FL-D-2018-11-14,florida_lotto,FL-S02,2018-11-14,main,exploration
FL-D-2018-11-17,florida_lotto,FL-S02,2018-11-17,main,exploration
FL-D-2018-11-21,florida_lotto,FL-S02,2018-11-21,main,exploration
FL-D-2018-11-24,florida_lotto,FL-S02,2018-11-24,main,exploration
FL-D-2018-11-28,florida_lotto,FL-S02,2018-11-28,main,exploration
FL-D-2018-12-01,florida_lotto,FL-S02,2018-12-01,main,exploration
FL-D-2018-12-05,florida_lotto,FL-S02,2018-12-05,main,exploration
FL-D-2018-12-08,florida_lotto,FL-S02,2018-12-08,main,exploration
FL-D-2018-12-12,florida_lotto,FL-S02,2018-12-12,main,exploration
FL-D-2018-12-15,florida_lotto,FL-S02,2018-12-15,main,exploration
FL-D-2018-12-19,florida_lotto,FL-S02,2018-12-19,main,exploration
FL-D-2018-12-22,florida_lotto,FL-S02,2018-12-22,main,exploration
FL-D-2018-12-26,florida_lotto,FL-S02,2018-12-26,main,exploration
FL-D-2018-12-29,florida_lotto,FL-S02,2018-12-29,main,exploration
FL-D-2019-01-02,florida_lotto,FL-S02,2019-01-02,main,exploration
FL-D-2019-01-05,florida_lotto,FL-S02,2019-01-05,main,exploration
FL-D-2019-01-09,florida_lotto,FL-S02,2019-01-09,main,exploration
FL-D-2019-01-12,florida_lotto,FL-S02,2019-01-12,main,exploration
FL-D-2019-01-16,florida_lotto,FL-S02,2019-01-16,main,exploration
FL-D-2019-01-19,florida_lotto,FL-S02,2019-01-19,main,exploration
FL-D-2019-01-23,florida_lotto,FL-S02,2019-01-23,main,exploration
FL-D-2019-01-26,florida_lotto,FL-S02,2019-01-26,main,exploration
FL-D-2019-01-30,florida_lotto,FL-S02,2019-01-30,main,exploration
FL-D-2019-02-02,florida_lotto,FL-S02,2019-02-02,main,exploration
FL-D-2019-02-06,florida_lotto,FL-S02,2019-02-06,main,exploration
FL-D-2019-02-09,florida_lotto,FL-S02,2019-02-09,main,exploration
FL-D-2019-02-13,florida_lotto,FL-S02,2019-02-13,main,exploration
FL-D-2019-02-16,florida_lotto,FL-S02,2019-02-16,main,exploration
FL-D-2019-02-20,florida_lotto,FL-S02,2019-02-20,main,exploration
FL-D-2019-02-23,florida_lotto,FL-S02,2019-02-23,main,exploration
FL-D-2019-02-27,florida_lotto,FL-S02,2019-02-27,main,exploration
FL-D-2019-03-02,florida_lotto,FL-S02,2019-03-02,main,exploration
FL-D-2019-03-06,florida_lotto,FL-S02,2019-03-06,main,exploration
FL-D-2019-03-09,florida_lotto,FL-S02,2019-03-09,main,exploration
FL-D-2019-03-13,florida_lotto,FL-S02,2019-03-13,main,exploration
FL-D-2019-03-16,florida_lotto,FL-S02,2019-03-16,main,exploration
FL-D-2019-03-20,florida_lotto,FL-S02,2019-03-20,main,exploration
FL-D-2019-03-23,florida_lotto,FL-S02,2019-03-23,main,exploration
FL-D-2019-03-27,florida_lotto,FL-S02,2019-03-27,main,exploration
FL-D-2019-03-30,florida_lotto,FL-S02,2019-03-30,main,exploration
FL-D-2019-04-03,florida_lotto,FL-S02,2019-04-03,main,exploration
FL-D-2019-04-06,florida_lotto,FL-S02,2019-04-06,main,exploration
FL-D-2019-04-10,florida_lotto,FL-S02,2019-04-10,main,exploration
FL-D-2019-04-13,florida_lotto,FL-S02,2019-04-13,main,exploration
FL-D-2019-04-17,florida_lotto,FL-S02,2019-04-17,main,exploration
FL-D-2019-04-20,florida_lotto,FL-S02,2019-04-20,main,exploration
FL-D-2019-04-24,florida_lotto,FL-S02,2019-04-24,main,exploration
FL-D-2019-04-27,florida_lotto,FL-S02,2019-04-27,main,exploration
FL-D-2019-05-01,florida_lotto,FL-S02,2019-05-01,main,exploration
FL-D-2019-05-04,florida_lotto,FL-S02,2019-05-04,main,exploration
FL-D-2019-05-08,florida_lotto,FL-S02,2019-05-08,main,exploration
FL-D-2019-05-11,florida_lotto,FL-S02,2019-05-11,main,exploration
FL-D-2019-05-15,florida_lotto,FL-S02,2019-05-15,main,exploration
FL-D-2019-05-18,florida_lotto,FL-S02,2019-05-18,main,exploration
FL-D-2019-05-22,florida_lotto,FL-S02,2019-05-22,main,exploration
FL-D-2019-05-25,florida_lotto,FL-S02,2019-05-25,main,exploration
FL-D-2019-05-29,florida_lotto,FL-S02,2019-05-29,main,exploration
FL-D-2019-06-01,florida_lotto,FL-S02,2019-06-01,main,exploration
FL-D-2019-06-05,florida_lotto,FL-S02,2019-06-05,main,exploration
FL-D-2019-06-08,florida_lotto,FL-S02,2019-06-08,main,exploration
FL-D-2019-06-12,florida_lotto,FL-S02,2019-06-12,main,exploration
FL-D-2019-06-15,florida_lotto,FL-S02,2019-06-15,main,exploration
FL-D-2019-06-19,florida_lotto,FL-S02,2019-06-19,main,exploration
FL-D-2019-06-22,florida_lotto,FL-S02,2019-06-22,main,exploration
FL-D-2019-06-26,florida_lotto,FL-S02,2019-06-26,main,exploration
FL-D-2019-06-29,florida_lotto,FL-S02,2019-06-29,main,exploration
FL-D-2019-07-03,florida_lotto,FL-S02,2019-07-03,main,exploration
FL-D-2019-07-06,florida_lotto,FL-S02,2019-07-06,main,exploration
FL-D-2019-07-10,florida_lotto,FL-S02,2019-07-10,main,exploration
FL-D-2019-07-13,florida_lotto,FL-S02,2019-07-13,main,exploration
FL-D-2019-07-17,florida_lotto,FL-S02,2019-07-17,main,exploration
FL-D-2019-07-20,florida_lotto,FL-S02,2019-07-20,main,exploration
FL-D-2019-07-24,florida_lotto,FL-S02,2019-07-24,main,exploration
FL-D-2019-07-27,florida_lotto,FL-S02,2019-07-27,main,exploration
FL-D-2019-07-31,florida_lotto,FL-S02,2019-07-31,main,exploration
FL-D-2019-08-03,florida_lotto,FL-S02,2019-08-03,main,exploration
FL-D-2019-08-07,florida_lotto,FL-S02,2019-08-07,main,exploration
FL-D-2019-08-10,florida_lotto,FL-S02,2019-08-10,main,exploration
FL-D-2019-08-14,florida_lotto,FL-S02,2019-08-14,main,exploration
FL-D-2019-08-17,florida_lotto,FL-S02,2019-08-17,main,exploration
FL-D-2019-08-21,florida_lotto,FL-S02,2019-08-21,main,exploration
FL-D-2019-08-24,florida_lotto,FL-S02,2019-08-24,main,exploration
FL-D-2019-08-28,florida_lotto,FL-S02,2019-08-28,main,exploration
FL-D-2019-08-31,florida_lotto,FL-S02,2019-08-31,main,exploration
FL-D-2019-09-04,florida_lotto,FL-S02,2019-09-04,main,exploration
FL-D-2019-09-07,florida_lotto,FL-S02,2019-09-07,main,exploration
FL-D-2019-09-11,florida_lotto,FL-S02,2019-09-11,main,exploration
FL-D-2019-09-14,florida_lotto,FL-S02,2019-09-14,main,exploration
FL-D-2019-09-18,florida_lotto,FL-S02,2019-09-18,main,exploration
FL-D-2019-09-21,florida_lotto,FL-S02,2019-09-21,main,exploration
FL-D-2019-09-25,florida_lotto,FL-S02,2019-09-25,main,exploration
FL-D-2019-09-28,florida_lotto,FL-S02,2019-09-28,main,exploration
FL-D-2019-10-02,florida_lotto,FL-S02,2019-10-02,main,exploration
FL-D-2019-10-05,florida_lotto,FL-S02,2019-10-05,main,exploration
FL-D-2019-10-09,florida_lotto,FL-S02,2019-10-09,main,exploration
FL-D-2019-10-12,florida_lotto,FL-S02,2019-10-12,main,exploration
FL-D-2019-10-16,florida_lotto,FL-S02,2019-10-16,main,exploration
FL-D-2019-10-19,florida_lotto,FL-S02,2019-10-19,main,exploration
FL-D-2019-10-23,florida_lotto,FL-S02,2019-10-23,main,exploration
FL-D-2019-10-26,florida_lotto,FL-S02,2019-10-26,main,exploration
FL-D-2019-10-30,florida_lotto,FL-S02,2019-10-30,main,exploration
FL-D-2019-11-02,florida_lotto,FL-S02,2019-11-02,main,exploration
FL-D-2019-11-06,florida_lotto,FL-S02,2019-11-06,main,exploration
FL-D-2019-11-09,florida_lotto,FL-S02,2019-11-09,main,exploration
FL-D-2019-11-13,florida_lotto,FL-S02,2019-11-13,main,exploration
FL-D-2019-11-16,florida_lotto,FL-S02,2019-11-16,main,exploration
FL-D-2019-11-20,florida_lotto,FL-S02,2019-11-20,main,exploration
FL-D-2019-11-23,florida_lotto,FL-S02,2019-11-23,main,exploration
FL-D-2019-11-27,florida_lotto,FL-S02,2019-11-27,main,exploration
FL-D-2019-11-30,florida_lotto,FL-S02,2019-11-30,main,exploration
FL-D-2019-12-04,florida_lotto,FL-S02,2019-12-04,main,exploration
FL-D-2019-12-07,florida_lotto,FL-S02,2019-12-07,main,exploration
FL-D-2019-12-11,florida_lotto,FL-S02,2019-12-11,main,exploration
FL-D-2019-12-14,florida_lotto,FL-S02,2019-12-14,main,exploration
FL-D-2019-12-18,florida_lotto,FL-S02,2019-12-18,main,exploration
FL-D-2019-12-21,florida_lotto,FL-S02,2019-12-21,main,exploration
FL-D-2019-12-25,florida_lotto,FL-S02,2019-12-25,main,exploration
FL-D-2019-12-28,florida_lotto,FL-S02,2019-12-28,main,exploration
FL-D-2020-01-01,florida_lotto,FL-S02,2020-01-01,main,exploration
FL-D-2020-01-04,florida_lotto,FL-S02,2020-01-04,main,exploration
FL-D-2020-01-08,florida_lotto,FL-S02,2020-01-08,main,exploration
FL-D-2020-01-11,florida_lotto,FL-S02,2020-01-11,main,exploration
FL-D-2020-01-15,florida_lotto,FL-S02,2020-01-15,main,exploration
FL-D-2020-01-18,florida_lotto,FL-S02,2020-01-18,main,exploration
FL-D-2020-01-22,florida_lotto,FL-S02,2020-01-22,main,exploration
FL-D-2020-01-25,florida_lotto,FL-S02,2020-01-25,main,exploration
FL-D-2020-01-29,florida_lotto,FL-S02,2020-01-29,main,exploration
FL-D-2020-02-01,florida_lotto,FL-S02,2020-02-01,main,exploration
FL-D-2020-02-05,florida_lotto,FL-S02,2020-02-05,main,exploration
FL-D-2020-02-08,florida_lotto,FL-S02,2020-02-08,main,exploration
FL-D-2020-02-12,florida_lotto,FL-S02,2020-02-12,main,exploration
FL-D-2020-02-15,florida_lotto,FL-S02,2020-02-15,main,exploration
FL-D-2020-02-19,florida_lotto,FL-S02,2020-02-19,main,exploration
FL-D-2020-02-22,florida_lotto,FL-S02,2020-02-22,main,exploration
FL-D-2020-02-26,florida_lotto,FL-S02,2020-02-26,main,exploration
FL-D-2020-02-29,florida_lotto,FL-S02,2020-02-29,main,exploration
FL-D-2020-03-04,florida_lotto,FL-S02,2020-03-04,main,exploration
FL-D-2020-03-07,florida_lotto,FL-S02,2020-03-07,main,exploration
FL-D-2020-03-11,florida_lotto,FL-S02,2020-03-11,main,exploration
FL-D-2020-03-14,florida_lotto,FL-S02,2020-03-14,main,exploration
FL-D-2020-03-18,florida_lotto,FL-S02,2020-03-18,main,exploration
FL-D-2020-03-21,florida_lotto,FL-S02,2020-03-21,main,exploration
FL-D-2020-03-25,florida_lotto,FL-S02,2020-03-25,main,exploration
FL-D-2020-03-28,florida_lotto,FL-S02,2020-03-28,main,exploration
FL-D-2020-04-01,florida_lotto,FL-S02,2020-04-01,main,exploration
FL-D-2020-04-04,florida_lotto,FL-S02,2020-04-04,main,exploration
FL-D-2020-04-08,florida_lotto,FL-S02,2020-04-08,main,exploration
FL-D-2020-04-11,florida_lotto,FL-S02,2020-04-11,main,exploration
FL-D-2020-04-15,florida_lotto,FL-S02,2020-04-15,main,exploration
FL-D-2020-04-18,florida_lotto,FL-S02,2020-04-18,main,exploration
FL-D-2020-04-22,florida_lotto,FL-S02,2020-04-22,main,exploration
FL-D-2020-04-25,florida_lotto,FL-S02,2020-04-25,main,exploration
FL-D-2020-04-29,florida_lotto,FL-S02,2020-04-29,main,exploration
FL-D-2020-05-02,florida_lotto,FL-S02,2020-05-02,main,exploration
FL-D-2020-05-06,florida_lotto,FL-S02,2020-05-06,main,exploration
FL-D-2020-05-09,florida_lotto,FL-S02,2020-05-09,main,exploration
FL-D-2020-05-13,florida_lotto,FL-S02,2020-05-13,main,exploration
FL-D-2020-05-16,florida_lotto,FL-S02,2020-05-16,main,exploration
FL-D-2020-05-20,florida_lotto,FL-S02,2020-05-20,main,exploration
FL-D-2020-05-23,florida_lotto,FL-S02,2020-05-23,main,exploration
FL-D-2020-05-27,florida_lotto,FL-S02,2020-05-27,main,exploration
FL-D-2020-05-30,florida_lotto,FL-S02,2020-05-30,main,exploration
FL-D-2020-06-03,florida_lotto,FL-S02,2020-06-03,main,exploration
FL-D-2020-06-06,florida_lotto,FL-S02,2020-06-06,main,exploration
FL-D-2020-06-10,florida_lotto,FL-S02,2020-06-10,main,exploration
FL-D-2020-06-13,florida_lotto,FL-S02,2020-06-13,main,exploration
FL-D-2020-06-17,florida_lotto,FL-S02,2020-06-17,main,exploration
FL-D-2020-06-20,florida_lotto,FL-S02,2020-06-20,main,exploration
FL-D-2020-06-24,florida_lotto,FL-S02,2020-06-24,main,exploration
FL-D-2020-06-27,florida_lotto,FL-S02,2020-06-27,main,exploration
FL-D-2020-07-01,florida_lotto,FL-S02,2020-07-01,main,exploration
FL-D-2020-07-04,florida_lotto,FL-S02,2020-07-04,main,exploration
FL-D-2020-07-08,florida_lotto,FL-S02,2020-07-08,main,exploration
FL-D-2020-07-11,florida_lotto,FL-S02,2020-07-11,main,exploration
FL-D-2020-07-15,florida_lotto,FL-S02,2020-07-15,main,exploration
FL-D-2020-07-18,florida_lotto,FL-S02,2020-07-18,main,exploration
FL-D-2020-07-22,florida_lotto,FL-S02,2020-07-22,main,exploration
FL-D-2020-07-25,florida_lotto,FL-S02,2020-07-25,main,exploration
FL-D-2020-07-29,florida_lotto,FL-S02,2020-07-29,main,exploration
FL-D-2020-08-01,florida_lotto,FL-S02,2020-08-01,main,exploration
FL-D-2020-08-05,florida_lotto,FL-S02,2020-08-05,main,exploration
FL-D-2020-08-08,florida_lotto,FL-S02,2020-08-08,main,exploration
FL-D-2020-08-12,florida_lotto,FL-S02,2020-08-12,main,exploration
FL-D-2020-08-15,florida_lotto,FL-S02,2020-08-15,main,exploration
FL-D-2020-08-19,florida_lotto,FL-S02,2020-08-19,main,exploration
FL-D-2020-08-22,florida_lotto,FL-S02,2020-08-22,main,exploration
FL-D-2020-08-26,florida_lotto,FL-S02,2020-08-26,main,exploration
FL-D-2020-08-29,florida_lotto,FL-S02,2020-08-29,main,exploration
FL-D-2020-09-02,florida_lotto,FL-S02,2020-09-02,main,exploration
FL-D-2020-09-05,florida_lotto,FL-S02,2020-09-05,main,exploration
FL-D-2020-09-09,florida_lotto,FL-S02,2020-09-09,main,exploration
FL-D-2020-09-12,florida_lotto,FL-S02,2020-09-12,main,exploration
FL-D-2020-09-16,florida_lotto,FL-S02,2020-09-16,main,exploration
FL-D-2020-09-19,florida_lotto,FL-S02,2020-09-19,main,exploration
FL-D-2020-09-23,florida_lotto,FL-S02,2020-09-23,main,exploration
FL-D-2020-09-26,florida_lotto,FL-S02,2020-09-26,main,exploration
FL-D-2020-09-30,florida_lotto,FL-S02,2020-09-30,main,exploration
FL-D-2020-10-03,florida_lotto,FL-S02,2020-10-03,main,exploration
FL-D-2020-10-07,florida_lotto,FL-S02,2020-10-07,main,exploration
FL-D-2020-10-10,florida_lotto,FL-S02,2020-10-10,main,exploration
FL-D-2020-10-14,florida_lotto,FL-S02,2020-10-14,main,exploration
FL-D-2020-10-17,florida_lotto,FL-S02,2020-10-17,main,exploration
FL-D-2020-10-21,florida_lotto,FL-S02,2020-10-21,main,exploration
FL-D-2020-10-24,florida_lotto,FL-S02,2020-10-24,main,exploration
FL-D-2020-10-28,florida_lotto,FL-S02,2020-10-28,main,exploration
FL-D-2020-10-31,florida_lotto,FL-S02,2020-10-31,main,exploration
FL-D-2020-11-04,florida_lotto,FL-S02,2020-11-04,main,exploration
FL-D-2020-11-07,florida_lotto,FL-S02,2020-11-07,main,exploration
FL-D-2020-11-11,florida_lotto,FL-S02,2020-11-11,main,exploration
FL-D-2020-11-14,florida_lotto,FL-S02,2020-11-14,main,exploration
FL-D-2020-11-18,florida_lotto,FL-S02,2020-11-18,main,exploration
FL-D-2020-11-21,florida_lotto,FL-S02,2020-11-21,main,exploration
FL-D-2020-11-25,florida_lotto,FL-S02,2020-11-25,main,exploration
FL-D-2020-11-28,florida_lotto,FL-S02,2020-11-28,main,exploration
FL-D-2020-12-02,florida_lotto,FL-S02,2020-12-02,main,exploration
FL-D-2020-12-05,florida_lotto,FL-S02,2020-12-05,main,exploration
FL-D-2020-12-09,florida_lotto,FL-S02,2020-12-09,main,exploration
FL-D-2020-12-12,florida_lotto,FL-S02,2020-12-12,main,exploration
FL-D-2020-12-16,florida_lotto,FL-S02,2020-12-16,main,exploration
FL-D-2020-12-19,florida_lotto,FL-S02,2020-12-19,main,exploration
FL-D-2020-12-23,florida_lotto,FL-S02,2020-12-23,main,exploration
FL-D-2020-12-26,florida_lotto,FL-S02,2020-12-26,main,exploration
FL-D-2020-12-30,florida_lotto,FL-S02,2020-12-30,main,exploration
FL-D-2021-01-02,florida_lotto,FL-S02,2021-01-02,main,exploration
FL-D-2021-01-06,florida_lotto,FL-S02,2021-01-06,main,exploration
FL-D-2021-01-09,florida_lotto,FL-S02,2021-01-09,main,exploration
FL-D-2021-01-13,florida_lotto,FL-S02,2021-01-13,main,exploration
FL-D-2021-01-16,florida_lotto,FL-S02,2021-01-16,main,exploration
FL-D-2021-01-20,florida_lotto,FL-S02,2021-01-20,main,exploration
FL-D-2021-01-23,florida_lotto,FL-S02,2021-01-23,main,exploration
FL-D-2021-01-27,florida_lotto,FL-S02,2021-01-27,main,exploration
FL-D-2021-01-30,florida_lotto,FL-S02,2021-01-30,main,exploration
FL-D-2021-02-03,florida_lotto,FL-S02,2021-02-03,main,exploration
FL-D-2021-02-06,florida_lotto,FL-S02,2021-02-06,main,exploration
FL-D-2021-02-10,florida_lotto,FL-S02,2021-02-10,main,exploration
FL-D-2021-02-13,florida_lotto,FL-S02,2021-02-13,main,exploration
FL-D-2021-02-17,florida_lotto,FL-S02,2021-02-17,main,exploration
FL-D-2021-02-20,florida_lotto,FL-S02,2021-02-20,main,exploration
FL-D-2021-02-24,florida_lotto,FL-S02,2021-02-24,main,exploration
FL-D-2021-02-27,florida_lotto,FL-S02,2021-02-27,main,exploration
FL-D-2021-03-03,florida_lotto,FL-S02,2021-03-03,main,exploration
FL-D-2021-03-06,florida_lotto,FL-S02,2021-03-06,main,exploration
FL-D-2021-03-10,florida_lotto,FL-S02,2021-03-10,main,exploration
FL-D-2021-03-13,florida_lotto,FL-S02,2021-03-13,main,exploration
FL-D-2021-03-17,florida_lotto,FL-S02,2021-03-17,main,exploration
FL-D-2021-03-20,florida_lotto,FL-S02,2021-03-20,main,exploration
FL-D-2021-03-24,florida_lotto,FL-S02,2021-03-24,main,exploration
FL-D-2021-03-27,florida_lotto,FL-S02,2021-03-27,main,exploration
FL-D-2021-03-31,florida_lotto,FL-S02,2021-03-31,main,exploration
FL-D-2021-04-03,florida_lotto,FL-S02,2021-04-03,main,exploration
FL-D-2021-04-07,florida_lotto,FL-S02,2021-04-07,main,exploration
FL-D-2021-04-10,florida_lotto,FL-S02,2021-04-10,main,exploration
FL-D-2021-04-14,florida_lotto,FL-S02,2021-04-14,main,exploration
FL-D-2021-04-17,florida_lotto,FL-S02,2021-04-17,main,exploration
FL-D-2021-04-21,florida_lotto,FL-S02,2021-04-21,main,exploration
FL-D-2021-04-24,florida_lotto,FL-S02,2021-04-24,main,exploration
FL-D-2021-04-28,florida_lotto,FL-S02,2021-04-28,main,exploration
FL-D-2021-05-01,florida_lotto,FL-S02,2021-05-01,main,exploration
FL-D-2021-05-05,florida_lotto,FL-S02,2021-05-05,main,exploration
FL-D-2021-05-08,florida_lotto,FL-S02,2021-05-08,main,exploration
MM-D-1996-09-06,mega_millions,MM-S01,1996-09-06,main,exploration
MM-D-1996-09-13,mega_millions,MM-S01,1996-09-13,main,exploration
MM-D-1996-09-20,mega_millions,MM-S01,1996-09-20,main,exploration
MM-D-1996-09-27,mega_millions,MM-S01,1996-09-27,main,exploration
MM-D-1996-10-04,mega_millions,MM-S01,1996-10-04,main,exploration
MM-D-1996-10-11,mega_millions,MM-S01,1996-10-11,main,exploration
MM-D-1996-10-18,mega_millions,MM-S01,1996-10-18,main,exploration
MM-D-1996-10-25,mega_millions,MM-S01,1996-10-25,main,exploration
MM-D-1996-11-01,mega_millions,MM-S01,1996-11-01,main,exploration
MM-D-1996-11-08,mega_millions,MM-S01,1996-11-08,main,exploration
MM-D-1996-11-15,mega_millions,MM-S01,1996-11-15,main,exploration
MM-D-1996-11-22,mega_millions,MM-S01,1996-11-22,main,exploration
MM-D-1996-11-30,mega_millions,MM-S01,1996-11-30,main,exploration
MM-D-1996-12-06,mega_millions,MM-S01,1996-12-06,main,exploration
MM-D-1996-12-13,mega_millions,MM-S01,1996-12-13,main,exploration
MM-D-1996-12-20,mega_millions,MM-S01,1996-12-20,main,exploration
MM-D-1996-12-27,mega_millions,MM-S01,1996-12-27,main,exploration
MM-D-1997-01-03,mega_millions,MM-S01,1997-01-03,main,exploration
MM-D-1997-01-10,mega_millions,MM-S01,1997-01-10,main,exploration
MM-D-1997-01-17,mega_millions,MM-S01,1997-01-17,main,exploration
MM-D-1997-01-23,mega_millions,MM-S01,1997-01-23,main,exploration
MM-D-1997-01-24,mega_millions,MM-S01,1997-01-24,main,exploration
MM-D-1997-01-31,mega_millions,MM-S01,1997-01-31,main,exploration
MM-D-1997-02-07,mega_millions,MM-S01,1997-02-07,main,exploration
MM-D-1997-02-14,mega_millions,MM-S01,1997-02-14,main,exploration
MM-D-1997-02-21,mega_millions,MM-S01,1997-02-21,main,exploration
MM-D-1997-02-28,mega_millions,MM-S01,1997-02-28,main,exploration
MM-D-1997-03-07,mega_millions,MM-S01,1997-03-07,main,exploration
MM-D-1997-03-14,mega_millions,MM-S01,1997-03-14,main,exploration
MM-D-1997-03-21,mega_millions,MM-S01,1997-03-21,main,exploration
MM-D-1997-03-28,mega_millions,MM-S01,1997-03-28,main,exploration
MM-D-1997-04-04,mega_millions,MM-S01,1997-04-04,main,exploration
MM-D-1997-04-11,mega_millions,MM-S01,1997-04-11,main,exploration
MM-D-1997-04-18,mega_millions,MM-S01,1997-04-18,main,exploration
MM-D-1997-04-25,mega_millions,MM-S01,1997-04-25,main,exploration
MM-D-1997-05-02,mega_millions,MM-S01,1997-05-02,main,exploration
MM-D-1997-05-09,mega_millions,MM-S01,1997-05-09,main,exploration
MM-D-1997-05-16,mega_millions,MM-S01,1997-05-16,main,exploration
MM-D-1997-05-23,mega_millions,MM-S01,1997-05-23,main,exploration
MM-D-1997-05-30,mega_millions,MM-S01,1997-05-30,main,exploration
MM-D-1997-06-06,mega_millions,MM-S01,1997-06-06,main,exploration
MM-D-1997-06-13,mega_millions,MM-S01,1997-06-13,main,exploration
MM-D-1997-06-20,mega_millions,MM-S01,1997-06-20,main,exploration
MM-D-1997-06-27,mega_millions,MM-S01,1997-06-27,main,exploration
MM-D-1997-07-04,mega_millions,MM-S01,1997-07-04,main,exploration
MM-D-1997-07-11,mega_millions,MM-S01,1997-07-11,main,exploration
MM-D-1997-07-18,mega_millions,MM-S01,1997-07-18,main,exploration
MM-D-1997-07-25,mega_millions,MM-S01,1997-07-25,main,exploration
MM-D-1997-08-01,mega_millions,MM-S01,1997-08-01,main,exploration
MM-D-1997-08-08,mega_millions,MM-S01,1997-08-08,main,exploration
MM-D-1997-08-15,mega_millions,MM-S01,1997-08-15,main,exploration
MM-D-1997-08-22,mega_millions,MM-S01,1997-08-22,main,exploration
MM-D-1997-08-29,mega_millions,MM-S01,1997-08-29,main,exploration
MM-D-1997-09-05,mega_millions,MM-S01,1997-09-05,main,exploration
MM-D-1997-09-12,mega_millions,MM-S01,1997-09-12,main,exploration
MM-D-1997-09-19,mega_millions,MM-S01,1997-09-19,main,exploration
MM-D-1997-09-26,mega_millions,MM-S01,1997-09-26,main,exploration
MM-D-1997-10-03,mega_millions,MM-S01,1997-10-03,main,exploration
MM-D-1997-10-10,mega_millions,MM-S01,1997-10-10,main,exploration
MM-D-1997-10-17,mega_millions,MM-S01,1997-10-17,main,exploration
MM-D-1997-10-24,mega_millions,MM-S01,1997-10-24,main,exploration
MM-D-1997-10-31,mega_millions,MM-S01,1997-10-31,main,exploration
MM-D-1997-11-07,mega_millions,MM-S01,1997-11-07,main,exploration
MM-D-1997-11-14,mega_millions,MM-S01,1997-11-14,main,exploration
MM-D-1997-11-21,mega_millions,MM-S01,1997-11-21,main,exploration
MM-D-1997-11-28,mega_millions,MM-S01,1997-11-28,main,exploration
MM-D-1997-12-05,mega_millions,MM-S01,1997-12-05,main,exploration
MM-D-1997-12-12,mega_millions,MM-S01,1997-12-12,main,exploration
MM-D-1997-12-19,mega_millions,MM-S01,1997-12-19,main,exploration
MM-D-1997-12-26,mega_millions,MM-S01,1997-12-26,main,exploration
MM-D-1998-01-02,mega_millions,MM-S01,1998-01-02,main,exploration
MM-D-1998-01-09,mega_millions,MM-S01,1998-01-09,main,exploration
MM-D-1998-01-16,mega_millions,MM-S01,1998-01-16,main,exploration
MM-D-1998-01-30,mega_millions,MM-S01,1998-01-30,main,exploration
MM-D-1998-02-06,mega_millions,MM-S01,1998-02-06,main,exploration
MM-D-1998-02-10,mega_millions,MM-S01,1998-02-10,main,exploration
MM-D-1998-02-13,mega_millions,MM-S01,1998-02-13,main,exploration
MM-D-1998-02-17,mega_millions,MM-S01,1998-02-17,main,exploration
MM-D-1998-02-20,mega_millions,MM-S01,1998-02-20,main,exploration
MM-D-1998-02-24,mega_millions,MM-S01,1998-02-24,main,exploration
MM-D-1998-02-27,mega_millions,MM-S01,1998-02-27,main,exploration
MM-D-1998-03-03,mega_millions,MM-S01,1998-03-03,main,exploration
MM-D-1998-03-06,mega_millions,MM-S01,1998-03-06,main,exploration
MM-D-1998-03-10,mega_millions,MM-S01,1998-03-10,main,exploration
MM-D-1998-03-13,mega_millions,MM-S01,1998-03-13,main,exploration
MM-D-1998-03-17,mega_millions,MM-S01,1998-03-17,main,exploration
MM-D-1998-03-20,mega_millions,MM-S01,1998-03-20,main,exploration
MM-D-1998-03-24,mega_millions,MM-S01,1998-03-24,main,exploration
MM-D-1998-03-27,mega_millions,MM-S01,1998-03-27,main,exploration
MM-D-1998-03-31,mega_millions,MM-S01,1998-03-31,main,exploration
MM-D-1998-04-03,mega_millions,MM-S01,1998-04-03,main,exploration
MM-D-1998-04-07,mega_millions,MM-S01,1998-04-07,main,exploration
MM-D-1998-04-10,mega_millions,MM-S01,1998-04-10,main,exploration
MM-D-1998-04-14,mega_millions,MM-S01,1998-04-14,main,exploration
MM-D-1998-04-17,mega_millions,MM-S01,1998-04-17,main,exploration
MM-D-1998-04-21,mega_millions,MM-S01,1998-04-21,main,exploration
MM-D-1998-04-24,mega_millions,MM-S01,1998-04-24,main,exploration
MM-D-1998-04-28,mega_millions,MM-S01,1998-04-28,main,exploration
MM-D-1998-05-01,mega_millions,MM-S01,1998-05-01,main,exploration
MM-D-1998-05-05,mega_millions,MM-S01,1998-05-05,main,exploration
MM-D-1998-05-08,mega_millions,MM-S01,1998-05-08,main,exploration
MM-D-1998-05-12,mega_millions,MM-S01,1998-05-12,main,exploration
MM-D-1998-05-15,mega_millions,MM-S01,1998-05-15,main,exploration
MM-D-1998-05-19,mega_millions,MM-S01,1998-05-19,main,exploration
MM-D-1998-05-22,mega_millions,MM-S01,1998-05-22,main,exploration
MM-D-1998-05-26,mega_millions,MM-S01,1998-05-26,main,exploration
MM-D-1998-05-29,mega_millions,MM-S01,1998-05-29,main,exploration
MM-D-1998-06-02,mega_millions,MM-S01,1998-06-02,main,exploration
MM-D-1998-06-05,mega_millions,MM-S01,1998-06-05,main,exploration
MM-D-1998-06-12,mega_millions,MM-S01,1998-06-12,main,exploration
MM-D-1998-06-16,mega_millions,MM-S01,1998-06-16,main,exploration
MM-D-1998-06-19,mega_millions,MM-S01,1998-06-19,main,exploration
MM-D-1998-06-23,mega_millions,MM-S01,1998-06-23,main,exploration
MM-D-1998-06-26,mega_millions,MM-S01,1998-06-26,main,exploration
MM-D-1998-06-30,mega_millions,MM-S01,1998-06-30,main,exploration
MM-D-1998-07-03,mega_millions,MM-S01,1998-07-03,main,exploration
MM-D-1998-07-07,mega_millions,MM-S01,1998-07-07,main,exploration
MM-D-1998-07-10,mega_millions,MM-S01,1998-07-10,main,exploration
MM-D-1998-07-14,mega_millions,MM-S01,1998-07-14,main,exploration
MM-D-1998-07-17,mega_millions,MM-S01,1998-07-17,main,exploration
MM-D-1998-07-21,mega_millions,MM-S01,1998-07-21,main,exploration
MM-D-1998-07-24,mega_millions,MM-S01,1998-07-24,main,exploration
MM-D-1998-07-28,mega_millions,MM-S01,1998-07-28,main,exploration
MM-D-1998-07-31,mega_millions,MM-S01,1998-07-31,main,exploration
MM-D-1998-08-04,mega_millions,MM-S01,1998-08-04,main,exploration
MM-D-1998-08-07,mega_millions,MM-S01,1998-08-07,main,exploration
MM-D-1998-08-11,mega_millions,MM-S01,1998-08-11,main,exploration
MM-D-1998-08-14,mega_millions,MM-S01,1998-08-14,main,exploration
MM-D-1998-08-18,mega_millions,MM-S01,1998-08-18,main,exploration
MM-D-1998-08-21,mega_millions,MM-S01,1998-08-21,main,exploration
MM-D-1998-08-25,mega_millions,MM-S01,1998-08-25,main,exploration
MM-D-1998-08-28,mega_millions,MM-S01,1998-08-28,main,exploration
MM-D-1998-09-01,mega_millions,MM-S01,1998-09-01,main,exploration
MM-D-1998-09-04,mega_millions,MM-S01,1998-09-04,main,exploration
MM-D-1998-09-08,mega_millions,MM-S01,1998-09-08,main,exploration
MM-D-1998-09-11,mega_millions,MM-S01,1998-09-11,main,exploration
MM-D-1999-01-15,mega_millions,MM-S02,1999-01-15,main,exploration
MM-D-1999-01-19,mega_millions,MM-S02,1999-01-19,main,exploration
MM-D-1999-01-22,mega_millions,MM-S02,1999-01-22,main,exploration
MM-D-1999-01-26,mega_millions,MM-S02,1999-01-26,main,exploration
MM-D-1999-01-29,mega_millions,MM-S02,1999-01-29,main,exploration
MM-D-1999-02-02,mega_millions,MM-S02,1999-02-02,main,exploration
MM-D-1999-02-05,mega_millions,MM-S02,1999-02-05,main,exploration
MM-D-1999-02-09,mega_millions,MM-S02,1999-02-09,main,exploration
MM-D-1999-02-12,mega_millions,MM-S02,1999-02-12,main,exploration
MM-D-1999-02-16,mega_millions,MM-S02,1999-02-16,main,exploration
MM-D-1999-02-19,mega_millions,MM-S02,1999-02-19,main,exploration
MM-D-1999-02-23,mega_millions,MM-S02,1999-02-23,main,exploration
MM-D-1999-02-26,mega_millions,MM-S02,1999-02-26,main,exploration
MM-D-1999-03-02,mega_millions,MM-S02,1999-03-02,main,exploration
MM-D-1999-03-05,mega_millions,MM-S02,1999-03-05,main,exploration
MM-D-1999-03-09,mega_millions,MM-S02,1999-03-09,main,exploration
MM-D-1999-03-12,mega_millions,MM-S02,1999-03-12,main,exploration
MM-D-1999-03-16,mega_millions,MM-S02,1999-03-16,main,exploration
MM-D-1999-03-19,mega_millions,MM-S02,1999-03-19,main,exploration
MM-D-1999-03-23,mega_millions,MM-S02,1999-03-23,main,exploration
MM-D-1999-03-26,mega_millions,MM-S02,1999-03-26,main,exploration
MM-D-1999-03-30,mega_millions,MM-S02,1999-03-30,main,exploration
MM-D-1999-04-02,mega_millions,MM-S02,1999-04-02,main,exploration
MM-D-1999-04-06,mega_millions,MM-S02,1999-04-06,main,exploration
MM-D-1999-04-09,mega_millions,MM-S02,1999-04-09,main,exploration
MM-D-1999-04-13,mega_millions,MM-S02,1999-04-13,main,exploration
MM-D-1999-04-16,mega_millions,MM-S02,1999-04-16,main,exploration
MM-D-1999-04-20,mega_millions,MM-S02,1999-04-20,main,exploration
MM-D-1999-04-23,mega_millions,MM-S02,1999-04-23,main,exploration
MM-D-1999-04-27,mega_millions,MM-S02,1999-04-27,main,exploration
MM-D-1999-04-30,mega_millions,MM-S02,1999-04-30,main,exploration
MM-D-1999-05-04,mega_millions,MM-S02,1999-05-04,main,exploration
MM-D-1999-05-07,mega_millions,MM-S02,1999-05-07,main,exploration
MM-D-1999-05-11,mega_millions,MM-S02,1999-05-11,main,exploration
MM-D-1999-05-14,mega_millions,MM-S02,1999-05-14,main,exploration
MM-D-1999-05-18,mega_millions,MM-S02,1999-05-18,main,exploration
MM-D-1999-05-21,mega_millions,MM-S02,1999-05-21,main,exploration
MM-D-1999-05-25,mega_millions,MM-S02,1999-05-25,main,exploration
MM-D-1999-05-28,mega_millions,MM-S02,1999-05-28,main,exploration
MM-D-1999-06-01,mega_millions,MM-S02,1999-06-01,main,exploration
MM-D-1999-06-04,mega_millions,MM-S02,1999-06-04,main,exploration
MM-D-1999-06-08,mega_millions,MM-S02,1999-06-08,main,exploration
MM-D-1999-06-11,mega_millions,MM-S02,1999-06-11,main,exploration
MM-D-1999-06-15,mega_millions,MM-S02,1999-06-15,main,exploration
MM-D-1999-06-18,mega_millions,MM-S02,1999-06-18,main,exploration
MM-D-1999-06-22,mega_millions,MM-S02,1999-06-22,main,exploration
MM-D-1999-06-25,mega_millions,MM-S02,1999-06-25,main,exploration
MM-D-1999-06-29,mega_millions,MM-S02,1999-06-29,main,exploration
MM-D-1999-07-02,mega_millions,MM-S02,1999-07-02,main,exploration
MM-D-1999-07-06,mega_millions,MM-S02,1999-07-06,main,exploration
MM-D-1999-07-09,mega_millions,MM-S02,1999-07-09,main,exploration
MM-D-1999-07-13,mega_millions,MM-S02,1999-07-13,main,exploration
MM-D-1999-07-16,mega_millions,MM-S02,1999-07-16,main,exploration
MM-D-1999-07-20,mega_millions,MM-S02,1999-07-20,main,exploration
MM-D-1999-07-23,mega_millions,MM-S02,1999-07-23,main,exploration
MM-D-1999-07-27,mega_millions,MM-S02,1999-07-27,main,exploration
MM-D-1999-07-30,mega_millions,MM-S02,1999-07-30,main,exploration
MM-D-1999-08-03,mega_millions,MM-S02,1999-08-03,main,exploration
MM-D-1999-08-06,mega_millions,MM-S02,1999-08-06,main,exploration
MM-D-1999-08-10,mega_millions,MM-S02,1999-08-10,main,exploration
MM-D-1999-08-13,mega_millions,MM-S02,1999-08-13,main,exploration
MM-D-1999-08-17,mega_millions,MM-S02,1999-08-17,main,exploration
MM-D-1999-08-20,mega_millions,MM-S02,1999-08-20,main,exploration
MM-D-1999-08-24,mega_millions,MM-S02,1999-08-24,main,exploration
MM-D-1999-08-27,mega_millions,MM-S02,1999-08-27,main,exploration
MM-D-1999-08-31,mega_millions,MM-S02,1999-08-31,main,exploration
MM-D-1999-09-03,mega_millions,MM-S02,1999-09-03,main,exploration
MM-D-1999-09-07,mega_millions,MM-S02,1999-09-07,main,exploration
MM-D-1999-09-10,mega_millions,MM-S02,1999-09-10,main,exploration
MM-D-1999-09-14,mega_millions,MM-S02,1999-09-14,main,exploration
MM-D-1999-09-17,mega_millions,MM-S02,1999-09-17,main,exploration
MM-D-1999-09-21,mega_millions,MM-S02,1999-09-21,main,exploration
MM-D-1999-09-24,mega_millions,MM-S02,1999-09-24,main,exploration
MM-D-1999-09-28,mega_millions,MM-S02,1999-09-28,main,exploration
MM-D-1999-10-01,mega_millions,MM-S02,1999-10-01,main,exploration
MM-D-1999-10-05,mega_millions,MM-S02,1999-10-05,main,exploration
MM-D-1999-10-08,mega_millions,MM-S02,1999-10-08,main,exploration
MM-D-1999-10-12,mega_millions,MM-S02,1999-10-12,main,exploration
MM-D-1999-10-15,mega_millions,MM-S02,1999-10-15,main,exploration
MM-D-1999-10-19,mega_millions,MM-S02,1999-10-19,main,exploration
MM-D-1999-10-22,mega_millions,MM-S02,1999-10-22,main,exploration
MM-D-1999-10-26,mega_millions,MM-S02,1999-10-26,main,exploration
MM-D-1999-10-29,mega_millions,MM-S02,1999-10-29,main,exploration
MM-D-1999-11-02,mega_millions,MM-S02,1999-11-02,main,exploration
MM-D-1999-11-05,mega_millions,MM-S02,1999-11-05,main,exploration
MM-D-1999-11-09,mega_millions,MM-S02,1999-11-09,main,exploration
MM-D-1999-11-12,mega_millions,MM-S02,1999-11-12,main,exploration
MM-D-1999-11-16,mega_millions,MM-S02,1999-11-16,main,exploration
MM-D-1999-11-19,mega_millions,MM-S02,1999-11-19,main,exploration
MM-D-1999-11-23,mega_millions,MM-S02,1999-11-23,main,exploration
MM-D-1999-11-26,mega_millions,MM-S02,1999-11-26,main,exploration
MM-D-1999-11-30,mega_millions,MM-S02,1999-11-30,main,exploration
MM-D-1999-12-03,mega_millions,MM-S02,1999-12-03,main,exploration
MM-D-1999-12-07,mega_millions,MM-S02,1999-12-07,main,exploration
MM-D-1999-12-10,mega_millions,MM-S02,1999-12-10,main,exploration
MM-D-1999-12-14,mega_millions,MM-S02,1999-12-14,main,exploration
MM-D-1999-12-17,mega_millions,MM-S02,1999-12-17,main,exploration
MM-D-1999-12-21,mega_millions,MM-S02,1999-12-21,main,exploration
MM-D-1999-12-24,mega_millions,MM-S02,1999-12-24,main,exploration
MM-D-1999-12-28,mega_millions,MM-S02,1999-12-28,main,exploration
MM-D-1999-12-31,mega_millions,MM-S02,1999-12-31,main,exploration
MM-D-2000-01-04,mega_millions,MM-S02,2000-01-04,main,exploration
MM-D-2000-01-07,mega_millions,MM-S02,2000-01-07,main,exploration
MM-D-2000-01-11,mega_millions,MM-S02,2000-01-11,main,exploration
MM-D-2000-01-14,mega_millions,MM-S02,2000-01-14,main,exploration
MM-D-2000-01-18,mega_millions,MM-S02,2000-01-18,main,exploration
MM-D-2000-01-21,mega_millions,MM-S02,2000-01-21,main,exploration
MM-D-2000-01-25,mega_millions,MM-S02,2000-01-25,main,exploration
MM-D-2000-01-28,mega_millions,MM-S02,2000-01-28,main,exploration
MM-D-2000-02-01,mega_millions,MM-S02,2000-02-01,main,exploration
MM-D-2000-02-04,mega_millions,MM-S02,2000-02-04,main,exploration
MM-D-2000-02-08,mega_millions,MM-S02,2000-02-08,main,exploration
MM-D-2000-02-11,mega_millions,MM-S02,2000-02-11,main,exploration
MM-D-2000-02-15,mega_millions,MM-S02,2000-02-15,main,exploration
MM-D-2000-02-18,mega_millions,MM-S02,2000-02-18,main,exploration
MM-D-2000-02-22,mega_millions,MM-S02,2000-02-22,main,exploration
MM-D-2000-02-25,mega_millions,MM-S02,2000-02-25,main,exploration
MM-D-2000-02-29,mega_millions,MM-S02,2000-02-29,main,exploration
MM-D-2000-03-03,mega_millions,MM-S02,2000-03-03,main,exploration
MM-D-2000-03-07,mega_millions,MM-S02,2000-03-07,main,exploration
MM-D-2000-03-10,mega_millions,MM-S02,2000-03-10,main,exploration
MM-D-2000-03-14,mega_millions,MM-S02,2000-03-14,main,exploration
MM-D-2000-03-21,mega_millions,MM-S02,2000-03-21,main,exploration
MM-D-2000-03-24,mega_millions,MM-S02,2000-03-24,main,exploration
MM-D-2000-03-28,mega_millions,MM-S02,2000-03-28,main,exploration
MM-D-2000-03-31,mega_millions,MM-S02,2000-03-31,main,exploration
MM-D-2000-04-04,mega_millions,MM-S02,2000-04-04,main,exploration
MM-D-2000-04-07,mega_millions,MM-S02,2000-04-07,main,exploration
MM-D-2000-04-11,mega_millions,MM-S02,2000-04-11,main,exploration
MM-D-2000-04-14,mega_millions,MM-S02,2000-04-14,main,exploration
MM-D-2000-04-18,mega_millions,MM-S02,2000-04-18,main,exploration
MM-D-2000-04-21,mega_millions,MM-S02,2000-04-21,main,exploration
MM-D-2000-04-25,mega_millions,MM-S02,2000-04-25,main,exploration
MM-D-2000-04-28,mega_millions,MM-S02,2000-04-28,main,exploration
MM-D-2000-05-02,mega_millions,MM-S02,2000-05-02,main,exploration
MM-D-2000-05-05,mega_millions,MM-S02,2000-05-05,main,exploration
MM-D-2000-05-09,mega_millions,MM-S02,2000-05-09,main,exploration
MM-D-2000-05-12,mega_millions,MM-S02,2000-05-12,main,exploration
MM-D-2000-05-16,mega_millions,MM-S02,2000-05-16,main,exploration
MM-D-2000-05-19,mega_millions,MM-S02,2000-05-19,main,exploration
MM-D-2000-05-23,mega_millions,MM-S02,2000-05-23,main,exploration
MM-D-2000-05-26,mega_millions,MM-S02,2000-05-26,main,exploration
MM-D-2000-05-30,mega_millions,MM-S02,2000-05-30,main,exploration
MM-D-2000-06-02,mega_millions,MM-S02,2000-06-02,main,exploration
MM-D-2000-06-06,mega_millions,MM-S02,2000-06-06,main,exploration
MM-D-2000-06-09,mega_millions,MM-S02,2000-06-09,main,exploration
MM-D-2000-06-13,mega_millions,MM-S02,2000-06-13,main,exploration
MM-D-2000-06-16,mega_millions,MM-S02,2000-06-16,main,exploration
MM-D-2000-06-20,mega_millions,MM-S02,2000-06-20,main,exploration
MM-D-2000-06-23,mega_millions,MM-S02,2000-06-23,main,exploration
MM-D-2000-06-27,mega_millions,MM-S02,2000-06-27,main,exploration
MM-D-2000-06-30,mega_millions,MM-S02,2000-06-30,main,exploration
MM-D-2000-07-04,mega_millions,MM-S02,2000-07-04,main,exploration
MM-D-2000-07-07,mega_millions,MM-S02,2000-07-07,main,exploration
MM-D-2000-07-11,mega_millions,MM-S02,2000-07-11,main,exploration
MM-D-2000-07-14,mega_millions,MM-S02,2000-07-14,main,exploration
MM-D-2000-07-18,mega_millions,MM-S02,2000-07-18,main,exploration
MM-D-2000-07-21,mega_millions,MM-S02,2000-07-21,main,exploration
MM-D-2000-07-25,mega_millions,MM-S02,2000-07-25,main,exploration
MM-D-2000-07-28,mega_millions,MM-S02,2000-07-28,main,exploration
MM-D-2000-08-01,mega_millions,MM-S02,2000-08-01,main,exploration
MM-D-2000-08-04,mega_millions,MM-S02,2000-08-04,main,exploration
MM-D-2000-08-08,mega_millions,MM-S02,2000-08-08,main,exploration
MM-D-2000-08-11,mega_millions,MM-S02,2000-08-11,main,exploration
MM-D-2000-08-15,mega_millions,MM-S02,2000-08-15,main,exploration
MM-D-2000-08-18,mega_millions,MM-S02,2000-08-18,main,exploration
MM-D-2000-08-22,mega_millions,MM-S02,2000-08-22,main,exploration
MM-D-2000-08-25,mega_millions,MM-S02,2000-08-25,main,exploration
MM-D-2000-08-29,mega_millions,MM-S02,2000-08-29,main,exploration
MM-D-2000-09-01,mega_millions,MM-S02,2000-09-01,main,exploration
MM-D-2000-09-05,mega_millions,MM-S02,2000-09-05,main,exploration
MM-D-2000-09-08,mega_millions,MM-S02,2000-09-08,main,exploration
MM-D-2000-09-12,mega_millions,MM-S02,2000-09-12,main,exploration
MM-D-2000-09-15,mega_millions,MM-S02,2000-09-15,main,exploration
MM-D-2000-09-19,mega_millions,MM-S02,2000-09-19,main,exploration
MM-D-2000-09-22,mega_millions,MM-S02,2000-09-22,main,exploration
MM-D-2000-09-26,mega_millions,MM-S02,2000-09-26,main,exploration
MM-D-2000-09-29,mega_millions,MM-S02,2000-09-29,main,exploration
MM-D-2000-10-03,mega_millions,MM-S02,2000-10-03,main,exploration
MM-D-2000-10-06,mega_millions,MM-S02,2000-10-06,main,exploration
MM-D-2000-10-10,mega_millions,MM-S02,2000-10-10,main,exploration
MM-D-2000-10-13,mega_millions,MM-S02,2000-10-13,main,exploration
MM-D-2000-10-17,mega_millions,MM-S02,2000-10-17,main,exploration
MM-D-2000-10-20,mega_millions,MM-S02,2000-10-20,main,exploration
MM-D-2000-10-24,mega_millions,MM-S02,2000-10-24,main,exploration
MM-D-2000-10-27,mega_millions,MM-S02,2000-10-27,main,exploration
MM-D-2000-10-31,mega_millions,MM-S02,2000-10-31,main,exploration
MM-D-2000-11-03,mega_millions,MM-S02,2000-11-03,main,exploration
MM-D-2000-11-07,mega_millions,MM-S02,2000-11-07,main,exploration
MM-D-2000-11-10,mega_millions,MM-S02,2000-11-10,main,exploration
MM-D-2000-11-14,mega_millions,MM-S02,2000-11-14,main,exploration
MM-D-2000-11-17,mega_millions,MM-S02,2000-11-17,main,exploration
MM-D-2000-11-21,mega_millions,MM-S02,2000-11-21,main,exploration
MM-D-2000-11-24,mega_millions,MM-S02,2000-11-24,main,exploration
MM-D-2000-11-28,mega_millions,MM-S02,2000-11-28,main,exploration
MM-D-2000-12-01,mega_millions,MM-S02,2000-12-01,main,exploration
MM-D-2000-12-05,mega_millions,MM-S02,2000-12-05,main,exploration
MM-D-2000-12-08,mega_millions,MM-S02,2000-12-08,main,exploration
MM-D-2000-12-12,mega_millions,MM-S02,2000-12-12,main,exploration
MM-D-2000-12-15,mega_millions,MM-S02,2000-12-15,main,exploration
MM-D-2000-12-22,mega_millions,MM-S02,2000-12-22,main,exploration
MM-D-2000-12-26,mega_millions,MM-S02,2000-12-26,main,exploration
MM-D-2000-12-29,mega_millions,MM-S02,2000-12-29,main,exploration
MM-D-2001-01-02,mega_millions,MM-S02,2001-01-02,main,exploration
MM-D-2001-01-05,mega_millions,MM-S02,2001-01-05,main,exploration
MM-D-2001-01-09,mega_millions,MM-S02,2001-01-09,main,exploration
MM-D-2001-01-12,mega_millions,MM-S02,2001-01-12,main,exploration
MM-D-2001-01-16,mega_millions,MM-S02,2001-01-16,main,exploration
MM-D-2001-01-19,mega_millions,MM-S02,2001-01-19,main,exploration
MM-D-2001-01-23,mega_millions,MM-S02,2001-01-23,main,exploration
MM-D-2001-01-30,mega_millions,MM-S02,2001-01-30,main,exploration
MM-D-2001-02-02,mega_millions,MM-S02,2001-02-02,main,exploration
MM-D-2001-02-06,mega_millions,MM-S02,2001-02-06,main,exploration
MM-D-2001-02-09,mega_millions,MM-S02,2001-02-09,main,exploration
MM-D-2001-02-13,mega_millions,MM-S02,2001-02-13,main,exploration
MM-D-2001-02-16,mega_millions,MM-S02,2001-02-16,main,exploration
MM-D-2001-02-20,mega_millions,MM-S02,2001-02-20,main,exploration
MM-D-2001-02-23,mega_millions,MM-S02,2001-02-23,main,exploration
MM-D-2001-02-27,mega_millions,MM-S02,2001-02-27,main,exploration
MM-D-2001-03-02,mega_millions,MM-S02,2001-03-02,main,exploration
MM-D-2001-03-06,mega_millions,MM-S02,2001-03-06,main,exploration
MM-D-2001-03-09,mega_millions,MM-S02,2001-03-09,main,exploration
MM-D-2001-03-13,mega_millions,MM-S02,2001-03-13,main,exploration
MM-D-2001-03-16,mega_millions,MM-S02,2001-03-16,main,exploration
MM-D-2001-03-20,mega_millions,MM-S02,2001-03-20,main,exploration
MM-D-2001-03-23,mega_millions,MM-S02,2001-03-23,main,exploration
MM-D-2001-03-27,mega_millions,MM-S02,2001-03-27,main,exploration
MM-D-2001-03-30,mega_millions,MM-S02,2001-03-30,main,exploration
MM-D-2001-04-03,mega_millions,MM-S02,2001-04-03,main,exploration
MM-D-2001-04-06,mega_millions,MM-S02,2001-04-06,main,exploration
MM-D-2001-04-10,mega_millions,MM-S02,2001-04-10,main,exploration
MM-D-2001-04-13,mega_millions,MM-S02,2001-04-13,main,exploration
MM-D-2001-04-17,mega_millions,MM-S02,2001-04-17,main,exploration
MM-D-2001-04-20,mega_millions,MM-S02,2001-04-20,main,exploration
MM-D-2001-04-24,mega_millions,MM-S02,2001-04-24,main,exploration
MM-D-2001-04-27,mega_millions,MM-S02,2001-04-27,main,exploration
MM-D-2001-05-01,mega_millions,MM-S02,2001-05-01,main,exploration
MM-D-2001-05-04,mega_millions,MM-S02,2001-05-04,main,exploration
MM-D-2001-05-08,mega_millions,MM-S02,2001-05-08,main,exploration
MM-D-2001-05-11,mega_millions,MM-S02,2001-05-11,main,exploration
MM-D-2001-05-15,mega_millions,MM-S02,2001-05-15,main,exploration
MM-D-2001-05-18,mega_millions,MM-S02,2001-05-18,main,exploration
MM-D-2001-05-22,mega_millions,MM-S02,2001-05-22,main,exploration
MM-D-2001-05-25,mega_millions,MM-S02,2001-05-25,main,exploration
MM-D-2001-05-29,mega_millions,MM-S02,2001-05-29,main,exploration
MM-D-2001-06-01,mega_millions,MM-S02,2001-06-01,main,exploration
MM-D-2001-06-05,mega_millions,MM-S02,2001-06-05,main,exploration
MM-D-2001-06-08,mega_millions,MM-S02,2001-06-08,main,exploration
MM-D-2001-06-12,mega_millions,MM-S02,2001-06-12,main,exploration
MM-D-2001-06-19,mega_millions,MM-S02,2001-06-19,main,exploration
MM-D-2001-06-22,mega_millions,MM-S02,2001-06-22,main,exploration
MM-D-2001-06-26,mega_millions,MM-S02,2001-06-26,main,exploration
MM-D-2001-06-29,mega_millions,MM-S02,2001-06-29,main,exploration
MM-D-2001-07-03,mega_millions,MM-S02,2001-07-03,main,exploration
MM-D-2001-07-06,mega_millions,MM-S02,2001-07-06,main,exploration
MM-D-2001-07-10,mega_millions,MM-S02,2001-07-10,main,exploration
MM-D-2001-07-13,mega_millions,MM-S02,2001-07-13,main,exploration
MM-D-2001-07-17,mega_millions,MM-S02,2001-07-17,main,exploration
MM-D-2001-07-20,mega_millions,MM-S02,2001-07-20,main,exploration
MM-D-2001-07-24,mega_millions,MM-S02,2001-07-24,main,exploration
MM-D-2001-07-27,mega_millions,MM-S02,2001-07-27,main,exploration
MM-D-2001-07-31,mega_millions,MM-S02,2001-07-31,main,exploration
MM-D-2001-08-03,mega_millions,MM-S02,2001-08-03,main,exploration
MM-D-2001-08-07,mega_millions,MM-S02,2001-08-07,main,exploration
MM-D-2001-08-10,mega_millions,MM-S02,2001-08-10,main,exploration
MM-D-2001-08-14,mega_millions,MM-S02,2001-08-14,main,exploration
MM-D-2001-08-17,mega_millions,MM-S02,2001-08-17,main,exploration
MM-D-2001-08-21,mega_millions,MM-S02,2001-08-21,main,exploration
MM-D-2001-08-24,mega_millions,MM-S02,2001-08-24,main,exploration
MM-D-2001-08-28,mega_millions,MM-S02,2001-08-28,main,exploration
MM-D-2001-08-31,mega_millions,MM-S02,2001-08-31,main,exploration
MM-D-2001-09-04,mega_millions,MM-S02,2001-09-04,main,exploration
MM-D-2001-09-07,mega_millions,MM-S02,2001-09-07,main,exploration
MM-D-2002-05-17,mega_millions,MM-S03,2002-05-17,main,exploration
MM-D-2002-05-21,mega_millions,MM-S03,2002-05-21,main,exploration
MM-D-2002-05-24,mega_millions,MM-S03,2002-05-24,main,exploration
MM-D-2002-05-28,mega_millions,MM-S03,2002-05-28,main,exploration
MM-D-2002-05-31,mega_millions,MM-S03,2002-05-31,main,exploration
MM-D-2002-06-04,mega_millions,MM-S03,2002-06-04,main,exploration
MM-D-2002-06-05,mega_millions,MM-S03,2002-06-05,main,exploration
MM-D-2002-06-07,mega_millions,MM-S03,2002-06-07,main,exploration
MM-D-2002-06-11,mega_millions,MM-S03,2002-06-11,main,exploration
MM-D-2002-06-14,mega_millions,MM-S03,2002-06-14,main,exploration
MM-D-2002-06-18,mega_millions,MM-S03,2002-06-18,main,exploration
MM-D-2002-06-21,mega_millions,MM-S03,2002-06-21,main,exploration
MM-D-2002-06-25,mega_millions,MM-S03,2002-06-25,main,exploration
MM-D-2002-06-28,mega_millions,MM-S03,2002-06-28,main,exploration
MM-D-2002-07-02,mega_millions,MM-S03,2002-07-02,main,exploration
MM-D-2002-07-05,mega_millions,MM-S03,2002-07-05,main,exploration
MM-D-2002-07-09,mega_millions,MM-S03,2002-07-09,main,exploration
MM-D-2002-07-12,mega_millions,MM-S03,2002-07-12,main,exploration
MM-D-2002-07-16,mega_millions,MM-S03,2002-07-16,main,exploration
MM-D-2002-07-19,mega_millions,MM-S03,2002-07-19,main,exploration
MM-D-2002-07-23,mega_millions,MM-S03,2002-07-23,main,exploration
MM-D-2002-07-26,mega_millions,MM-S03,2002-07-26,main,exploration
MM-D-2002-07-30,mega_millions,MM-S03,2002-07-30,main,exploration
MM-D-2002-08-02,mega_millions,MM-S03,2002-08-02,main,exploration
MM-D-2002-08-06,mega_millions,MM-S03,2002-08-06,main,exploration
MM-D-2002-08-09,mega_millions,MM-S03,2002-08-09,main,exploration
MM-D-2002-08-13,mega_millions,MM-S03,2002-08-13,main,exploration
MM-D-2002-08-16,mega_millions,MM-S03,2002-08-16,main,exploration
MM-D-2002-08-20,mega_millions,MM-S03,2002-08-20,main,exploration
MM-D-2002-08-23,mega_millions,MM-S03,2002-08-23,main,exploration
MM-D-2002-08-27,mega_millions,MM-S03,2002-08-27,main,exploration
MM-D-2002-08-30,mega_millions,MM-S03,2002-08-30,main,exploration
MM-D-2002-09-03,mega_millions,MM-S03,2002-09-03,main,exploration
MM-D-2002-09-06,mega_millions,MM-S03,2002-09-06,main,exploration
MM-D-2002-09-10,mega_millions,MM-S03,2002-09-10,main,exploration
MM-D-2002-09-13,mega_millions,MM-S03,2002-09-13,main,exploration
MM-D-2002-09-17,mega_millions,MM-S03,2002-09-17,main,exploration
MM-D-2002-09-20,mega_millions,MM-S03,2002-09-20,main,exploration
MM-D-2002-09-24,mega_millions,MM-S03,2002-09-24,main,exploration
MM-D-2002-09-27,mega_millions,MM-S03,2002-09-27,main,exploration
MM-D-2002-10-01,mega_millions,MM-S03,2002-10-01,main,exploration
MM-D-2002-10-04,mega_millions,MM-S03,2002-10-04,main,exploration
MM-D-2002-10-08,mega_millions,MM-S03,2002-10-08,main,exploration
MM-D-2002-10-11,mega_millions,MM-S03,2002-10-11,main,exploration
MM-D-2002-10-15,mega_millions,MM-S03,2002-10-15,main,exploration
MM-D-2002-10-18,mega_millions,MM-S03,2002-10-18,main,exploration
MM-D-2002-10-22,mega_millions,MM-S03,2002-10-22,main,exploration
MM-D-2002-10-25,mega_millions,MM-S03,2002-10-25,main,exploration
MM-D-2002-10-29,mega_millions,MM-S03,2002-10-29,main,exploration
MM-D-2002-11-01,mega_millions,MM-S03,2002-11-01,main,exploration
MM-D-2002-11-05,mega_millions,MM-S03,2002-11-05,main,exploration
MM-D-2002-11-08,mega_millions,MM-S03,2002-11-08,main,exploration
MM-D-2002-11-12,mega_millions,MM-S03,2002-11-12,main,exploration
MM-D-2002-11-15,mega_millions,MM-S03,2002-11-15,main,exploration
MM-D-2002-11-19,mega_millions,MM-S03,2002-11-19,main,exploration
MM-D-2002-11-22,mega_millions,MM-S03,2002-11-22,main,exploration
MM-D-2002-11-26,mega_millions,MM-S03,2002-11-26,main,exploration
MM-D-2002-11-29,mega_millions,MM-S03,2002-11-29,main,exploration
MM-D-2002-12-03,mega_millions,MM-S03,2002-12-03,main,exploration
MM-D-2002-12-06,mega_millions,MM-S03,2002-12-06,main,exploration
MM-D-2002-12-10,mega_millions,MM-S03,2002-12-10,main,exploration
MM-D-2002-12-13,mega_millions,MM-S03,2002-12-13,main,exploration
MM-D-2002-12-17,mega_millions,MM-S03,2002-12-17,main,exploration
MM-D-2002-12-20,mega_millions,MM-S03,2002-12-20,main,exploration
MM-D-2002-12-24,mega_millions,MM-S03,2002-12-24,main,exploration
MM-D-2002-12-27,mega_millions,MM-S03,2002-12-27,main,exploration
MM-D-2002-12-31,mega_millions,MM-S03,2002-12-31,main,exploration
MM-D-2003-01-03,mega_millions,MM-S03,2003-01-03,main,exploration
MM-D-2003-01-07,mega_millions,MM-S03,2003-01-07,main,exploration
MM-D-2003-01-10,mega_millions,MM-S03,2003-01-10,main,exploration
MM-D-2003-01-14,mega_millions,MM-S03,2003-01-14,main,exploration
MM-D-2003-01-17,mega_millions,MM-S03,2003-01-17,main,exploration
MM-D-2003-01-21,mega_millions,MM-S03,2003-01-21,main,exploration
MM-D-2003-01-24,mega_millions,MM-S03,2003-01-24,main,exploration
MM-D-2003-01-28,mega_millions,MM-S03,2003-01-28,main,exploration
MM-D-2003-01-31,mega_millions,MM-S03,2003-01-31,main,exploration
MM-D-2003-02-04,mega_millions,MM-S03,2003-02-04,main,exploration
MM-D-2003-02-07,mega_millions,MM-S03,2003-02-07,main,exploration
MM-D-2003-02-11,mega_millions,MM-S03,2003-02-11,main,exploration
MM-D-2003-02-14,mega_millions,MM-S03,2003-02-14,main,exploration
MM-D-2003-02-18,mega_millions,MM-S03,2003-02-18,main,exploration
MM-D-2003-02-21,mega_millions,MM-S03,2003-02-21,main,exploration
MM-D-2003-02-25,mega_millions,MM-S03,2003-02-25,main,exploration
MM-D-2003-02-28,mega_millions,MM-S03,2003-02-28,main,exploration
MM-D-2003-03-04,mega_millions,MM-S03,2003-03-04,main,exploration
MM-D-2003-03-07,mega_millions,MM-S03,2003-03-07,main,exploration
MM-D-2003-03-11,mega_millions,MM-S03,2003-03-11,main,exploration
MM-D-2003-03-14,mega_millions,MM-S03,2003-03-14,main,exploration
MM-D-2003-03-21,mega_millions,MM-S03,2003-03-21,main,exploration
MM-D-2003-03-25,mega_millions,MM-S03,2003-03-25,main,exploration
MM-D-2003-03-28,mega_millions,MM-S03,2003-03-28,main,exploration
MM-D-2003-04-01,mega_millions,MM-S03,2003-04-01,main,exploration
MM-D-2003-04-04,mega_millions,MM-S03,2003-04-04,main,exploration
MM-D-2003-04-08,mega_millions,MM-S03,2003-04-08,main,exploration
MM-D-2003-04-11,mega_millions,MM-S03,2003-04-11,main,exploration
MM-D-2003-04-15,mega_millions,MM-S03,2003-04-15,main,exploration
MM-D-2003-04-18,mega_millions,MM-S03,2003-04-18,main,exploration
MM-D-2003-04-22,mega_millions,MM-S03,2003-04-22,main,exploration
MM-D-2003-04-25,mega_millions,MM-S03,2003-04-25,main,exploration
MM-D-2003-04-29,mega_millions,MM-S03,2003-04-29,main,exploration
MM-D-2003-05-02,mega_millions,MM-S03,2003-05-02,main,exploration
MM-D-2003-05-06,mega_millions,MM-S03,2003-05-06,main,exploration
MM-D-2003-05-09,mega_millions,MM-S03,2003-05-09,main,exploration
MM-D-2003-05-13,mega_millions,MM-S03,2003-05-13,main,exploration
MM-D-2003-05-16,mega_millions,MM-S03,2003-05-16,main,exploration
MM-D-2003-05-20,mega_millions,MM-S03,2003-05-20,main,exploration
MM-D-2003-05-23,mega_millions,MM-S03,2003-05-23,main,exploration
MM-D-2003-05-27,mega_millions,MM-S03,2003-05-27,main,exploration
MM-D-2003-05-30,mega_millions,MM-S03,2003-05-30,main,exploration
MM-D-2003-06-03,mega_millions,MM-S03,2003-06-03,main,exploration
MM-D-2003-06-06,mega_millions,MM-S03,2003-06-06,main,exploration
MM-D-2003-06-10,mega_millions,MM-S03,2003-06-10,main,exploration
MM-D-2003-06-13,mega_millions,MM-S03,2003-06-13,main,exploration
MM-D-2003-06-17,mega_millions,MM-S03,2003-06-17,main,exploration
MM-D-2003-06-20,mega_millions,MM-S03,2003-06-20,main,exploration
MM-D-2003-06-24,mega_millions,MM-S03,2003-06-24,main,exploration
MM-D-2003-06-27,mega_millions,MM-S03,2003-06-27,main,exploration
MM-D-2003-07-01,mega_millions,MM-S03,2003-07-01,main,exploration
MM-D-2003-07-04,mega_millions,MM-S03,2003-07-04,main,exploration
MM-D-2003-07-08,mega_millions,MM-S03,2003-07-08,main,exploration
MM-D-2003-07-11,mega_millions,MM-S03,2003-07-11,main,exploration
MM-D-2003-07-15,mega_millions,MM-S03,2003-07-15,main,exploration
MM-D-2003-07-18,mega_millions,MM-S03,2003-07-18,main,exploration
MM-D-2003-07-22,mega_millions,MM-S03,2003-07-22,main,exploration
MM-D-2003-07-25,mega_millions,MM-S03,2003-07-25,main,exploration
MM-D-2003-07-29,mega_millions,MM-S03,2003-07-29,main,exploration
MM-D-2003-08-01,mega_millions,MM-S03,2003-08-01,main,exploration
MM-D-2003-08-05,mega_millions,MM-S03,2003-08-05,main,exploration
MM-D-2003-08-08,mega_millions,MM-S03,2003-08-08,main,exploration
MM-D-2003-08-12,mega_millions,MM-S03,2003-08-12,main,exploration
MM-D-2003-08-15,mega_millions,MM-S03,2003-08-15,main,exploration
MM-D-2003-08-19,mega_millions,MM-S03,2003-08-19,main,exploration
MM-D-2003-08-22,mega_millions,MM-S03,2003-08-22,main,exploration
MM-D-2003-08-26,mega_millions,MM-S03,2003-08-26,main,exploration
MM-D-2003-08-29,mega_millions,MM-S03,2003-08-29,main,exploration
MM-D-2003-09-02,mega_millions,MM-S03,2003-09-02,main,exploration
MM-D-2003-09-05,mega_millions,MM-S03,2003-09-05,main,exploration
MM-D-2003-09-09,mega_millions,MM-S03,2003-09-09,main,exploration
MM-D-2003-09-12,mega_millions,MM-S03,2003-09-12,main,exploration
MM-D-2003-09-16,mega_millions,MM-S03,2003-09-16,main,exploration
MM-D-2003-09-19,mega_millions,MM-S03,2003-09-19,main,exploration
MM-D-2003-09-23,mega_millions,MM-S03,2003-09-23,main,exploration
MM-D-2003-09-26,mega_millions,MM-S03,2003-09-26,main,exploration
MM-D-2003-09-30,mega_millions,MM-S03,2003-09-30,main,exploration
MM-D-2003-10-03,mega_millions,MM-S03,2003-10-03,main,exploration
MM-D-2003-10-07,mega_millions,MM-S03,2003-10-07,main,exploration
MM-D-2003-10-10,mega_millions,MM-S03,2003-10-10,main,exploration
MM-D-2003-10-14,mega_millions,MM-S03,2003-10-14,main,exploration
MM-D-2003-10-17,mega_millions,MM-S03,2003-10-17,main,exploration
MM-D-2003-10-21,mega_millions,MM-S03,2003-10-21,main,exploration
MM-D-2003-10-24,mega_millions,MM-S03,2003-10-24,main,exploration
MM-D-2003-10-28,mega_millions,MM-S03,2003-10-28,main,exploration
MM-D-2003-10-31,mega_millions,MM-S03,2003-10-31,main,exploration
MM-D-2003-11-04,mega_millions,MM-S03,2003-11-04,main,exploration
MM-D-2003-11-07,mega_millions,MM-S03,2003-11-07,main,exploration
MM-D-2003-11-11,mega_millions,MM-S03,2003-11-11,main,exploration
MM-D-2003-11-14,mega_millions,MM-S03,2003-11-14,main,exploration
MM-D-2003-11-18,mega_millions,MM-S03,2003-11-18,main,exploration
MM-D-2003-11-21,mega_millions,MM-S03,2003-11-21,main,exploration
MM-D-2003-11-25,mega_millions,MM-S03,2003-11-25,main,exploration
MM-D-2003-11-28,mega_millions,MM-S03,2003-11-28,main,exploration
MM-D-2003-12-02,mega_millions,MM-S03,2003-12-02,main,exploration
MM-D-2003-12-05,mega_millions,MM-S03,2003-12-05,main,exploration
MM-D-2003-12-09,mega_millions,MM-S03,2003-12-09,main,exploration
MM-D-2003-12-12,mega_millions,MM-S03,2003-12-12,main,exploration
MM-D-2003-12-16,mega_millions,MM-S03,2003-12-16,main,exploration
MM-D-2003-12-19,mega_millions,MM-S03,2003-12-19,main,exploration
MM-D-2003-12-23,mega_millions,MM-S03,2003-12-23,main,exploration
MM-D-2003-12-26,mega_millions,MM-S03,2003-12-26,main,exploration
MM-D-2003-12-30,mega_millions,MM-S03,2003-12-30,main,exploration
MM-D-2004-01-02,mega_millions,MM-S03,2004-01-02,main,exploration
MM-D-2004-01-06,mega_millions,MM-S03,2004-01-06,main,exploration
MM-D-2004-01-09,mega_millions,MM-S03,2004-01-09,main,exploration
MM-D-2004-01-13,mega_millions,MM-S03,2004-01-13,main,exploration
MM-D-2004-01-16,mega_millions,MM-S03,2004-01-16,main,exploration
MM-D-2004-01-20,mega_millions,MM-S03,2004-01-20,main,exploration
MM-D-2004-01-23,mega_millions,MM-S03,2004-01-23,main,exploration
MM-D-2004-01-27,mega_millions,MM-S03,2004-01-27,main,exploration
MM-D-2004-01-30,mega_millions,MM-S03,2004-01-30,main,exploration
MM-D-2004-02-03,mega_millions,MM-S03,2004-02-03,main,exploration
MM-D-2004-02-06,mega_millions,MM-S03,2004-02-06,main,exploration
MM-D-2004-02-10,mega_millions,MM-S03,2004-02-10,main,exploration
MM-D-2004-02-13,mega_millions,MM-S03,2004-02-13,main,exploration
MM-D-2004-02-17,mega_millions,MM-S03,2004-02-17,main,exploration
MM-D-2004-02-20,mega_millions,MM-S03,2004-02-20,main,exploration
MM-D-2004-02-24,mega_millions,MM-S03,2004-02-24,main,exploration
MM-D-2004-02-27,mega_millions,MM-S03,2004-02-27,main,exploration
MM-D-2004-03-02,mega_millions,MM-S03,2004-03-02,main,exploration
MM-D-2004-03-05,mega_millions,MM-S03,2004-03-05,main,exploration
MM-D-2004-03-09,mega_millions,MM-S03,2004-03-09,main,exploration
MM-D-2004-03-12,mega_millions,MM-S03,2004-03-12,main,exploration
MM-D-2004-03-16,mega_millions,MM-S03,2004-03-16,main,exploration
MM-D-2004-03-19,mega_millions,MM-S03,2004-03-19,main,exploration
MM-D-2004-03-23,mega_millions,MM-S03,2004-03-23,main,exploration
MM-D-2004-03-26,mega_millions,MM-S03,2004-03-26,main,exploration
MM-D-2004-03-30,mega_millions,MM-S03,2004-03-30,main,exploration
MM-D-2004-04-02,mega_millions,MM-S03,2004-04-02,main,exploration
MM-D-2004-04-06,mega_millions,MM-S03,2004-04-06,main,exploration
MM-D-2004-04-09,mega_millions,MM-S03,2004-04-09,main,exploration
MM-D-2004-04-13,mega_millions,MM-S03,2004-04-13,main,exploration
MM-D-2004-04-16,mega_millions,MM-S03,2004-04-16,main,exploration
MM-D-2004-04-20,mega_millions,MM-S03,2004-04-20,main,exploration
MM-D-2004-04-23,mega_millions,MM-S03,2004-04-23,main,exploration
MM-D-2004-04-27,mega_millions,MM-S03,2004-04-27,main,exploration
MM-D-2004-04-30,mega_millions,MM-S03,2004-04-30,main,exploration
MM-D-2004-05-04,mega_millions,MM-S03,2004-05-04,main,exploration
MM-D-2004-05-07,mega_millions,MM-S03,2004-05-07,main,exploration
MM-D-2004-05-11,mega_millions,MM-S03,2004-05-11,main,exploration
MM-D-2004-05-14,mega_millions,MM-S03,2004-05-14,main,exploration
MM-D-2004-05-18,mega_millions,MM-S03,2004-05-18,main,exploration
MM-D-2004-05-21,mega_millions,MM-S03,2004-05-21,main,exploration
MM-D-2004-05-25,mega_millions,MM-S03,2004-05-25,main,exploration
MM-D-2004-05-28,mega_millions,MM-S03,2004-05-28,main,exploration
MM-D-2004-06-01,mega_millions,MM-S03,2004-06-01,main,exploration
MM-D-2004-06-04,mega_millions,MM-S03,2004-06-04,main,exploration
MM-D-2004-06-08,mega_millions,MM-S03,2004-06-08,main,exploration
MM-D-2004-06-11,mega_millions,MM-S03,2004-06-11,main,exploration
MM-D-2004-06-18,mega_millions,MM-S03,2004-06-18,main,exploration
MM-D-2004-06-22,mega_millions,MM-S03,2004-06-22,main,exploration
MM-D-2004-06-25,mega_millions,MM-S03,2004-06-25,main,exploration
MM-D-2004-06-29,mega_millions,MM-S03,2004-06-29,main,exploration
MM-D-2004-07-02,mega_millions,MM-S03,2004-07-02,main,exploration
MM-D-2004-07-06,mega_millions,MM-S03,2004-07-06,main,exploration
MM-D-2004-07-09,mega_millions,MM-S03,2004-07-09,main,exploration
MM-D-2004-07-13,mega_millions,MM-S03,2004-07-13,main,exploration
MM-D-2004-07-20,mega_millions,MM-S03,2004-07-20,main,exploration
MM-D-2004-07-23,mega_millions,MM-S03,2004-07-23,main,exploration
MM-D-2004-07-27,mega_millions,MM-S03,2004-07-27,main,exploration
MM-D-2004-07-30,mega_millions,MM-S03,2004-07-30,main,exploration
MM-D-2004-08-03,mega_millions,MM-S03,2004-08-03,main,exploration
MM-D-2004-08-06,mega_millions,MM-S03,2004-08-06,main,exploration
MM-D-2004-08-10,mega_millions,MM-S03,2004-08-10,main,exploration
MM-D-2004-08-13,mega_millions,MM-S03,2004-08-13,main,exploration
MM-D-2004-08-17,mega_millions,MM-S03,2004-08-17,main,exploration
MM-D-2004-08-20,mega_millions,MM-S03,2004-08-20,main,exploration
MM-D-2004-08-24,mega_millions,MM-S03,2004-08-24,main,exploration
MM-D-2004-08-27,mega_millions,MM-S03,2004-08-27,main,exploration
MM-D-2004-08-31,mega_millions,MM-S03,2004-08-31,main,exploration
MM-D-2004-09-03,mega_millions,MM-S03,2004-09-03,main,exploration
MM-D-2004-09-07,mega_millions,MM-S03,2004-09-07,main,exploration
MM-D-2004-09-10,mega_millions,MM-S03,2004-09-10,main,exploration
MM-D-2004-09-14,mega_millions,MM-S03,2004-09-14,main,exploration
MM-D-2004-09-17,mega_millions,MM-S03,2004-09-17,main,exploration
MM-D-2004-09-21,mega_millions,MM-S03,2004-09-21,main,exploration
MM-D-2004-09-24,mega_millions,MM-S03,2004-09-24,main,exploration
MM-D-2004-09-28,mega_millions,MM-S03,2004-09-28,main,exploration
MM-D-2004-10-01,mega_millions,MM-S03,2004-10-01,main,exploration
MM-D-2004-10-05,mega_millions,MM-S03,2004-10-05,main,exploration
MM-D-2004-10-08,mega_millions,MM-S03,2004-10-08,main,exploration
MM-D-2004-10-12,mega_millions,MM-S03,2004-10-12,main,exploration
MM-D-2004-10-15,mega_millions,MM-S03,2004-10-15,main,exploration
MM-D-2004-10-19,mega_millions,MM-S03,2004-10-19,main,exploration
MM-D-2004-10-22,mega_millions,MM-S03,2004-10-22,main,exploration
MM-D-2004-10-26,mega_millions,MM-S03,2004-10-26,main,exploration
MM-D-2004-10-29,mega_millions,MM-S03,2004-10-29,main,exploration
MM-D-2004-11-02,mega_millions,MM-S03,2004-11-02,main,exploration
MM-D-2005-06-24,mega_millions,MM-S04,2005-06-24,main,exploration
MM-D-2005-06-28,mega_millions,MM-S04,2005-06-28,main,exploration
MM-D-2005-07-01,mega_millions,MM-S04,2005-07-01,main,exploration
MM-D-2005-07-05,mega_millions,MM-S04,2005-07-05,main,exploration
MM-D-2005-07-08,mega_millions,MM-S04,2005-07-08,main,exploration
MM-D-2005-07-12,mega_millions,MM-S04,2005-07-12,main,exploration
MM-D-2005-07-15,mega_millions,MM-S04,2005-07-15,main,exploration
MM-D-2005-07-19,mega_millions,MM-S04,2005-07-19,main,exploration
MM-D-2005-07-22,mega_millions,MM-S04,2005-07-22,main,exploration
MM-D-2005-07-26,mega_millions,MM-S04,2005-07-26,main,exploration
MM-D-2005-07-29,mega_millions,MM-S04,2005-07-29,main,exploration
MM-D-2005-08-02,mega_millions,MM-S04,2005-08-02,main,exploration
MM-D-2005-08-05,mega_millions,MM-S04,2005-08-05,main,exploration
MM-D-2005-08-09,mega_millions,MM-S04,2005-08-09,main,exploration
MM-D-2005-08-12,mega_millions,MM-S04,2005-08-12,main,exploration
MM-D-2005-08-16,mega_millions,MM-S04,2005-08-16,main,exploration
MM-D-2005-08-19,mega_millions,MM-S04,2005-08-19,main,exploration
MM-D-2005-08-23,mega_millions,MM-S04,2005-08-23,main,exploration
MM-D-2005-08-26,mega_millions,MM-S04,2005-08-26,main,exploration
MM-D-2005-08-30,mega_millions,MM-S04,2005-08-30,main,exploration
MM-D-2005-09-02,mega_millions,MM-S04,2005-09-02,main,exploration
MM-D-2005-09-06,mega_millions,MM-S04,2005-09-06,main,exploration
MM-D-2005-09-09,mega_millions,MM-S04,2005-09-09,main,exploration
MM-D-2005-09-13,mega_millions,MM-S04,2005-09-13,main,exploration
MM-D-2005-09-16,mega_millions,MM-S04,2005-09-16,main,exploration
MM-D-2005-09-20,mega_millions,MM-S04,2005-09-20,main,exploration
MM-D-2005-09-23,mega_millions,MM-S04,2005-09-23,main,exploration
MM-D-2005-09-27,mega_millions,MM-S04,2005-09-27,main,exploration
MM-D-2005-09-30,mega_millions,MM-S04,2005-09-30,main,exploration
MM-D-2005-10-04,mega_millions,MM-S04,2005-10-04,main,exploration
MM-D-2005-10-07,mega_millions,MM-S04,2005-10-07,main,exploration
MM-D-2005-10-11,mega_millions,MM-S04,2005-10-11,main,exploration
MM-D-2005-10-14,mega_millions,MM-S04,2005-10-14,main,exploration
MM-D-2005-10-18,mega_millions,MM-S04,2005-10-18,main,exploration
MM-D-2005-10-21,mega_millions,MM-S04,2005-10-21,main,exploration
MM-D-2005-10-25,mega_millions,MM-S04,2005-10-25,main,exploration
MM-D-2005-10-28,mega_millions,MM-S04,2005-10-28,main,exploration
MM-D-2005-11-01,mega_millions,MM-S04,2005-11-01,main,exploration
MM-D-2005-11-04,mega_millions,MM-S04,2005-11-04,main,exploration
MM-D-2005-11-08,mega_millions,MM-S04,2005-11-08,main,exploration
MM-D-2005-11-11,mega_millions,MM-S04,2005-11-11,main,exploration
MM-D-2005-11-15,mega_millions,MM-S04,2005-11-15,main,exploration
MM-D-2005-11-18,mega_millions,MM-S04,2005-11-18,main,exploration
MM-D-2005-11-22,mega_millions,MM-S04,2005-11-22,main,exploration
MM-D-2005-11-25,mega_millions,MM-S04,2005-11-25,main,exploration
MM-D-2005-11-29,mega_millions,MM-S04,2005-11-29,main,exploration
MM-D-2005-12-02,mega_millions,MM-S04,2005-12-02,main,exploration
MM-D-2005-12-06,mega_millions,MM-S04,2005-12-06,main,exploration
MM-D-2005-12-09,mega_millions,MM-S04,2005-12-09,main,exploration
MM-D-2005-12-13,mega_millions,MM-S04,2005-12-13,main,exploration
MM-D-2005-12-16,mega_millions,MM-S04,2005-12-16,main,exploration
MM-D-2005-12-20,mega_millions,MM-S04,2005-12-20,main,exploration
MM-D-2005-12-23,mega_millions,MM-S04,2005-12-23,main,exploration
MM-D-2005-12-27,mega_millions,MM-S04,2005-12-27,main,exploration
MM-D-2005-12-30,mega_millions,MM-S04,2005-12-30,main,exploration
MM-D-2006-01-03,mega_millions,MM-S04,2006-01-03,main,exploration
MM-D-2006-01-06,mega_millions,MM-S04,2006-01-06,main,exploration
MM-D-2006-01-10,mega_millions,MM-S04,2006-01-10,main,exploration
MM-D-2006-01-13,mega_millions,MM-S04,2006-01-13,main,exploration
MM-D-2006-01-17,mega_millions,MM-S04,2006-01-17,main,exploration
MM-D-2006-01-20,mega_millions,MM-S04,2006-01-20,main,exploration
MM-D-2006-01-24,mega_millions,MM-S04,2006-01-24,main,exploration
MM-D-2006-01-27,mega_millions,MM-S04,2006-01-27,main,exploration
MM-D-2006-01-31,mega_millions,MM-S04,2006-01-31,main,exploration
MM-D-2006-02-03,mega_millions,MM-S04,2006-02-03,main,exploration
MM-D-2006-02-07,mega_millions,MM-S04,2006-02-07,main,exploration
MM-D-2006-02-10,mega_millions,MM-S04,2006-02-10,main,exploration
MM-D-2006-02-14,mega_millions,MM-S04,2006-02-14,main,exploration
MM-D-2006-02-17,mega_millions,MM-S04,2006-02-17,main,exploration
MM-D-2006-02-21,mega_millions,MM-S04,2006-02-21,main,exploration
MM-D-2006-02-24,mega_millions,MM-S04,2006-02-24,main,exploration
MM-D-2006-02-28,mega_millions,MM-S04,2006-02-28,main,exploration
MM-D-2006-03-03,mega_millions,MM-S04,2006-03-03,main,exploration
MM-D-2006-03-07,mega_millions,MM-S04,2006-03-07,main,exploration
MM-D-2006-03-10,mega_millions,MM-S04,2006-03-10,main,exploration
MM-D-2006-03-14,mega_millions,MM-S04,2006-03-14,main,exploration
MM-D-2006-03-17,mega_millions,MM-S04,2006-03-17,main,exploration
MM-D-2006-03-21,mega_millions,MM-S04,2006-03-21,main,exploration
MM-D-2006-03-24,mega_millions,MM-S04,2006-03-24,main,exploration
MM-D-2006-03-28,mega_millions,MM-S04,2006-03-28,main,exploration
MM-D-2006-03-31,mega_millions,MM-S04,2006-03-31,main,exploration
MM-D-2006-04-04,mega_millions,MM-S04,2006-04-04,main,exploration
MM-D-2006-04-07,mega_millions,MM-S04,2006-04-07,main,exploration
MM-D-2006-04-11,mega_millions,MM-S04,2006-04-11,main,exploration
MM-D-2006-04-14,mega_millions,MM-S04,2006-04-14,main,exploration
MM-D-2006-04-18,mega_millions,MM-S04,2006-04-18,main,exploration
MM-D-2006-04-21,mega_millions,MM-S04,2006-04-21,main,exploration
MM-D-2006-04-25,mega_millions,MM-S04,2006-04-25,main,exploration
MM-D-2006-04-28,mega_millions,MM-S04,2006-04-28,main,exploration
MM-D-2006-05-02,mega_millions,MM-S04,2006-05-02,main,exploration
MM-D-2006-05-05,mega_millions,MM-S04,2006-05-05,main,exploration
MM-D-2006-05-09,mega_millions,MM-S04,2006-05-09,main,exploration
MM-D-2006-05-12,mega_millions,MM-S04,2006-05-12,main,exploration
MM-D-2006-05-16,mega_millions,MM-S04,2006-05-16,main,exploration
MM-D-2006-05-19,mega_millions,MM-S04,2006-05-19,main,exploration
MM-D-2006-05-23,mega_millions,MM-S04,2006-05-23,main,exploration
MM-D-2006-05-26,mega_millions,MM-S04,2006-05-26,main,exploration
MM-D-2006-05-30,mega_millions,MM-S04,2006-05-30,main,exploration
MM-D-2006-06-02,mega_millions,MM-S04,2006-06-02,main,exploration
MM-D-2006-06-06,mega_millions,MM-S04,2006-06-06,main,exploration
MM-D-2006-06-09,mega_millions,MM-S04,2006-06-09,main,exploration
MM-D-2006-06-13,mega_millions,MM-S04,2006-06-13,main,exploration
MM-D-2006-06-16,mega_millions,MM-S04,2006-06-16,main,exploration
MM-D-2006-06-20,mega_millions,MM-S04,2006-06-20,main,exploration
MM-D-2006-06-23,mega_millions,MM-S04,2006-06-23,main,exploration
MM-D-2006-06-27,mega_millions,MM-S04,2006-06-27,main,exploration
MM-D-2006-06-30,mega_millions,MM-S04,2006-06-30,main,exploration
MM-D-2006-07-04,mega_millions,MM-S04,2006-07-04,main,exploration
MM-D-2006-07-07,mega_millions,MM-S04,2006-07-07,main,exploration
MM-D-2006-07-11,mega_millions,MM-S04,2006-07-11,main,exploration
MM-D-2006-07-14,mega_millions,MM-S04,2006-07-14,main,exploration
MM-D-2006-07-18,mega_millions,MM-S04,2006-07-18,main,exploration
MM-D-2006-07-21,mega_millions,MM-S04,2006-07-21,main,exploration
MM-D-2006-07-25,mega_millions,MM-S04,2006-07-25,main,exploration
MM-D-2006-07-28,mega_millions,MM-S04,2006-07-28,main,exploration
MM-D-2006-08-01,mega_millions,MM-S04,2006-08-01,main,exploration
MM-D-2006-08-04,mega_millions,MM-S04,2006-08-04,main,exploration
MM-D-2006-08-08,mega_millions,MM-S04,2006-08-08,main,exploration
MM-D-2006-08-11,mega_millions,MM-S04,2006-08-11,main,exploration
MM-D-2006-08-15,mega_millions,MM-S04,2006-08-15,main,exploration
MM-D-2006-08-18,mega_millions,MM-S04,2006-08-18,main,exploration
MM-D-2006-08-22,mega_millions,MM-S04,2006-08-22,main,exploration
MM-D-2006-08-25,mega_millions,MM-S04,2006-08-25,main,exploration
MM-D-2006-08-29,mega_millions,MM-S04,2006-08-29,main,exploration
MM-D-2006-09-01,mega_millions,MM-S04,2006-09-01,main,exploration
MM-D-2006-09-05,mega_millions,MM-S04,2006-09-05,main,exploration
MM-D-2006-09-08,mega_millions,MM-S04,2006-09-08,main,exploration
MM-D-2006-09-12,mega_millions,MM-S04,2006-09-12,main,exploration
MM-D-2006-09-15,mega_millions,MM-S04,2006-09-15,main,exploration
MM-D-2006-09-19,mega_millions,MM-S04,2006-09-19,main,exploration
MM-D-2006-09-22,mega_millions,MM-S04,2006-09-22,main,exploration
MM-D-2006-09-26,mega_millions,MM-S04,2006-09-26,main,exploration
MM-D-2006-09-29,mega_millions,MM-S04,2006-09-29,main,exploration
MM-D-2006-10-03,mega_millions,MM-S04,2006-10-03,main,exploration
MM-D-2006-10-06,mega_millions,MM-S04,2006-10-06,main,exploration
MM-D-2006-10-10,mega_millions,MM-S04,2006-10-10,main,exploration
MM-D-2006-10-13,mega_millions,MM-S04,2006-10-13,main,exploration
MM-D-2006-10-17,mega_millions,MM-S04,2006-10-17,main,exploration
MM-D-2006-10-20,mega_millions,MM-S04,2006-10-20,main,exploration
MM-D-2006-10-24,mega_millions,MM-S04,2006-10-24,main,exploration
MM-D-2006-10-27,mega_millions,MM-S04,2006-10-27,main,exploration
MM-D-2006-10-31,mega_millions,MM-S04,2006-10-31,main,exploration
MM-D-2006-11-03,mega_millions,MM-S04,2006-11-03,main,exploration
MM-D-2006-11-07,mega_millions,MM-S04,2006-11-07,main,exploration
MM-D-2006-11-10,mega_millions,MM-S04,2006-11-10,main,exploration
MM-D-2006-11-14,mega_millions,MM-S04,2006-11-14,main,exploration
MM-D-2006-11-17,mega_millions,MM-S04,2006-11-17,main,exploration
MM-D-2006-11-21,mega_millions,MM-S04,2006-11-21,main,exploration
MM-D-2006-11-24,mega_millions,MM-S04,2006-11-24,main,exploration
MM-D-2006-11-28,mega_millions,MM-S04,2006-11-28,main,exploration
MM-D-2006-12-01,mega_millions,MM-S04,2006-12-01,main,exploration
MM-D-2006-12-05,mega_millions,MM-S04,2006-12-05,main,exploration
MM-D-2006-12-08,mega_millions,MM-S04,2006-12-08,main,exploration
MM-D-2006-12-12,mega_millions,MM-S04,2006-12-12,main,exploration
MM-D-2006-12-15,mega_millions,MM-S04,2006-12-15,main,exploration
MM-D-2006-12-19,mega_millions,MM-S04,2006-12-19,main,exploration
MM-D-2006-12-22,mega_millions,MM-S04,2006-12-22,main,exploration
MM-D-2006-12-26,mega_millions,MM-S04,2006-12-26,main,exploration
MM-D-2006-12-29,mega_millions,MM-S04,2006-12-29,main,exploration
MM-D-2007-01-02,mega_millions,MM-S04,2007-01-02,main,exploration
MM-D-2007-01-05,mega_millions,MM-S04,2007-01-05,main,exploration
MM-D-2007-01-09,mega_millions,MM-S04,2007-01-09,main,exploration
MM-D-2007-01-12,mega_millions,MM-S04,2007-01-12,main,exploration
MM-D-2007-01-16,mega_millions,MM-S04,2007-01-16,main,exploration
MM-D-2007-01-19,mega_millions,MM-S04,2007-01-19,main,exploration
MM-D-2007-01-23,mega_millions,MM-S04,2007-01-23,main,exploration
MM-D-2007-01-26,mega_millions,MM-S04,2007-01-26,main,exploration
MM-D-2007-01-30,mega_millions,MM-S04,2007-01-30,main,exploration
MM-D-2007-02-02,mega_millions,MM-S04,2007-02-02,main,exploration
MM-D-2007-02-06,mega_millions,MM-S04,2007-02-06,main,exploration
MM-D-2007-02-09,mega_millions,MM-S04,2007-02-09,main,exploration
MM-D-2007-02-13,mega_millions,MM-S04,2007-02-13,main,exploration
MM-D-2007-02-16,mega_millions,MM-S04,2007-02-16,main,exploration
MM-D-2007-02-20,mega_millions,MM-S04,2007-02-20,main,exploration
MM-D-2007-02-23,mega_millions,MM-S04,2007-02-23,main,exploration
MM-D-2007-02-27,mega_millions,MM-S04,2007-02-27,main,exploration
MM-D-2007-03-02,mega_millions,MM-S04,2007-03-02,main,exploration
MM-D-2007-03-06,mega_millions,MM-S04,2007-03-06,main,exploration
MM-D-2007-03-09,mega_millions,MM-S04,2007-03-09,main,exploration
MM-D-2007-03-13,mega_millions,MM-S04,2007-03-13,main,exploration
MM-D-2007-03-16,mega_millions,MM-S04,2007-03-16,main,exploration
MM-D-2007-03-20,mega_millions,MM-S04,2007-03-20,main,exploration
MM-D-2007-03-23,mega_millions,MM-S04,2007-03-23,main,exploration
MM-D-2007-03-27,mega_millions,MM-S04,2007-03-27,main,exploration
MM-D-2007-03-30,mega_millions,MM-S04,2007-03-30,main,exploration
MM-D-2007-04-03,mega_millions,MM-S04,2007-04-03,main,exploration
MM-D-2007-04-06,mega_millions,MM-S04,2007-04-06,main,exploration
MM-D-2007-04-10,mega_millions,MM-S04,2007-04-10,main,exploration
MM-D-2007-04-13,mega_millions,MM-S04,2007-04-13,main,exploration
MM-D-2007-04-17,mega_millions,MM-S04,2007-04-17,main,exploration
MM-D-2007-04-20,mega_millions,MM-S04,2007-04-20,main,exploration
MM-D-2007-04-24,mega_millions,MM-S04,2007-04-24,main,exploration
MM-D-2007-04-27,mega_millions,MM-S04,2007-04-27,main,exploration
MM-D-2007-05-01,mega_millions,MM-S04,2007-05-01,main,exploration
MM-D-2007-05-04,mega_millions,MM-S04,2007-05-04,main,exploration
MM-D-2007-05-08,mega_millions,MM-S04,2007-05-08,main,exploration
MM-D-2007-05-11,mega_millions,MM-S04,2007-05-11,main,exploration
MM-D-2007-05-15,mega_millions,MM-S04,2007-05-15,main,exploration
MM-D-2007-05-18,mega_millions,MM-S04,2007-05-18,main,exploration
MM-D-2007-05-22,mega_millions,MM-S04,2007-05-22,main,exploration
MM-D-2007-05-25,mega_millions,MM-S04,2007-05-25,main,exploration
MM-D-2007-05-29,mega_millions,MM-S04,2007-05-29,main,exploration
MM-D-2007-06-01,mega_millions,MM-S04,2007-06-01,main,exploration
MM-D-2007-06-05,mega_millions,MM-S04,2007-06-05,main,exploration
MM-D-2007-06-08,mega_millions,MM-S04,2007-06-08,main,exploration
MM-D-2007-06-12,mega_millions,MM-S04,2007-06-12,main,exploration
MM-D-2007-06-15,mega_millions,MM-S04,2007-06-15,main,exploration
MM-D-2007-06-19,mega_millions,MM-S04,2007-06-19,main,exploration
MM-D-2007-06-22,mega_millions,MM-S04,2007-06-22,main,exploration
MM-D-2007-06-26,mega_millions,MM-S04,2007-06-26,main,exploration
MM-D-2007-06-29,mega_millions,MM-S04,2007-06-29,main,exploration
MM-D-2007-07-03,mega_millions,MM-S04,2007-07-03,main,exploration
MM-D-2007-07-06,mega_millions,MM-S04,2007-07-06,main,exploration
MM-D-2007-07-10,mega_millions,MM-S04,2007-07-10,main,exploration
MM-D-2007-07-13,mega_millions,MM-S04,2007-07-13,main,exploration
MM-D-2007-07-17,mega_millions,MM-S04,2007-07-17,main,exploration
MM-D-2007-07-20,mega_millions,MM-S04,2007-07-20,main,exploration
MM-D-2007-07-24,mega_millions,MM-S04,2007-07-24,main,exploration
MM-D-2007-07-27,mega_millions,MM-S04,2007-07-27,main,exploration
MM-D-2007-07-31,mega_millions,MM-S04,2007-07-31,main,exploration
MM-D-2007-08-03,mega_millions,MM-S04,2007-08-03,main,exploration
MM-D-2007-08-07,mega_millions,MM-S04,2007-08-07,main,exploration
MM-D-2007-08-10,mega_millions,MM-S04,2007-08-10,main,exploration
MM-D-2007-08-14,mega_millions,MM-S04,2007-08-14,main,exploration
MM-D-2007-08-17,mega_millions,MM-S04,2007-08-17,main,exploration
MM-D-2007-08-21,mega_millions,MM-S04,2007-08-21,main,exploration
MM-D-2007-08-24,mega_millions,MM-S04,2007-08-24,main,exploration
MM-D-2007-08-28,mega_millions,MM-S04,2007-08-28,main,exploration
MM-D-2007-08-31,mega_millions,MM-S04,2007-08-31,main,exploration
MM-D-2007-09-04,mega_millions,MM-S04,2007-09-04,main,exploration
MM-D-2007-09-07,mega_millions,MM-S04,2007-09-07,main,exploration
MM-D-2007-09-11,mega_millions,MM-S04,2007-09-11,main,exploration
MM-D-2007-09-14,mega_millions,MM-S04,2007-09-14,main,exploration
MM-D-2007-09-18,mega_millions,MM-S04,2007-09-18,main,exploration
MM-D-2007-09-21,mega_millions,MM-S04,2007-09-21,main,exploration
MM-D-2007-09-25,mega_millions,MM-S04,2007-09-25,main,exploration
MM-D-2007-09-28,mega_millions,MM-S04,2007-09-28,main,exploration
MM-D-2007-10-02,mega_millions,MM-S04,2007-10-02,main,exploration
MM-D-2007-10-05,mega_millions,MM-S04,2007-10-05,main,exploration
MM-D-2007-10-09,mega_millions,MM-S04,2007-10-09,main,exploration
MM-D-2007-10-12,mega_millions,MM-S04,2007-10-12,main,exploration
MM-D-2007-10-16,mega_millions,MM-S04,2007-10-16,main,exploration
MM-D-2007-10-19,mega_millions,MM-S04,2007-10-19,main,exploration
MM-D-2007-10-23,mega_millions,MM-S04,2007-10-23,main,exploration
MM-D-2007-10-26,mega_millions,MM-S04,2007-10-26,main,exploration
MM-D-2007-10-30,mega_millions,MM-S04,2007-10-30,main,exploration
MM-D-2007-11-02,mega_millions,MM-S04,2007-11-02,main,exploration
MM-D-2007-11-06,mega_millions,MM-S04,2007-11-06,main,exploration
MM-D-2007-11-09,mega_millions,MM-S04,2007-11-09,main,exploration
MM-D-2007-11-13,mega_millions,MM-S04,2007-11-13,main,exploration
MM-D-2007-11-16,mega_millions,MM-S04,2007-11-16,main,exploration
MM-D-2007-11-20,mega_millions,MM-S04,2007-11-20,main,exploration
MM-D-2007-11-23,mega_millions,MM-S04,2007-11-23,main,exploration
MM-D-2007-11-27,mega_millions,MM-S04,2007-11-27,main,exploration
MM-D-2007-11-30,mega_millions,MM-S04,2007-11-30,main,exploration
MM-D-2007-12-04,mega_millions,MM-S04,2007-12-04,main,exploration
MM-D-2007-12-07,mega_millions,MM-S04,2007-12-07,main,exploration
MM-D-2007-12-11,mega_millions,MM-S04,2007-12-11,main,exploration
MM-D-2007-12-14,mega_millions,MM-S04,2007-12-14,main,exploration
MM-D-2007-12-18,mega_millions,MM-S04,2007-12-18,main,exploration
MM-D-2007-12-21,mega_millions,MM-S04,2007-12-21,main,exploration
MM-D-2007-12-25,mega_millions,MM-S04,2007-12-25,main,exploration
MM-D-2007-12-28,mega_millions,MM-S04,2007-12-28,main,exploration
MM-D-2008-01-01,mega_millions,MM-S04,2008-01-01,main,exploration
MM-D-2008-01-04,mega_millions,MM-S04,2008-01-04,main,exploration
MM-D-2008-01-08,mega_millions,MM-S04,2008-01-08,main,exploration
MM-D-2008-01-11,mega_millions,MM-S04,2008-01-11,main,exploration
MM-D-2008-01-15,mega_millions,MM-S04,2008-01-15,main,exploration
MM-D-2008-01-18,mega_millions,MM-S04,2008-01-18,main,exploration
MM-D-2008-01-22,mega_millions,MM-S04,2008-01-22,main,exploration
MM-D-2008-01-25,mega_millions,MM-S04,2008-01-25,main,exploration
MM-D-2008-01-29,mega_millions,MM-S04,2008-01-29,main,exploration
MM-D-2008-02-01,mega_millions,MM-S04,2008-02-01,main,exploration
MM-D-2008-02-05,mega_millions,MM-S04,2008-02-05,main,exploration
MM-D-2008-02-08,mega_millions,MM-S04,2008-02-08,main,exploration
MM-D-2008-02-12,mega_millions,MM-S04,2008-02-12,main,exploration
MM-D-2008-02-15,mega_millions,MM-S04,2008-02-15,main,exploration
MM-D-2008-02-19,mega_millions,MM-S04,2008-02-19,main,exploration
MM-D-2008-02-22,mega_millions,MM-S04,2008-02-22,main,exploration
MM-D-2008-02-26,mega_millions,MM-S04,2008-02-26,main,exploration
MM-D-2008-02-29,mega_millions,MM-S04,2008-02-29,main,exploration
MM-D-2008-03-04,mega_millions,MM-S04,2008-03-04,main,exploration
MM-D-2008-03-07,mega_millions,MM-S04,2008-03-07,main,exploration
MM-D-2008-03-11,mega_millions,MM-S04,2008-03-11,main,exploration
MM-D-2008-03-14,mega_millions,MM-S04,2008-03-14,main,exploration
MM-D-2008-03-18,mega_millions,MM-S04,2008-03-18,main,exploration
MM-D-2008-03-21,mega_millions,MM-S04,2008-03-21,main,exploration
MM-D-2008-03-25,mega_millions,MM-S04,2008-03-25,main,exploration
MM-D-2008-03-28,mega_millions,MM-S04,2008-03-28,main,exploration
MM-D-2008-04-01,mega_millions,MM-S04,2008-04-01,main,exploration
MM-D-2008-04-04,mega_millions,MM-S04,2008-04-04,main,exploration
MM-D-2008-04-08,mega_millions,MM-S04,2008-04-08,main,exploration
MM-D-2008-04-11,mega_millions,MM-S04,2008-04-11,main,exploration
MM-D-2008-04-15,mega_millions,MM-S04,2008-04-15,main,exploration
MM-D-2008-04-18,mega_millions,MM-S04,2008-04-18,main,exploration
MM-D-2008-04-22,mega_millions,MM-S04,2008-04-22,main,exploration
MM-D-2008-04-25,mega_millions,MM-S04,2008-04-25,main,exploration
MM-D-2008-04-29,mega_millions,MM-S04,2008-04-29,main,exploration
MM-D-2008-05-02,mega_millions,MM-S04,2008-05-02,main,exploration
MM-D-2008-05-06,mega_millions,MM-S04,2008-05-06,main,exploration
MM-D-2008-05-09,mega_millions,MM-S04,2008-05-09,main,exploration
MM-D-2008-05-13,mega_millions,MM-S04,2008-05-13,main,exploration
MM-D-2008-05-16,mega_millions,MM-S04,2008-05-16,main,exploration
MM-D-2008-05-20,mega_millions,MM-S04,2008-05-20,main,exploration
MM-D-2008-05-23,mega_millions,MM-S04,2008-05-23,main,exploration
MM-D-2008-05-27,mega_millions,MM-S04,2008-05-27,main,exploration
MM-D-2008-05-30,mega_millions,MM-S04,2008-05-30,main,exploration
MM-D-2008-06-03,mega_millions,MM-S04,2008-06-03,main,exploration
MM-D-2008-06-06,mega_millions,MM-S04,2008-06-06,main,exploration
MM-D-2008-06-10,mega_millions,MM-S04,2008-06-10,main,exploration
MM-D-2008-06-13,mega_millions,MM-S04,2008-06-13,main,exploration
MM-D-2008-06-17,mega_millions,MM-S04,2008-06-17,main,exploration
MM-D-2008-06-20,mega_millions,MM-S04,2008-06-20,main,exploration
MM-D-2008-06-24,mega_millions,MM-S04,2008-06-24,main,exploration
MM-D-2008-06-27,mega_millions,MM-S04,2008-06-27,main,exploration
MM-D-2008-07-01,mega_millions,MM-S04,2008-07-01,main,exploration
MM-D-2008-07-04,mega_millions,MM-S04,2008-07-04,main,exploration
MM-D-2008-07-08,mega_millions,MM-S04,2008-07-08,main,exploration
MM-D-2008-07-11,mega_millions,MM-S04,2008-07-11,main,exploration
MM-D-2008-07-15,mega_millions,MM-S04,2008-07-15,main,exploration
MM-D-2008-07-18,mega_millions,MM-S04,2008-07-18,main,exploration
MM-D-2008-07-22,mega_millions,MM-S04,2008-07-22,main,exploration
MM-D-2008-07-25,mega_millions,MM-S04,2008-07-25,main,exploration
MM-D-2008-07-29,mega_millions,MM-S04,2008-07-29,main,exploration
MM-D-2008-08-01,mega_millions,MM-S04,2008-08-01,main,exploration
MM-D-2008-08-05,mega_millions,MM-S04,2008-08-05,main,exploration
MM-D-2008-08-08,mega_millions,MM-S04,2008-08-08,main,exploration
MM-D-2008-08-12,mega_millions,MM-S04,2008-08-12,main,exploration
MM-D-2008-08-15,mega_millions,MM-S04,2008-08-15,main,exploration
MM-D-2008-08-19,mega_millions,MM-S04,2008-08-19,main,exploration
MM-D-2008-08-22,mega_millions,MM-S04,2008-08-22,main,exploration
MM-D-2008-08-26,mega_millions,MM-S04,2008-08-26,main,exploration
MM-D-2008-08-29,mega_millions,MM-S04,2008-08-29,main,exploration
MM-D-2008-09-02,mega_millions,MM-S04,2008-09-02,main,exploration
MM-D-2008-09-05,mega_millions,MM-S04,2008-09-05,main,exploration
MM-D-2008-09-09,mega_millions,MM-S04,2008-09-09,main,exploration
MM-D-2008-09-12,mega_millions,MM-S04,2008-09-12,main,exploration
MM-D-2008-09-16,mega_millions,MM-S04,2008-09-16,main,exploration
MM-D-2008-09-19,mega_millions,MM-S04,2008-09-19,main,exploration
MM-D-2008-09-23,mega_millions,MM-S04,2008-09-23,main,exploration
MM-D-2008-09-26,mega_millions,MM-S04,2008-09-26,main,exploration
MM-D-2008-09-30,mega_millions,MM-S04,2008-09-30,main,exploration
MM-D-2008-10-03,mega_millions,MM-S04,2008-10-03,main,exploration
MM-D-2008-10-07,mega_millions,MM-S04,2008-10-07,main,exploration
MM-D-2008-10-10,mega_millions,MM-S04,2008-10-10,main,exploration
MM-D-2008-10-14,mega_millions,MM-S04,2008-10-14,main,exploration
MM-D-2008-10-17,mega_millions,MM-S04,2008-10-17,main,exploration
MM-D-2008-10-21,mega_millions,MM-S04,2008-10-21,main,exploration
MM-D-2008-10-24,mega_millions,MM-S04,2008-10-24,main,exploration
MM-D-2008-10-28,mega_millions,MM-S04,2008-10-28,main,exploration
MM-D-2008-10-31,mega_millions,MM-S04,2008-10-31,main,exploration
MM-D-2008-11-04,mega_millions,MM-S04,2008-11-04,main,exploration
MM-D-2008-11-07,mega_millions,MM-S04,2008-11-07,main,exploration
MM-D-2008-11-11,mega_millions,MM-S04,2008-11-11,main,exploration
MM-D-2008-11-14,mega_millions,MM-S04,2008-11-14,main,exploration
MM-D-2008-11-18,mega_millions,MM-S04,2008-11-18,main,exploration
MM-D-2008-11-21,mega_millions,MM-S04,2008-11-21,main,exploration
MM-D-2008-11-25,mega_millions,MM-S04,2008-11-25,main,exploration
MM-D-2008-11-28,mega_millions,MM-S04,2008-11-28,main,exploration
MM-D-2008-12-02,mega_millions,MM-S04,2008-12-02,main,exploration
MM-D-2008-12-05,mega_millions,MM-S04,2008-12-05,main,exploration
MM-D-2008-12-09,mega_millions,MM-S04,2008-12-09,main,exploration
MM-D-2008-12-12,mega_millions,MM-S04,2008-12-12,main,exploration
MM-D-2008-12-16,mega_millions,MM-S04,2008-12-16,main,exploration
MM-D-2008-12-19,mega_millions,MM-S04,2008-12-19,main,exploration
MM-D-2008-12-23,mega_millions,MM-S04,2008-12-23,main,exploration
MM-D-2008-12-26,mega_millions,MM-S04,2008-12-26,main,exploration
MM-D-2008-12-30,mega_millions,MM-S04,2008-12-30,main,exploration
MM-D-2009-01-02,mega_millions,MM-S04,2009-01-02,main,exploration
MM-D-2009-01-06,mega_millions,MM-S04,2009-01-06,main,exploration
MM-D-2009-01-09,mega_millions,MM-S04,2009-01-09,main,exploration
MM-D-2009-01-13,mega_millions,MM-S04,2009-01-13,main,exploration
MM-D-2009-01-16,mega_millions,MM-S04,2009-01-16,main,exploration
MM-D-2009-01-20,mega_millions,MM-S04,2009-01-20,main,exploration
MM-D-2009-01-23,mega_millions,MM-S04,2009-01-23,main,exploration
MM-D-2009-01-27,mega_millions,MM-S04,2009-01-27,main,exploration
MM-D-2009-01-30,mega_millions,MM-S04,2009-01-30,main,exploration
MM-D-2009-02-03,mega_millions,MM-S04,2009-02-03,main,exploration
MM-D-2009-02-06,mega_millions,MM-S04,2009-02-06,main,exploration
MM-D-2009-02-10,mega_millions,MM-S04,2009-02-10,main,exploration
MM-D-2009-02-13,mega_millions,MM-S04,2009-02-13,main,exploration
MM-D-2009-02-17,mega_millions,MM-S04,2009-02-17,main,exploration
MM-D-2009-02-20,mega_millions,MM-S04,2009-02-20,main,exploration
MM-D-2009-02-24,mega_millions,MM-S04,2009-02-24,main,exploration
MM-D-2009-02-27,mega_millions,MM-S04,2009-02-27,main,exploration
MM-D-2009-03-03,mega_millions,MM-S04,2009-03-03,main,exploration
MM-D-2009-03-06,mega_millions,MM-S04,2009-03-06,main,exploration
MM-D-2009-03-10,mega_millions,MM-S04,2009-03-10,main,exploration
MM-D-2009-03-13,mega_millions,MM-S04,2009-03-13,main,exploration
MM-D-2009-03-17,mega_millions,MM-S04,2009-03-17,main,exploration
MM-D-2009-03-20,mega_millions,MM-S04,2009-03-20,main,exploration
MM-D-2009-03-24,mega_millions,MM-S04,2009-03-24,main,exploration
MM-D-2009-03-27,mega_millions,MM-S04,2009-03-27,main,exploration
MM-D-2009-03-31,mega_millions,MM-S04,2009-03-31,main,exploration
MM-D-2009-04-03,mega_millions,MM-S04,2009-04-03,main,exploration
MM-D-2009-04-07,mega_millions,MM-S04,2009-04-07,main,exploration
MM-D-2009-04-10,mega_millions,MM-S04,2009-04-10,main,exploration
MM-D-2009-04-14,mega_millions,MM-S04,2009-04-14,main,exploration
MM-D-2009-04-17,mega_millions,MM-S04,2009-04-17,main,exploration
MM-D-2009-04-21,mega_millions,MM-S04,2009-04-21,main,exploration
MM-D-2009-04-24,mega_millions,MM-S04,2009-04-24,main,exploration
MM-D-2009-04-28,mega_millions,MM-S04,2009-04-28,main,exploration
MM-D-2009-05-01,mega_millions,MM-S04,2009-05-01,main,exploration
MM-D-2009-05-05,mega_millions,MM-S04,2009-05-05,main,exploration
MM-D-2009-05-08,mega_millions,MM-S04,2009-05-08,main,exploration
MM-D-2009-05-12,mega_millions,MM-S04,2009-05-12,main,exploration
MM-D-2009-05-15,mega_millions,MM-S04,2009-05-15,main,exploration
MM-D-2009-05-19,mega_millions,MM-S04,2009-05-19,main,exploration
MM-D-2009-05-22,mega_millions,MM-S04,2009-05-22,main,exploration
MM-D-2009-05-26,mega_millions,MM-S04,2009-05-26,main,exploration
MM-D-2009-05-29,mega_millions,MM-S04,2009-05-29,main,exploration
MM-D-2009-06-02,mega_millions,MM-S04,2009-06-02,main,exploration
MM-D-2009-06-05,mega_millions,MM-S04,2009-06-05,main,exploration
MM-D-2009-06-09,mega_millions,MM-S04,2009-06-09,main,exploration
MM-D-2009-06-12,mega_millions,MM-S04,2009-06-12,main,exploration
MM-D-2009-06-16,mega_millions,MM-S04,2009-06-16,main,exploration
MM-D-2009-06-19,mega_millions,MM-S04,2009-06-19,main,exploration
MM-D-2009-06-23,mega_millions,MM-S04,2009-06-23,main,exploration
MM-D-2009-06-26,mega_millions,MM-S04,2009-06-26,main,exploration
MM-D-2009-06-30,mega_millions,MM-S04,2009-06-30,main,exploration
MM-D-2009-07-03,mega_millions,MM-S04,2009-07-03,main,exploration
MM-D-2009-07-07,mega_millions,MM-S04,2009-07-07,main,exploration
MM-D-2009-07-10,mega_millions,MM-S04,2009-07-10,main,exploration
MM-D-2009-07-14,mega_millions,MM-S04,2009-07-14,main,exploration
MM-D-2009-07-17,mega_millions,MM-S04,2009-07-17,main,exploration
MM-D-2009-07-21,mega_millions,MM-S04,2009-07-21,main,exploration
MM-D-2009-07-24,mega_millions,MM-S04,2009-07-24,main,exploration
MM-D-2009-07-28,mega_millions,MM-S04,2009-07-28,main,exploration
MM-D-2009-07-31,mega_millions,MM-S04,2009-07-31,main,exploration
MM-D-2009-08-04,mega_millions,MM-S04,2009-08-04,main,exploration
MM-D-2009-08-07,mega_millions,MM-S04,2009-08-07,main,exploration
MM-D-2009-08-11,mega_millions,MM-S04,2009-08-11,main,exploration
MM-D-2009-08-14,mega_millions,MM-S04,2009-08-14,main,exploration
MM-D-2009-08-18,mega_millions,MM-S04,2009-08-18,main,exploration
MM-D-2009-08-21,mega_millions,MM-S04,2009-08-21,main,exploration
MM-D-2009-08-25,mega_millions,MM-S04,2009-08-25,main,exploration
MM-D-2009-08-28,mega_millions,MM-S04,2009-08-28,main,exploration
MM-D-2009-09-01,mega_millions,MM-S04,2009-09-01,main,exploration
MM-D-2009-09-04,mega_millions,MM-S04,2009-09-04,main,exploration
MM-D-2009-09-08,mega_millions,MM-S04,2009-09-08,main,exploration
MM-D-2009-09-11,mega_millions,MM-S04,2009-09-11,main,exploration
MM-D-2009-09-15,mega_millions,MM-S04,2009-09-15,main,exploration
MM-D-2009-09-18,mega_millions,MM-S04,2009-09-18,main,exploration
MM-D-2009-09-22,mega_millions,MM-S04,2009-09-22,main,exploration
MM-D-2009-09-25,mega_millions,MM-S04,2009-09-25,main,exploration
MM-D-2009-09-29,mega_millions,MM-S04,2009-09-29,main,exploration
MM-D-2009-10-02,mega_millions,MM-S04,2009-10-02,main,exploration
MM-D-2009-10-06,mega_millions,MM-S04,2009-10-06,main,exploration
MM-D-2009-10-09,mega_millions,MM-S04,2009-10-09,main,exploration
MM-D-2009-10-13,mega_millions,MM-S04,2009-10-13,main,exploration
MM-D-2009-10-16,mega_millions,MM-S04,2009-10-16,main,exploration
MM-D-2009-10-20,mega_millions,MM-S04,2009-10-20,main,exploration
MM-D-2009-10-23,mega_millions,MM-S04,2009-10-23,main,exploration
MM-D-2009-10-27,mega_millions,MM-S04,2009-10-27,main,exploration
MM-D-2009-10-30,mega_millions,MM-S04,2009-10-30,main,exploration
MM-D-2009-11-03,mega_millions,MM-S04,2009-11-03,main,exploration
MM-D-2009-11-06,mega_millions,MM-S04,2009-11-06,main,exploration
MM-D-2009-11-10,mega_millions,MM-S04,2009-11-10,main,exploration
MM-D-2009-11-13,mega_millions,MM-S04,2009-11-13,main,exploration
MM-D-2009-11-17,mega_millions,MM-S04,2009-11-17,main,exploration
MM-D-2009-11-20,mega_millions,MM-S04,2009-11-20,main,exploration
MM-D-2009-11-24,mega_millions,MM-S04,2009-11-24,main,exploration
MM-D-2009-11-27,mega_millions,MM-S04,2009-11-27,main,exploration
MM-D-2009-12-01,mega_millions,MM-S04,2009-12-01,main,exploration
MM-D-2009-12-04,mega_millions,MM-S04,2009-12-04,main,exploration
MM-D-2009-12-08,mega_millions,MM-S04,2009-12-08,main,exploration
MM-D-2009-12-11,mega_millions,MM-S04,2009-12-11,main,exploration
MM-D-2009-12-15,mega_millions,MM-S04,2009-12-15,main,exploration
MM-D-2009-12-18,mega_millions,MM-S04,2009-12-18,main,exploration
MM-D-2009-12-22,mega_millions,MM-S04,2009-12-22,main,exploration
MM-D-2009-12-25,mega_millions,MM-S04,2009-12-25,main,exploration
MM-D-2009-12-29,mega_millions,MM-S04,2009-12-29,main,exploration
MM-D-2010-01-01,mega_millions,MM-S04,2010-01-01,main,exploration
MM-D-2010-01-05,mega_millions,MM-S04,2010-01-05,main,exploration
MM-D-2010-01-08,mega_millions,MM-S04,2010-01-08,main,exploration
MM-D-2010-01-12,mega_millions,MM-S04,2010-01-12,main,exploration
MM-D-2010-01-15,mega_millions,MM-S04,2010-01-15,main,exploration
MM-D-2010-01-19,mega_millions,MM-S04,2010-01-19,main,exploration
MM-D-2010-01-22,mega_millions,MM-S04,2010-01-22,main,exploration
MM-D-2010-01-26,mega_millions,MM-S04,2010-01-26,main,exploration
MM-D-2010-01-29,mega_millions,MM-S04,2010-01-29,main,exploration
MM-D-2010-02-02,mega_millions,MM-S04,2010-02-02,main,exploration
MM-D-2010-02-05,mega_millions,MM-S04,2010-02-05,main,exploration
MM-D-2010-02-09,mega_millions,MM-S04,2010-02-09,main,exploration
MM-D-2010-02-12,mega_millions,MM-S04,2010-02-12,main,exploration
MM-D-2010-02-16,mega_millions,MM-S04,2010-02-16,main,exploration
MM-D-2010-02-19,mega_millions,MM-S04,2010-02-19,main,exploration
MM-D-2010-02-23,mega_millions,MM-S04,2010-02-23,main,exploration
MM-D-2010-02-26,mega_millions,MM-S04,2010-02-26,main,exploration
MM-D-2010-03-02,mega_millions,MM-S04,2010-03-02,main,exploration
MM-D-2010-03-05,mega_millions,MM-S04,2010-03-05,main,exploration
MM-D-2010-03-09,mega_millions,MM-S04,2010-03-09,main,exploration
MM-D-2010-03-12,mega_millions,MM-S04,2010-03-12,main,exploration
MM-D-2010-03-16,mega_millions,MM-S04,2010-03-16,main,exploration
MM-D-2010-03-19,mega_millions,MM-S04,2010-03-19,main,exploration
MM-D-2010-03-23,mega_millions,MM-S04,2010-03-23,main,exploration
MM-D-2010-03-26,mega_millions,MM-S04,2010-03-26,main,exploration
MM-D-2010-03-30,mega_millions,MM-S04,2010-03-30,main,exploration
MM-D-2010-04-02,mega_millions,MM-S04,2010-04-02,main,exploration
MM-D-2010-04-06,mega_millions,MM-S04,2010-04-06,main,exploration
MM-D-2010-04-09,mega_millions,MM-S04,2010-04-09,main,exploration
MM-D-2010-04-13,mega_millions,MM-S04,2010-04-13,main,exploration
MM-D-2010-04-16,mega_millions,MM-S04,2010-04-16,main,exploration
MM-D-2010-04-20,mega_millions,MM-S04,2010-04-20,main,exploration
MM-D-2010-04-23,mega_millions,MM-S04,2010-04-23,main,exploration
MM-D-2010-04-27,mega_millions,MM-S04,2010-04-27,main,exploration
MM-D-2010-04-30,mega_millions,MM-S04,2010-04-30,main,exploration
MM-D-2010-05-04,mega_millions,MM-S04,2010-05-04,main,exploration
MM-D-2010-05-07,mega_millions,MM-S04,2010-05-07,main,exploration
MM-D-2010-05-11,mega_millions,MM-S04,2010-05-11,main,exploration
MM-D-2010-05-14,mega_millions,MM-S04,2010-05-14,main,exploration
MM-D-2010-05-18,mega_millions,MM-S04,2010-05-18,main,exploration
MM-D-2010-05-21,mega_millions,MM-S04,2010-05-21,main,exploration
MM-D-2010-05-25,mega_millions,MM-S04,2010-05-25,main,exploration
MM-D-2010-05-28,mega_millions,MM-S04,2010-05-28,main,exploration
MM-D-2010-06-01,mega_millions,MM-S04,2010-06-01,main,exploration
MM-D-2010-06-04,mega_millions,MM-S04,2010-06-04,main,exploration
MM-D-2010-06-08,mega_millions,MM-S04,2010-06-08,main,exploration
MM-D-2010-06-11,mega_millions,MM-S04,2010-06-11,main,exploration
MM-D-2010-06-15,mega_millions,MM-S04,2010-06-15,main,exploration
MM-D-2010-06-18,mega_millions,MM-S04,2010-06-18,main,exploration
MM-D-2010-06-22,mega_millions,MM-S04,2010-06-22,main,exploration
MM-D-2010-06-25,mega_millions,MM-S04,2010-06-25,main,exploration
MM-D-2010-06-29,mega_millions,MM-S04,2010-06-29,main,exploration
MM-D-2010-07-02,mega_millions,MM-S04,2010-07-02,main,exploration
MM-D-2010-07-06,mega_millions,MM-S04,2010-07-06,main,exploration
MM-D-2010-07-09,mega_millions,MM-S04,2010-07-09,main,exploration
MM-D-2010-07-13,mega_millions,MM-S04,2010-07-13,main,exploration
MM-D-2010-07-16,mega_millions,MM-S04,2010-07-16,main,exploration
MM-D-2010-07-20,mega_millions,MM-S04,2010-07-20,main,exploration
MM-D-2010-07-23,mega_millions,MM-S04,2010-07-23,main,exploration
MM-D-2010-07-27,mega_millions,MM-S04,2010-07-27,main,exploration
MM-D-2010-07-30,mega_millions,MM-S04,2010-07-30,main,exploration
MM-D-2010-08-03,mega_millions,MM-S04,2010-08-03,main,exploration
MM-D-2010-08-06,mega_millions,MM-S04,2010-08-06,main,exploration
MM-D-2010-08-10,mega_millions,MM-S04,2010-08-10,main,exploration
MM-D-2010-08-13,mega_millions,MM-S04,2010-08-13,main,exploration
MM-D-2010-08-17,mega_millions,MM-S04,2010-08-17,main,exploration
MM-D-2010-08-20,mega_millions,MM-S04,2010-08-20,main,exploration
MM-D-2010-08-24,mega_millions,MM-S04,2010-08-24,main,exploration
MM-D-2010-08-27,mega_millions,MM-S04,2010-08-27,main,exploration
MM-D-2010-08-31,mega_millions,MM-S04,2010-08-31,main,exploration
MM-D-2010-09-03,mega_millions,MM-S04,2010-09-03,main,exploration
MM-D-2010-09-07,mega_millions,MM-S04,2010-09-07,main,exploration
MM-D-2010-09-10,mega_millions,MM-S04,2010-09-10,main,exploration
MM-D-2010-09-14,mega_millions,MM-S04,2010-09-14,main,exploration
MM-D-2010-09-17,mega_millions,MM-S04,2010-09-17,main,exploration
MM-D-2010-09-21,mega_millions,MM-S04,2010-09-21,main,exploration
MM-D-2010-09-24,mega_millions,MM-S04,2010-09-24,main,exploration
MM-D-2010-09-28,mega_millions,MM-S04,2010-09-28,main,exploration
MM-D-2010-10-01,mega_millions,MM-S04,2010-10-01,main,exploration
MM-D-2010-10-05,mega_millions,MM-S04,2010-10-05,main,exploration
MM-D-2010-10-08,mega_millions,MM-S04,2010-10-08,main,exploration
MM-D-2010-10-12,mega_millions,MM-S04,2010-10-12,main,exploration
MM-D-2010-10-15,mega_millions,MM-S04,2010-10-15,main,exploration
MM-D-2010-10-19,mega_millions,MM-S04,2010-10-19,main,exploration
MM-D-2010-10-22,mega_millions,MM-S04,2010-10-22,main,exploration
MM-D-2010-10-26,mega_millions,MM-S04,2010-10-26,main,exploration
MM-D-2010-10-29,mega_millions,MM-S04,2010-10-29,main,exploration
MM-D-2010-11-02,mega_millions,MM-S04,2010-11-02,main,exploration
MM-D-2010-11-05,mega_millions,MM-S04,2010-11-05,main,exploration
MM-D-2010-11-09,mega_millions,MM-S04,2010-11-09,main,exploration
MM-D-2010-11-12,mega_millions,MM-S04,2010-11-12,main,exploration
MM-D-2010-11-16,mega_millions,MM-S04,2010-11-16,main,exploration
MM-D-2010-11-19,mega_millions,MM-S04,2010-11-19,main,exploration
MM-D-2010-11-23,mega_millions,MM-S04,2010-11-23,main,exploration
MM-D-2010-11-26,mega_millions,MM-S04,2010-11-26,main,exploration
MM-D-2010-11-30,mega_millions,MM-S04,2010-11-30,main,exploration
MM-D-2010-12-03,mega_millions,MM-S04,2010-12-03,main,exploration
MM-D-2010-12-07,mega_millions,MM-S04,2010-12-07,main,exploration
MM-D-2010-12-10,mega_millions,MM-S04,2010-12-10,main,exploration
MM-D-2010-12-14,mega_millions,MM-S04,2010-12-14,main,exploration
MM-D-2010-12-17,mega_millions,MM-S04,2010-12-17,main,exploration
MM-D-2010-12-21,mega_millions,MM-S04,2010-12-21,main,exploration
MM-D-2010-12-24,mega_millions,MM-S04,2010-12-24,main,exploration
MM-D-2010-12-28,mega_millions,MM-S04,2010-12-28,main,exploration
MM-D-2010-12-31,mega_millions,MM-S04,2010-12-31,main,exploration
MM-D-2011-01-04,mega_millions,MM-S04,2011-01-04,main,exploration
MM-D-2011-01-07,mega_millions,MM-S04,2011-01-07,main,exploration
MM-D-2011-01-11,mega_millions,MM-S04,2011-01-11,main,exploration
MM-D-2011-01-14,mega_millions,MM-S04,2011-01-14,main,exploration
MM-D-2011-01-18,mega_millions,MM-S04,2011-01-18,main,exploration
MM-D-2011-01-21,mega_millions,MM-S04,2011-01-21,main,exploration
MM-D-2011-01-25,mega_millions,MM-S04,2011-01-25,main,exploration
MM-D-2011-01-28,mega_millions,MM-S04,2011-01-28,main,exploration
MM-D-2011-02-01,mega_millions,MM-S04,2011-02-01,main,exploration
MM-D-2011-02-04,mega_millions,MM-S04,2011-02-04,main,exploration
MM-D-2011-02-08,mega_millions,MM-S04,2011-02-08,main,exploration
MM-D-2011-02-11,mega_millions,MM-S04,2011-02-11,main,exploration
MM-D-2011-02-15,mega_millions,MM-S04,2011-02-15,main,exploration
MM-D-2011-02-18,mega_millions,MM-S04,2011-02-18,main,exploration
MM-D-2011-02-22,mega_millions,MM-S04,2011-02-22,main,exploration
MM-D-2011-02-25,mega_millions,MM-S04,2011-02-25,main,exploration
MM-D-2011-03-01,mega_millions,MM-S04,2011-03-01,main,exploration
MM-D-2011-03-04,mega_millions,MM-S04,2011-03-04,main,exploration
MM-D-2011-03-08,mega_millions,MM-S04,2011-03-08,main,exploration
MM-D-2011-03-11,mega_millions,MM-S04,2011-03-11,main,exploration
MM-D-2011-03-15,mega_millions,MM-S04,2011-03-15,main,exploration
MM-D-2011-03-18,mega_millions,MM-S04,2011-03-18,main,exploration
MM-D-2011-03-22,mega_millions,MM-S04,2011-03-22,main,exploration
MM-D-2011-03-25,mega_millions,MM-S04,2011-03-25,main,exploration
MM-D-2011-03-29,mega_millions,MM-S04,2011-03-29,main,exploration
MM-D-2011-04-01,mega_millions,MM-S04,2011-04-01,main,exploration
MM-D-2011-04-05,mega_millions,MM-S04,2011-04-05,main,exploration
MM-D-2011-04-08,mega_millions,MM-S04,2011-04-08,main,exploration
MM-D-2011-04-12,mega_millions,MM-S04,2011-04-12,main,exploration
MM-D-2011-04-15,mega_millions,MM-S04,2011-04-15,main,exploration
MM-D-2011-04-19,mega_millions,MM-S04,2011-04-19,main,exploration
MM-D-2011-04-22,mega_millions,MM-S04,2011-04-22,main,exploration
MM-D-2011-04-26,mega_millions,MM-S04,2011-04-26,main,exploration
MM-D-2011-04-29,mega_millions,MM-S04,2011-04-29,main,exploration
MM-D-2011-05-03,mega_millions,MM-S04,2011-05-03,main,exploration
MM-D-2011-05-06,mega_millions,MM-S04,2011-05-06,main,exploration
MM-D-2011-05-10,mega_millions,MM-S04,2011-05-10,main,exploration
MM-D-2011-05-13,mega_millions,MM-S04,2011-05-13,main,exploration
MM-D-2011-05-17,mega_millions,MM-S04,2011-05-17,main,exploration
MM-D-2011-05-20,mega_millions,MM-S04,2011-05-20,main,exploration
MM-D-2011-05-24,mega_millions,MM-S04,2011-05-24,main,exploration
MM-D-2011-05-27,mega_millions,MM-S04,2011-05-27,main,exploration
MM-D-2011-05-31,mega_millions,MM-S04,2011-05-31,main,exploration
MM-D-2011-06-03,mega_millions,MM-S04,2011-06-03,main,exploration
MM-D-2011-06-07,mega_millions,MM-S04,2011-06-07,main,exploration
MM-D-2011-06-10,mega_millions,MM-S04,2011-06-10,main,exploration
MM-D-2011-06-14,mega_millions,MM-S04,2011-06-14,main,exploration
MM-D-2011-06-17,mega_millions,MM-S04,2011-06-17,main,exploration
MM-D-2011-06-21,mega_millions,MM-S04,2011-06-21,main,exploration
MM-D-2011-06-24,mega_millions,MM-S04,2011-06-24,main,exploration
MM-D-2011-06-28,mega_millions,MM-S04,2011-06-28,main,exploration
MM-D-2011-07-01,mega_millions,MM-S04,2011-07-01,main,exploration
MM-D-2011-07-05,mega_millions,MM-S04,2011-07-05,main,exploration
MM-D-2011-07-08,mega_millions,MM-S04,2011-07-08,main,exploration
MM-D-2011-07-12,mega_millions,MM-S04,2011-07-12,main,exploration
MM-D-2011-07-15,mega_millions,MM-S04,2011-07-15,main,exploration
MM-D-2011-07-19,mega_millions,MM-S04,2011-07-19,main,exploration
MM-D-2011-07-22,mega_millions,MM-S04,2011-07-22,main,exploration
MM-D-2011-07-26,mega_millions,MM-S04,2011-07-26,main,exploration
MM-D-2011-07-29,mega_millions,MM-S04,2011-07-29,main,exploration
MM-D-2011-08-02,mega_millions,MM-S04,2011-08-02,main,exploration
MM-D-2011-08-05,mega_millions,MM-S04,2011-08-05,main,exploration
MM-D-2011-08-09,mega_millions,MM-S04,2011-08-09,main,exploration
MM-D-2011-08-12,mega_millions,MM-S04,2011-08-12,main,exploration
MM-D-2011-08-16,mega_millions,MM-S04,2011-08-16,main,exploration
MM-D-2011-08-19,mega_millions,MM-S04,2011-08-19,main,exploration
MM-D-2011-08-23,mega_millions,MM-S04,2011-08-23,main,exploration
MM-D-2011-08-26,mega_millions,MM-S04,2011-08-26,main,exploration
MM-D-2011-08-30,mega_millions,MM-S04,2011-08-30,main,exploration
MM-D-2011-09-02,mega_millions,MM-S04,2011-09-02,main,exploration
MM-D-2011-09-06,mega_millions,MM-S04,2011-09-06,main,exploration
MM-D-2011-09-09,mega_millions,MM-S04,2011-09-09,main,exploration
MM-D-2011-09-13,mega_millions,MM-S04,2011-09-13,main,exploration
MM-D-2011-09-16,mega_millions,MM-S04,2011-09-16,main,exploration
MM-D-2011-09-20,mega_millions,MM-S04,2011-09-20,main,exploration
MM-D-2011-09-23,mega_millions,MM-S04,2011-09-23,main,exploration
MM-D-2011-09-27,mega_millions,MM-S04,2011-09-27,main,exploration
MM-D-2011-09-30,mega_millions,MM-S04,2011-09-30,main,exploration
MM-D-2011-10-04,mega_millions,MM-S04,2011-10-04,main,exploration
MM-D-2011-10-07,mega_millions,MM-S04,2011-10-07,main,exploration
MM-D-2011-10-11,mega_millions,MM-S04,2011-10-11,main,exploration
MM-D-2011-10-14,mega_millions,MM-S04,2011-10-14,main,exploration
MM-D-2011-10-18,mega_millions,MM-S04,2011-10-18,main,exploration
MM-D-2011-10-21,mega_millions,MM-S04,2011-10-21,main,exploration
MM-D-2011-10-25,mega_millions,MM-S04,2011-10-25,main,exploration
MM-D-2011-10-28,mega_millions,MM-S04,2011-10-28,main,exploration
MM-D-2011-11-01,mega_millions,MM-S04,2011-11-01,main,exploration
MM-D-2011-11-04,mega_millions,MM-S04,2011-11-04,main,exploration
MM-D-2011-11-08,mega_millions,MM-S04,2011-11-08,main,exploration
MM-D-2011-11-11,mega_millions,MM-S04,2011-11-11,main,exploration
MM-D-2011-11-15,mega_millions,MM-S04,2011-11-15,main,exploration
MM-D-2011-11-18,mega_millions,MM-S04,2011-11-18,main,exploration
MM-D-2011-11-22,mega_millions,MM-S04,2011-11-22,main,exploration
MM-D-2011-11-25,mega_millions,MM-S04,2011-11-25,main,exploration
MM-D-2011-11-29,mega_millions,MM-S04,2011-11-29,main,exploration
MM-D-2011-12-02,mega_millions,MM-S04,2011-12-02,main,exploration
MM-D-2011-12-06,mega_millions,MM-S04,2011-12-06,main,exploration
MM-D-2011-12-09,mega_millions,MM-S04,2011-12-09,main,exploration
MM-D-2011-12-13,mega_millions,MM-S04,2011-12-13,main,exploration
MM-D-2011-12-16,mega_millions,MM-S04,2011-12-16,main,exploration
MM-D-2011-12-20,mega_millions,MM-S04,2011-12-20,main,exploration
MM-D-2011-12-23,mega_millions,MM-S04,2011-12-23,main,exploration
MM-D-2011-12-27,mega_millions,MM-S04,2011-12-27,main,exploration
MM-D-2011-12-30,mega_millions,MM-S04,2011-12-30,main,exploration
MM-D-2012-01-03,mega_millions,MM-S04,2012-01-03,main,exploration
MM-D-2012-01-06,mega_millions,MM-S04,2012-01-06,main,exploration
MM-D-2012-01-10,mega_millions,MM-S04,2012-01-10,main,exploration
MM-D-2012-01-13,mega_millions,MM-S04,2012-01-13,main,exploration
MM-D-2012-01-17,mega_millions,MM-S04,2012-01-17,main,exploration
MM-D-2012-01-20,mega_millions,MM-S04,2012-01-20,main,exploration
MM-D-2012-01-24,mega_millions,MM-S04,2012-01-24,main,exploration
MM-D-2012-01-27,mega_millions,MM-S04,2012-01-27,main,exploration
MM-D-2012-01-31,mega_millions,MM-S04,2012-01-31,main,exploration
MM-D-2012-02-03,mega_millions,MM-S04,2012-02-03,main,exploration
MM-D-2012-02-07,mega_millions,MM-S04,2012-02-07,main,exploration
MM-D-2012-02-10,mega_millions,MM-S04,2012-02-10,main,exploration
MM-D-2012-02-14,mega_millions,MM-S04,2012-02-14,main,exploration
MM-D-2012-02-17,mega_millions,MM-S04,2012-02-17,main,exploration
MM-D-2013-10-22,mega_millions,MM-S05,2013-10-22,main,exploration
MM-D-2013-10-25,mega_millions,MM-S05,2013-10-25,main,exploration
MM-D-2013-10-29,mega_millions,MM-S05,2013-10-29,main,exploration
MM-D-2013-11-01,mega_millions,MM-S05,2013-11-01,main,exploration
MM-D-2013-11-05,mega_millions,MM-S05,2013-11-05,main,exploration
MM-D-2013-11-08,mega_millions,MM-S05,2013-11-08,main,exploration
MM-D-2013-11-12,mega_millions,MM-S05,2013-11-12,main,exploration
MM-D-2013-11-15,mega_millions,MM-S05,2013-11-15,main,exploration
MM-D-2013-11-19,mega_millions,MM-S05,2013-11-19,main,exploration
MM-D-2013-11-22,mega_millions,MM-S05,2013-11-22,main,exploration
MM-D-2013-11-26,mega_millions,MM-S05,2013-11-26,main,exploration
MM-D-2013-11-29,mega_millions,MM-S05,2013-11-29,main,exploration
MM-D-2013-12-03,mega_millions,MM-S05,2013-12-03,main,exploration
MM-D-2013-12-06,mega_millions,MM-S05,2013-12-06,main,exploration
MM-D-2013-12-10,mega_millions,MM-S05,2013-12-10,main,exploration
MM-D-2013-12-13,mega_millions,MM-S05,2013-12-13,main,exploration
MM-D-2013-12-17,mega_millions,MM-S05,2013-12-17,main,exploration
MM-D-2013-12-20,mega_millions,MM-S05,2013-12-20,main,exploration
MM-D-2013-12-24,mega_millions,MM-S05,2013-12-24,main,exploration
MM-D-2013-12-27,mega_millions,MM-S05,2013-12-27,main,exploration
MM-D-2013-12-31,mega_millions,MM-S05,2013-12-31,main,exploration
MM-D-2014-01-03,mega_millions,MM-S05,2014-01-03,main,exploration
MM-D-2014-01-07,mega_millions,MM-S05,2014-01-07,main,exploration
MM-D-2014-01-10,mega_millions,MM-S05,2014-01-10,main,exploration
MM-D-2014-01-14,mega_millions,MM-S05,2014-01-14,main,exploration
MM-D-2014-01-15,mega_millions,MM-S05,2014-01-15,main,exploration
MM-D-2014-01-17,mega_millions,MM-S05,2014-01-17,main,exploration
MM-D-2014-01-21,mega_millions,MM-S05,2014-01-21,main,exploration
MM-D-2014-01-24,mega_millions,MM-S05,2014-01-24,main,exploration
MM-D-2014-01-28,mega_millions,MM-S05,2014-01-28,main,exploration
MM-D-2014-01-31,mega_millions,MM-S05,2014-01-31,main,exploration
MM-D-2014-02-04,mega_millions,MM-S05,2014-02-04,main,exploration
MM-D-2014-02-07,mega_millions,MM-S05,2014-02-07,main,exploration
MM-D-2014-02-11,mega_millions,MM-S05,2014-02-11,main,exploration
MM-D-2014-02-14,mega_millions,MM-S05,2014-02-14,main,exploration
MM-D-2014-02-18,mega_millions,MM-S05,2014-02-18,main,exploration
MM-D-2014-02-21,mega_millions,MM-S05,2014-02-21,main,exploration
MM-D-2014-02-25,mega_millions,MM-S05,2014-02-25,main,exploration
MM-D-2014-02-28,mega_millions,MM-S05,2014-02-28,main,exploration
MM-D-2014-03-04,mega_millions,MM-S05,2014-03-04,main,exploration
MM-D-2014-03-07,mega_millions,MM-S05,2014-03-07,main,exploration
MM-D-2014-03-11,mega_millions,MM-S05,2014-03-11,main,exploration
MM-D-2014-03-14,mega_millions,MM-S05,2014-03-14,main,exploration
MM-D-2014-03-18,mega_millions,MM-S05,2014-03-18,main,exploration
MM-D-2014-03-21,mega_millions,MM-S05,2014-03-21,main,exploration
MM-D-2014-03-25,mega_millions,MM-S05,2014-03-25,main,exploration
MM-D-2014-03-28,mega_millions,MM-S05,2014-03-28,main,exploration
MM-D-2014-04-01,mega_millions,MM-S05,2014-04-01,main,exploration
MM-D-2014-04-04,mega_millions,MM-S05,2014-04-04,main,exploration
MM-D-2014-04-08,mega_millions,MM-S05,2014-04-08,main,exploration
MM-D-2014-04-11,mega_millions,MM-S05,2014-04-11,main,exploration
MM-D-2014-04-15,mega_millions,MM-S05,2014-04-15,main,exploration
MM-D-2014-04-18,mega_millions,MM-S05,2014-04-18,main,exploration
MM-D-2014-04-22,mega_millions,MM-S05,2014-04-22,main,exploration
MM-D-2014-04-25,mega_millions,MM-S05,2014-04-25,main,exploration
MM-D-2014-04-29,mega_millions,MM-S05,2014-04-29,main,exploration
MM-D-2014-05-02,mega_millions,MM-S05,2014-05-02,main,exploration
MM-D-2014-05-06,mega_millions,MM-S05,2014-05-06,main,exploration
MM-D-2014-05-09,mega_millions,MM-S05,2014-05-09,main,exploration
MM-D-2014-05-13,mega_millions,MM-S05,2014-05-13,main,exploration
MM-D-2014-05-16,mega_millions,MM-S05,2014-05-16,main,exploration
MM-D-2014-05-20,mega_millions,MM-S05,2014-05-20,main,exploration
MM-D-2014-05-23,mega_millions,MM-S05,2014-05-23,main,exploration
MM-D-2014-05-27,mega_millions,MM-S05,2014-05-27,main,exploration
MM-D-2014-05-30,mega_millions,MM-S05,2014-05-30,main,exploration
MM-D-2014-06-03,mega_millions,MM-S05,2014-06-03,main,exploration
MM-D-2014-06-06,mega_millions,MM-S05,2014-06-06,main,exploration
MM-D-2014-06-10,mega_millions,MM-S05,2014-06-10,main,exploration
MM-D-2014-06-13,mega_millions,MM-S05,2014-06-13,main,exploration
MM-D-2014-06-17,mega_millions,MM-S05,2014-06-17,main,exploration
MM-D-2014-06-20,mega_millions,MM-S05,2014-06-20,main,exploration
MM-D-2014-06-24,mega_millions,MM-S05,2014-06-24,main,exploration
MM-D-2014-06-27,mega_millions,MM-S05,2014-06-27,main,exploration
MM-D-2014-07-01,mega_millions,MM-S05,2014-07-01,main,exploration
MM-D-2014-07-02,mega_millions,MM-S05,2014-07-02,main,exploration
MM-D-2014-07-04,mega_millions,MM-S05,2014-07-04,main,exploration
MM-D-2014-07-08,mega_millions,MM-S05,2014-07-08,main,exploration
MM-D-2014-07-11,mega_millions,MM-S05,2014-07-11,main,exploration
MM-D-2014-07-15,mega_millions,MM-S05,2014-07-15,main,exploration
MM-D-2014-07-18,mega_millions,MM-S05,2014-07-18,main,exploration
MM-D-2014-07-22,mega_millions,MM-S05,2014-07-22,main,exploration
MM-D-2014-07-25,mega_millions,MM-S05,2014-07-25,main,exploration
MM-D-2014-07-29,mega_millions,MM-S05,2014-07-29,main,exploration
MM-D-2014-08-01,mega_millions,MM-S05,2014-08-01,main,exploration
MM-D-2014-08-05,mega_millions,MM-S05,2014-08-05,main,exploration
MM-D-2014-08-08,mega_millions,MM-S05,2014-08-08,main,exploration
MM-D-2014-08-12,mega_millions,MM-S05,2014-08-12,main,exploration
MM-D-2014-08-15,mega_millions,MM-S05,2014-08-15,main,exploration
MM-D-2014-08-19,mega_millions,MM-S05,2014-08-19,main,exploration
MM-D-2014-08-22,mega_millions,MM-S05,2014-08-22,main,exploration
MM-D-2014-08-26,mega_millions,MM-S05,2014-08-26,main,exploration
MM-D-2014-08-29,mega_millions,MM-S05,2014-08-29,main,exploration
MM-D-2014-09-02,mega_millions,MM-S05,2014-09-02,main,exploration
MM-D-2014-09-05,mega_millions,MM-S05,2014-09-05,main,exploration
MM-D-2014-09-09,mega_millions,MM-S05,2014-09-09,main,exploration
MM-D-2014-09-12,mega_millions,MM-S05,2014-09-12,main,exploration
MM-D-2014-09-16,mega_millions,MM-S05,2014-09-16,main,exploration
MM-D-2014-09-19,mega_millions,MM-S05,2014-09-19,main,exploration
MM-D-2014-09-23,mega_millions,MM-S05,2014-09-23,main,exploration
MM-D-2014-09-26,mega_millions,MM-S05,2014-09-26,main,exploration
MM-D-2014-09-30,mega_millions,MM-S05,2014-09-30,main,exploration
MM-D-2014-10-03,mega_millions,MM-S05,2014-10-03,main,exploration
MM-D-2014-10-07,mega_millions,MM-S05,2014-10-07,main,exploration
MM-D-2014-10-10,mega_millions,MM-S05,2014-10-10,main,exploration
MM-D-2014-10-14,mega_millions,MM-S05,2014-10-14,main,exploration
MM-D-2014-10-17,mega_millions,MM-S05,2014-10-17,main,exploration
MM-D-2014-10-21,mega_millions,MM-S05,2014-10-21,main,exploration
MM-D-2014-10-24,mega_millions,MM-S05,2014-10-24,main,exploration
MM-D-2014-10-28,mega_millions,MM-S05,2014-10-28,main,exploration
MM-D-2014-10-31,mega_millions,MM-S05,2014-10-31,main,exploration
MM-D-2014-11-04,mega_millions,MM-S05,2014-11-04,main,exploration
MM-D-2014-11-07,mega_millions,MM-S05,2014-11-07,main,exploration
MM-D-2014-11-11,mega_millions,MM-S05,2014-11-11,main,exploration
MM-D-2014-11-14,mega_millions,MM-S05,2014-11-14,main,exploration
MM-D-2014-11-18,mega_millions,MM-S05,2014-11-18,main,exploration
MM-D-2014-11-21,mega_millions,MM-S05,2014-11-21,main,exploration
MM-D-2014-11-25,mega_millions,MM-S05,2014-11-25,main,exploration
MM-D-2014-11-28,mega_millions,MM-S05,2014-11-28,main,exploration
MM-D-2014-12-02,mega_millions,MM-S05,2014-12-02,main,exploration
MM-D-2014-12-05,mega_millions,MM-S05,2014-12-05,main,exploration
MM-D-2014-12-09,mega_millions,MM-S05,2014-12-09,main,exploration
MM-D-2014-12-12,mega_millions,MM-S05,2014-12-12,main,exploration
MM-D-2014-12-13,mega_millions,MM-S05,2014-12-13,main,exploration
MM-D-2014-12-16,mega_millions,MM-S05,2014-12-16,main,exploration
MM-D-2014-12-19,mega_millions,MM-S05,2014-12-19,main,exploration
MM-D-2014-12-23,mega_millions,MM-S05,2014-12-23,main,exploration
MM-D-2014-12-26,mega_millions,MM-S05,2014-12-26,main,exploration
MM-D-2014-12-30,mega_millions,MM-S05,2014-12-30,main,exploration
MM-D-2015-01-02,mega_millions,MM-S05,2015-01-02,main,exploration
MM-D-2015-01-06,mega_millions,MM-S05,2015-01-06,main,exploration
MM-D-2015-01-09,mega_millions,MM-S05,2015-01-09,main,exploration
MM-D-2015-01-13,mega_millions,MM-S05,2015-01-13,main,exploration
MM-D-2015-01-16,mega_millions,MM-S05,2015-01-16,main,exploration
MM-D-2015-01-20,mega_millions,MM-S05,2015-01-20,main,exploration
MM-D-2015-01-23,mega_millions,MM-S05,2015-01-23,main,exploration
MM-D-2015-01-27,mega_millions,MM-S05,2015-01-27,main,exploration
MM-D-2015-01-30,mega_millions,MM-S05,2015-01-30,main,exploration
MM-D-2015-02-03,mega_millions,MM-S05,2015-02-03,main,exploration
MM-D-2015-02-06,mega_millions,MM-S05,2015-02-06,main,exploration
MM-D-2015-02-10,mega_millions,MM-S05,2015-02-10,main,exploration
MM-D-2015-02-13,mega_millions,MM-S05,2015-02-13,main,exploration
MM-D-2015-02-17,mega_millions,MM-S05,2015-02-17,main,exploration
MM-D-2015-02-20,mega_millions,MM-S05,2015-02-20,main,exploration
MM-D-2015-02-24,mega_millions,MM-S05,2015-02-24,main,exploration
MM-D-2015-02-27,mega_millions,MM-S05,2015-02-27,main,exploration
MM-D-2015-03-03,mega_millions,MM-S05,2015-03-03,main,exploration
MM-D-2015-03-06,mega_millions,MM-S05,2015-03-06,main,exploration
MM-D-2015-03-10,mega_millions,MM-S05,2015-03-10,main,exploration
MM-D-2015-03-13,mega_millions,MM-S05,2015-03-13,main,exploration
MM-D-2015-03-17,mega_millions,MM-S05,2015-03-17,main,exploration
MM-D-2015-03-20,mega_millions,MM-S05,2015-03-20,main,exploration
MM-D-2015-03-24,mega_millions,MM-S05,2015-03-24,main,exploration
MM-D-2015-03-27,mega_millions,MM-S05,2015-03-27,main,exploration
MM-D-2015-03-31,mega_millions,MM-S05,2015-03-31,main,exploration
MM-D-2015-04-03,mega_millions,MM-S05,2015-04-03,main,exploration
MM-D-2015-04-07,mega_millions,MM-S05,2015-04-07,main,exploration
MM-D-2015-04-10,mega_millions,MM-S05,2015-04-10,main,exploration
MM-D-2015-04-14,mega_millions,MM-S05,2015-04-14,main,exploration
MM-D-2015-04-17,mega_millions,MM-S05,2015-04-17,main,exploration
MM-D-2015-04-21,mega_millions,MM-S05,2015-04-21,main,exploration
MM-D-2015-04-24,mega_millions,MM-S05,2015-04-24,main,exploration
MM-D-2015-04-28,mega_millions,MM-S05,2015-04-28,main,exploration
MM-D-2015-05-01,mega_millions,MM-S05,2015-05-01,main,exploration
MM-D-2015-05-05,mega_millions,MM-S05,2015-05-05,main,exploration
MM-D-2015-05-08,mega_millions,MM-S05,2015-05-08,main,exploration
MM-D-2015-05-12,mega_millions,MM-S05,2015-05-12,main,exploration
MM-D-2015-05-15,mega_millions,MM-S05,2015-05-15,main,exploration
MM-D-2015-05-19,mega_millions,MM-S05,2015-05-19,main,exploration
MM-D-2015-05-22,mega_millions,MM-S05,2015-05-22,main,exploration
MM-D-2015-05-26,mega_millions,MM-S05,2015-05-26,main,exploration
MM-D-2015-05-29,mega_millions,MM-S05,2015-05-29,main,exploration
MM-D-2015-06-02,mega_millions,MM-S05,2015-06-02,main,exploration
MM-D-2015-06-05,mega_millions,MM-S05,2015-06-05,main,exploration
MM-D-2015-06-09,mega_millions,MM-S05,2015-06-09,main,exploration
MM-D-2015-06-12,mega_millions,MM-S05,2015-06-12,main,exploration
MM-D-2015-06-16,mega_millions,MM-S05,2015-06-16,main,exploration
MM-D-2015-06-19,mega_millions,MM-S05,2015-06-19,main,exploration
MM-D-2015-06-23,mega_millions,MM-S05,2015-06-23,main,exploration
MM-D-2015-06-26,mega_millions,MM-S05,2015-06-26,main,exploration
MM-D-2015-06-30,mega_millions,MM-S05,2015-06-30,main,exploration
MM-D-2015-07-03,mega_millions,MM-S05,2015-07-03,main,exploration
MM-D-2015-07-07,mega_millions,MM-S05,2015-07-07,main,exploration
MM-D-2015-07-10,mega_millions,MM-S05,2015-07-10,main,exploration
MM-D-2015-07-14,mega_millions,MM-S05,2015-07-14,main,exploration
MM-D-2015-07-17,mega_millions,MM-S05,2015-07-17,main,exploration
MM-D-2015-07-21,mega_millions,MM-S05,2015-07-21,main,exploration
MM-D-2015-07-24,mega_millions,MM-S05,2015-07-24,main,exploration
MM-D-2015-07-28,mega_millions,MM-S05,2015-07-28,main,exploration
MM-D-2015-07-31,mega_millions,MM-S05,2015-07-31,main,exploration
MM-D-2015-08-04,mega_millions,MM-S05,2015-08-04,main,exploration
MM-D-2015-08-07,mega_millions,MM-S05,2015-08-07,main,exploration
MM-D-2015-08-11,mega_millions,MM-S05,2015-08-11,main,exploration
MM-D-2015-08-14,mega_millions,MM-S05,2015-08-14,main,exploration
MM-D-2015-08-18,mega_millions,MM-S05,2015-08-18,main,exploration
MM-D-2015-08-21,mega_millions,MM-S05,2015-08-21,main,exploration
MM-D-2015-08-25,mega_millions,MM-S05,2015-08-25,main,exploration
MM-D-2015-08-28,mega_millions,MM-S05,2015-08-28,main,exploration
MM-D-2015-09-01,mega_millions,MM-S05,2015-09-01,main,exploration
MM-D-2015-09-04,mega_millions,MM-S05,2015-09-04,main,exploration
MM-D-2015-09-08,mega_millions,MM-S05,2015-09-08,main,exploration
MM-D-2015-09-11,mega_millions,MM-S05,2015-09-11,main,exploration
MM-D-2015-09-15,mega_millions,MM-S05,2015-09-15,main,exploration
MM-D-2015-09-18,mega_millions,MM-S05,2015-09-18,main,exploration
MM-D-2015-09-22,mega_millions,MM-S05,2015-09-22,main,exploration
MM-D-2015-09-25,mega_millions,MM-S05,2015-09-25,main,exploration
MM-D-2015-09-29,mega_millions,MM-S05,2015-09-29,main,exploration
MM-D-2015-10-02,mega_millions,MM-S05,2015-10-02,main,exploration
MM-D-2015-10-06,mega_millions,MM-S05,2015-10-06,main,exploration
MM-D-2015-10-09,mega_millions,MM-S05,2015-10-09,main,exploration
MM-D-2015-10-13,mega_millions,MM-S05,2015-10-13,main,exploration
MM-D-2015-10-16,mega_millions,MM-S05,2015-10-16,main,exploration
MM-D-2015-10-20,mega_millions,MM-S05,2015-10-20,main,exploration
MM-D-2015-10-23,mega_millions,MM-S05,2015-10-23,main,exploration
MM-D-2015-10-27,mega_millions,MM-S05,2015-10-27,main,exploration
MM-D-2015-10-30,mega_millions,MM-S05,2015-10-30,main,exploration
MM-D-2015-11-03,mega_millions,MM-S05,2015-11-03,main,exploration
MM-D-2015-11-06,mega_millions,MM-S05,2015-11-06,main,exploration
MM-D-2015-11-10,mega_millions,MM-S05,2015-11-10,main,exploration
MM-D-2015-11-13,mega_millions,MM-S05,2015-11-13,main,exploration
MM-D-2015-11-17,mega_millions,MM-S05,2015-11-17,main,exploration
MM-D-2015-11-20,mega_millions,MM-S05,2015-11-20,main,exploration
MM-D-2015-11-24,mega_millions,MM-S05,2015-11-24,main,exploration
MM-D-2015-11-27,mega_millions,MM-S05,2015-11-27,main,exploration
MM-D-2015-12-01,mega_millions,MM-S05,2015-12-01,main,exploration
MM-D-2015-12-04,mega_millions,MM-S05,2015-12-04,main,exploration
MM-D-2015-12-08,mega_millions,MM-S05,2015-12-08,main,exploration
MM-D-2015-12-11,mega_millions,MM-S05,2015-12-11,main,exploration
MM-D-2015-12-15,mega_millions,MM-S05,2015-12-15,main,exploration
MM-D-2015-12-18,mega_millions,MM-S05,2015-12-18,main,exploration
MM-D-2015-12-22,mega_millions,MM-S05,2015-12-22,main,exploration
MM-D-2015-12-25,mega_millions,MM-S05,2015-12-25,main,exploration
MM-D-2015-12-29,mega_millions,MM-S05,2015-12-29,main,exploration
MM-D-2016-01-01,mega_millions,MM-S05,2016-01-01,main,exploration
MM-D-2016-01-05,mega_millions,MM-S05,2016-01-05,main,exploration
MM-D-2016-01-08,mega_millions,MM-S05,2016-01-08,main,exploration
MM-D-2016-01-12,mega_millions,MM-S05,2016-01-12,main,exploration
MM-D-2016-01-15,mega_millions,MM-S05,2016-01-15,main,exploration
MM-D-2016-01-19,mega_millions,MM-S05,2016-01-19,main,exploration
MM-D-2016-01-22,mega_millions,MM-S05,2016-01-22,main,exploration
MM-D-2016-01-26,mega_millions,MM-S05,2016-01-26,main,exploration
MM-D-2016-01-29,mega_millions,MM-S05,2016-01-29,main,exploration
MM-D-2016-02-02,mega_millions,MM-S05,2016-02-02,main,exploration
MM-D-2016-02-05,mega_millions,MM-S05,2016-02-05,main,exploration
MM-D-2016-02-09,mega_millions,MM-S05,2016-02-09,main,exploration
MM-D-2016-02-12,mega_millions,MM-S05,2016-02-12,main,exploration
MM-D-2016-02-16,mega_millions,MM-S05,2016-02-16,main,exploration
MM-D-2016-02-19,mega_millions,MM-S05,2016-02-19,main,exploration
MM-D-2016-02-23,mega_millions,MM-S05,2016-02-23,main,exploration
MM-D-2016-02-26,mega_millions,MM-S05,2016-02-26,main,exploration
MM-D-2016-03-01,mega_millions,MM-S05,2016-03-01,main,exploration
MM-D-2016-03-04,mega_millions,MM-S05,2016-03-04,main,exploration
MM-D-2016-03-08,mega_millions,MM-S05,2016-03-08,main,exploration
MM-D-2016-03-11,mega_millions,MM-S05,2016-03-11,main,exploration
MM-D-2016-03-15,mega_millions,MM-S05,2016-03-15,main,exploration
MM-D-2016-03-18,mega_millions,MM-S05,2016-03-18,main,exploration
MM-D-2016-03-22,mega_millions,MM-S05,2016-03-22,main,exploration
MM-D-2016-03-25,mega_millions,MM-S05,2016-03-25,main,exploration
MM-D-2016-03-29,mega_millions,MM-S05,2016-03-29,main,exploration
MM-D-2016-04-01,mega_millions,MM-S05,2016-04-01,main,exploration
MM-D-2016-04-05,mega_millions,MM-S05,2016-04-05,main,exploration
MM-D-2016-04-08,mega_millions,MM-S05,2016-04-08,main,exploration
MM-D-2016-04-12,mega_millions,MM-S05,2016-04-12,main,exploration
MM-D-2016-04-15,mega_millions,MM-S05,2016-04-15,main,exploration
MM-D-2016-04-19,mega_millions,MM-S05,2016-04-19,main,exploration
MM-D-2016-04-22,mega_millions,MM-S05,2016-04-22,main,exploration
MM-D-2016-04-26,mega_millions,MM-S05,2016-04-26,main,exploration
MM-D-2016-04-29,mega_millions,MM-S05,2016-04-29,main,exploration
MM-D-2016-05-03,mega_millions,MM-S05,2016-05-03,main,exploration
MM-D-2016-05-06,mega_millions,MM-S05,2016-05-06,main,exploration
MM-D-2016-05-10,mega_millions,MM-S05,2016-05-10,main,exploration
MM-D-2016-05-13,mega_millions,MM-S05,2016-05-13,main,exploration
MM-D-2016-05-17,mega_millions,MM-S05,2016-05-17,main,exploration
MM-D-2016-05-20,mega_millions,MM-S05,2016-05-20,main,exploration
MM-D-2016-05-24,mega_millions,MM-S05,2016-05-24,main,exploration
MM-D-2016-05-27,mega_millions,MM-S05,2016-05-27,main,exploration
MM-D-2016-05-31,mega_millions,MM-S05,2016-05-31,main,exploration
MM-D-2016-06-03,mega_millions,MM-S05,2016-06-03,main,exploration
MM-D-2016-06-07,mega_millions,MM-S05,2016-06-07,main,exploration
MM-D-2016-06-10,mega_millions,MM-S05,2016-06-10,main,exploration
MM-D-2016-06-14,mega_millions,MM-S05,2016-06-14,main,exploration
MM-D-2016-06-17,mega_millions,MM-S05,2016-06-17,main,exploration
MM-D-2016-06-21,mega_millions,MM-S05,2016-06-21,main,exploration
MM-D-2016-06-24,mega_millions,MM-S05,2016-06-24,main,exploration
MM-D-2016-06-28,mega_millions,MM-S05,2016-06-28,main,exploration
MM-D-2016-06-29,mega_millions,MM-S05,2016-06-29,main,exploration
MM-D-2016-07-01,mega_millions,MM-S05,2016-07-01,main,exploration
MM-D-2016-07-05,mega_millions,MM-S05,2016-07-05,main,exploration
MM-D-2016-07-08,mega_millions,MM-S05,2016-07-08,main,exploration
MM-D-2016-07-12,mega_millions,MM-S05,2016-07-12,main,exploration
MM-D-2016-07-15,mega_millions,MM-S05,2016-07-15,main,exploration
MM-D-2016-07-19,mega_millions,MM-S05,2016-07-19,main,exploration
MM-D-2016-07-22,mega_millions,MM-S05,2016-07-22,main,exploration
MM-D-2016-07-26,mega_millions,MM-S05,2016-07-26,main,exploration
MM-D-2016-07-29,mega_millions,MM-S05,2016-07-29,main,exploration
MM-D-2016-08-02,mega_millions,MM-S05,2016-08-02,main,exploration
MM-D-2016-08-05,mega_millions,MM-S05,2016-08-05,main,exploration
MM-D-2016-08-09,mega_millions,MM-S05,2016-08-09,main,exploration
MM-D-2016-08-12,mega_millions,MM-S05,2016-08-12,main,exploration
MM-D-2016-08-16,mega_millions,MM-S05,2016-08-16,main,exploration
MM-D-2016-08-17,mega_millions,MM-S05,2016-08-17,main,exploration
MM-D-2016-08-19,mega_millions,MM-S05,2016-08-19,main,exploration
MM-D-2016-08-23,mega_millions,MM-S05,2016-08-23,main,exploration
MM-D-2016-08-26,mega_millions,MM-S05,2016-08-26,main,exploration
MM-D-2016-08-30,mega_millions,MM-S05,2016-08-30,main,exploration
MM-D-2016-09-02,mega_millions,MM-S05,2016-09-02,main,exploration
MM-D-2016-09-06,mega_millions,MM-S05,2016-09-06,main,exploration
MM-D-2016-09-09,mega_millions,MM-S05,2016-09-09,main,exploration
MM-D-2016-09-13,mega_millions,MM-S05,2016-09-13,main,exploration
MM-D-2016-09-16,mega_millions,MM-S05,2016-09-16,main,exploration
MM-D-2016-09-20,mega_millions,MM-S05,2016-09-20,main,exploration
MM-D-2016-09-23,mega_millions,MM-S05,2016-09-23,main,exploration
MM-D-2016-09-27,mega_millions,MM-S05,2016-09-27,main,exploration
MM-D-2016-09-30,mega_millions,MM-S05,2016-09-30,main,exploration
MM-D-2016-10-04,mega_millions,MM-S05,2016-10-04,main,exploration
MM-D-2016-10-07,mega_millions,MM-S05,2016-10-07,main,exploration
MM-D-2016-10-11,mega_millions,MM-S05,2016-10-11,main,exploration
MM-D-2016-10-14,mega_millions,MM-S05,2016-10-14,main,exploration
MM-D-2016-10-18,mega_millions,MM-S05,2016-10-18,main,exploration
MM-D-2016-10-21,mega_millions,MM-S05,2016-10-21,main,exploration
MM-D-2016-10-25,mega_millions,MM-S05,2016-10-25,main,exploration
MM-D-2016-10-28,mega_millions,MM-S05,2016-10-28,main,exploration
MM-D-2016-11-01,mega_millions,MM-S05,2016-11-01,main,exploration
MM-D-2016-11-04,mega_millions,MM-S05,2016-11-04,main,exploration
MM-D-2016-11-08,mega_millions,MM-S05,2016-11-08,main,exploration
MM-D-2016-11-11,mega_millions,MM-S05,2016-11-11,main,exploration
MM-D-2016-11-15,mega_millions,MM-S05,2016-11-15,main,exploration
MM-D-2016-11-16,mega_millions,MM-S05,2016-11-16,main,exploration
MM-D-2016-11-18,mega_millions,MM-S05,2016-11-18,main,exploration
MM-D-2016-11-22,mega_millions,MM-S05,2016-11-22,main,exploration
MM-D-2016-11-25,mega_millions,MM-S05,2016-11-25,main,exploration
MM-D-2016-11-29,mega_millions,MM-S05,2016-11-29,main,exploration
MM-D-2016-12-02,mega_millions,MM-S05,2016-12-02,main,exploration
MM-D-2016-12-06,mega_millions,MM-S05,2016-12-06,main,exploration
MM-D-2016-12-09,mega_millions,MM-S05,2016-12-09,main,exploration
MM-D-2016-12-13,mega_millions,MM-S05,2016-12-13,main,exploration
MM-D-2016-12-16,mega_millions,MM-S05,2016-12-16,main,exploration
MM-D-2016-12-20,mega_millions,MM-S05,2016-12-20,main,exploration
MM-D-2016-12-23,mega_millions,MM-S05,2016-12-23,main,exploration
MM-D-2016-12-27,mega_millions,MM-S05,2016-12-27,main,exploration
MM-D-2016-12-30,mega_millions,MM-S05,2016-12-30,main,exploration
MM-D-2017-10-31,mega_millions,MM-S06,2017-10-31,main,exploration
MM-D-2017-11-03,mega_millions,MM-S06,2017-11-03,main,exploration
MM-D-2017-11-07,mega_millions,MM-S06,2017-11-07,main,exploration
MM-D-2017-11-10,mega_millions,MM-S06,2017-11-10,main,exploration
MM-D-2017-11-14,mega_millions,MM-S06,2017-11-14,main,exploration
MM-D-2017-11-17,mega_millions,MM-S06,2017-11-17,main,exploration
MM-D-2017-11-21,mega_millions,MM-S06,2017-11-21,main,exploration
MM-D-2017-11-24,mega_millions,MM-S06,2017-11-24,main,exploration
MM-D-2017-11-28,mega_millions,MM-S06,2017-11-28,main,exploration
MM-D-2017-12-01,mega_millions,MM-S06,2017-12-01,main,exploration
MM-D-2017-12-05,mega_millions,MM-S06,2017-12-05,main,exploration
MM-D-2017-12-08,mega_millions,MM-S06,2017-12-08,main,exploration
MM-D-2017-12-12,mega_millions,MM-S06,2017-12-12,main,exploration
MM-D-2017-12-15,mega_millions,MM-S06,2017-12-15,main,exploration
MM-D-2017-12-19,mega_millions,MM-S06,2017-12-19,main,exploration
MM-D-2017-12-22,mega_millions,MM-S06,2017-12-22,main,exploration
MM-D-2017-12-26,mega_millions,MM-S06,2017-12-26,main,exploration
MM-D-2017-12-29,mega_millions,MM-S06,2017-12-29,main,exploration
MM-D-2018-01-02,mega_millions,MM-S06,2018-01-02,main,exploration
MM-D-2018-01-05,mega_millions,MM-S06,2018-01-05,main,exploration
MM-D-2018-01-06,mega_millions,MM-S06,2018-01-06,main,exploration
MM-D-2018-01-09,mega_millions,MM-S06,2018-01-09,main,exploration
MM-D-2018-01-12,mega_millions,MM-S06,2018-01-12,main,exploration
MM-D-2018-01-16,mega_millions,MM-S06,2018-01-16,main,exploration
MM-D-2018-01-19,mega_millions,MM-S06,2018-01-19,main,exploration
MM-D-2018-01-23,mega_millions,MM-S06,2018-01-23,main,exploration
MM-D-2018-01-26,mega_millions,MM-S06,2018-01-26,main,exploration
MM-D-2018-01-30,mega_millions,MM-S06,2018-01-30,main,exploration
MM-D-2018-02-02,mega_millions,MM-S06,2018-02-02,main,exploration
MM-D-2018-02-06,mega_millions,MM-S06,2018-02-06,main,exploration
MM-D-2018-02-09,mega_millions,MM-S06,2018-02-09,main,exploration
MM-D-2018-02-13,mega_millions,MM-S06,2018-02-13,main,exploration
MM-D-2018-02-16,mega_millions,MM-S06,2018-02-16,main,exploration
MM-D-2018-02-20,mega_millions,MM-S06,2018-02-20,main,exploration
MM-D-2018-02-23,mega_millions,MM-S06,2018-02-23,main,exploration
MM-D-2018-02-27,mega_millions,MM-S06,2018-02-27,main,exploration
MM-D-2018-03-02,mega_millions,MM-S06,2018-03-02,main,exploration
MM-D-2018-03-06,mega_millions,MM-S06,2018-03-06,main,exploration
MM-D-2018-03-09,mega_millions,MM-S06,2018-03-09,main,exploration
MM-D-2018-03-13,mega_millions,MM-S06,2018-03-13,main,exploration
MM-D-2018-03-16,mega_millions,MM-S06,2018-03-16,main,exploration
MM-D-2018-03-20,mega_millions,MM-S06,2018-03-20,main,exploration
MM-D-2018-03-23,mega_millions,MM-S06,2018-03-23,main,exploration
MM-D-2018-03-27,mega_millions,MM-S06,2018-03-27,main,exploration
MM-D-2018-03-30,mega_millions,MM-S06,2018-03-30,main,exploration
MM-D-2018-04-03,mega_millions,MM-S06,2018-04-03,main,exploration
MM-D-2018-04-06,mega_millions,MM-S06,2018-04-06,main,exploration
MM-D-2018-04-10,mega_millions,MM-S06,2018-04-10,main,exploration
MM-D-2018-04-13,mega_millions,MM-S06,2018-04-13,main,exploration
MM-D-2018-04-17,mega_millions,MM-S06,2018-04-17,main,exploration
MM-D-2018-04-20,mega_millions,MM-S06,2018-04-20,main,exploration
MM-D-2018-04-24,mega_millions,MM-S06,2018-04-24,main,exploration
MM-D-2018-04-27,mega_millions,MM-S06,2018-04-27,main,exploration
MM-D-2018-05-01,mega_millions,MM-S06,2018-05-01,main,exploration
MM-D-2018-05-04,mega_millions,MM-S06,2018-05-04,main,exploration
MM-D-2018-05-08,mega_millions,MM-S06,2018-05-08,main,exploration
MM-D-2018-05-11,mega_millions,MM-S06,2018-05-11,main,exploration
MM-D-2018-05-15,mega_millions,MM-S06,2018-05-15,main,exploration
MM-D-2018-05-18,mega_millions,MM-S06,2018-05-18,main,exploration
MM-D-2018-05-22,mega_millions,MM-S06,2018-05-22,main,exploration
MM-D-2018-05-25,mega_millions,MM-S06,2018-05-25,main,exploration
MM-D-2018-05-29,mega_millions,MM-S06,2018-05-29,main,exploration
MM-D-2018-06-01,mega_millions,MM-S06,2018-06-01,main,exploration
MM-D-2018-06-05,mega_millions,MM-S06,2018-06-05,main,exploration
MM-D-2018-06-08,mega_millions,MM-S06,2018-06-08,main,exploration
MM-D-2018-06-12,mega_millions,MM-S06,2018-06-12,main,exploration
MM-D-2018-06-15,mega_millions,MM-S06,2018-06-15,main,exploration
MM-D-2018-06-19,mega_millions,MM-S06,2018-06-19,main,exploration
MM-D-2018-06-22,mega_millions,MM-S06,2018-06-22,main,exploration
MM-D-2018-06-26,mega_millions,MM-S06,2018-06-26,main,exploration
MM-D-2018-06-29,mega_millions,MM-S06,2018-06-29,main,exploration
MM-D-2018-07-03,mega_millions,MM-S06,2018-07-03,main,exploration
MM-D-2018-07-06,mega_millions,MM-S06,2018-07-06,main,exploration
MM-D-2018-07-10,mega_millions,MM-S06,2018-07-10,main,exploration
MM-D-2018-07-13,mega_millions,MM-S06,2018-07-13,main,exploration
MM-D-2018-07-17,mega_millions,MM-S06,2018-07-17,main,exploration
MM-D-2018-07-20,mega_millions,MM-S06,2018-07-20,main,exploration
MM-D-2018-07-24,mega_millions,MM-S06,2018-07-24,main,exploration
MM-D-2018-07-27,mega_millions,MM-S06,2018-07-27,main,exploration
MM-D-2018-07-31,mega_millions,MM-S06,2018-07-31,main,exploration
MM-D-2018-08-03,mega_millions,MM-S06,2018-08-03,main,exploration
MM-D-2018-08-07,mega_millions,MM-S06,2018-08-07,main,exploration
MM-D-2018-08-10,mega_millions,MM-S06,2018-08-10,main,exploration
MM-D-2018-08-14,mega_millions,MM-S06,2018-08-14,main,exploration
MM-D-2018-08-17,mega_millions,MM-S06,2018-08-17,main,exploration
MM-D-2018-08-21,mega_millions,MM-S06,2018-08-21,main,exploration
MM-D-2018-08-24,mega_millions,MM-S06,2018-08-24,main,exploration
MM-D-2018-08-28,mega_millions,MM-S06,2018-08-28,main,exploration
MM-D-2018-08-31,mega_millions,MM-S06,2018-08-31,main,exploration
MM-D-2018-09-04,mega_millions,MM-S06,2018-09-04,main,exploration
MM-D-2018-09-07,mega_millions,MM-S06,2018-09-07,main,exploration
MM-D-2018-09-11,mega_millions,MM-S06,2018-09-11,main,exploration
MM-D-2018-09-14,mega_millions,MM-S06,2018-09-14,main,exploration
MM-D-2018-09-18,mega_millions,MM-S06,2018-09-18,main,exploration
MM-D-2018-09-21,mega_millions,MM-S06,2018-09-21,main,exploration
MM-D-2018-09-25,mega_millions,MM-S06,2018-09-25,main,exploration
MM-D-2018-09-28,mega_millions,MM-S06,2018-09-28,main,exploration
MM-D-2018-10-02,mega_millions,MM-S06,2018-10-02,main,exploration
MM-D-2018-10-05,mega_millions,MM-S06,2018-10-05,main,exploration
MM-D-2018-10-09,mega_millions,MM-S06,2018-10-09,main,exploration
MM-D-2018-10-12,mega_millions,MM-S06,2018-10-12,main,exploration
MM-D-2018-10-16,mega_millions,MM-S06,2018-10-16,main,exploration
MM-D-2018-10-19,mega_millions,MM-S06,2018-10-19,main,exploration
MM-D-2018-10-23,mega_millions,MM-S06,2018-10-23,main,exploration
MM-D-2018-10-26,mega_millions,MM-S06,2018-10-26,main,exploration
MM-D-2018-10-30,mega_millions,MM-S06,2018-10-30,main,exploration
MM-D-2018-11-02,mega_millions,MM-S06,2018-11-02,main,exploration
MM-D-2018-11-06,mega_millions,MM-S06,2018-11-06,main,exploration
MM-D-2018-11-09,mega_millions,MM-S06,2018-11-09,main,exploration
MM-D-2018-11-13,mega_millions,MM-S06,2018-11-13,main,exploration
MM-D-2018-11-16,mega_millions,MM-S06,2018-11-16,main,exploration
MM-D-2018-11-20,mega_millions,MM-S06,2018-11-20,main,exploration
MM-D-2018-11-23,mega_millions,MM-S06,2018-11-23,main,exploration
MM-D-2018-11-27,mega_millions,MM-S06,2018-11-27,main,exploration
MM-D-2018-11-30,mega_millions,MM-S06,2018-11-30,main,exploration
MM-D-2018-12-04,mega_millions,MM-S06,2018-12-04,main,exploration
MM-D-2018-12-07,mega_millions,MM-S06,2018-12-07,main,exploration
MM-D-2018-12-11,mega_millions,MM-S06,2018-12-11,main,exploration
MM-D-2018-12-14,mega_millions,MM-S06,2018-12-14,main,exploration
MM-D-2018-12-18,mega_millions,MM-S06,2018-12-18,main,exploration
MM-D-2018-12-21,mega_millions,MM-S06,2018-12-21,main,exploration
MM-D-2018-12-25,mega_millions,MM-S06,2018-12-25,main,exploration
MM-D-2018-12-28,mega_millions,MM-S06,2018-12-28,main,exploration
MM-D-2019-01-01,mega_millions,MM-S06,2019-01-01,main,exploration
MM-D-2019-01-04,mega_millions,MM-S06,2019-01-04,main,exploration
MM-D-2019-01-08,mega_millions,MM-S06,2019-01-08,main,exploration
MM-D-2019-01-11,mega_millions,MM-S06,2019-01-11,main,exploration
MM-D-2019-01-15,mega_millions,MM-S06,2019-01-15,main,exploration
MM-D-2019-01-18,mega_millions,MM-S06,2019-01-18,main,exploration
MM-D-2019-01-22,mega_millions,MM-S06,2019-01-22,main,exploration
MM-D-2019-01-25,mega_millions,MM-S06,2019-01-25,main,exploration
MM-D-2019-01-29,mega_millions,MM-S06,2019-01-29,main,exploration
MM-D-2019-02-01,mega_millions,MM-S06,2019-02-01,main,exploration
MM-D-2019-02-05,mega_millions,MM-S06,2019-02-05,main,exploration
MM-D-2019-02-08,mega_millions,MM-S06,2019-02-08,main,exploration
MM-D-2019-02-12,mega_millions,MM-S06,2019-02-12,main,exploration
MM-D-2019-02-15,mega_millions,MM-S06,2019-02-15,main,exploration
MM-D-2019-02-19,mega_millions,MM-S06,2019-02-19,main,exploration
MM-D-2019-02-22,mega_millions,MM-S06,2019-02-22,main,exploration
MM-D-2019-02-26,mega_millions,MM-S06,2019-02-26,main,exploration
MM-D-2019-03-01,mega_millions,MM-S06,2019-03-01,main,exploration
MM-D-2019-03-05,mega_millions,MM-S06,2019-03-05,main,exploration
MM-D-2019-03-08,mega_millions,MM-S06,2019-03-08,main,exploration
MM-D-2019-03-12,mega_millions,MM-S06,2019-03-12,main,exploration
MM-D-2019-03-15,mega_millions,MM-S06,2019-03-15,main,exploration
MM-D-2019-03-19,mega_millions,MM-S06,2019-03-19,main,exploration
MM-D-2019-03-22,mega_millions,MM-S06,2019-03-22,main,exploration
MM-D-2019-03-26,mega_millions,MM-S06,2019-03-26,main,exploration
MM-D-2019-03-29,mega_millions,MM-S06,2019-03-29,main,exploration
MM-D-2019-04-02,mega_millions,MM-S06,2019-04-02,main,exploration
MM-D-2019-04-05,mega_millions,MM-S06,2019-04-05,main,exploration
MM-D-2019-04-09,mega_millions,MM-S06,2019-04-09,main,exploration
MM-D-2019-04-12,mega_millions,MM-S06,2019-04-12,main,exploration
MM-D-2019-04-16,mega_millions,MM-S06,2019-04-16,main,exploration
MM-D-2019-04-19,mega_millions,MM-S06,2019-04-19,main,exploration
MM-D-2019-04-23,mega_millions,MM-S06,2019-04-23,main,exploration
MM-D-2019-04-26,mega_millions,MM-S06,2019-04-26,main,exploration
MM-D-2019-04-30,mega_millions,MM-S06,2019-04-30,main,exploration
MM-D-2019-05-03,mega_millions,MM-S06,2019-05-03,main,exploration
MM-D-2019-05-07,mega_millions,MM-S06,2019-05-07,main,exploration
MM-D-2019-05-10,mega_millions,MM-S06,2019-05-10,main,exploration
MM-D-2019-05-14,mega_millions,MM-S06,2019-05-14,main,exploration
MM-D-2019-05-17,mega_millions,MM-S06,2019-05-17,main,exploration
MM-D-2019-05-21,mega_millions,MM-S06,2019-05-21,main,exploration
MM-D-2019-05-24,mega_millions,MM-S06,2019-05-24,main,exploration
MM-D-2019-05-28,mega_millions,MM-S06,2019-05-28,main,exploration
MM-D-2019-05-31,mega_millions,MM-S06,2019-05-31,main,exploration
MM-D-2019-06-04,mega_millions,MM-S06,2019-06-04,main,exploration
MM-D-2019-06-07,mega_millions,MM-S06,2019-06-07,main,exploration
MM-D-2019-06-11,mega_millions,MM-S06,2019-06-11,main,exploration
MM-D-2019-06-14,mega_millions,MM-S06,2019-06-14,main,exploration
MM-D-2019-06-18,mega_millions,MM-S06,2019-06-18,main,exploration
MM-D-2019-06-21,mega_millions,MM-S06,2019-06-21,main,exploration
MM-D-2019-06-25,mega_millions,MM-S06,2019-06-25,main,exploration
MM-D-2019-06-28,mega_millions,MM-S06,2019-06-28,main,exploration
MM-D-2019-07-02,mega_millions,MM-S06,2019-07-02,main,exploration
MM-D-2019-07-05,mega_millions,MM-S06,2019-07-05,main,exploration
MM-D-2019-07-09,mega_millions,MM-S06,2019-07-09,main,exploration
MM-D-2019-07-12,mega_millions,MM-S06,2019-07-12,main,exploration
MM-D-2019-07-16,mega_millions,MM-S06,2019-07-16,main,exploration
MM-D-2019-07-19,mega_millions,MM-S06,2019-07-19,main,exploration
MM-D-2019-07-23,mega_millions,MM-S06,2019-07-23,main,exploration
MM-D-2019-07-26,mega_millions,MM-S06,2019-07-26,main,exploration
MM-D-2019-07-30,mega_millions,MM-S06,2019-07-30,main,exploration
MM-D-2019-08-02,mega_millions,MM-S06,2019-08-02,main,exploration
MM-D-2019-08-06,mega_millions,MM-S06,2019-08-06,main,exploration
MM-D-2019-08-09,mega_millions,MM-S06,2019-08-09,main,exploration
MM-D-2019-08-13,mega_millions,MM-S06,2019-08-13,main,exploration
MM-D-2019-08-16,mega_millions,MM-S06,2019-08-16,main,exploration
MM-D-2019-08-20,mega_millions,MM-S06,2019-08-20,main,exploration
MM-D-2019-08-23,mega_millions,MM-S06,2019-08-23,main,exploration
MM-D-2019-08-27,mega_millions,MM-S06,2019-08-27,main,exploration
MM-D-2019-08-30,mega_millions,MM-S06,2019-08-30,main,exploration
MM-D-2019-09-03,mega_millions,MM-S06,2019-09-03,main,exploration
MM-D-2019-09-06,mega_millions,MM-S06,2019-09-06,main,exploration
MM-D-2019-09-10,mega_millions,MM-S06,2019-09-10,main,exploration
MM-D-2019-09-13,mega_millions,MM-S06,2019-09-13,main,exploration
MM-D-2019-09-17,mega_millions,MM-S06,2019-09-17,main,exploration
MM-D-2019-09-20,mega_millions,MM-S06,2019-09-20,main,exploration
MM-D-2019-09-24,mega_millions,MM-S06,2019-09-24,main,exploration
MM-D-2019-09-27,mega_millions,MM-S06,2019-09-27,main,exploration
MM-D-2019-10-01,mega_millions,MM-S06,2019-10-01,main,exploration
MM-D-2019-10-04,mega_millions,MM-S06,2019-10-04,main,exploration
MM-D-2019-10-08,mega_millions,MM-S06,2019-10-08,main,exploration
MM-D-2019-10-11,mega_millions,MM-S06,2019-10-11,main,exploration
MM-D-2019-10-15,mega_millions,MM-S06,2019-10-15,main,exploration
MM-D-2019-10-18,mega_millions,MM-S06,2019-10-18,main,exploration
MM-D-2019-10-22,mega_millions,MM-S06,2019-10-22,main,exploration
MM-D-2019-10-25,mega_millions,MM-S06,2019-10-25,main,exploration
MM-D-2019-10-29,mega_millions,MM-S06,2019-10-29,main,exploration
MM-D-2019-11-01,mega_millions,MM-S06,2019-11-01,main,exploration
MM-D-2019-11-05,mega_millions,MM-S06,2019-11-05,main,exploration
MM-D-2019-11-08,mega_millions,MM-S06,2019-11-08,main,exploration
MM-D-2019-11-12,mega_millions,MM-S06,2019-11-12,main,exploration
MM-D-2019-11-15,mega_millions,MM-S06,2019-11-15,main,exploration
MM-D-2019-11-19,mega_millions,MM-S06,2019-11-19,main,exploration
MM-D-2019-11-22,mega_millions,MM-S06,2019-11-22,main,exploration
MM-D-2019-11-26,mega_millions,MM-S06,2019-11-26,main,exploration
MM-D-2019-11-29,mega_millions,MM-S06,2019-11-29,main,exploration
MM-D-2019-12-03,mega_millions,MM-S06,2019-12-03,main,exploration
MM-D-2019-12-06,mega_millions,MM-S06,2019-12-06,main,exploration
MM-D-2019-12-10,mega_millions,MM-S06,2019-12-10,main,exploration
MM-D-2019-12-13,mega_millions,MM-S06,2019-12-13,main,exploration
MM-D-2019-12-17,mega_millions,MM-S06,2019-12-17,main,exploration
MM-D-2019-12-20,mega_millions,MM-S06,2019-12-20,main,exploration
MM-D-2019-12-24,mega_millions,MM-S06,2019-12-24,main,exploration
MM-D-2019-12-27,mega_millions,MM-S06,2019-12-27,main,exploration
MM-D-2019-12-31,mega_millions,MM-S06,2019-12-31,main,exploration
MM-D-2020-01-03,mega_millions,MM-S06,2020-01-03,main,exploration
MM-D-2020-01-07,mega_millions,MM-S06,2020-01-07,main,exploration
MM-D-2020-01-10,mega_millions,MM-S06,2020-01-10,main,exploration
MM-D-2020-01-14,mega_millions,MM-S06,2020-01-14,main,exploration
MM-D-2020-01-17,mega_millions,MM-S06,2020-01-17,main,exploration
MM-D-2020-01-21,mega_millions,MM-S06,2020-01-21,main,exploration
MM-D-2020-01-24,mega_millions,MM-S06,2020-01-24,main,exploration
MM-D-2020-01-28,mega_millions,MM-S06,2020-01-28,main,exploration
MM-D-2020-01-31,mega_millions,MM-S06,2020-01-31,main,exploration
MM-D-2020-02-04,mega_millions,MM-S06,2020-02-04,main,exploration
MM-D-2020-02-07,mega_millions,MM-S06,2020-02-07,main,exploration
MM-D-2020-02-11,mega_millions,MM-S06,2020-02-11,main,exploration
MM-D-2020-02-14,mega_millions,MM-S06,2020-02-14,main,exploration
MM-D-2020-02-18,mega_millions,MM-S06,2020-02-18,main,exploration
MM-D-2020-02-21,mega_millions,MM-S06,2020-02-21,main,exploration
MM-D-2020-02-25,mega_millions,MM-S06,2020-02-25,main,exploration
MM-D-2020-02-28,mega_millions,MM-S06,2020-02-28,main,exploration
MM-D-2020-03-03,mega_millions,MM-S06,2020-03-03,main,exploration
MM-D-2020-03-06,mega_millions,MM-S06,2020-03-06,main,exploration
MM-D-2020-03-10,mega_millions,MM-S06,2020-03-10,main,exploration
MM-D-2020-03-13,mega_millions,MM-S06,2020-03-13,main,exploration
MM-D-2020-03-17,mega_millions,MM-S06,2020-03-17,main,exploration
MM-D-2020-03-20,mega_millions,MM-S06,2020-03-20,main,exploration
MM-D-2020-03-24,mega_millions,MM-S06,2020-03-24,main,exploration
MM-D-2020-03-27,mega_millions,MM-S06,2020-03-27,main,exploration
MM-D-2020-03-31,mega_millions,MM-S06,2020-03-31,main,exploration
MM-D-2020-04-03,mega_millions,MM-S06,2020-04-03,main,exploration
MM-D-2020-04-07,mega_millions,MM-S06,2020-04-07,main,exploration
MM-D-2020-04-10,mega_millions,MM-S06,2020-04-10,main,exploration
MM-D-2020-04-14,mega_millions,MM-S06,2020-04-14,main,exploration
MM-D-2020-04-17,mega_millions,MM-S06,2020-04-17,main,exploration
MM-D-2020-04-21,mega_millions,MM-S06,2020-04-21,main,exploration
MM-D-2020-04-24,mega_millions,MM-S06,2020-04-24,main,exploration
MM-D-2020-04-28,mega_millions,MM-S06,2020-04-28,main,exploration
MM-D-2020-05-01,mega_millions,MM-S06,2020-05-01,main,exploration
MM-D-2020-05-05,mega_millions,MM-S06,2020-05-05,main,exploration
MM-D-2020-05-08,mega_millions,MM-S06,2020-05-08,main,exploration
MM-D-2020-05-12,mega_millions,MM-S06,2020-05-12,main,exploration
MM-D-2020-05-15,mega_millions,MM-S06,2020-05-15,main,exploration
MM-D-2020-05-19,mega_millions,MM-S06,2020-05-19,main,exploration
MM-D-2020-05-22,mega_millions,MM-S06,2020-05-22,main,exploration
MM-D-2020-05-26,mega_millions,MM-S06,2020-05-26,main,exploration
MM-D-2020-05-29,mega_millions,MM-S06,2020-05-29,main,exploration
MM-D-2020-06-02,mega_millions,MM-S06,2020-06-02,main,exploration
MM-D-2020-06-05,mega_millions,MM-S06,2020-06-05,main,exploration
MM-D-2020-06-09,mega_millions,MM-S06,2020-06-09,main,exploration
MM-D-2020-06-12,mega_millions,MM-S06,2020-06-12,main,exploration
MM-D-2020-06-16,mega_millions,MM-S06,2020-06-16,main,exploration
MM-D-2020-06-19,mega_millions,MM-S06,2020-06-19,main,exploration
MM-D-2020-06-23,mega_millions,MM-S06,2020-06-23,main,exploration
MM-D-2020-06-26,mega_millions,MM-S06,2020-06-26,main,exploration
MM-D-2020-06-30,mega_millions,MM-S06,2020-06-30,main,exploration
MM-D-2020-07-03,mega_millions,MM-S06,2020-07-03,main,exploration
MM-D-2020-07-07,mega_millions,MM-S06,2020-07-07,main,exploration
MM-D-2020-07-10,mega_millions,MM-S06,2020-07-10,main,exploration
MM-D-2020-07-14,mega_millions,MM-S06,2020-07-14,main,exploration
MM-D-2020-07-17,mega_millions,MM-S06,2020-07-17,main,exploration
MM-D-2020-07-21,mega_millions,MM-S06,2020-07-21,main,exploration
MM-D-2020-07-24,mega_millions,MM-S06,2020-07-24,main,exploration
MM-D-2020-07-28,mega_millions,MM-S06,2020-07-28,main,exploration
MM-D-2020-07-31,mega_millions,MM-S06,2020-07-31,main,exploration
MM-D-2020-08-04,mega_millions,MM-S06,2020-08-04,main,exploration
MM-D-2020-08-07,mega_millions,MM-S06,2020-08-07,main,exploration
MM-D-2020-08-11,mega_millions,MM-S06,2020-08-11,main,exploration
MM-D-2020-08-14,mega_millions,MM-S06,2020-08-14,main,exploration
MM-D-2020-08-18,mega_millions,MM-S06,2020-08-18,main,exploration
MM-D-2020-08-21,mega_millions,MM-S06,2020-08-21,main,exploration
MM-D-2020-08-25,mega_millions,MM-S06,2020-08-25,main,exploration
MM-D-2020-08-28,mega_millions,MM-S06,2020-08-28,main,exploration
MM-D-2020-09-01,mega_millions,MM-S06,2020-09-01,main,exploration
MM-D-2020-09-04,mega_millions,MM-S06,2020-09-04,main,exploration
MM-D-2020-09-08,mega_millions,MM-S06,2020-09-08,main,exploration
MM-D-2020-09-11,mega_millions,MM-S06,2020-09-11,main,exploration
MM-D-2020-09-15,mega_millions,MM-S06,2020-09-15,main,exploration
MM-D-2020-09-18,mega_millions,MM-S06,2020-09-18,main,exploration
MM-D-2020-09-22,mega_millions,MM-S06,2020-09-22,main,exploration
MM-D-2020-09-25,mega_millions,MM-S06,2020-09-25,main,exploration
MM-D-2020-09-29,mega_millions,MM-S06,2020-09-29,main,exploration
MM-D-2020-10-02,mega_millions,MM-S06,2020-10-02,main,exploration
MM-D-2020-10-06,mega_millions,MM-S06,2020-10-06,main,exploration
MM-D-2020-10-09,mega_millions,MM-S06,2020-10-09,main,exploration
MM-D-2020-10-13,mega_millions,MM-S06,2020-10-13,main,exploration
MM-D-2020-10-16,mega_millions,MM-S06,2020-10-16,main,exploration
MM-D-2020-10-20,mega_millions,MM-S06,2020-10-20,main,exploration
MM-D-2020-10-23,mega_millions,MM-S06,2020-10-23,main,exploration
MM-D-2020-10-27,mega_millions,MM-S06,2020-10-27,main,exploration
MM-D-2020-10-30,mega_millions,MM-S06,2020-10-30,main,exploration
MM-D-2020-11-03,mega_millions,MM-S06,2020-11-03,main,exploration
MM-D-2020-11-06,mega_millions,MM-S06,2020-11-06,main,exploration
MM-D-2020-11-10,mega_millions,MM-S06,2020-11-10,main,exploration
MM-D-2020-11-13,mega_millions,MM-S06,2020-11-13,main,exploration
MM-D-2020-11-17,mega_millions,MM-S06,2020-11-17,main,exploration
MM-D-2020-11-20,mega_millions,MM-S06,2020-11-20,main,exploration
MM-D-2020-11-24,mega_millions,MM-S06,2020-11-24,main,exploration
MM-D-2020-11-27,mega_millions,MM-S06,2020-11-27,main,exploration
MM-D-2020-12-01,mega_millions,MM-S06,2020-12-01,main,exploration
MM-D-2020-12-04,mega_millions,MM-S06,2020-12-04,main,exploration
MM-D-2020-12-08,mega_millions,MM-S06,2020-12-08,main,exploration
MM-D-2020-12-11,mega_millions,MM-S06,2020-12-11,main,exploration
MM-D-2020-12-15,mega_millions,MM-S06,2020-12-15,main,exploration
MM-D-2020-12-18,mega_millions,MM-S06,2020-12-18,main,exploration
MM-D-2020-12-22,mega_millions,MM-S06,2020-12-22,main,exploration
MM-D-2020-12-25,mega_millions,MM-S06,2020-12-25,main,exploration
MM-D-2020-12-29,mega_millions,MM-S06,2020-12-29,main,exploration
MM-D-2021-01-01,mega_millions,MM-S06,2021-01-01,main,exploration
MM-D-2021-01-05,mega_millions,MM-S06,2021-01-05,main,exploration
MM-D-2021-01-08,mega_millions,MM-S06,2021-01-08,main,exploration
MM-D-2021-01-12,mega_millions,MM-S06,2021-01-12,main,exploration
MM-D-2021-01-15,mega_millions,MM-S06,2021-01-15,main,exploration
MM-D-2021-01-19,mega_millions,MM-S06,2021-01-19,main,exploration
MM-D-2021-01-22,mega_millions,MM-S06,2021-01-22,main,exploration
MM-D-2021-01-26,mega_millions,MM-S06,2021-01-26,main,exploration
MM-D-2021-01-29,mega_millions,MM-S06,2021-01-29,main,exploration
MM-D-2021-02-02,mega_millions,MM-S06,2021-02-02,main,exploration
MM-D-2021-02-05,mega_millions,MM-S06,2021-02-05,main,exploration
MM-D-2021-02-09,mega_millions,MM-S06,2021-02-09,main,exploration
MM-D-2021-02-12,mega_millions,MM-S06,2021-02-12,main,exploration
MM-D-2021-02-16,mega_millions,MM-S06,2021-02-16,main,exploration
MM-D-2021-02-19,mega_millions,MM-S06,2021-02-19,main,exploration
MM-D-2021-02-23,mega_millions,MM-S06,2021-02-23,main,exploration
MM-D-2021-02-26,mega_millions,MM-S06,2021-02-26,main,exploration
MM-D-2021-03-02,mega_millions,MM-S06,2021-03-02,main,exploration
MM-D-2021-03-05,mega_millions,MM-S06,2021-03-05,main,exploration
MM-D-2021-03-09,mega_millions,MM-S06,2021-03-09,main,exploration
MM-D-2021-03-12,mega_millions,MM-S06,2021-03-12,main,exploration
MM-D-2021-03-16,mega_millions,MM-S06,2021-03-16,main,exploration
MM-D-2021-03-19,mega_millions,MM-S06,2021-03-19,main,exploration
MM-D-2021-03-23,mega_millions,MM-S06,2021-03-23,main,exploration
MM-D-2021-03-26,mega_millions,MM-S06,2021-03-26,main,exploration
MM-D-2021-03-30,mega_millions,MM-S06,2021-03-30,main,exploration
MM-D-2021-04-02,mega_millions,MM-S06,2021-04-02,main,exploration
MM-D-2021-04-06,mega_millions,MM-S06,2021-04-06,main,exploration
MM-D-2021-04-09,mega_millions,MM-S06,2021-04-09,main,exploration
MM-D-2021-04-13,mega_millions,MM-S06,2021-04-13,main,exploration
MM-D-2021-04-16,mega_millions,MM-S06,2021-04-16,main,exploration
MM-D-2021-04-20,mega_millions,MM-S06,2021-04-20,main,exploration
MM-D-2021-04-23,mega_millions,MM-S06,2021-04-23,main,exploration
MM-D-2021-04-27,mega_millions,MM-S06,2021-04-27,main,exploration
MM-D-2021-04-30,mega_millions,MM-S06,2021-04-30,main,exploration
MM-D-2021-05-04,mega_millions,MM-S06,2021-05-04,main,exploration
MM-D-2021-05-07,mega_millions,MM-S06,2021-05-07,main,exploration
MM-D-2021-05-11,mega_millions,MM-S06,2021-05-11,main,exploration
MM-D-2021-05-14,mega_millions,MM-S06,2021-05-14,main,exploration
MM-D-2021-05-18,mega_millions,MM-S06,2021-05-18,main,exploration
MM-D-2021-05-21,mega_millions,MM-S06,2021-05-21,main,exploration
MM-D-2021-05-25,mega_millions,MM-S06,2021-05-25,main,exploration
MM-D-2021-05-28,mega_millions,MM-S06,2021-05-28,main,exploration
MM-D-2021-06-01,mega_millions,MM-S06,2021-06-01,main,exploration
MM-D-2021-06-04,mega_millions,MM-S06,2021-06-04,main,exploration
MM-D-2021-06-08,mega_millions,MM-S06,2021-06-08,main,exploration
MM-D-2021-06-11,mega_millions,MM-S06,2021-06-11,main,exploration
MM-D-2021-06-15,mega_millions,MM-S06,2021-06-15,main,exploration
MM-D-2021-06-18,mega_millions,MM-S06,2021-06-18,main,exploration
MM-D-2021-06-22,mega_millions,MM-S06,2021-06-22,main,exploration
MM-D-2021-06-25,mega_millions,MM-S06,2021-06-25,main,exploration
MM-D-2021-06-29,mega_millions,MM-S06,2021-06-29,main,exploration
MM-D-2021-07-02,mega_millions,MM-S06,2021-07-02,main,exploration
MM-D-2021-07-06,mega_millions,MM-S06,2021-07-06,main,exploration
MM-D-2021-07-09,mega_millions,MM-S06,2021-07-09,main,exploration
MM-D-2021-07-13,mega_millions,MM-S06,2021-07-13,main,exploration
MM-D-2021-07-16,mega_millions,MM-S06,2021-07-16,main,exploration
MM-D-2021-07-20,mega_millions,MM-S06,2021-07-20,main,exploration
MM-D-2021-07-23,mega_millions,MM-S06,2021-07-23,main,exploration
MM-D-2021-07-27,mega_millions,MM-S06,2021-07-27,main,exploration
MM-D-2021-07-30,mega_millions,MM-S06,2021-07-30,main,exploration
MM-D-2021-08-03,mega_millions,MM-S06,2021-08-03,main,exploration
MM-D-2021-08-06,mega_millions,MM-S06,2021-08-06,main,exploration
MM-D-2021-08-10,mega_millions,MM-S06,2021-08-10,main,exploration
MM-D-2021-08-13,mega_millions,MM-S06,2021-08-13,main,exploration
MM-D-2021-08-17,mega_millions,MM-S06,2021-08-17,main,exploration
MM-D-2021-08-20,mega_millions,MM-S06,2021-08-20,main,exploration
MM-D-2021-08-24,mega_millions,MM-S06,2021-08-24,main,exploration
MM-D-2021-08-27,mega_millions,MM-S06,2021-08-27,main,exploration
MM-D-2021-08-31,mega_millions,MM-S06,2021-08-31,main,exploration
MM-D-2021-09-03,mega_millions,MM-S06,2021-09-03,main,exploration
MM-D-2021-09-07,mega_millions,MM-S06,2021-09-07,main,exploration
MM-D-2021-09-10,mega_millions,MM-S06,2021-09-10,main,exploration
MM-D-2021-09-14,mega_millions,MM-S06,2021-09-14,main,exploration
MM-D-2021-09-17,mega_millions,MM-S06,2021-09-17,main,exploration
MM-D-2021-09-21,mega_millions,MM-S06,2021-09-21,main,exploration
MM-D-2021-09-24,mega_millions,MM-S06,2021-09-24,main,exploration
MM-D-2021-09-28,mega_millions,MM-S06,2021-09-28,main,exploration
MM-D-2021-10-01,mega_millions,MM-S06,2021-10-01,main,exploration
MM-D-2021-10-05,mega_millions,MM-S06,2021-10-05,main,exploration
MM-D-2021-10-08,mega_millions,MM-S06,2021-10-08,main,exploration
MM-D-2021-10-12,mega_millions,MM-S06,2021-10-12,main,exploration
MM-D-2021-10-15,mega_millions,MM-S06,2021-10-15,main,exploration
MM-D-2021-10-19,mega_millions,MM-S06,2021-10-19,main,exploration
MM-D-2021-10-22,mega_millions,MM-S06,2021-10-22,main,exploration
MM-D-2021-10-26,mega_millions,MM-S06,2021-10-26,main,exploration
MM-D-2021-10-29,mega_millions,MM-S06,2021-10-29,main,exploration
MM-D-2021-11-02,mega_millions,MM-S06,2021-11-02,main,exploration
MM-D-2021-11-05,mega_millions,MM-S06,2021-11-05,main,exploration
MM-D-2021-11-09,mega_millions,MM-S06,2021-11-09,main,exploration
MM-D-2021-11-12,mega_millions,MM-S06,2021-11-12,main,exploration
MM-D-2021-11-16,mega_millions,MM-S06,2021-11-16,main,exploration
MM-D-2021-11-19,mega_millions,MM-S06,2021-11-19,main,exploration
MM-D-2021-11-23,mega_millions,MM-S06,2021-11-23,main,exploration
MM-D-2021-11-26,mega_millions,MM-S06,2021-11-26,main,exploration
MM-D-2021-11-30,mega_millions,MM-S06,2021-11-30,main,exploration
MM-D-2021-12-03,mega_millions,MM-S06,2021-12-03,main,exploration
MM-D-2021-12-07,mega_millions,MM-S06,2021-12-07,main,exploration
MM-D-2021-12-10,mega_millions,MM-S06,2021-12-10,main,exploration
MM-D-2021-12-14,mega_millions,MM-S06,2021-12-14,main,exploration
MM-D-2021-12-17,mega_millions,MM-S06,2021-12-17,main,exploration
MM-D-2021-12-21,mega_millions,MM-S06,2021-12-21,main,exploration
MM-D-2021-12-24,mega_millions,MM-S06,2021-12-24,main,exploration
MM-D-2021-12-28,mega_millions,MM-S06,2021-12-28,main,exploration
MM-D-2021-12-31,mega_millions,MM-S06,2021-12-31,main,exploration
MM-D-2022-01-04,mega_millions,MM-S06,2022-01-04,main,exploration
MM-D-2022-01-07,mega_millions,MM-S06,2022-01-07,main,exploration
MM-D-2022-01-11,mega_millions,MM-S06,2022-01-11,main,exploration
MM-D-2022-01-14,mega_millions,MM-S06,2022-01-14,main,exploration
MM-D-2022-01-18,mega_millions,MM-S06,2022-01-18,main,exploration
MM-D-2022-01-21,mega_millions,MM-S06,2022-01-21,main,exploration
MM-D-2022-01-25,mega_millions,MM-S06,2022-01-25,main,exploration
MM-D-2022-01-28,mega_millions,MM-S06,2022-01-28,main,exploration
MM-D-2022-02-01,mega_millions,MM-S06,2022-02-01,main,exploration
MM-D-2022-02-04,mega_millions,MM-S06,2022-02-04,main,exploration
MM-D-2022-02-08,mega_millions,MM-S06,2022-02-08,main,exploration
MM-D-2022-02-11,mega_millions,MM-S06,2022-02-11,main,exploration
MM-D-2022-02-15,mega_millions,MM-S06,2022-02-15,main,exploration
MM-D-2022-02-18,mega_millions,MM-S06,2022-02-18,main,exploration
MM-D-2022-02-22,mega_millions,MM-S06,2022-02-22,main,exploration
MM-D-2022-02-25,mega_millions,MM-S06,2022-02-25,main,exploration
MM-D-2022-03-01,mega_millions,MM-S06,2022-03-01,main,exploration
MM-D-2022-03-04,mega_millions,MM-S06,2022-03-04,main,exploration
MM-D-2022-03-08,mega_millions,MM-S06,2022-03-08,main,exploration
MM-D-2022-03-11,mega_millions,MM-S06,2022-03-11,main,exploration
MM-D-2022-03-15,mega_millions,MM-S06,2022-03-15,main,exploration
MM-D-2022-03-18,mega_millions,MM-S06,2022-03-18,main,exploration
MM-D-2022-03-22,mega_millions,MM-S06,2022-03-22,main,exploration
MM-D-2022-03-25,mega_millions,MM-S06,2022-03-25,main,exploration
MM-D-2022-03-29,mega_millions,MM-S06,2022-03-29,main,exploration
MM-D-2022-04-01,mega_millions,MM-S06,2022-04-01,main,exploration
MM-D-2022-04-05,mega_millions,MM-S06,2022-04-05,main,exploration
MM-D-2022-04-08,mega_millions,MM-S06,2022-04-08,main,exploration
MM-D-2022-04-12,mega_millions,MM-S06,2022-04-12,main,exploration
MM-D-2022-04-15,mega_millions,MM-S06,2022-04-15,main,exploration
MM-D-2022-04-19,mega_millions,MM-S06,2022-04-19,main,exploration
MM-D-2022-04-22,mega_millions,MM-S06,2022-04-22,main,exploration
MM-D-2022-04-26,mega_millions,MM-S06,2022-04-26,main,exploration
MM-D-2022-04-29,mega_millions,MM-S06,2022-04-29,main,exploration
MM-D-2022-05-03,mega_millions,MM-S06,2022-05-03,main,exploration
MM-D-2022-05-06,mega_millions,MM-S06,2022-05-06,main,exploration
MM-D-2022-05-10,mega_millions,MM-S06,2022-05-10,main,exploration
MM-D-2022-05-13,mega_millions,MM-S06,2022-05-13,main,exploration
MM-D-2022-05-17,mega_millions,MM-S06,2022-05-17,main,exploration
MM-D-2022-05-20,mega_millions,MM-S06,2022-05-20,main,exploration
MM-D-2022-05-24,mega_millions,MM-S06,2022-05-24,main,exploration
MM-D-2022-05-27,mega_millions,MM-S06,2022-05-27,main,exploration
MM-D-2022-05-31,mega_millions,MM-S06,2022-05-31,main,exploration
MM-D-2022-06-03,mega_millions,MM-S06,2022-06-03,main,exploration
MM-D-2022-06-07,mega_millions,MM-S06,2022-06-07,main,exploration
MM-D-2022-06-10,mega_millions,MM-S06,2022-06-10,main,exploration
MM-D-2022-06-14,mega_millions,MM-S06,2022-06-14,main,exploration
MM-D-2022-06-17,mega_millions,MM-S06,2022-06-17,main,exploration
MM-D-2022-06-21,mega_millions,MM-S06,2022-06-21,main,exploration
MM-D-2022-06-24,mega_millions,MM-S06,2022-06-24,main,exploration
MM-D-2022-06-28,mega_millions,MM-S06,2022-06-28,main,exploration
MM-D-2022-07-01,mega_millions,MM-S06,2022-07-01,main,exploration
MM-D-2022-07-05,mega_millions,MM-S06,2022-07-05,main,exploration
MM-D-2022-07-08,mega_millions,MM-S06,2022-07-08,main,exploration
MM-D-2022-07-12,mega_millions,MM-S06,2022-07-12,main,exploration
MM-D-2022-07-15,mega_millions,MM-S06,2022-07-15,main,exploration
MM-D-2022-07-19,mega_millions,MM-S06,2022-07-19,main,exploration
MM-D-2022-07-22,mega_millions,MM-S06,2022-07-22,main,exploration
MM-D-2022-07-26,mega_millions,MM-S06,2022-07-26,main,exploration
MM-D-2022-07-29,mega_millions,MM-S06,2022-07-29,main,exploration
MM-D-2022-08-02,mega_millions,MM-S06,2022-08-02,main,exploration
MM-D-2022-08-05,mega_millions,MM-S06,2022-08-05,main,exploration
MM-D-2022-08-09,mega_millions,MM-S06,2022-08-09,main,exploration
MM-D-2022-08-12,mega_millions,MM-S06,2022-08-12,main,exploration
MM-D-2022-08-16,mega_millions,MM-S06,2022-08-16,main,exploration
MM-D-2022-08-19,mega_millions,MM-S06,2022-08-19,main,exploration
MM-D-2022-08-23,mega_millions,MM-S06,2022-08-23,main,exploration
MM-D-2022-08-26,mega_millions,MM-S06,2022-08-26,main,exploration
MM-D-2022-08-30,mega_millions,MM-S06,2022-08-30,main,exploration
MM-D-2022-09-02,mega_millions,MM-S06,2022-09-02,main,exploration
MM-D-2022-09-06,mega_millions,MM-S06,2022-09-06,main,exploration
MM-D-2022-09-09,mega_millions,MM-S06,2022-09-09,main,exploration
MM-D-2022-09-13,mega_millions,MM-S06,2022-09-13,main,exploration
MM-D-2022-09-16,mega_millions,MM-S06,2022-09-16,main,exploration
MM-D-2022-09-20,mega_millions,MM-S06,2022-09-20,main,exploration
MM-D-2022-09-23,mega_millions,MM-S06,2022-09-23,main,exploration
MM-D-2022-09-27,mega_millions,MM-S06,2022-09-27,main,exploration
MM-D-2022-09-30,mega_millions,MM-S06,2022-09-30,main,exploration
MM-D-2022-10-04,mega_millions,MM-S06,2022-10-04,main,exploration
MM-D-2022-10-07,mega_millions,MM-S06,2022-10-07,main,exploration
MM-D-2022-10-11,mega_millions,MM-S06,2022-10-11,main,exploration
MM-D-2022-10-14,mega_millions,MM-S06,2022-10-14,main,exploration
MM-D-2022-10-18,mega_millions,MM-S06,2022-10-18,main,exploration
MM-D-2022-10-21,mega_millions,MM-S06,2022-10-21,main,exploration
MM-D-2022-10-25,mega_millions,MM-S06,2022-10-25,main,exploration
MM-D-2022-10-28,mega_millions,MM-S06,2022-10-28,main,exploration
MM-D-2022-11-01,mega_millions,MM-S06,2022-11-01,main,exploration
MM-D-2022-11-04,mega_millions,MM-S06,2022-11-04,main,exploration
MM-D-2022-11-08,mega_millions,MM-S06,2022-11-08,main,exploration
MM-D-2022-11-11,mega_millions,MM-S06,2022-11-11,main,exploration
MM-D-2022-11-15,mega_millions,MM-S06,2022-11-15,main,exploration
MM-D-2022-11-18,mega_millions,MM-S06,2022-11-18,main,exploration
MM-D-2022-11-22,mega_millions,MM-S06,2022-11-22,main,exploration
MM-D-2022-11-25,mega_millions,MM-S06,2022-11-25,main,exploration
MM-D-2022-11-29,mega_millions,MM-S06,2022-11-29,main,exploration
MM-D-2022-12-02,mega_millions,MM-S06,2022-12-02,main,exploration
MM-D-2022-12-06,mega_millions,MM-S06,2022-12-06,main,exploration
MM-D-2022-12-09,mega_millions,MM-S06,2022-12-09,main,exploration
MM-D-2022-12-13,mega_millions,MM-S06,2022-12-13,main,exploration
MM-D-2022-12-16,mega_millions,MM-S06,2022-12-16,main,exploration
MM-D-2022-12-20,mega_millions,MM-S06,2022-12-20,main,exploration
MM-D-2022-12-23,mega_millions,MM-S06,2022-12-23,main,exploration
MM-D-2022-12-27,mega_millions,MM-S06,2022-12-27,main,exploration
MM-D-2022-12-30,mega_millions,MM-S06,2022-12-30,main,exploration
MM-D-2023-01-03,mega_millions,MM-S06,2023-01-03,main,exploration
MM-D-2023-01-06,mega_millions,MM-S06,2023-01-06,main,exploration
MM-D-2023-01-10,mega_millions,MM-S06,2023-01-10,main,exploration
MM-D-2023-01-13,mega_millions,MM-S06,2023-01-13,main,exploration
MM-D-2023-01-17,mega_millions,MM-S06,2023-01-17,main,exploration
MM-D-2023-01-20,mega_millions,MM-S06,2023-01-20,main,exploration
MM-D-2023-01-24,mega_millions,MM-S06,2023-01-24,main,exploration
MM-D-2023-01-27,mega_millions,MM-S06,2023-01-27,main,exploration
MM-D-2023-01-31,mega_millions,MM-S06,2023-01-31,main,exploration
MM-D-2023-02-03,mega_millions,MM-S06,2023-02-03,main,exploration
MM-D-2023-02-07,mega_millions,MM-S06,2023-02-07,main,exploration
MM-D-2023-02-10,mega_millions,MM-S06,2023-02-10,main,exploration
MM-D-2023-02-14,mega_millions,MM-S06,2023-02-14,main,exploration
MM-D-2023-02-17,mega_millions,MM-S06,2023-02-17,main,exploration
MM-D-2023-02-21,mega_millions,MM-S06,2023-02-21,main,exploration
MM-D-2023-02-24,mega_millions,MM-S06,2023-02-24,main,exploration
MM-D-2023-02-28,mega_millions,MM-S06,2023-02-28,main,exploration
MM-D-2023-03-03,mega_millions,MM-S06,2023-03-03,main,exploration
MM-D-2023-03-07,mega_millions,MM-S06,2023-03-07,main,exploration
MM-D-2023-03-10,mega_millions,MM-S06,2023-03-10,main,exploration
MM-D-2023-03-14,mega_millions,MM-S06,2023-03-14,main,exploration
MM-D-2023-03-17,mega_millions,MM-S06,2023-03-17,main,exploration
MM-D-2023-03-21,mega_millions,MM-S06,2023-03-21,main,exploration
MM-D-2023-03-24,mega_millions,MM-S06,2023-03-24,main,exploration
MM-D-2023-03-28,mega_millions,MM-S06,2023-03-28,main,exploration
MM-D-2023-03-31,mega_millions,MM-S06,2023-03-31,main,exploration
MM-D-2023-04-04,mega_millions,MM-S06,2023-04-04,main,exploration
MM-D-2023-04-07,mega_millions,MM-S06,2023-04-07,main,exploration
MM-D-2023-04-11,mega_millions,MM-S06,2023-04-11,main,exploration
MM-D-2023-04-14,mega_millions,MM-S06,2023-04-14,main,exploration
MM-D-2023-04-18,mega_millions,MM-S06,2023-04-18,main,exploration
MM-D-2023-04-21,mega_millions,MM-S06,2023-04-21,main,exploration
MM-D-2023-04-25,mega_millions,MM-S06,2023-04-25,main,exploration
MM-D-2023-04-28,mega_millions,MM-S06,2023-04-28,main,exploration
MM-D-2023-05-02,mega_millions,MM-S06,2023-05-02,main,exploration
MM-D-2023-05-05,mega_millions,MM-S06,2023-05-05,main,exploration
MM-D-2023-05-09,mega_millions,MM-S06,2023-05-09,main,exploration
MM-D-2023-05-12,mega_millions,MM-S06,2023-05-12,main,exploration
MM-D-2023-05-16,mega_millions,MM-S06,2023-05-16,main,exploration
MM-D-2023-05-19,mega_millions,MM-S06,2023-05-19,main,exploration
MM-D-2023-05-23,mega_millions,MM-S06,2023-05-23,main,exploration
MM-D-2023-05-26,mega_millions,MM-S06,2023-05-26,main,exploration
MM-D-2023-05-30,mega_millions,MM-S06,2023-05-30,main,exploration
MM-D-2023-06-02,mega_millions,MM-S06,2023-06-02,main,exploration
MM-D-2023-06-06,mega_millions,MM-S06,2023-06-06,main,exploration
MM-D-2023-06-09,mega_millions,MM-S06,2023-06-09,main,exploration
MM-D-2023-06-13,mega_millions,MM-S06,2023-06-13,main,exploration
MM-D-2023-06-16,mega_millions,MM-S06,2023-06-16,main,exploration
MM-D-2023-06-20,mega_millions,MM-S06,2023-06-20,main,exploration
MM-D-2023-06-23,mega_millions,MM-S06,2023-06-23,main,exploration
MM-D-2023-06-27,mega_millions,MM-S06,2023-06-27,main,exploration
MM-D-2023-06-30,mega_millions,MM-S06,2023-06-30,main,exploration
MM-D-2023-07-04,mega_millions,MM-S06,2023-07-04,main,exploration
MM-D-2023-07-07,mega_millions,MM-S06,2023-07-07,main,exploration
MM-D-2023-07-11,mega_millions,MM-S06,2023-07-11,main,exploration
MM-D-2023-07-14,mega_millions,MM-S06,2023-07-14,main,exploration
MM-D-2023-07-18,mega_millions,MM-S06,2023-07-18,main,exploration
MM-D-2023-07-21,mega_millions,MM-S06,2023-07-21,main,exploration
MM-D-2023-07-25,mega_millions,MM-S06,2023-07-25,main,exploration
MM-D-2023-07-28,mega_millions,MM-S06,2023-07-28,main,exploration
MM-D-2023-08-01,mega_millions,MM-S06,2023-08-01,main,exploration
MM-D-2023-08-04,mega_millions,MM-S06,2023-08-04,main,exploration
MM-D-2023-08-08,mega_millions,MM-S06,2023-08-08,main,exploration
MM-D-2023-08-11,mega_millions,MM-S06,2023-08-11,main,exploration
MM-D-2023-08-15,mega_millions,MM-S06,2023-08-15,main,exploration
MM-D-2023-08-18,mega_millions,MM-S06,2023-08-18,main,exploration
MM-D-2023-08-22,mega_millions,MM-S06,2023-08-22,main,exploration
MM-D-2023-08-25,mega_millions,MM-S06,2023-08-25,main,exploration
MM-D-2023-08-29,mega_millions,MM-S06,2023-08-29,main,exploration
MM-D-2023-09-01,mega_millions,MM-S06,2023-09-01,main,exploration
MM-D-2023-09-05,mega_millions,MM-S06,2023-09-05,main,exploration
MM-D-2023-09-08,mega_millions,MM-S06,2023-09-08,main,exploration
MM-D-2023-09-12,mega_millions,MM-S06,2023-09-12,main,exploration
MM-D-2023-09-15,mega_millions,MM-S06,2023-09-15,main,exploration
MM-D-2023-09-19,mega_millions,MM-S06,2023-09-19,main,exploration
MM-D-2023-09-22,mega_millions,MM-S06,2023-09-22,main,exploration
MM-D-2023-09-26,mega_millions,MM-S06,2023-09-26,main,exploration
MM-D-2023-09-29,mega_millions,MM-S06,2023-09-29,main,exploration
MM-D-2023-10-03,mega_millions,MM-S06,2023-10-03,main,exploration
MM-D-2023-10-06,mega_millions,MM-S06,2023-10-06,main,exploration
MM-D-2025-04-08,mega_millions,MM-S07,2025-04-08,main,exploration
MM-D-2025-04-11,mega_millions,MM-S07,2025-04-11,main,exploration
MM-D-2025-04-15,mega_millions,MM-S07,2025-04-15,main,exploration
MM-D-2025-04-18,mega_millions,MM-S07,2025-04-18,main,exploration
MM-D-2025-04-22,mega_millions,MM-S07,2025-04-22,main,exploration
MM-D-2025-04-25,mega_millions,MM-S07,2025-04-25,main,exploration
MM-D-2025-04-29,mega_millions,MM-S07,2025-04-29,main,exploration
MM-D-2025-05-02,mega_millions,MM-S07,2025-05-02,main,exploration
MM-D-2025-05-06,mega_millions,MM-S07,2025-05-06,main,exploration
MM-D-2025-05-09,mega_millions,MM-S07,2025-05-09,main,exploration
MM-D-2025-05-13,mega_millions,MM-S07,2025-05-13,main,exploration
MM-D-2025-05-16,mega_millions,MM-S07,2025-05-16,main,exploration
MM-D-2025-05-20,mega_millions,MM-S07,2025-05-20,main,exploration
MM-D-2025-05-23,mega_millions,MM-S07,2025-05-23,main,exploration
MM-D-2025-05-27,mega_millions,MM-S07,2025-05-27,main,exploration
MM-D-2025-05-30,mega_millions,MM-S07,2025-05-30,main,exploration
MM-D-2025-06-03,mega_millions,MM-S07,2025-06-03,main,exploration
MM-D-2025-06-06,mega_millions,MM-S07,2025-06-06,main,exploration
MM-D-2025-06-10,mega_millions,MM-S07,2025-06-10,main,exploration
MM-D-2025-06-13,mega_millions,MM-S07,2025-06-13,main,exploration
MM-D-2025-06-17,mega_millions,MM-S07,2025-06-17,main,exploration
MM-D-2025-06-20,mega_millions,MM-S07,2025-06-20,main,exploration
MM-D-2025-06-24,mega_millions,MM-S07,2025-06-24,main,exploration
MM-D-2025-06-27,mega_millions,MM-S07,2025-06-27,main,exploration
MM-D-2025-07-01,mega_millions,MM-S07,2025-07-01,main,exploration
MM-D-2025-07-04,mega_millions,MM-S07,2025-07-04,main,exploration
MM-D-2025-07-08,mega_millions,MM-S07,2025-07-08,main,exploration
MM-D-2025-07-11,mega_millions,MM-S07,2025-07-11,main,exploration
MM-D-2025-07-15,mega_millions,MM-S07,2025-07-15,main,exploration
MM-D-2025-07-18,mega_millions,MM-S07,2025-07-18,main,exploration
MM-D-2025-07-22,mega_millions,MM-S07,2025-07-22,main,exploration
MM-D-2025-07-25,mega_millions,MM-S07,2025-07-25,main,exploration
MM-D-2025-07-29,mega_millions,MM-S07,2025-07-29,main,exploration
MM-D-2025-08-01,mega_millions,MM-S07,2025-08-01,main,exploration
MM-D-2025-08-05,mega_millions,MM-S07,2025-08-05,main,exploration
MM-D-2025-08-08,mega_millions,MM-S07,2025-08-08,main,exploration
MM-D-2025-08-12,mega_millions,MM-S07,2025-08-12,main,exploration
MM-D-2025-08-15,mega_millions,MM-S07,2025-08-15,main,exploration
MM-D-2025-08-19,mega_millions,MM-S07,2025-08-19,main,exploration
MM-D-2025-08-22,mega_millions,MM-S07,2025-08-22,main,exploration
MM-D-2025-08-26,mega_millions,MM-S07,2025-08-26,main,exploration
MM-D-2025-08-29,mega_millions,MM-S07,2025-08-29,main,exploration
MM-D-2025-09-02,mega_millions,MM-S07,2025-09-02,main,exploration
MM-D-2025-09-05,mega_millions,MM-S07,2025-09-05,main,exploration
MM-D-2025-09-09,mega_millions,MM-S07,2025-09-09,main,exploration
MM-D-2025-09-12,mega_millions,MM-S07,2025-09-12,main,exploration
MM-D-2025-09-16,mega_millions,MM-S07,2025-09-16,main,exploration
MM-D-2025-09-19,mega_millions,MM-S07,2025-09-19,main,exploration
MM-D-2025-09-23,mega_millions,MM-S07,2025-09-23,main,exploration
MM-D-2025-09-26,mega_millions,MM-S07,2025-09-26,main,exploration
MM-D-2025-09-30,mega_millions,MM-S07,2025-09-30,main,exploration
MM-D-2025-10-03,mega_millions,MM-S07,2025-10-03,main,exploration
MM-D-2025-10-07,mega_millions,MM-S07,2025-10-07,main,exploration
MM-D-2025-10-10,mega_millions,MM-S07,2025-10-10,main,exploration
MM-D-2025-10-14,mega_millions,MM-S07,2025-10-14,main,exploration
MM-D-2025-10-17,mega_millions,MM-S07,2025-10-17,main,exploration
MM-D-2025-10-21,mega_millions,MM-S07,2025-10-21,main,exploration
MM-D-2025-10-24,mega_millions,MM-S07,2025-10-24,main,exploration
MM-D-2025-10-28,mega_millions,MM-S07,2025-10-28,main,exploration
MM-D-2025-10-31,mega_millions,MM-S07,2025-10-31,main,exploration
MM-D-2025-11-04,mega_millions,MM-S07,2025-11-04,main,exploration
MM-D-2025-11-07,mega_millions,MM-S07,2025-11-07,main,exploration
MM-D-2025-11-11,mega_millions,MM-S07,2025-11-11,main,exploration
MM-D-2025-11-14,mega_millions,MM-S07,2025-11-14,main,exploration
MM-D-2025-11-18,mega_millions,MM-S07,2025-11-18,main,exploration
MM-D-2025-11-21,mega_millions,MM-S07,2025-11-21,main,exploration
MM-D-2025-11-25,mega_millions,MM-S07,2025-11-25,main,exploration
MM-D-2025-11-28,mega_millions,MM-S07,2025-11-28,main,exploration
MM-D-2025-12-02,mega_millions,MM-S07,2025-12-02,main,exploration
MM-D-2025-12-05,mega_millions,MM-S07,2025-12-05,main,exploration
MM-D-2025-12-09,mega_millions,MM-S07,2025-12-09,main,exploration
MM-D-2025-12-12,mega_millions,MM-S07,2025-12-12,main,exploration
MM-D-2025-12-16,mega_millions,MM-S07,2025-12-16,main,exploration
MM-D-2025-12-19,mega_millions,MM-S07,2025-12-19,main,exploration
MM-D-2025-12-23,mega_millions,MM-S07,2025-12-23,main,exploration
MM-D-2025-12-26,mega_millions,MM-S07,2025-12-26,main,exploration
MM-D-2025-12-30,mega_millions,MM-S07,2025-12-30,main,exploration
MM-D-2026-01-02,mega_millions,MM-S07,2026-01-02,main,exploration
MM-D-2026-01-06,mega_millions,MM-S07,2026-01-06,main,exploration
MM-D-2026-01-09,mega_millions,MM-S07,2026-01-09,main,exploration
MM-D-2026-01-13,mega_millions,MM-S07,2026-01-13,main,exploration
MM-D-2026-01-16,mega_millions,MM-S07,2026-01-16,main,exploration
MM-D-2026-01-20,mega_millions,MM-S07,2026-01-20,main,exploration
MM-D-2026-01-23,mega_millions,MM-S07,2026-01-23,main,exploration
MM-D-2026-01-27,mega_millions,MM-S07,2026-01-27,main,exploration
MM-D-2026-01-30,mega_millions,MM-S07,2026-01-30,main,exploration
MM-D-2026-02-03,mega_millions,MM-S07,2026-02-03,main,exploration
MM-D-2026-02-06,mega_millions,MM-S07,2026-02-06,main,exploration
MM-D-2026-02-10,mega_millions,MM-S07,2026-02-10,main,exploration
MM-D-2026-02-13,mega_millions,MM-S07,2026-02-13,main,exploration
MM-D-2026-02-17,mega_millions,MM-S07,2026-02-17,main,exploration
MM-D-2026-02-20,mega_millions,MM-S07,2026-02-20,main,exploration
MM-D-2026-02-24,mega_millions,MM-S07,2026-02-24,main,exploration
MM-D-2026-02-27,mega_millions,MM-S07,2026-02-27,main,exploration
MM-D-2026-03-03,mega_millions,MM-S07,2026-03-03,main,exploration
MM-D-2026-03-06,mega_millions,MM-S07,2026-03-06,main,exploration
MM-D-2026-03-10,mega_millions,MM-S07,2026-03-10,main,exploration
MM-D-2026-03-13,mega_millions,MM-S07,2026-03-13,main,exploration
MM-D-2026-03-17,mega_millions,MM-S07,2026-03-17,main,exploration
MM-D-2026-03-20,mega_millions,MM-S07,2026-03-20,main,exploration
MM-D-2026-03-24,mega_millions,MM-S07,2026-03-24,main,exploration
MM-D-2026-03-27,mega_millions,MM-S07,2026-03-27,main,exploration
MM-D-2026-03-31,mega_millions,MM-S07,2026-03-31,main,exploration
MM-D-2026-04-03,mega_millions,MM-S07,2026-04-03,main,exploration
MM-D-2026-04-07,mega_millions,MM-S07,2026-04-07,main,exploration
MM-D-2026-04-10,mega_millions,MM-S07,2026-04-10,main,exploration
MM-D-2026-04-14,mega_millions,MM-S07,2026-04-14,main,exploration
MM-D-2026-04-17,mega_millions,MM-S07,2026-04-17,main,exploration
MM-D-2026-04-21,mega_millions,MM-S07,2026-04-21,main,exploration
MM-D-2026-04-24,mega_millions,MM-S07,2026-04-24,main,exploration
MM-D-2026-04-28,mega_millions,MM-S07,2026-04-28,main,exploration
MM-D-2026-05-01,mega_millions,MM-S07,2026-05-01,main,exploration
MM-D-2026-05-05,mega_millions,MM-S07,2026-05-05,main,exploration
MM-D-2026-05-08,mega_millions,MM-S07,2026-05-08,main,exploration
MM-D-2026-05-12,mega_millions,MM-S07,2026-05-12,main,exploration
MM-D-2026-05-15,mega_millions,MM-S07,2026-05-15,main,exploration
MM-D-2026-05-19,mega_millions,MM-S07,2026-05-19,main,exploration
MM-D-2026-05-22,mega_millions,MM-S07,2026-05-22,main,exploration
MM-D-2026-05-26,mega_millions,MM-S07,2026-05-26,main,exploration
MM-D-2026-05-29,mega_millions,MM-S07,2026-05-29,main,exploration
MM-D-2026-06-02,mega_millions,MM-S07,2026-06-02,main,exploration
MM-D-2026-06-05,mega_millions,MM-S07,2026-06-05,main,exploration
MM-D-2026-06-09,mega_millions,MM-S07,2026-06-09,main,exploration
MM-D-2026-06-12,mega_millions,MM-S07,2026-06-12,main,exploration
PB-D-1992-04-22,powerball,PB-S01,1992-04-22,main,exploration
PB-D-1992-04-25,powerball,PB-S01,1992-04-25,main,exploration
PB-D-1992-04-29,powerball,PB-S01,1992-04-29,main,exploration
PB-D-1992-05-02,powerball,PB-S01,1992-05-02,main,exploration
PB-D-1992-05-06,powerball,PB-S01,1992-05-06,main,exploration
PB-D-1992-05-09,powerball,PB-S01,1992-05-09,main,exploration
PB-D-1992-05-13,powerball,PB-S01,1992-05-13,main,exploration
PB-D-1992-05-16,powerball,PB-S01,1992-05-16,main,exploration
PB-D-1992-05-20,powerball,PB-S01,1992-05-20,main,exploration
PB-D-1992-05-23,powerball,PB-S01,1992-05-23,main,exploration
PB-D-1992-05-27,powerball,PB-S01,1992-05-27,main,exploration
PB-D-1992-05-30,powerball,PB-S01,1992-05-30,main,exploration
PB-D-1992-06-03,powerball,PB-S01,1992-06-03,main,exploration
PB-D-1992-06-06,powerball,PB-S01,1992-06-06,main,exploration
PB-D-1992-06-10,powerball,PB-S01,1992-06-10,main,exploration
PB-D-1992-06-13,powerball,PB-S01,1992-06-13,main,exploration
PB-D-1992-06-17,powerball,PB-S01,1992-06-17,main,exploration
PB-D-1992-06-20,powerball,PB-S01,1992-06-20,main,exploration
PB-D-1992-06-24,powerball,PB-S01,1992-06-24,main,exploration
PB-D-1992-06-27,powerball,PB-S01,1992-06-27,main,exploration
PB-D-1992-07-01,powerball,PB-S01,1992-07-01,main,exploration
PB-D-1992-07-04,powerball,PB-S01,1992-07-04,main,exploration
PB-D-1992-07-08,powerball,PB-S01,1992-07-08,main,exploration
PB-D-1992-07-11,powerball,PB-S01,1992-07-11,main,exploration
PB-D-1992-07-15,powerball,PB-S01,1992-07-15,main,exploration
PB-D-1992-07-18,powerball,PB-S01,1992-07-18,main,exploration
PB-D-1992-07-22,powerball,PB-S01,1992-07-22,main,exploration
PB-D-1992-07-25,powerball,PB-S01,1992-07-25,main,exploration
PB-D-1992-07-29,powerball,PB-S01,1992-07-29,main,exploration
PB-D-1992-08-01,powerball,PB-S01,1992-08-01,main,exploration
PB-D-1992-08-05,powerball,PB-S01,1992-08-05,main,exploration
PB-D-1992-08-08,powerball,PB-S01,1992-08-08,main,exploration
PB-D-1992-08-12,powerball,PB-S01,1992-08-12,main,exploration
PB-D-1992-08-15,powerball,PB-S01,1992-08-15,main,exploration
PB-D-1992-08-19,powerball,PB-S01,1992-08-19,main,exploration
PB-D-1992-08-22,powerball,PB-S01,1992-08-22,main,exploration
PB-D-1992-08-26,powerball,PB-S01,1992-08-26,main,exploration
PB-D-1992-08-29,powerball,PB-S01,1992-08-29,main,exploration
PB-D-1992-09-02,powerball,PB-S01,1992-09-02,main,exploration
PB-D-1992-09-05,powerball,PB-S01,1992-09-05,main,exploration
PB-D-1992-09-09,powerball,PB-S01,1992-09-09,main,exploration
PB-D-1992-09-12,powerball,PB-S01,1992-09-12,main,exploration
PB-D-1992-09-16,powerball,PB-S01,1992-09-16,main,exploration
PB-D-1992-09-19,powerball,PB-S01,1992-09-19,main,exploration
PB-D-1992-09-23,powerball,PB-S01,1992-09-23,main,exploration
PB-D-1992-09-26,powerball,PB-S01,1992-09-26,main,exploration
PB-D-1992-09-30,powerball,PB-S01,1992-09-30,main,exploration
PB-D-1992-10-03,powerball,PB-S01,1992-10-03,main,exploration
PB-D-1992-10-07,powerball,PB-S01,1992-10-07,main,exploration
PB-D-1992-10-10,powerball,PB-S01,1992-10-10,main,exploration
PB-D-1992-10-14,powerball,PB-S01,1992-10-14,main,exploration
PB-D-1992-10-17,powerball,PB-S01,1992-10-17,main,exploration
PB-D-1992-10-21,powerball,PB-S01,1992-10-21,main,exploration
PB-D-1992-10-24,powerball,PB-S01,1992-10-24,main,exploration
PB-D-1992-10-28,powerball,PB-S01,1992-10-28,main,exploration
PB-D-1992-10-31,powerball,PB-S01,1992-10-31,main,exploration
PB-D-1992-11-04,powerball,PB-S01,1992-11-04,main,exploration
PB-D-1992-11-07,powerball,PB-S01,1992-11-07,main,exploration
PB-D-1992-11-11,powerball,PB-S01,1992-11-11,main,exploration
PB-D-1992-11-14,powerball,PB-S01,1992-11-14,main,exploration
PB-D-1992-11-18,powerball,PB-S01,1992-11-18,main,exploration
PB-D-1992-11-21,powerball,PB-S01,1992-11-21,main,exploration
PB-D-1992-11-25,powerball,PB-S01,1992-11-25,main,exploration
PB-D-1992-11-28,powerball,PB-S01,1992-11-28,main,exploration
PB-D-1992-12-02,powerball,PB-S01,1992-12-02,main,exploration
PB-D-1992-12-05,powerball,PB-S01,1992-12-05,main,exploration
PB-D-1992-12-09,powerball,PB-S01,1992-12-09,main,exploration
PB-D-1992-12-12,powerball,PB-S01,1992-12-12,main,exploration
PB-D-1992-12-16,powerball,PB-S01,1992-12-16,main,exploration
PB-D-1992-12-19,powerball,PB-S01,1992-12-19,main,exploration
PB-D-1992-12-23,powerball,PB-S01,1992-12-23,main,exploration
PB-D-1992-12-26,powerball,PB-S01,1992-12-26,main,exploration
PB-D-1992-12-30,powerball,PB-S01,1992-12-30,main,exploration
PB-D-1993-01-02,powerball,PB-S01,1993-01-02,main,exploration
PB-D-1993-01-06,powerball,PB-S01,1993-01-06,main,exploration
PB-D-1993-01-09,powerball,PB-S01,1993-01-09,main,exploration
PB-D-1993-01-13,powerball,PB-S01,1993-01-13,main,exploration
PB-D-1993-01-16,powerball,PB-S01,1993-01-16,main,exploration
PB-D-1993-01-20,powerball,PB-S01,1993-01-20,main,exploration
PB-D-1993-01-23,powerball,PB-S01,1993-01-23,main,exploration
PB-D-1993-01-27,powerball,PB-S01,1993-01-27,main,exploration
PB-D-1993-01-30,powerball,PB-S01,1993-01-30,main,exploration
PB-D-1993-02-03,powerball,PB-S01,1993-02-03,main,exploration
PB-D-1993-02-06,powerball,PB-S01,1993-02-06,main,exploration
PB-D-1993-02-10,powerball,PB-S01,1993-02-10,main,exploration
PB-D-1993-02-13,powerball,PB-S01,1993-02-13,main,exploration
PB-D-1993-02-17,powerball,PB-S01,1993-02-17,main,exploration
PB-D-1993-02-20,powerball,PB-S01,1993-02-20,main,exploration
PB-D-1993-02-24,powerball,PB-S01,1993-02-24,main,exploration
PB-D-1993-02-27,powerball,PB-S01,1993-02-27,main,exploration
PB-D-1993-03-03,powerball,PB-S01,1993-03-03,main,exploration
PB-D-1993-03-06,powerball,PB-S01,1993-03-06,main,exploration
PB-D-1993-03-10,powerball,PB-S01,1993-03-10,main,exploration
PB-D-1993-03-13,powerball,PB-S01,1993-03-13,main,exploration
PB-D-1993-03-17,powerball,PB-S01,1993-03-17,main,exploration
PB-D-1993-03-20,powerball,PB-S01,1993-03-20,main,exploration
PB-D-1993-03-24,powerball,PB-S01,1993-03-24,main,exploration
PB-D-1993-03-27,powerball,PB-S01,1993-03-27,main,exploration
PB-D-1993-03-31,powerball,PB-S01,1993-03-31,main,exploration
PB-D-1993-04-03,powerball,PB-S01,1993-04-03,main,exploration
PB-D-1993-04-07,powerball,PB-S01,1993-04-07,main,exploration
PB-D-1993-04-10,powerball,PB-S01,1993-04-10,main,exploration
PB-D-1993-04-14,powerball,PB-S01,1993-04-14,main,exploration
PB-D-1993-04-17,powerball,PB-S01,1993-04-17,main,exploration
PB-D-1993-04-21,powerball,PB-S01,1993-04-21,main,exploration
PB-D-1993-04-24,powerball,PB-S01,1993-04-24,main,exploration
PB-D-1993-04-28,powerball,PB-S01,1993-04-28,main,exploration
PB-D-1993-05-01,powerball,PB-S01,1993-05-01,main,exploration
PB-D-1993-05-05,powerball,PB-S01,1993-05-05,main,exploration
PB-D-1993-05-08,powerball,PB-S01,1993-05-08,main,exploration
PB-D-1993-05-12,powerball,PB-S01,1993-05-12,main,exploration
PB-D-1993-05-15,powerball,PB-S01,1993-05-15,main,exploration
PB-D-1993-05-19,powerball,PB-S01,1993-05-19,main,exploration
PB-D-1993-05-22,powerball,PB-S01,1993-05-22,main,exploration
PB-D-1993-05-26,powerball,PB-S01,1993-05-26,main,exploration
PB-D-1993-05-29,powerball,PB-S01,1993-05-29,main,exploration
PB-D-1993-06-02,powerball,PB-S01,1993-06-02,main,exploration
PB-D-1993-06-05,powerball,PB-S01,1993-06-05,main,exploration
PB-D-1993-06-09,powerball,PB-S01,1993-06-09,main,exploration
PB-D-1993-06-12,powerball,PB-S01,1993-06-12,main,exploration
PB-D-1993-06-16,powerball,PB-S01,1993-06-16,main,exploration
PB-D-1993-06-19,powerball,PB-S01,1993-06-19,main,exploration
PB-D-1993-06-23,powerball,PB-S01,1993-06-23,main,exploration
PB-D-1993-06-26,powerball,PB-S01,1993-06-26,main,exploration
PB-D-1993-06-30,powerball,PB-S01,1993-06-30,main,exploration
PB-D-1993-07-03,powerball,PB-S01,1993-07-03,main,exploration
PB-D-1993-07-07,powerball,PB-S01,1993-07-07,main,exploration
PB-D-1993-07-10,powerball,PB-S01,1993-07-10,main,exploration
PB-D-1993-07-14,powerball,PB-S01,1993-07-14,main,exploration
PB-D-1993-07-17,powerball,PB-S01,1993-07-17,main,exploration
PB-D-1993-07-21,powerball,PB-S01,1993-07-21,main,exploration
PB-D-1993-07-24,powerball,PB-S01,1993-07-24,main,exploration
PB-D-1993-07-28,powerball,PB-S01,1993-07-28,main,exploration
PB-D-1993-07-31,powerball,PB-S01,1993-07-31,main,exploration
PB-D-1993-08-04,powerball,PB-S01,1993-08-04,main,exploration
PB-D-1993-08-07,powerball,PB-S01,1993-08-07,main,exploration
PB-D-1993-08-11,powerball,PB-S01,1993-08-11,main,exploration
PB-D-1993-08-14,powerball,PB-S01,1993-08-14,main,exploration
PB-D-1993-08-18,powerball,PB-S01,1993-08-18,main,exploration
PB-D-1993-08-21,powerball,PB-S01,1993-08-21,main,exploration
PB-D-1993-08-25,powerball,PB-S01,1993-08-25,main,exploration
PB-D-1993-08-28,powerball,PB-S01,1993-08-28,main,exploration
PB-D-1993-09-01,powerball,PB-S01,1993-09-01,main,exploration
PB-D-1993-09-04,powerball,PB-S01,1993-09-04,main,exploration
PB-D-1993-09-08,powerball,PB-S01,1993-09-08,main,exploration
PB-D-1993-09-11,powerball,PB-S01,1993-09-11,main,exploration
PB-D-1993-09-15,powerball,PB-S01,1993-09-15,main,exploration
PB-D-1993-09-18,powerball,PB-S01,1993-09-18,main,exploration
PB-D-1993-09-22,powerball,PB-S01,1993-09-22,main,exploration
PB-D-1993-09-25,powerball,PB-S01,1993-09-25,main,exploration
PB-D-1993-09-29,powerball,PB-S01,1993-09-29,main,exploration
PB-D-1993-10-02,powerball,PB-S01,1993-10-02,main,exploration
PB-D-1993-10-06,powerball,PB-S01,1993-10-06,main,exploration
PB-D-1993-10-09,powerball,PB-S01,1993-10-09,main,exploration
PB-D-1993-10-13,powerball,PB-S01,1993-10-13,main,exploration
PB-D-1993-10-16,powerball,PB-S01,1993-10-16,main,exploration
PB-D-1993-10-20,powerball,PB-S01,1993-10-20,main,exploration
PB-D-1993-10-23,powerball,PB-S01,1993-10-23,main,exploration
PB-D-1993-10-27,powerball,PB-S01,1993-10-27,main,exploration
PB-D-1993-10-30,powerball,PB-S01,1993-10-30,main,exploration
PB-D-1993-11-03,powerball,PB-S01,1993-11-03,main,exploration
PB-D-1993-11-06,powerball,PB-S01,1993-11-06,main,exploration
PB-D-1993-11-10,powerball,PB-S01,1993-11-10,main,exploration
PB-D-1993-11-13,powerball,PB-S01,1993-11-13,main,exploration
PB-D-1993-11-17,powerball,PB-S01,1993-11-17,main,exploration
PB-D-1993-11-20,powerball,PB-S01,1993-11-20,main,exploration
PB-D-1993-11-24,powerball,PB-S01,1993-11-24,main,exploration
PB-D-1993-11-27,powerball,PB-S01,1993-11-27,main,exploration
PB-D-1993-12-01,powerball,PB-S01,1993-12-01,main,exploration
PB-D-1993-12-04,powerball,PB-S01,1993-12-04,main,exploration
PB-D-1993-12-08,powerball,PB-S01,1993-12-08,main,exploration
PB-D-1993-12-11,powerball,PB-S01,1993-12-11,main,exploration
PB-D-1993-12-15,powerball,PB-S01,1993-12-15,main,exploration
PB-D-1993-12-18,powerball,PB-S01,1993-12-18,main,exploration
PB-D-1993-12-22,powerball,PB-S01,1993-12-22,main,exploration
PB-D-1993-12-25,powerball,PB-S01,1993-12-25,main,exploration
PB-D-1993-12-29,powerball,PB-S01,1993-12-29,main,exploration
PB-D-1994-01-01,powerball,PB-S01,1994-01-01,main,exploration
PB-D-1994-01-05,powerball,PB-S01,1994-01-05,main,exploration
PB-D-1994-01-08,powerball,PB-S01,1994-01-08,main,exploration
PB-D-1994-01-12,powerball,PB-S01,1994-01-12,main,exploration
PB-D-1994-01-15,powerball,PB-S01,1994-01-15,main,exploration
PB-D-1994-01-19,powerball,PB-S01,1994-01-19,main,exploration
PB-D-1994-01-22,powerball,PB-S01,1994-01-22,main,exploration
PB-D-1994-01-26,powerball,PB-S01,1994-01-26,main,exploration
PB-D-1994-01-29,powerball,PB-S01,1994-01-29,main,exploration
PB-D-1994-02-02,powerball,PB-S01,1994-02-02,main,exploration
PB-D-1994-02-05,powerball,PB-S01,1994-02-05,main,exploration
PB-D-1994-02-09,powerball,PB-S01,1994-02-09,main,exploration
PB-D-1994-02-12,powerball,PB-S01,1994-02-12,main,exploration
PB-D-1994-02-16,powerball,PB-S01,1994-02-16,main,exploration
PB-D-1994-02-19,powerball,PB-S01,1994-02-19,main,exploration
PB-D-1994-02-23,powerball,PB-S01,1994-02-23,main,exploration
PB-D-1994-02-26,powerball,PB-S01,1994-02-26,main,exploration
PB-D-1994-03-02,powerball,PB-S01,1994-03-02,main,exploration
PB-D-1994-03-05,powerball,PB-S01,1994-03-05,main,exploration
PB-D-1994-03-09,powerball,PB-S01,1994-03-09,main,exploration
PB-D-1994-03-12,powerball,PB-S01,1994-03-12,main,exploration
PB-D-1994-03-16,powerball,PB-S01,1994-03-16,main,exploration
PB-D-1994-03-19,powerball,PB-S01,1994-03-19,main,exploration
PB-D-1994-03-23,powerball,PB-S01,1994-03-23,main,exploration
PB-D-1994-03-26,powerball,PB-S01,1994-03-26,main,exploration
PB-D-1994-03-30,powerball,PB-S01,1994-03-30,main,exploration
PB-D-1994-04-02,powerball,PB-S01,1994-04-02,main,exploration
PB-D-1994-04-06,powerball,PB-S01,1994-04-06,main,exploration
PB-D-1994-04-09,powerball,PB-S01,1994-04-09,main,exploration
PB-D-1994-04-13,powerball,PB-S01,1994-04-13,main,exploration
PB-D-1994-04-16,powerball,PB-S01,1994-04-16,main,exploration
PB-D-1994-04-20,powerball,PB-S01,1994-04-20,main,exploration
PB-D-1994-04-23,powerball,PB-S01,1994-04-23,main,exploration
PB-D-1994-04-27,powerball,PB-S01,1994-04-27,main,exploration
PB-D-1994-04-30,powerball,PB-S01,1994-04-30,main,exploration
PB-D-1994-05-04,powerball,PB-S01,1994-05-04,main,exploration
PB-D-1994-05-07,powerball,PB-S01,1994-05-07,main,exploration
PB-D-1994-05-11,powerball,PB-S01,1994-05-11,main,exploration
PB-D-1994-05-14,powerball,PB-S01,1994-05-14,main,exploration
PB-D-1994-05-18,powerball,PB-S01,1994-05-18,main,exploration
PB-D-1994-05-21,powerball,PB-S01,1994-05-21,main,exploration
PB-D-1994-05-25,powerball,PB-S01,1994-05-25,main,exploration
PB-D-1994-05-28,powerball,PB-S01,1994-05-28,main,exploration
PB-D-1994-06-01,powerball,PB-S01,1994-06-01,main,exploration
PB-D-1994-06-04,powerball,PB-S01,1994-06-04,main,exploration
PB-D-1994-06-08,powerball,PB-S01,1994-06-08,main,exploration
PB-D-1994-06-11,powerball,PB-S01,1994-06-11,main,exploration
PB-D-1994-06-15,powerball,PB-S01,1994-06-15,main,exploration
PB-D-1994-06-18,powerball,PB-S01,1994-06-18,main,exploration
PB-D-1994-06-22,powerball,PB-S01,1994-06-22,main,exploration
PB-D-1994-06-25,powerball,PB-S01,1994-06-25,main,exploration
PB-D-1994-06-29,powerball,PB-S01,1994-06-29,main,exploration
PB-D-1994-07-02,powerball,PB-S01,1994-07-02,main,exploration
PB-D-1994-07-06,powerball,PB-S01,1994-07-06,main,exploration
PB-D-1994-07-09,powerball,PB-S01,1994-07-09,main,exploration
PB-D-1994-07-13,powerball,PB-S01,1994-07-13,main,exploration
PB-D-1994-07-16,powerball,PB-S01,1994-07-16,main,exploration
PB-D-1994-07-20,powerball,PB-S01,1994-07-20,main,exploration
PB-D-1994-07-23,powerball,PB-S01,1994-07-23,main,exploration
PB-D-1994-07-27,powerball,PB-S01,1994-07-27,main,exploration
PB-D-1994-07-30,powerball,PB-S01,1994-07-30,main,exploration
PB-D-1994-08-03,powerball,PB-S01,1994-08-03,main,exploration
PB-D-1994-08-06,powerball,PB-S01,1994-08-06,main,exploration
PB-D-1994-08-10,powerball,PB-S01,1994-08-10,main,exploration
PB-D-1994-08-13,powerball,PB-S01,1994-08-13,main,exploration
PB-D-1994-08-17,powerball,PB-S01,1994-08-17,main,exploration
PB-D-1994-08-20,powerball,PB-S01,1994-08-20,main,exploration
PB-D-1994-08-24,powerball,PB-S01,1994-08-24,main,exploration
PB-D-1994-08-27,powerball,PB-S01,1994-08-27,main,exploration
PB-D-1994-08-31,powerball,PB-S01,1994-08-31,main,exploration
PB-D-1994-09-03,powerball,PB-S01,1994-09-03,main,exploration
PB-D-1994-09-07,powerball,PB-S01,1994-09-07,main,exploration
PB-D-1994-09-10,powerball,PB-S01,1994-09-10,main,exploration
PB-D-1994-09-14,powerball,PB-S01,1994-09-14,main,exploration
PB-D-1994-09-17,powerball,PB-S01,1994-09-17,main,exploration
PB-D-1994-09-21,powerball,PB-S01,1994-09-21,main,exploration
PB-D-1994-09-24,powerball,PB-S01,1994-09-24,main,exploration
PB-D-1994-09-28,powerball,PB-S01,1994-09-28,main,exploration
PB-D-1994-10-01,powerball,PB-S01,1994-10-01,main,exploration
PB-D-1994-10-05,powerball,PB-S01,1994-10-05,main,exploration
PB-D-1994-10-08,powerball,PB-S01,1994-10-08,main,exploration
PB-D-1994-10-12,powerball,PB-S01,1994-10-12,main,exploration
PB-D-1994-10-15,powerball,PB-S01,1994-10-15,main,exploration
PB-D-1994-10-19,powerball,PB-S01,1994-10-19,main,exploration
PB-D-1994-10-22,powerball,PB-S01,1994-10-22,main,exploration
PB-D-1994-10-26,powerball,PB-S01,1994-10-26,main,exploration
PB-D-1994-10-29,powerball,PB-S01,1994-10-29,main,exploration
PB-D-1994-11-02,powerball,PB-S01,1994-11-02,main,exploration
PB-D-1994-11-05,powerball,PB-S01,1994-11-05,main,exploration
PB-D-1994-11-09,powerball,PB-S01,1994-11-09,main,exploration
PB-D-1994-11-12,powerball,PB-S01,1994-11-12,main,exploration
PB-D-1994-11-16,powerball,PB-S01,1994-11-16,main,exploration
PB-D-1994-11-19,powerball,PB-S01,1994-11-19,main,exploration
PB-D-1994-11-23,powerball,PB-S01,1994-11-23,main,exploration
PB-D-1994-11-26,powerball,PB-S01,1994-11-26,main,exploration
PB-D-1994-11-30,powerball,PB-S01,1994-11-30,main,exploration
PB-D-1994-12-03,powerball,PB-S01,1994-12-03,main,exploration
PB-D-1994-12-07,powerball,PB-S01,1994-12-07,main,exploration
PB-D-1994-12-10,powerball,PB-S01,1994-12-10,main,exploration
PB-D-1994-12-14,powerball,PB-S01,1994-12-14,main,exploration
PB-D-1994-12-17,powerball,PB-S01,1994-12-17,main,exploration
PB-D-1994-12-21,powerball,PB-S01,1994-12-21,main,exploration
PB-D-1994-12-24,powerball,PB-S01,1994-12-24,main,exploration
PB-D-1994-12-28,powerball,PB-S01,1994-12-28,main,exploration
PB-D-1994-12-31,powerball,PB-S01,1994-12-31,main,exploration
PB-D-1995-01-04,powerball,PB-S01,1995-01-04,main,exploration
PB-D-1995-01-07,powerball,PB-S01,1995-01-07,main,exploration
PB-D-1995-01-11,powerball,PB-S01,1995-01-11,main,exploration
PB-D-1995-01-14,powerball,PB-S01,1995-01-14,main,exploration
PB-D-1995-01-18,powerball,PB-S01,1995-01-18,main,exploration
PB-D-1995-01-21,powerball,PB-S01,1995-01-21,main,exploration
PB-D-1995-01-25,powerball,PB-S01,1995-01-25,main,exploration
PB-D-1995-01-28,powerball,PB-S01,1995-01-28,main,exploration
PB-D-1995-02-01,powerball,PB-S01,1995-02-01,main,exploration
PB-D-1995-02-04,powerball,PB-S01,1995-02-04,main,exploration
PB-D-1995-02-08,powerball,PB-S01,1995-02-08,main,exploration
PB-D-1995-02-11,powerball,PB-S01,1995-02-11,main,exploration
PB-D-1995-02-15,powerball,PB-S01,1995-02-15,main,exploration
PB-D-1995-02-18,powerball,PB-S01,1995-02-18,main,exploration
PB-D-1995-02-22,powerball,PB-S01,1995-02-22,main,exploration
PB-D-1995-02-25,powerball,PB-S01,1995-02-25,main,exploration
PB-D-1995-03-01,powerball,PB-S01,1995-03-01,main,exploration
PB-D-1995-03-04,powerball,PB-S01,1995-03-04,main,exploration
PB-D-1995-03-08,powerball,PB-S01,1995-03-08,main,exploration
PB-D-1995-03-11,powerball,PB-S01,1995-03-11,main,exploration
PB-D-1995-03-15,powerball,PB-S01,1995-03-15,main,exploration
PB-D-1995-03-18,powerball,PB-S01,1995-03-18,main,exploration
PB-D-1995-03-22,powerball,PB-S01,1995-03-22,main,exploration
PB-D-1995-03-25,powerball,PB-S01,1995-03-25,main,exploration
PB-D-1995-03-29,powerball,PB-S01,1995-03-29,main,exploration
PB-D-1995-04-01,powerball,PB-S01,1995-04-01,main,exploration
PB-D-1995-04-05,powerball,PB-S01,1995-04-05,main,exploration
PB-D-1995-04-08,powerball,PB-S01,1995-04-08,main,exploration
PB-D-1995-04-12,powerball,PB-S01,1995-04-12,main,exploration
PB-D-1995-04-15,powerball,PB-S01,1995-04-15,main,exploration
PB-D-1995-04-19,powerball,PB-S01,1995-04-19,main,exploration
PB-D-1995-04-22,powerball,PB-S01,1995-04-22,main,exploration
PB-D-1995-04-26,powerball,PB-S01,1995-04-26,main,exploration
PB-D-1995-04-29,powerball,PB-S01,1995-04-29,main,exploration
PB-D-1995-05-03,powerball,PB-S01,1995-05-03,main,exploration
PB-D-1995-05-06,powerball,PB-S01,1995-05-06,main,exploration
PB-D-1995-05-10,powerball,PB-S01,1995-05-10,main,exploration
PB-D-1995-05-13,powerball,PB-S01,1995-05-13,main,exploration
PB-D-1995-05-17,powerball,PB-S01,1995-05-17,main,exploration
PB-D-1995-05-20,powerball,PB-S01,1995-05-20,main,exploration
PB-D-1995-05-24,powerball,PB-S01,1995-05-24,main,exploration
PB-D-1995-05-27,powerball,PB-S01,1995-05-27,main,exploration
PB-D-1995-05-31,powerball,PB-S01,1995-05-31,main,exploration
PB-D-1995-06-03,powerball,PB-S01,1995-06-03,main,exploration
PB-D-1995-06-07,powerball,PB-S01,1995-06-07,main,exploration
PB-D-1995-06-10,powerball,PB-S01,1995-06-10,main,exploration
PB-D-1995-06-14,powerball,PB-S01,1995-06-14,main,exploration
PB-D-1995-06-17,powerball,PB-S01,1995-06-17,main,exploration
PB-D-1995-06-21,powerball,PB-S01,1995-06-21,main,exploration
PB-D-1995-06-24,powerball,PB-S01,1995-06-24,main,exploration
PB-D-1995-06-28,powerball,PB-S01,1995-06-28,main,exploration
PB-D-1995-07-01,powerball,PB-S01,1995-07-01,main,exploration
PB-D-1995-07-05,powerball,PB-S01,1995-07-05,main,exploration
PB-D-1995-07-08,powerball,PB-S01,1995-07-08,main,exploration
PB-D-1995-07-12,powerball,PB-S01,1995-07-12,main,exploration
PB-D-1995-07-15,powerball,PB-S01,1995-07-15,main,exploration
PB-D-1995-07-19,powerball,PB-S01,1995-07-19,main,exploration
PB-D-1995-07-22,powerball,PB-S01,1995-07-22,main,exploration
PB-D-1995-07-26,powerball,PB-S01,1995-07-26,main,exploration
PB-D-1995-07-29,powerball,PB-S01,1995-07-29,main,exploration
PB-D-1995-08-02,powerball,PB-S01,1995-08-02,main,exploration
PB-D-1995-08-05,powerball,PB-S01,1995-08-05,main,exploration
PB-D-1995-08-09,powerball,PB-S01,1995-08-09,main,exploration
PB-D-1995-08-12,powerball,PB-S01,1995-08-12,main,exploration
PB-D-1995-08-16,powerball,PB-S01,1995-08-16,main,exploration
PB-D-1995-08-19,powerball,PB-S01,1995-08-19,main,exploration
PB-D-1995-08-23,powerball,PB-S01,1995-08-23,main,exploration
PB-D-1995-08-26,powerball,PB-S01,1995-08-26,main,exploration
PB-D-1995-08-30,powerball,PB-S01,1995-08-30,main,exploration
PB-D-1995-09-02,powerball,PB-S01,1995-09-02,main,exploration
PB-D-1995-09-06,powerball,PB-S01,1995-09-06,main,exploration
PB-D-1995-09-09,powerball,PB-S01,1995-09-09,main,exploration
PB-D-1995-09-13,powerball,PB-S01,1995-09-13,main,exploration
PB-D-1995-09-16,powerball,PB-S01,1995-09-16,main,exploration
PB-D-1995-09-20,powerball,PB-S01,1995-09-20,main,exploration
PB-D-1995-09-23,powerball,PB-S01,1995-09-23,main,exploration
PB-D-1995-09-27,powerball,PB-S01,1995-09-27,main,exploration
PB-D-1995-09-30,powerball,PB-S01,1995-09-30,main,exploration
PB-D-1995-10-04,powerball,PB-S01,1995-10-04,main,exploration
PB-D-1995-10-07,powerball,PB-S01,1995-10-07,main,exploration
PB-D-1995-10-11,powerball,PB-S01,1995-10-11,main,exploration
PB-D-1995-10-14,powerball,PB-S01,1995-10-14,main,exploration
PB-D-1995-10-18,powerball,PB-S01,1995-10-18,main,exploration
PB-D-1995-10-21,powerball,PB-S01,1995-10-21,main,exploration
PB-D-1995-10-25,powerball,PB-S01,1995-10-25,main,exploration
PB-D-1995-10-28,powerball,PB-S01,1995-10-28,main,exploration
PB-D-1995-11-01,powerball,PB-S01,1995-11-01,main,exploration
PB-D-1995-11-04,powerball,PB-S01,1995-11-04,main,exploration
PB-D-1995-11-08,powerball,PB-S01,1995-11-08,main,exploration
PB-D-1995-11-11,powerball,PB-S01,1995-11-11,main,exploration
PB-D-1995-11-15,powerball,PB-S01,1995-11-15,main,exploration
PB-D-1995-11-18,powerball,PB-S01,1995-11-18,main,exploration
PB-D-1995-11-22,powerball,PB-S01,1995-11-22,main,exploration
PB-D-1995-11-25,powerball,PB-S01,1995-11-25,main,exploration
PB-D-1995-11-29,powerball,PB-S01,1995-11-29,main,exploration
PB-D-1995-12-02,powerball,PB-S01,1995-12-02,main,exploration
PB-D-1995-12-06,powerball,PB-S01,1995-12-06,main,exploration
PB-D-1995-12-09,powerball,PB-S01,1995-12-09,main,exploration
PB-D-1995-12-13,powerball,PB-S01,1995-12-13,main,exploration
PB-D-1995-12-16,powerball,PB-S01,1995-12-16,main,exploration
PB-D-1995-12-20,powerball,PB-S01,1995-12-20,main,exploration
PB-D-1995-12-23,powerball,PB-S01,1995-12-23,main,exploration
PB-D-1995-12-27,powerball,PB-S01,1995-12-27,main,exploration
PB-D-1995-12-30,powerball,PB-S01,1995-12-30,main,exploration
PB-D-1996-01-03,powerball,PB-S01,1996-01-03,main,exploration
PB-D-1996-01-06,powerball,PB-S01,1996-01-06,main,exploration
PB-D-1996-01-10,powerball,PB-S01,1996-01-10,main,exploration
PB-D-1996-01-13,powerball,PB-S01,1996-01-13,main,exploration
PB-D-1996-01-17,powerball,PB-S01,1996-01-17,main,exploration
PB-D-1996-01-20,powerball,PB-S01,1996-01-20,main,exploration
PB-D-1996-01-24,powerball,PB-S01,1996-01-24,main,exploration
PB-D-1996-01-27,powerball,PB-S01,1996-01-27,main,exploration
PB-D-1996-01-31,powerball,PB-S01,1996-01-31,main,exploration
PB-D-1996-02-03,powerball,PB-S01,1996-02-03,main,exploration
PB-D-1996-02-07,powerball,PB-S01,1996-02-07,main,exploration
PB-D-1996-02-10,powerball,PB-S01,1996-02-10,main,exploration
PB-D-1996-02-14,powerball,PB-S01,1996-02-14,main,exploration
PB-D-1996-02-17,powerball,PB-S01,1996-02-17,main,exploration
PB-D-1996-02-21,powerball,PB-S01,1996-02-21,main,exploration
PB-D-1996-02-24,powerball,PB-S01,1996-02-24,main,exploration
PB-D-1996-02-28,powerball,PB-S01,1996-02-28,main,exploration
PB-D-1996-03-02,powerball,PB-S01,1996-03-02,main,exploration
PB-D-1996-03-06,powerball,PB-S01,1996-03-06,main,exploration
PB-D-1996-03-09,powerball,PB-S01,1996-03-09,main,exploration
PB-D-1996-03-13,powerball,PB-S01,1996-03-13,main,exploration
PB-D-1996-03-16,powerball,PB-S01,1996-03-16,main,exploration
PB-D-1996-03-20,powerball,PB-S01,1996-03-20,main,exploration
PB-D-1996-03-23,powerball,PB-S01,1996-03-23,main,exploration
PB-D-1996-03-27,powerball,PB-S01,1996-03-27,main,exploration
PB-D-1996-03-30,powerball,PB-S01,1996-03-30,main,exploration
PB-D-1996-04-03,powerball,PB-S01,1996-04-03,main,exploration
PB-D-1996-04-06,powerball,PB-S01,1996-04-06,main,exploration
PB-D-1996-04-10,powerball,PB-S01,1996-04-10,main,exploration
PB-D-1996-04-13,powerball,PB-S01,1996-04-13,main,exploration
PB-D-1996-04-17,powerball,PB-S01,1996-04-17,main,exploration
PB-D-1996-04-20,powerball,PB-S01,1996-04-20,main,exploration
PB-D-1996-04-24,powerball,PB-S01,1996-04-24,main,exploration
PB-D-1996-04-27,powerball,PB-S01,1996-04-27,main,exploration
PB-D-1996-05-01,powerball,PB-S01,1996-05-01,main,exploration
PB-D-1996-05-04,powerball,PB-S01,1996-05-04,main,exploration
PB-D-1996-05-08,powerball,PB-S01,1996-05-08,main,exploration
PB-D-1996-05-11,powerball,PB-S01,1996-05-11,main,exploration
PB-D-1996-05-15,powerball,PB-S01,1996-05-15,main,exploration
PB-D-1996-05-18,powerball,PB-S01,1996-05-18,main,exploration
PB-D-1996-05-22,powerball,PB-S01,1996-05-22,main,exploration
PB-D-1996-05-25,powerball,PB-S01,1996-05-25,main,exploration
PB-D-1996-05-29,powerball,PB-S01,1996-05-29,main,exploration
PB-D-1996-06-01,powerball,PB-S01,1996-06-01,main,exploration
PB-D-1996-06-05,powerball,PB-S01,1996-06-05,main,exploration
PB-D-1996-06-08,powerball,PB-S01,1996-06-08,main,exploration
PB-D-1996-06-12,powerball,PB-S01,1996-06-12,main,exploration
PB-D-1996-06-15,powerball,PB-S01,1996-06-15,main,exploration
PB-D-1996-06-19,powerball,PB-S01,1996-06-19,main,exploration
PB-D-1996-06-22,powerball,PB-S01,1996-06-22,main,exploration
PB-D-1996-06-26,powerball,PB-S01,1996-06-26,main,exploration
PB-D-1996-06-29,powerball,PB-S01,1996-06-29,main,exploration
PB-D-1996-07-03,powerball,PB-S01,1996-07-03,main,exploration
PB-D-1996-07-06,powerball,PB-S01,1996-07-06,main,exploration
PB-D-1996-07-10,powerball,PB-S01,1996-07-10,main,exploration
PB-D-1996-07-13,powerball,PB-S01,1996-07-13,main,exploration
PB-D-1996-07-17,powerball,PB-S01,1996-07-17,main,exploration
PB-D-1996-07-20,powerball,PB-S01,1996-07-20,main,exploration
PB-D-1996-07-24,powerball,PB-S01,1996-07-24,main,exploration
PB-D-1996-07-27,powerball,PB-S01,1996-07-27,main,exploration
PB-D-1996-07-31,powerball,PB-S01,1996-07-31,main,exploration
PB-D-1996-08-03,powerball,PB-S01,1996-08-03,main,exploration
PB-D-1996-08-07,powerball,PB-S01,1996-08-07,main,exploration
PB-D-1996-08-10,powerball,PB-S01,1996-08-10,main,exploration
PB-D-1996-08-14,powerball,PB-S01,1996-08-14,main,exploration
PB-D-1996-08-17,powerball,PB-S01,1996-08-17,main,exploration
PB-D-1996-08-21,powerball,PB-S01,1996-08-21,main,exploration
PB-D-1996-08-24,powerball,PB-S01,1996-08-24,main,exploration
PB-D-1996-08-28,powerball,PB-S01,1996-08-28,main,exploration
PB-D-1996-08-31,powerball,PB-S01,1996-08-31,main,exploration
PB-D-1996-09-04,powerball,PB-S01,1996-09-04,main,exploration
PB-D-1996-09-07,powerball,PB-S01,1996-09-07,main,exploration
PB-D-1996-09-11,powerball,PB-S01,1996-09-11,main,exploration
PB-D-1996-09-14,powerball,PB-S01,1996-09-14,main,exploration
PB-D-1996-09-18,powerball,PB-S01,1996-09-18,main,exploration
PB-D-1996-09-21,powerball,PB-S01,1996-09-21,main,exploration
PB-D-1997-11-05,powerball,PB-S02,1997-11-05,main,exploration
PB-D-1997-11-08,powerball,PB-S02,1997-11-08,main,exploration
PB-D-1997-11-12,powerball,PB-S02,1997-11-12,main,exploration
PB-D-1997-11-15,powerball,PB-S02,1997-11-15,main,exploration
PB-D-1997-11-19,powerball,PB-S02,1997-11-19,main,exploration
PB-D-1997-11-22,powerball,PB-S02,1997-11-22,main,exploration
PB-D-1997-11-26,powerball,PB-S02,1997-11-26,main,exploration
PB-D-1997-11-29,powerball,PB-S02,1997-11-29,main,exploration
PB-D-1997-12-03,powerball,PB-S02,1997-12-03,main,exploration
PB-D-1997-12-06,powerball,PB-S02,1997-12-06,main,exploration
PB-D-1997-12-10,powerball,PB-S02,1997-12-10,main,exploration
PB-D-1997-12-13,powerball,PB-S02,1997-12-13,main,exploration
PB-D-1997-12-17,powerball,PB-S02,1997-12-17,main,exploration
PB-D-1997-12-20,powerball,PB-S02,1997-12-20,main,exploration
PB-D-1997-12-24,powerball,PB-S02,1997-12-24,main,exploration
PB-D-1997-12-27,powerball,PB-S02,1997-12-27,main,exploration
PB-D-1997-12-31,powerball,PB-S02,1997-12-31,main,exploration
PB-D-1998-01-03,powerball,PB-S02,1998-01-03,main,exploration
PB-D-1998-01-07,powerball,PB-S02,1998-01-07,main,exploration
PB-D-1998-01-10,powerball,PB-S02,1998-01-10,main,exploration
PB-D-1998-01-14,powerball,PB-S02,1998-01-14,main,exploration
PB-D-1998-01-17,powerball,PB-S02,1998-01-17,main,exploration
PB-D-1998-01-21,powerball,PB-S02,1998-01-21,main,exploration
PB-D-1998-01-24,powerball,PB-S02,1998-01-24,main,exploration
PB-D-1998-01-28,powerball,PB-S02,1998-01-28,main,exploration
PB-D-1998-01-31,powerball,PB-S02,1998-01-31,main,exploration
PB-D-1998-02-04,powerball,PB-S02,1998-02-04,main,exploration
PB-D-1998-02-07,powerball,PB-S02,1998-02-07,main,exploration
PB-D-1998-02-11,powerball,PB-S02,1998-02-11,main,exploration
PB-D-1998-02-14,powerball,PB-S02,1998-02-14,main,exploration
PB-D-1998-02-18,powerball,PB-S02,1998-02-18,main,exploration
PB-D-1998-02-21,powerball,PB-S02,1998-02-21,main,exploration
PB-D-1998-02-25,powerball,PB-S02,1998-02-25,main,exploration
PB-D-1998-02-28,powerball,PB-S02,1998-02-28,main,exploration
PB-D-1998-03-04,powerball,PB-S02,1998-03-04,main,exploration
PB-D-1998-03-07,powerball,PB-S02,1998-03-07,main,exploration
PB-D-1998-03-11,powerball,PB-S02,1998-03-11,main,exploration
PB-D-1998-03-14,powerball,PB-S02,1998-03-14,main,exploration
PB-D-1998-03-18,powerball,PB-S02,1998-03-18,main,exploration
PB-D-1998-03-21,powerball,PB-S02,1998-03-21,main,exploration
PB-D-1998-03-25,powerball,PB-S02,1998-03-25,main,exploration
PB-D-1998-03-28,powerball,PB-S02,1998-03-28,main,exploration
PB-D-1998-04-01,powerball,PB-S02,1998-04-01,main,exploration
PB-D-1998-04-04,powerball,PB-S02,1998-04-04,main,exploration
PB-D-1998-04-08,powerball,PB-S02,1998-04-08,main,exploration
PB-D-1998-04-11,powerball,PB-S02,1998-04-11,main,exploration
PB-D-1998-04-15,powerball,PB-S02,1998-04-15,main,exploration
PB-D-1998-04-18,powerball,PB-S02,1998-04-18,main,exploration
PB-D-1998-04-22,powerball,PB-S02,1998-04-22,main,exploration
PB-D-1998-04-25,powerball,PB-S02,1998-04-25,main,exploration
PB-D-1998-04-29,powerball,PB-S02,1998-04-29,main,exploration
PB-D-1998-05-02,powerball,PB-S02,1998-05-02,main,exploration
PB-D-1998-05-06,powerball,PB-S02,1998-05-06,main,exploration
PB-D-1998-05-09,powerball,PB-S02,1998-05-09,main,exploration
PB-D-1998-05-13,powerball,PB-S02,1998-05-13,main,exploration
PB-D-1998-05-16,powerball,PB-S02,1998-05-16,main,exploration
PB-D-1998-05-20,powerball,PB-S02,1998-05-20,main,exploration
PB-D-1998-05-23,powerball,PB-S02,1998-05-23,main,exploration
PB-D-1998-05-27,powerball,PB-S02,1998-05-27,main,exploration
PB-D-1998-05-30,powerball,PB-S02,1998-05-30,main,exploration
PB-D-1998-06-03,powerball,PB-S02,1998-06-03,main,exploration
PB-D-1998-06-06,powerball,PB-S02,1998-06-06,main,exploration
PB-D-1998-06-10,powerball,PB-S02,1998-06-10,main,exploration
PB-D-1998-06-13,powerball,PB-S02,1998-06-13,main,exploration
PB-D-1998-06-17,powerball,PB-S02,1998-06-17,main,exploration
PB-D-1998-06-20,powerball,PB-S02,1998-06-20,main,exploration
PB-D-1998-06-24,powerball,PB-S02,1998-06-24,main,exploration
PB-D-1998-06-27,powerball,PB-S02,1998-06-27,main,exploration
PB-D-1998-07-01,powerball,PB-S02,1998-07-01,main,exploration
PB-D-1998-07-04,powerball,PB-S02,1998-07-04,main,exploration
PB-D-1998-07-08,powerball,PB-S02,1998-07-08,main,exploration
PB-D-1998-07-11,powerball,PB-S02,1998-07-11,main,exploration
PB-D-1998-07-15,powerball,PB-S02,1998-07-15,main,exploration
PB-D-1998-07-18,powerball,PB-S02,1998-07-18,main,exploration
PB-D-1998-07-22,powerball,PB-S02,1998-07-22,main,exploration
PB-D-1998-07-25,powerball,PB-S02,1998-07-25,main,exploration
PB-D-1998-07-29,powerball,PB-S02,1998-07-29,main,exploration
PB-D-1998-08-01,powerball,PB-S02,1998-08-01,main,exploration
PB-D-1998-08-05,powerball,PB-S02,1998-08-05,main,exploration
PB-D-1998-08-08,powerball,PB-S02,1998-08-08,main,exploration
PB-D-1998-08-12,powerball,PB-S02,1998-08-12,main,exploration
PB-D-1998-08-15,powerball,PB-S02,1998-08-15,main,exploration
PB-D-1998-08-19,powerball,PB-S02,1998-08-19,main,exploration
PB-D-1998-08-22,powerball,PB-S02,1998-08-22,main,exploration
PB-D-1998-08-26,powerball,PB-S02,1998-08-26,main,exploration
PB-D-1998-08-29,powerball,PB-S02,1998-08-29,main,exploration
PB-D-1998-09-02,powerball,PB-S02,1998-09-02,main,exploration
PB-D-1998-09-05,powerball,PB-S02,1998-09-05,main,exploration
PB-D-1998-09-09,powerball,PB-S02,1998-09-09,main,exploration
PB-D-1998-09-12,powerball,PB-S02,1998-09-12,main,exploration
PB-D-1998-09-16,powerball,PB-S02,1998-09-16,main,exploration
PB-D-1998-09-19,powerball,PB-S02,1998-09-19,main,exploration
PB-D-1998-09-23,powerball,PB-S02,1998-09-23,main,exploration
PB-D-1998-09-26,powerball,PB-S02,1998-09-26,main,exploration
PB-D-1998-09-30,powerball,PB-S02,1998-09-30,main,exploration
PB-D-1998-10-03,powerball,PB-S02,1998-10-03,main,exploration
PB-D-1998-10-07,powerball,PB-S02,1998-10-07,main,exploration
PB-D-1998-10-10,powerball,PB-S02,1998-10-10,main,exploration
PB-D-1998-10-14,powerball,PB-S02,1998-10-14,main,exploration
PB-D-1998-10-17,powerball,PB-S02,1998-10-17,main,exploration
PB-D-1998-10-21,powerball,PB-S02,1998-10-21,main,exploration
PB-D-1998-10-24,powerball,PB-S02,1998-10-24,main,exploration
PB-D-1998-10-28,powerball,PB-S02,1998-10-28,main,exploration
PB-D-1998-10-31,powerball,PB-S02,1998-10-31,main,exploration
PB-D-1998-11-04,powerball,PB-S02,1998-11-04,main,exploration
PB-D-1998-11-07,powerball,PB-S02,1998-11-07,main,exploration
PB-D-1998-11-11,powerball,PB-S02,1998-11-11,main,exploration
PB-D-1998-11-14,powerball,PB-S02,1998-11-14,main,exploration
PB-D-1998-11-18,powerball,PB-S02,1998-11-18,main,exploration
PB-D-1998-11-21,powerball,PB-S02,1998-11-21,main,exploration
PB-D-1998-11-25,powerball,PB-S02,1998-11-25,main,exploration
PB-D-1998-11-28,powerball,PB-S02,1998-11-28,main,exploration
PB-D-1998-12-02,powerball,PB-S02,1998-12-02,main,exploration
PB-D-1998-12-05,powerball,PB-S02,1998-12-05,main,exploration
PB-D-1998-12-09,powerball,PB-S02,1998-12-09,main,exploration
PB-D-1998-12-12,powerball,PB-S02,1998-12-12,main,exploration
PB-D-1998-12-16,powerball,PB-S02,1998-12-16,main,exploration
PB-D-1998-12-19,powerball,PB-S02,1998-12-19,main,exploration
PB-D-1998-12-23,powerball,PB-S02,1998-12-23,main,exploration
PB-D-1998-12-26,powerball,PB-S02,1998-12-26,main,exploration
PB-D-1998-12-30,powerball,PB-S02,1998-12-30,main,exploration
PB-D-1999-01-02,powerball,PB-S02,1999-01-02,main,exploration
PB-D-1999-01-06,powerball,PB-S02,1999-01-06,main,exploration
PB-D-1999-01-09,powerball,PB-S02,1999-01-09,main,exploration
PB-D-1999-01-13,powerball,PB-S02,1999-01-13,main,exploration
PB-D-1999-01-16,powerball,PB-S02,1999-01-16,main,exploration
PB-D-1999-01-20,powerball,PB-S02,1999-01-20,main,exploration
PB-D-1999-01-23,powerball,PB-S02,1999-01-23,main,exploration
PB-D-1999-01-27,powerball,PB-S02,1999-01-27,main,exploration
PB-D-1999-01-30,powerball,PB-S02,1999-01-30,main,exploration
PB-D-1999-02-03,powerball,PB-S02,1999-02-03,main,exploration
PB-D-1999-02-06,powerball,PB-S02,1999-02-06,main,exploration
PB-D-1999-02-10,powerball,PB-S02,1999-02-10,main,exploration
PB-D-1999-02-13,powerball,PB-S02,1999-02-13,main,exploration
PB-D-1999-02-17,powerball,PB-S02,1999-02-17,main,exploration
PB-D-1999-02-20,powerball,PB-S02,1999-02-20,main,exploration
PB-D-1999-02-24,powerball,PB-S02,1999-02-24,main,exploration
PB-D-1999-02-27,powerball,PB-S02,1999-02-27,main,exploration
PB-D-1999-03-03,powerball,PB-S02,1999-03-03,main,exploration
PB-D-1999-03-06,powerball,PB-S02,1999-03-06,main,exploration
PB-D-1999-03-10,powerball,PB-S02,1999-03-10,main,exploration
PB-D-1999-03-13,powerball,PB-S02,1999-03-13,main,exploration
PB-D-1999-03-17,powerball,PB-S02,1999-03-17,main,exploration
PB-D-1999-03-20,powerball,PB-S02,1999-03-20,main,exploration
PB-D-1999-03-24,powerball,PB-S02,1999-03-24,main,exploration
PB-D-1999-03-27,powerball,PB-S02,1999-03-27,main,exploration
PB-D-1999-03-31,powerball,PB-S02,1999-03-31,main,exploration
PB-D-1999-04-03,powerball,PB-S02,1999-04-03,main,exploration
PB-D-1999-04-07,powerball,PB-S02,1999-04-07,main,exploration
PB-D-1999-04-10,powerball,PB-S02,1999-04-10,main,exploration
PB-D-1999-04-14,powerball,PB-S02,1999-04-14,main,exploration
PB-D-1999-04-17,powerball,PB-S02,1999-04-17,main,exploration
PB-D-1999-04-21,powerball,PB-S02,1999-04-21,main,exploration
PB-D-1999-04-24,powerball,PB-S02,1999-04-24,main,exploration
PB-D-1999-04-28,powerball,PB-S02,1999-04-28,main,exploration
PB-D-1999-05-01,powerball,PB-S02,1999-05-01,main,exploration
PB-D-1999-05-05,powerball,PB-S02,1999-05-05,main,exploration
PB-D-1999-05-08,powerball,PB-S02,1999-05-08,main,exploration
PB-D-1999-05-12,powerball,PB-S02,1999-05-12,main,exploration
PB-D-1999-05-15,powerball,PB-S02,1999-05-15,main,exploration
PB-D-1999-05-19,powerball,PB-S02,1999-05-19,main,exploration
PB-D-1999-05-22,powerball,PB-S02,1999-05-22,main,exploration
PB-D-1999-05-26,powerball,PB-S02,1999-05-26,main,exploration
PB-D-1999-05-29,powerball,PB-S02,1999-05-29,main,exploration
PB-D-1999-06-02,powerball,PB-S02,1999-06-02,main,exploration
PB-D-1999-06-05,powerball,PB-S02,1999-06-05,main,exploration
PB-D-1999-06-09,powerball,PB-S02,1999-06-09,main,exploration
PB-D-1999-06-12,powerball,PB-S02,1999-06-12,main,exploration
PB-D-1999-06-16,powerball,PB-S02,1999-06-16,main,exploration
PB-D-1999-06-19,powerball,PB-S02,1999-06-19,main,exploration
PB-D-1999-06-23,powerball,PB-S02,1999-06-23,main,exploration
PB-D-1999-06-26,powerball,PB-S02,1999-06-26,main,exploration
PB-D-1999-06-30,powerball,PB-S02,1999-06-30,main,exploration
PB-D-1999-07-03,powerball,PB-S02,1999-07-03,main,exploration
PB-D-1999-07-07,powerball,PB-S02,1999-07-07,main,exploration
PB-D-1999-07-10,powerball,PB-S02,1999-07-10,main,exploration
PB-D-1999-07-14,powerball,PB-S02,1999-07-14,main,exploration
PB-D-1999-07-17,powerball,PB-S02,1999-07-17,main,exploration
PB-D-1999-07-21,powerball,PB-S02,1999-07-21,main,exploration
PB-D-1999-07-24,powerball,PB-S02,1999-07-24,main,exploration
PB-D-1999-07-28,powerball,PB-S02,1999-07-28,main,exploration
PB-D-1999-07-31,powerball,PB-S02,1999-07-31,main,exploration
PB-D-1999-08-04,powerball,PB-S02,1999-08-04,main,exploration
PB-D-1999-08-07,powerball,PB-S02,1999-08-07,main,exploration
PB-D-1999-08-11,powerball,PB-S02,1999-08-11,main,exploration
PB-D-1999-08-14,powerball,PB-S02,1999-08-14,main,exploration
PB-D-1999-08-18,powerball,PB-S02,1999-08-18,main,exploration
PB-D-1999-08-21,powerball,PB-S02,1999-08-21,main,exploration
PB-D-1999-08-25,powerball,PB-S02,1999-08-25,main,exploration
PB-D-1999-08-28,powerball,PB-S02,1999-08-28,main,exploration
PB-D-1999-09-01,powerball,PB-S02,1999-09-01,main,exploration
PB-D-1999-09-04,powerball,PB-S02,1999-09-04,main,exploration
PB-D-1999-09-08,powerball,PB-S02,1999-09-08,main,exploration
PB-D-1999-09-11,powerball,PB-S02,1999-09-11,main,exploration
PB-D-1999-09-15,powerball,PB-S02,1999-09-15,main,exploration
PB-D-1999-09-18,powerball,PB-S02,1999-09-18,main,exploration
PB-D-1999-09-22,powerball,PB-S02,1999-09-22,main,exploration
PB-D-1999-09-25,powerball,PB-S02,1999-09-25,main,exploration
PB-D-1999-09-29,powerball,PB-S02,1999-09-29,main,exploration
PB-D-1999-10-02,powerball,PB-S02,1999-10-02,main,exploration
PB-D-1999-10-06,powerball,PB-S02,1999-10-06,main,exploration
PB-D-1999-10-09,powerball,PB-S02,1999-10-09,main,exploration
PB-D-1999-10-13,powerball,PB-S02,1999-10-13,main,exploration
PB-D-1999-10-16,powerball,PB-S02,1999-10-16,main,exploration
PB-D-1999-10-20,powerball,PB-S02,1999-10-20,main,exploration
PB-D-1999-10-23,powerball,PB-S02,1999-10-23,main,exploration
PB-D-1999-10-27,powerball,PB-S02,1999-10-27,main,exploration
PB-D-1999-10-30,powerball,PB-S02,1999-10-30,main,exploration
PB-D-1999-11-03,powerball,PB-S02,1999-11-03,main,exploration
PB-D-1999-11-06,powerball,PB-S02,1999-11-06,main,exploration
PB-D-1999-11-10,powerball,PB-S02,1999-11-10,main,exploration
PB-D-1999-11-13,powerball,PB-S02,1999-11-13,main,exploration
PB-D-1999-11-17,powerball,PB-S02,1999-11-17,main,exploration
PB-D-1999-11-20,powerball,PB-S02,1999-11-20,main,exploration
PB-D-1999-11-24,powerball,PB-S02,1999-11-24,main,exploration
PB-D-1999-11-27,powerball,PB-S02,1999-11-27,main,exploration
PB-D-1999-12-01,powerball,PB-S02,1999-12-01,main,exploration
PB-D-1999-12-04,powerball,PB-S02,1999-12-04,main,exploration
PB-D-1999-12-08,powerball,PB-S02,1999-12-08,main,exploration
PB-D-1999-12-11,powerball,PB-S02,1999-12-11,main,exploration
PB-D-1999-12-15,powerball,PB-S02,1999-12-15,main,exploration
PB-D-1999-12-18,powerball,PB-S02,1999-12-18,main,exploration
PB-D-1999-12-22,powerball,PB-S02,1999-12-22,main,exploration
PB-D-1999-12-25,powerball,PB-S02,1999-12-25,main,exploration
PB-D-1999-12-29,powerball,PB-S02,1999-12-29,main,exploration
PB-D-2000-01-01,powerball,PB-S02,2000-01-01,main,exploration
PB-D-2000-01-05,powerball,PB-S02,2000-01-05,main,exploration
PB-D-2000-01-08,powerball,PB-S02,2000-01-08,main,exploration
PB-D-2000-01-12,powerball,PB-S02,2000-01-12,main,exploration
PB-D-2000-01-15,powerball,PB-S02,2000-01-15,main,exploration
PB-D-2000-01-19,powerball,PB-S02,2000-01-19,main,exploration
PB-D-2000-01-22,powerball,PB-S02,2000-01-22,main,exploration
PB-D-2000-01-26,powerball,PB-S02,2000-01-26,main,exploration
PB-D-2000-01-29,powerball,PB-S02,2000-01-29,main,exploration
PB-D-2000-02-02,powerball,PB-S02,2000-02-02,main,exploration
PB-D-2000-02-05,powerball,PB-S02,2000-02-05,main,exploration
PB-D-2000-02-09,powerball,PB-S02,2000-02-09,main,exploration
PB-D-2000-02-12,powerball,PB-S02,2000-02-12,main,exploration
PB-D-2000-02-16,powerball,PB-S02,2000-02-16,main,exploration
PB-D-2000-02-19,powerball,PB-S02,2000-02-19,main,exploration
PB-D-2000-02-23,powerball,PB-S02,2000-02-23,main,exploration
PB-D-2000-02-26,powerball,PB-S02,2000-02-26,main,exploration
PB-D-2000-03-01,powerball,PB-S02,2000-03-01,main,exploration
PB-D-2000-03-04,powerball,PB-S02,2000-03-04,main,exploration
PB-D-2000-03-08,powerball,PB-S02,2000-03-08,main,exploration
PB-D-2000-03-11,powerball,PB-S02,2000-03-11,main,exploration
PB-D-2000-03-15,powerball,PB-S02,2000-03-15,main,exploration
PB-D-2000-03-18,powerball,PB-S02,2000-03-18,main,exploration
PB-D-2000-03-22,powerball,PB-S02,2000-03-22,main,exploration
PB-D-2000-03-25,powerball,PB-S02,2000-03-25,main,exploration
PB-D-2000-03-29,powerball,PB-S02,2000-03-29,main,exploration
PB-D-2000-04-01,powerball,PB-S02,2000-04-01,main,exploration
PB-D-2000-04-05,powerball,PB-S02,2000-04-05,main,exploration
PB-D-2000-04-08,powerball,PB-S02,2000-04-08,main,exploration
PB-D-2000-04-12,powerball,PB-S02,2000-04-12,main,exploration
PB-D-2000-04-15,powerball,PB-S02,2000-04-15,main,exploration
PB-D-2000-04-19,powerball,PB-S02,2000-04-19,main,exploration
PB-D-2000-04-22,powerball,PB-S02,2000-04-22,main,exploration
PB-D-2000-04-26,powerball,PB-S02,2000-04-26,main,exploration
PB-D-2000-04-29,powerball,PB-S02,2000-04-29,main,exploration
PB-D-2000-05-03,powerball,PB-S02,2000-05-03,main,exploration
PB-D-2000-05-06,powerball,PB-S02,2000-05-06,main,exploration
PB-D-2000-05-10,powerball,PB-S02,2000-05-10,main,exploration
PB-D-2000-05-13,powerball,PB-S02,2000-05-13,main,exploration
PB-D-2000-05-17,powerball,PB-S02,2000-05-17,main,exploration
PB-D-2000-05-20,powerball,PB-S02,2000-05-20,main,exploration
PB-D-2000-05-24,powerball,PB-S02,2000-05-24,main,exploration
PB-D-2000-05-27,powerball,PB-S02,2000-05-27,main,exploration
PB-D-2000-05-31,powerball,PB-S02,2000-05-31,main,exploration
PB-D-2000-06-03,powerball,PB-S02,2000-06-03,main,exploration
PB-D-2000-06-07,powerball,PB-S02,2000-06-07,main,exploration
PB-D-2000-06-10,powerball,PB-S02,2000-06-10,main,exploration
PB-D-2000-06-14,powerball,PB-S02,2000-06-14,main,exploration
PB-D-2000-06-17,powerball,PB-S02,2000-06-17,main,exploration
PB-D-2000-06-21,powerball,PB-S02,2000-06-21,main,exploration
PB-D-2000-06-24,powerball,PB-S02,2000-06-24,main,exploration
PB-D-2000-06-28,powerball,PB-S02,2000-06-28,main,exploration
PB-D-2000-07-01,powerball,PB-S02,2000-07-01,main,exploration
PB-D-2000-07-05,powerball,PB-S02,2000-07-05,main,exploration
PB-D-2000-07-08,powerball,PB-S02,2000-07-08,main,exploration
PB-D-2000-07-12,powerball,PB-S02,2000-07-12,main,exploration
PB-D-2000-07-15,powerball,PB-S02,2000-07-15,main,exploration
PB-D-2000-07-19,powerball,PB-S02,2000-07-19,main,exploration
PB-D-2000-07-22,powerball,PB-S02,2000-07-22,main,exploration
PB-D-2000-07-26,powerball,PB-S02,2000-07-26,main,exploration
PB-D-2000-07-29,powerball,PB-S02,2000-07-29,main,exploration
PB-D-2000-08-02,powerball,PB-S02,2000-08-02,main,exploration
PB-D-2000-08-05,powerball,PB-S02,2000-08-05,main,exploration
PB-D-2000-08-09,powerball,PB-S02,2000-08-09,main,exploration
PB-D-2000-08-12,powerball,PB-S02,2000-08-12,main,exploration
PB-D-2000-08-16,powerball,PB-S02,2000-08-16,main,exploration
PB-D-2000-08-19,powerball,PB-S02,2000-08-19,main,exploration
PB-D-2000-08-23,powerball,PB-S02,2000-08-23,main,exploration
PB-D-2000-08-26,powerball,PB-S02,2000-08-26,main,exploration
PB-D-2000-08-30,powerball,PB-S02,2000-08-30,main,exploration
PB-D-2000-09-02,powerball,PB-S02,2000-09-02,main,exploration
PB-D-2000-09-06,powerball,PB-S02,2000-09-06,main,exploration
PB-D-2000-09-09,powerball,PB-S02,2000-09-09,main,exploration
PB-D-2000-09-13,powerball,PB-S02,2000-09-13,main,exploration
PB-D-2000-09-16,powerball,PB-S02,2000-09-16,main,exploration
PB-D-2000-09-20,powerball,PB-S02,2000-09-20,main,exploration
PB-D-2000-09-23,powerball,PB-S02,2000-09-23,main,exploration
PB-D-2000-09-27,powerball,PB-S02,2000-09-27,main,exploration
PB-D-2000-09-30,powerball,PB-S02,2000-09-30,main,exploration
PB-D-2000-10-04,powerball,PB-S02,2000-10-04,main,exploration
PB-D-2000-10-07,powerball,PB-S02,2000-10-07,main,exploration
PB-D-2000-10-11,powerball,PB-S02,2000-10-11,main,exploration
PB-D-2000-10-14,powerball,PB-S02,2000-10-14,main,exploration
PB-D-2000-10-18,powerball,PB-S02,2000-10-18,main,exploration
PB-D-2000-10-21,powerball,PB-S02,2000-10-21,main,exploration
PB-D-2000-10-25,powerball,PB-S02,2000-10-25,main,exploration
PB-D-2000-10-28,powerball,PB-S02,2000-10-28,main,exploration
PB-D-2000-11-01,powerball,PB-S02,2000-11-01,main,exploration
PB-D-2000-11-04,powerball,PB-S02,2000-11-04,main,exploration
PB-D-2000-11-08,powerball,PB-S02,2000-11-08,main,exploration
PB-D-2000-11-11,powerball,PB-S02,2000-11-11,main,exploration
PB-D-2000-11-15,powerball,PB-S02,2000-11-15,main,exploration
PB-D-2000-11-18,powerball,PB-S02,2000-11-18,main,exploration
PB-D-2000-11-22,powerball,PB-S02,2000-11-22,main,exploration
PB-D-2000-11-25,powerball,PB-S02,2000-11-25,main,exploration
PB-D-2000-11-29,powerball,PB-S02,2000-11-29,main,exploration
PB-D-2000-12-02,powerball,PB-S02,2000-12-02,main,exploration
PB-D-2000-12-06,powerball,PB-S02,2000-12-06,main,exploration
PB-D-2000-12-09,powerball,PB-S02,2000-12-09,main,exploration
PB-D-2000-12-13,powerball,PB-S02,2000-12-13,main,exploration
PB-D-2000-12-16,powerball,PB-S02,2000-12-16,main,exploration
PB-D-2000-12-20,powerball,PB-S02,2000-12-20,main,exploration
PB-D-2000-12-23,powerball,PB-S02,2000-12-23,main,exploration
PB-D-2000-12-27,powerball,PB-S02,2000-12-27,main,exploration
PB-D-2000-12-30,powerball,PB-S02,2000-12-30,main,exploration
PB-D-2001-01-03,powerball,PB-S02,2001-01-03,main,exploration
PB-D-2001-01-06,powerball,PB-S02,2001-01-06,main,exploration
PB-D-2001-01-10,powerball,PB-S02,2001-01-10,main,exploration
PB-D-2001-01-13,powerball,PB-S02,2001-01-13,main,exploration
PB-D-2001-01-17,powerball,PB-S02,2001-01-17,main,exploration
PB-D-2001-01-20,powerball,PB-S02,2001-01-20,main,exploration
PB-D-2001-01-24,powerball,PB-S02,2001-01-24,main,exploration
PB-D-2001-01-27,powerball,PB-S02,2001-01-27,main,exploration
PB-D-2001-01-31,powerball,PB-S02,2001-01-31,main,exploration
PB-D-2001-02-03,powerball,PB-S02,2001-02-03,main,exploration
PB-D-2001-02-07,powerball,PB-S02,2001-02-07,main,exploration
PB-D-2001-02-10,powerball,PB-S02,2001-02-10,main,exploration
PB-D-2001-02-14,powerball,PB-S02,2001-02-14,main,exploration
PB-D-2001-02-17,powerball,PB-S02,2001-02-17,main,exploration
PB-D-2001-02-21,powerball,PB-S02,2001-02-21,main,exploration
PB-D-2001-02-24,powerball,PB-S02,2001-02-24,main,exploration
PB-D-2001-02-28,powerball,PB-S02,2001-02-28,main,exploration
PB-D-2001-03-03,powerball,PB-S02,2001-03-03,main,exploration
PB-D-2001-03-07,powerball,PB-S02,2001-03-07,main,exploration
PB-D-2001-03-10,powerball,PB-S02,2001-03-10,main,exploration
PB-D-2001-03-14,powerball,PB-S02,2001-03-14,main,exploration
PB-D-2001-03-17,powerball,PB-S02,2001-03-17,main,exploration
PB-D-2001-03-21,powerball,PB-S02,2001-03-21,main,exploration
PB-D-2001-03-24,powerball,PB-S02,2001-03-24,main,exploration
PB-D-2001-03-28,powerball,PB-S02,2001-03-28,main,exploration
PB-D-2001-03-31,powerball,PB-S02,2001-03-31,main,exploration
PB-D-2001-04-04,powerball,PB-S02,2001-04-04,main,exploration
PB-D-2001-04-07,powerball,PB-S02,2001-04-07,main,exploration
PB-D-2001-04-11,powerball,PB-S02,2001-04-11,main,exploration
PB-D-2001-04-14,powerball,PB-S02,2001-04-14,main,exploration
PB-D-2001-04-18,powerball,PB-S02,2001-04-18,main,exploration
PB-D-2001-04-21,powerball,PB-S02,2001-04-21,main,exploration
PB-D-2001-04-25,powerball,PB-S02,2001-04-25,main,exploration
PB-D-2001-04-28,powerball,PB-S02,2001-04-28,main,exploration
PB-D-2001-05-02,powerball,PB-S02,2001-05-02,main,exploration
PB-D-2001-05-05,powerball,PB-S02,2001-05-05,main,exploration
PB-D-2001-05-09,powerball,PB-S02,2001-05-09,main,exploration
PB-D-2001-05-12,powerball,PB-S02,2001-05-12,main,exploration
PB-D-2001-05-16,powerball,PB-S02,2001-05-16,main,exploration
PB-D-2001-05-19,powerball,PB-S02,2001-05-19,main,exploration
PB-D-2001-05-23,powerball,PB-S02,2001-05-23,main,exploration
PB-D-2001-05-26,powerball,PB-S02,2001-05-26,main,exploration
PB-D-2001-05-30,powerball,PB-S02,2001-05-30,main,exploration
PB-D-2001-06-02,powerball,PB-S02,2001-06-02,main,exploration
PB-D-2001-06-06,powerball,PB-S02,2001-06-06,main,exploration
PB-D-2001-06-09,powerball,PB-S02,2001-06-09,main,exploration
PB-D-2001-06-13,powerball,PB-S02,2001-06-13,main,exploration
PB-D-2001-06-16,powerball,PB-S02,2001-06-16,main,exploration
PB-D-2001-06-20,powerball,PB-S02,2001-06-20,main,exploration
PB-D-2001-06-23,powerball,PB-S02,2001-06-23,main,exploration
PB-D-2001-06-27,powerball,PB-S02,2001-06-27,main,exploration
PB-D-2001-06-30,powerball,PB-S02,2001-06-30,main,exploration
PB-D-2001-07-04,powerball,PB-S02,2001-07-04,main,exploration
PB-D-2001-07-07,powerball,PB-S02,2001-07-07,main,exploration
PB-D-2001-07-11,powerball,PB-S02,2001-07-11,main,exploration
PB-D-2001-07-14,powerball,PB-S02,2001-07-14,main,exploration
PB-D-2001-07-18,powerball,PB-S02,2001-07-18,main,exploration
PB-D-2001-07-21,powerball,PB-S02,2001-07-21,main,exploration
PB-D-2001-07-25,powerball,PB-S02,2001-07-25,main,exploration
PB-D-2001-07-28,powerball,PB-S02,2001-07-28,main,exploration
PB-D-2001-08-01,powerball,PB-S02,2001-08-01,main,exploration
PB-D-2001-08-04,powerball,PB-S02,2001-08-04,main,exploration
PB-D-2001-08-08,powerball,PB-S02,2001-08-08,main,exploration
PB-D-2001-08-11,powerball,PB-S02,2001-08-11,main,exploration
PB-D-2001-08-15,powerball,PB-S02,2001-08-15,main,exploration
PB-D-2001-08-18,powerball,PB-S02,2001-08-18,main,exploration
PB-D-2001-08-22,powerball,PB-S02,2001-08-22,main,exploration
PB-D-2001-08-25,powerball,PB-S02,2001-08-25,main,exploration
PB-D-2001-08-29,powerball,PB-S02,2001-08-29,main,exploration
PB-D-2001-09-01,powerball,PB-S02,2001-09-01,main,exploration
PB-D-2001-09-05,powerball,PB-S02,2001-09-05,main,exploration
PB-D-2001-09-08,powerball,PB-S02,2001-09-08,main,exploration
PB-D-2001-09-12,powerball,PB-S02,2001-09-12,main,exploration
PB-D-2001-09-15,powerball,PB-S02,2001-09-15,main,exploration
PB-D-2001-09-19,powerball,PB-S02,2001-09-19,main,exploration
PB-D-2001-09-22,powerball,PB-S02,2001-09-22,main,exploration
PB-D-2001-09-26,powerball,PB-S02,2001-09-26,main,exploration
PB-D-2001-09-29,powerball,PB-S02,2001-09-29,main,exploration
PB-D-2001-10-03,powerball,PB-S02,2001-10-03,main,exploration
PB-D-2001-10-06,powerball,PB-S02,2001-10-06,main,exploration
PB-D-2001-10-10,powerball,PB-S02,2001-10-10,main,exploration
PB-D-2002-10-09,powerball,PB-S03,2002-10-09,main,exploration
PB-D-2002-10-12,powerball,PB-S03,2002-10-12,main,exploration
PB-D-2002-10-16,powerball,PB-S03,2002-10-16,main,exploration
PB-D-2002-10-19,powerball,PB-S03,2002-10-19,main,exploration
PB-D-2002-10-23,powerball,PB-S03,2002-10-23,main,exploration
PB-D-2002-10-26,powerball,PB-S03,2002-10-26,main,exploration
PB-D-2002-10-30,powerball,PB-S03,2002-10-30,main,exploration
PB-D-2002-11-02,powerball,PB-S03,2002-11-02,main,exploration
PB-D-2002-11-06,powerball,PB-S03,2002-11-06,main,exploration
PB-D-2002-11-09,powerball,PB-S03,2002-11-09,main,exploration
PB-D-2002-11-13,powerball,PB-S03,2002-11-13,main,exploration
PB-D-2002-11-16,powerball,PB-S03,2002-11-16,main,exploration
PB-D-2002-11-20,powerball,PB-S03,2002-11-20,main,exploration
PB-D-2002-11-23,powerball,PB-S03,2002-11-23,main,exploration
PB-D-2002-11-27,powerball,PB-S03,2002-11-27,main,exploration
PB-D-2002-11-30,powerball,PB-S03,2002-11-30,main,exploration
PB-D-2002-12-04,powerball,PB-S03,2002-12-04,main,exploration
PB-D-2002-12-07,powerball,PB-S03,2002-12-07,main,exploration
PB-D-2002-12-11,powerball,PB-S03,2002-12-11,main,exploration
PB-D-2002-12-14,powerball,PB-S03,2002-12-14,main,exploration
PB-D-2002-12-18,powerball,PB-S03,2002-12-18,main,exploration
PB-D-2002-12-21,powerball,PB-S03,2002-12-21,main,exploration
PB-D-2002-12-25,powerball,PB-S03,2002-12-25,main,exploration
PB-D-2002-12-28,powerball,PB-S03,2002-12-28,main,exploration
PB-D-2003-01-01,powerball,PB-S03,2003-01-01,main,exploration
PB-D-2003-01-04,powerball,PB-S03,2003-01-04,main,exploration
PB-D-2003-01-08,powerball,PB-S03,2003-01-08,main,exploration
PB-D-2003-01-11,powerball,PB-S03,2003-01-11,main,exploration
PB-D-2003-01-15,powerball,PB-S03,2003-01-15,main,exploration
PB-D-2003-01-18,powerball,PB-S03,2003-01-18,main,exploration
PB-D-2003-01-22,powerball,PB-S03,2003-01-22,main,exploration
PB-D-2003-01-25,powerball,PB-S03,2003-01-25,main,exploration
PB-D-2003-01-29,powerball,PB-S03,2003-01-29,main,exploration
PB-D-2003-02-01,powerball,PB-S03,2003-02-01,main,exploration
PB-D-2003-02-05,powerball,PB-S03,2003-02-05,main,exploration
PB-D-2003-02-08,powerball,PB-S03,2003-02-08,main,exploration
PB-D-2003-02-12,powerball,PB-S03,2003-02-12,main,exploration
PB-D-2003-02-15,powerball,PB-S03,2003-02-15,main,exploration
PB-D-2003-02-19,powerball,PB-S03,2003-02-19,main,exploration
PB-D-2003-02-22,powerball,PB-S03,2003-02-22,main,exploration
PB-D-2003-02-26,powerball,PB-S03,2003-02-26,main,exploration
PB-D-2003-03-01,powerball,PB-S03,2003-03-01,main,exploration
PB-D-2003-03-05,powerball,PB-S03,2003-03-05,main,exploration
PB-D-2003-03-08,powerball,PB-S03,2003-03-08,main,exploration
PB-D-2003-03-12,powerball,PB-S03,2003-03-12,main,exploration
PB-D-2003-03-15,powerball,PB-S03,2003-03-15,main,exploration
PB-D-2003-03-19,powerball,PB-S03,2003-03-19,main,exploration
PB-D-2003-03-22,powerball,PB-S03,2003-03-22,main,exploration
PB-D-2003-03-26,powerball,PB-S03,2003-03-26,main,exploration
PB-D-2003-03-29,powerball,PB-S03,2003-03-29,main,exploration
PB-D-2003-04-02,powerball,PB-S03,2003-04-02,main,exploration
PB-D-2003-04-05,powerball,PB-S03,2003-04-05,main,exploration
PB-D-2003-04-09,powerball,PB-S03,2003-04-09,main,exploration
PB-D-2003-04-12,powerball,PB-S03,2003-04-12,main,exploration
PB-D-2003-04-16,powerball,PB-S03,2003-04-16,main,exploration
PB-D-2003-04-19,powerball,PB-S03,2003-04-19,main,exploration
PB-D-2003-04-23,powerball,PB-S03,2003-04-23,main,exploration
PB-D-2003-04-26,powerball,PB-S03,2003-04-26,main,exploration
PB-D-2003-04-30,powerball,PB-S03,2003-04-30,main,exploration
PB-D-2003-05-03,powerball,PB-S03,2003-05-03,main,exploration
PB-D-2003-05-07,powerball,PB-S03,2003-05-07,main,exploration
PB-D-2003-05-10,powerball,PB-S03,2003-05-10,main,exploration
PB-D-2003-05-14,powerball,PB-S03,2003-05-14,main,exploration
PB-D-2003-05-17,powerball,PB-S03,2003-05-17,main,exploration
PB-D-2003-05-21,powerball,PB-S03,2003-05-21,main,exploration
PB-D-2003-05-24,powerball,PB-S03,2003-05-24,main,exploration
PB-D-2003-05-28,powerball,PB-S03,2003-05-28,main,exploration
PB-D-2003-05-31,powerball,PB-S03,2003-05-31,main,exploration
PB-D-2003-06-04,powerball,PB-S03,2003-06-04,main,exploration
PB-D-2003-06-07,powerball,PB-S03,2003-06-07,main,exploration
PB-D-2003-06-11,powerball,PB-S03,2003-06-11,main,exploration
PB-D-2003-06-14,powerball,PB-S03,2003-06-14,main,exploration
PB-D-2003-06-18,powerball,PB-S03,2003-06-18,main,exploration
PB-D-2003-06-21,powerball,PB-S03,2003-06-21,main,exploration
PB-D-2003-06-25,powerball,PB-S03,2003-06-25,main,exploration
PB-D-2003-06-28,powerball,PB-S03,2003-06-28,main,exploration
PB-D-2003-07-02,powerball,PB-S03,2003-07-02,main,exploration
PB-D-2003-07-05,powerball,PB-S03,2003-07-05,main,exploration
PB-D-2003-07-09,powerball,PB-S03,2003-07-09,main,exploration
PB-D-2003-07-12,powerball,PB-S03,2003-07-12,main,exploration
PB-D-2003-07-16,powerball,PB-S03,2003-07-16,main,exploration
PB-D-2003-07-19,powerball,PB-S03,2003-07-19,main,exploration
PB-D-2003-07-23,powerball,PB-S03,2003-07-23,main,exploration
PB-D-2003-07-26,powerball,PB-S03,2003-07-26,main,exploration
PB-D-2003-07-30,powerball,PB-S03,2003-07-30,main,exploration
PB-D-2003-08-02,powerball,PB-S03,2003-08-02,main,exploration
PB-D-2003-08-06,powerball,PB-S03,2003-08-06,main,exploration
PB-D-2003-08-09,powerball,PB-S03,2003-08-09,main,exploration
PB-D-2003-08-13,powerball,PB-S03,2003-08-13,main,exploration
PB-D-2003-08-16,powerball,PB-S03,2003-08-16,main,exploration
PB-D-2003-08-20,powerball,PB-S03,2003-08-20,main,exploration
PB-D-2003-08-23,powerball,PB-S03,2003-08-23,main,exploration
PB-D-2003-08-27,powerball,PB-S03,2003-08-27,main,exploration
PB-D-2003-08-30,powerball,PB-S03,2003-08-30,main,exploration
PB-D-2003-09-03,powerball,PB-S03,2003-09-03,main,exploration
PB-D-2003-09-06,powerball,PB-S03,2003-09-06,main,exploration
PB-D-2003-09-10,powerball,PB-S03,2003-09-10,main,exploration
PB-D-2003-09-13,powerball,PB-S03,2003-09-13,main,exploration
PB-D-2003-09-17,powerball,PB-S03,2003-09-17,main,exploration
PB-D-2003-09-20,powerball,PB-S03,2003-09-20,main,exploration
PB-D-2003-09-24,powerball,PB-S03,2003-09-24,main,exploration
PB-D-2003-09-27,powerball,PB-S03,2003-09-27,main,exploration
PB-D-2003-10-01,powerball,PB-S03,2003-10-01,main,exploration
PB-D-2003-10-04,powerball,PB-S03,2003-10-04,main,exploration
PB-D-2003-10-08,powerball,PB-S03,2003-10-08,main,exploration
PB-D-2003-10-11,powerball,PB-S03,2003-10-11,main,exploration
PB-D-2003-10-15,powerball,PB-S03,2003-10-15,main,exploration
PB-D-2003-10-18,powerball,PB-S03,2003-10-18,main,exploration
PB-D-2003-10-22,powerball,PB-S03,2003-10-22,main,exploration
PB-D-2003-10-25,powerball,PB-S03,2003-10-25,main,exploration
PB-D-2003-10-29,powerball,PB-S03,2003-10-29,main,exploration
PB-D-2003-11-01,powerball,PB-S03,2003-11-01,main,exploration
PB-D-2003-11-05,powerball,PB-S03,2003-11-05,main,exploration
PB-D-2003-11-08,powerball,PB-S03,2003-11-08,main,exploration
PB-D-2003-11-12,powerball,PB-S03,2003-11-12,main,exploration
PB-D-2003-11-15,powerball,PB-S03,2003-11-15,main,exploration
PB-D-2003-11-19,powerball,PB-S03,2003-11-19,main,exploration
PB-D-2003-11-22,powerball,PB-S03,2003-11-22,main,exploration
PB-D-2003-11-26,powerball,PB-S03,2003-11-26,main,exploration
PB-D-2003-11-29,powerball,PB-S03,2003-11-29,main,exploration
PB-D-2003-12-03,powerball,PB-S03,2003-12-03,main,exploration
PB-D-2003-12-06,powerball,PB-S03,2003-12-06,main,exploration
PB-D-2003-12-10,powerball,PB-S03,2003-12-10,main,exploration
PB-D-2003-12-13,powerball,PB-S03,2003-12-13,main,exploration
PB-D-2003-12-17,powerball,PB-S03,2003-12-17,main,exploration
PB-D-2003-12-20,powerball,PB-S03,2003-12-20,main,exploration
PB-D-2003-12-24,powerball,PB-S03,2003-12-24,main,exploration
PB-D-2003-12-27,powerball,PB-S03,2003-12-27,main,exploration
PB-D-2003-12-31,powerball,PB-S03,2003-12-31,main,exploration
PB-D-2004-01-03,powerball,PB-S03,2004-01-03,main,exploration
PB-D-2004-01-07,powerball,PB-S03,2004-01-07,main,exploration
PB-D-2004-01-10,powerball,PB-S03,2004-01-10,main,exploration
PB-D-2004-01-14,powerball,PB-S03,2004-01-14,main,exploration
PB-D-2004-01-17,powerball,PB-S03,2004-01-17,main,exploration
PB-D-2004-01-21,powerball,PB-S03,2004-01-21,main,exploration
PB-D-2004-01-24,powerball,PB-S03,2004-01-24,main,exploration
PB-D-2004-01-28,powerball,PB-S03,2004-01-28,main,exploration
PB-D-2004-01-31,powerball,PB-S03,2004-01-31,main,exploration
PB-D-2004-02-04,powerball,PB-S03,2004-02-04,main,exploration
PB-D-2004-02-07,powerball,PB-S03,2004-02-07,main,exploration
PB-D-2004-02-11,powerball,PB-S03,2004-02-11,main,exploration
PB-D-2004-02-14,powerball,PB-S03,2004-02-14,main,exploration
PB-D-2004-02-18,powerball,PB-S03,2004-02-18,main,exploration
PB-D-2004-02-21,powerball,PB-S03,2004-02-21,main,exploration
PB-D-2004-02-25,powerball,PB-S03,2004-02-25,main,exploration
PB-D-2004-02-28,powerball,PB-S03,2004-02-28,main,exploration
PB-D-2004-03-03,powerball,PB-S03,2004-03-03,main,exploration
PB-D-2004-03-06,powerball,PB-S03,2004-03-06,main,exploration
PB-D-2004-03-10,powerball,PB-S03,2004-03-10,main,exploration
PB-D-2004-03-13,powerball,PB-S03,2004-03-13,main,exploration
PB-D-2004-03-17,powerball,PB-S03,2004-03-17,main,exploration
PB-D-2004-03-20,powerball,PB-S03,2004-03-20,main,exploration
PB-D-2004-03-24,powerball,PB-S03,2004-03-24,main,exploration
PB-D-2004-03-27,powerball,PB-S03,2004-03-27,main,exploration
PB-D-2004-03-31,powerball,PB-S03,2004-03-31,main,exploration
PB-D-2004-04-03,powerball,PB-S03,2004-04-03,main,exploration
PB-D-2004-04-07,powerball,PB-S03,2004-04-07,main,exploration
PB-D-2004-04-10,powerball,PB-S03,2004-04-10,main,exploration
PB-D-2004-04-14,powerball,PB-S03,2004-04-14,main,exploration
PB-D-2004-04-17,powerball,PB-S03,2004-04-17,main,exploration
PB-D-2004-04-21,powerball,PB-S03,2004-04-21,main,exploration
PB-D-2004-04-24,powerball,PB-S03,2004-04-24,main,exploration
PB-D-2004-04-28,powerball,PB-S03,2004-04-28,main,exploration
PB-D-2004-05-01,powerball,PB-S03,2004-05-01,main,exploration
PB-D-2004-05-05,powerball,PB-S03,2004-05-05,main,exploration
PB-D-2004-05-08,powerball,PB-S03,2004-05-08,main,exploration
PB-D-2004-05-12,powerball,PB-S03,2004-05-12,main,exploration
PB-D-2004-05-15,powerball,PB-S03,2004-05-15,main,exploration
PB-D-2004-05-19,powerball,PB-S03,2004-05-19,main,exploration
PB-D-2004-05-22,powerball,PB-S03,2004-05-22,main,exploration
PB-D-2004-05-26,powerball,PB-S03,2004-05-26,main,exploration
PB-D-2004-05-29,powerball,PB-S03,2004-05-29,main,exploration
PB-D-2004-06-02,powerball,PB-S03,2004-06-02,main,exploration
PB-D-2004-06-05,powerball,PB-S03,2004-06-05,main,exploration
PB-D-2004-06-09,powerball,PB-S03,2004-06-09,main,exploration
PB-D-2004-06-12,powerball,PB-S03,2004-06-12,main,exploration
PB-D-2004-06-16,powerball,PB-S03,2004-06-16,main,exploration
PB-D-2004-06-19,powerball,PB-S03,2004-06-19,main,exploration
PB-D-2004-06-23,powerball,PB-S03,2004-06-23,main,exploration
PB-D-2004-06-26,powerball,PB-S03,2004-06-26,main,exploration
PB-D-2004-06-30,powerball,PB-S03,2004-06-30,main,exploration
PB-D-2004-07-03,powerball,PB-S03,2004-07-03,main,exploration
PB-D-2004-07-07,powerball,PB-S03,2004-07-07,main,exploration
PB-D-2004-07-10,powerball,PB-S03,2004-07-10,main,exploration
PB-D-2004-07-14,powerball,PB-S03,2004-07-14,main,exploration
PB-D-2004-07-17,powerball,PB-S03,2004-07-17,main,exploration
PB-D-2004-07-21,powerball,PB-S03,2004-07-21,main,exploration
PB-D-2004-07-24,powerball,PB-S03,2004-07-24,main,exploration
PB-D-2004-07-28,powerball,PB-S03,2004-07-28,main,exploration
PB-D-2004-07-31,powerball,PB-S03,2004-07-31,main,exploration
PB-D-2004-08-04,powerball,PB-S03,2004-08-04,main,exploration
PB-D-2004-08-07,powerball,PB-S03,2004-08-07,main,exploration
PB-D-2004-08-11,powerball,PB-S03,2004-08-11,main,exploration
PB-D-2004-08-14,powerball,PB-S03,2004-08-14,main,exploration
PB-D-2004-08-18,powerball,PB-S03,2004-08-18,main,exploration
PB-D-2004-08-21,powerball,PB-S03,2004-08-21,main,exploration
PB-D-2004-08-25,powerball,PB-S03,2004-08-25,main,exploration
PB-D-2004-08-28,powerball,PB-S03,2004-08-28,main,exploration
PB-D-2004-09-01,powerball,PB-S03,2004-09-01,main,exploration
PB-D-2004-09-04,powerball,PB-S03,2004-09-04,main,exploration
PB-D-2004-09-08,powerball,PB-S03,2004-09-08,main,exploration
PB-D-2004-09-11,powerball,PB-S03,2004-09-11,main,exploration
PB-D-2004-09-15,powerball,PB-S03,2004-09-15,main,exploration
PB-D-2004-09-18,powerball,PB-S03,2004-09-18,main,exploration
PB-D-2004-09-22,powerball,PB-S03,2004-09-22,main,exploration
PB-D-2004-09-25,powerball,PB-S03,2004-09-25,main,exploration
PB-D-2004-09-29,powerball,PB-S03,2004-09-29,main,exploration
PB-D-2004-10-02,powerball,PB-S03,2004-10-02,main,exploration
PB-D-2004-10-06,powerball,PB-S03,2004-10-06,main,exploration
PB-D-2004-10-09,powerball,PB-S03,2004-10-09,main,exploration
PB-D-2004-10-13,powerball,PB-S03,2004-10-13,main,exploration
PB-D-2004-10-16,powerball,PB-S03,2004-10-16,main,exploration
PB-D-2004-10-20,powerball,PB-S03,2004-10-20,main,exploration
PB-D-2004-10-23,powerball,PB-S03,2004-10-23,main,exploration
PB-D-2004-10-27,powerball,PB-S03,2004-10-27,main,exploration
PB-D-2004-10-30,powerball,PB-S03,2004-10-30,main,exploration
PB-D-2004-11-03,powerball,PB-S03,2004-11-03,main,exploration
PB-D-2004-11-06,powerball,PB-S03,2004-11-06,main,exploration
PB-D-2004-11-10,powerball,PB-S03,2004-11-10,main,exploration
PB-D-2004-11-13,powerball,PB-S03,2004-11-13,main,exploration
PB-D-2004-11-17,powerball,PB-S03,2004-11-17,main,exploration
PB-D-2004-11-20,powerball,PB-S03,2004-11-20,main,exploration
PB-D-2004-11-24,powerball,PB-S03,2004-11-24,main,exploration
PB-D-2004-11-27,powerball,PB-S03,2004-11-27,main,exploration
PB-D-2004-12-01,powerball,PB-S03,2004-12-01,main,exploration
PB-D-2004-12-04,powerball,PB-S03,2004-12-04,main,exploration
PB-D-2004-12-08,powerball,PB-S03,2004-12-08,main,exploration
PB-D-2004-12-11,powerball,PB-S03,2004-12-11,main,exploration
PB-D-2004-12-15,powerball,PB-S03,2004-12-15,main,exploration
PB-D-2004-12-18,powerball,PB-S03,2004-12-18,main,exploration
PB-D-2004-12-22,powerball,PB-S03,2004-12-22,main,exploration
PB-D-2004-12-25,powerball,PB-S03,2004-12-25,main,exploration
PB-D-2004-12-29,powerball,PB-S03,2004-12-29,main,exploration
PB-D-2005-01-01,powerball,PB-S03,2005-01-01,main,exploration
PB-D-2005-01-05,powerball,PB-S03,2005-01-05,main,exploration
PB-D-2005-01-08,powerball,PB-S03,2005-01-08,main,exploration
PB-D-2005-01-12,powerball,PB-S03,2005-01-12,main,exploration
PB-D-2005-01-15,powerball,PB-S03,2005-01-15,main,exploration
PB-D-2005-01-19,powerball,PB-S03,2005-01-19,main,exploration
PB-D-2005-01-22,powerball,PB-S03,2005-01-22,main,exploration
PB-D-2005-01-26,powerball,PB-S03,2005-01-26,main,exploration
PB-D-2005-08-31,powerball,PB-S04,2005-08-31,main,exploration
PB-D-2005-09-03,powerball,PB-S04,2005-09-03,main,exploration
PB-D-2005-09-07,powerball,PB-S04,2005-09-07,main,exploration
PB-D-2005-09-10,powerball,PB-S04,2005-09-10,main,exploration
PB-D-2005-09-14,powerball,PB-S04,2005-09-14,main,exploration
PB-D-2005-09-17,powerball,PB-S04,2005-09-17,main,exploration
PB-D-2005-09-21,powerball,PB-S04,2005-09-21,main,exploration
PB-D-2005-09-24,powerball,PB-S04,2005-09-24,main,exploration
PB-D-2005-09-28,powerball,PB-S04,2005-09-28,main,exploration
PB-D-2005-10-01,powerball,PB-S04,2005-10-01,main,exploration
PB-D-2005-10-05,powerball,PB-S04,2005-10-05,main,exploration
PB-D-2005-10-08,powerball,PB-S04,2005-10-08,main,exploration
PB-D-2005-10-12,powerball,PB-S04,2005-10-12,main,exploration
PB-D-2005-10-15,powerball,PB-S04,2005-10-15,main,exploration
PB-D-2005-10-19,powerball,PB-S04,2005-10-19,main,exploration
PB-D-2005-10-22,powerball,PB-S04,2005-10-22,main,exploration
PB-D-2005-10-26,powerball,PB-S04,2005-10-26,main,exploration
PB-D-2005-10-29,powerball,PB-S04,2005-10-29,main,exploration
PB-D-2005-11-02,powerball,PB-S04,2005-11-02,main,exploration
PB-D-2005-11-05,powerball,PB-S04,2005-11-05,main,exploration
PB-D-2005-11-09,powerball,PB-S04,2005-11-09,main,exploration
PB-D-2005-11-12,powerball,PB-S04,2005-11-12,main,exploration
PB-D-2005-11-16,powerball,PB-S04,2005-11-16,main,exploration
PB-D-2005-11-19,powerball,PB-S04,2005-11-19,main,exploration
PB-D-2005-11-23,powerball,PB-S04,2005-11-23,main,exploration
PB-D-2005-11-26,powerball,PB-S04,2005-11-26,main,exploration
PB-D-2005-11-30,powerball,PB-S04,2005-11-30,main,exploration
PB-D-2005-12-03,powerball,PB-S04,2005-12-03,main,exploration
PB-D-2005-12-07,powerball,PB-S04,2005-12-07,main,exploration
PB-D-2005-12-10,powerball,PB-S04,2005-12-10,main,exploration
PB-D-2005-12-14,powerball,PB-S04,2005-12-14,main,exploration
PB-D-2005-12-17,powerball,PB-S04,2005-12-17,main,exploration
PB-D-2005-12-21,powerball,PB-S04,2005-12-21,main,exploration
PB-D-2005-12-24,powerball,PB-S04,2005-12-24,main,exploration
PB-D-2005-12-28,powerball,PB-S04,2005-12-28,main,exploration
PB-D-2005-12-31,powerball,PB-S04,2005-12-31,main,exploration
PB-D-2006-01-04,powerball,PB-S04,2006-01-04,main,exploration
PB-D-2006-01-07,powerball,PB-S04,2006-01-07,main,exploration
PB-D-2006-01-11,powerball,PB-S04,2006-01-11,main,exploration
PB-D-2006-01-14,powerball,PB-S04,2006-01-14,main,exploration
PB-D-2006-01-18,powerball,PB-S04,2006-01-18,main,exploration
PB-D-2006-01-21,powerball,PB-S04,2006-01-21,main,exploration
PB-D-2006-01-25,powerball,PB-S04,2006-01-25,main,exploration
PB-D-2006-01-28,powerball,PB-S04,2006-01-28,main,exploration
PB-D-2006-02-01,powerball,PB-S04,2006-02-01,main,exploration
PB-D-2006-02-04,powerball,PB-S04,2006-02-04,main,exploration
PB-D-2006-02-08,powerball,PB-S04,2006-02-08,main,exploration
PB-D-2006-02-11,powerball,PB-S04,2006-02-11,main,exploration
PB-D-2006-02-15,powerball,PB-S04,2006-02-15,main,exploration
PB-D-2006-02-18,powerball,PB-S04,2006-02-18,main,exploration
PB-D-2006-02-22,powerball,PB-S04,2006-02-22,main,exploration
PB-D-2006-02-25,powerball,PB-S04,2006-02-25,main,exploration
PB-D-2006-03-01,powerball,PB-S04,2006-03-01,main,exploration
PB-D-2006-03-04,powerball,PB-S04,2006-03-04,main,exploration
PB-D-2006-03-08,powerball,PB-S04,2006-03-08,main,exploration
PB-D-2006-03-11,powerball,PB-S04,2006-03-11,main,exploration
PB-D-2006-03-15,powerball,PB-S04,2006-03-15,main,exploration
PB-D-2006-03-18,powerball,PB-S04,2006-03-18,main,exploration
PB-D-2006-03-22,powerball,PB-S04,2006-03-22,main,exploration
PB-D-2006-03-25,powerball,PB-S04,2006-03-25,main,exploration
PB-D-2006-03-29,powerball,PB-S04,2006-03-29,main,exploration
PB-D-2006-04-01,powerball,PB-S04,2006-04-01,main,exploration
PB-D-2006-04-05,powerball,PB-S04,2006-04-05,main,exploration
PB-D-2006-04-08,powerball,PB-S04,2006-04-08,main,exploration
PB-D-2006-04-12,powerball,PB-S04,2006-04-12,main,exploration
PB-D-2006-04-15,powerball,PB-S04,2006-04-15,main,exploration
PB-D-2006-04-19,powerball,PB-S04,2006-04-19,main,exploration
PB-D-2006-04-22,powerball,PB-S04,2006-04-22,main,exploration
PB-D-2006-04-26,powerball,PB-S04,2006-04-26,main,exploration
PB-D-2006-04-29,powerball,PB-S04,2006-04-29,main,exploration
PB-D-2006-05-03,powerball,PB-S04,2006-05-03,main,exploration
PB-D-2006-05-06,powerball,PB-S04,2006-05-06,main,exploration
PB-D-2006-05-10,powerball,PB-S04,2006-05-10,main,exploration
PB-D-2006-05-13,powerball,PB-S04,2006-05-13,main,exploration
PB-D-2006-05-17,powerball,PB-S04,2006-05-17,main,exploration
PB-D-2006-05-20,powerball,PB-S04,2006-05-20,main,exploration
PB-D-2006-05-24,powerball,PB-S04,2006-05-24,main,exploration
PB-D-2006-05-27,powerball,PB-S04,2006-05-27,main,exploration
PB-D-2006-05-31,powerball,PB-S04,2006-05-31,main,exploration
PB-D-2006-06-03,powerball,PB-S04,2006-06-03,main,exploration
PB-D-2006-06-07,powerball,PB-S04,2006-06-07,main,exploration
PB-D-2006-06-10,powerball,PB-S04,2006-06-10,main,exploration
PB-D-2006-06-14,powerball,PB-S04,2006-06-14,main,exploration
PB-D-2006-06-17,powerball,PB-S04,2006-06-17,main,exploration
PB-D-2006-06-21,powerball,PB-S04,2006-06-21,main,exploration
PB-D-2006-06-24,powerball,PB-S04,2006-06-24,main,exploration
PB-D-2006-06-28,powerball,PB-S04,2006-06-28,main,exploration
PB-D-2006-07-01,powerball,PB-S04,2006-07-01,main,exploration
PB-D-2006-07-05,powerball,PB-S04,2006-07-05,main,exploration
PB-D-2006-07-08,powerball,PB-S04,2006-07-08,main,exploration
PB-D-2006-07-12,powerball,PB-S04,2006-07-12,main,exploration
PB-D-2006-07-15,powerball,PB-S04,2006-07-15,main,exploration
PB-D-2006-07-19,powerball,PB-S04,2006-07-19,main,exploration
PB-D-2006-07-22,powerball,PB-S04,2006-07-22,main,exploration
PB-D-2006-07-26,powerball,PB-S04,2006-07-26,main,exploration
PB-D-2006-07-29,powerball,PB-S04,2006-07-29,main,exploration
PB-D-2006-08-02,powerball,PB-S04,2006-08-02,main,exploration
PB-D-2006-08-05,powerball,PB-S04,2006-08-05,main,exploration
PB-D-2006-08-09,powerball,PB-S04,2006-08-09,main,exploration
PB-D-2006-08-12,powerball,PB-S04,2006-08-12,main,exploration
PB-D-2006-08-16,powerball,PB-S04,2006-08-16,main,exploration
PB-D-2006-08-19,powerball,PB-S04,2006-08-19,main,exploration
PB-D-2006-08-23,powerball,PB-S04,2006-08-23,main,exploration
PB-D-2006-08-26,powerball,PB-S04,2006-08-26,main,exploration
PB-D-2006-08-30,powerball,PB-S04,2006-08-30,main,exploration
PB-D-2006-09-02,powerball,PB-S04,2006-09-02,main,exploration
PB-D-2006-09-06,powerball,PB-S04,2006-09-06,main,exploration
PB-D-2006-09-09,powerball,PB-S04,2006-09-09,main,exploration
PB-D-2006-09-13,powerball,PB-S04,2006-09-13,main,exploration
PB-D-2006-09-16,powerball,PB-S04,2006-09-16,main,exploration
PB-D-2006-09-20,powerball,PB-S04,2006-09-20,main,exploration
PB-D-2006-09-23,powerball,PB-S04,2006-09-23,main,exploration
PB-D-2006-09-27,powerball,PB-S04,2006-09-27,main,exploration
PB-D-2006-09-30,powerball,PB-S04,2006-09-30,main,exploration
PB-D-2006-10-04,powerball,PB-S04,2006-10-04,main,exploration
PB-D-2006-10-07,powerball,PB-S04,2006-10-07,main,exploration
PB-D-2006-10-11,powerball,PB-S04,2006-10-11,main,exploration
PB-D-2006-10-14,powerball,PB-S04,2006-10-14,main,exploration
PB-D-2006-10-18,powerball,PB-S04,2006-10-18,main,exploration
PB-D-2006-10-21,powerball,PB-S04,2006-10-21,main,exploration
PB-D-2006-10-25,powerball,PB-S04,2006-10-25,main,exploration
PB-D-2006-10-28,powerball,PB-S04,2006-10-28,main,exploration
PB-D-2006-11-01,powerball,PB-S04,2006-11-01,main,exploration
PB-D-2006-11-04,powerball,PB-S04,2006-11-04,main,exploration
PB-D-2006-11-08,powerball,PB-S04,2006-11-08,main,exploration
PB-D-2006-11-11,powerball,PB-S04,2006-11-11,main,exploration
PB-D-2006-11-15,powerball,PB-S04,2006-11-15,main,exploration
PB-D-2006-11-18,powerball,PB-S04,2006-11-18,main,exploration
PB-D-2006-11-22,powerball,PB-S04,2006-11-22,main,exploration
PB-D-2006-11-25,powerball,PB-S04,2006-11-25,main,exploration
PB-D-2006-11-29,powerball,PB-S04,2006-11-29,main,exploration
PB-D-2006-12-02,powerball,PB-S04,2006-12-02,main,exploration
PB-D-2006-12-06,powerball,PB-S04,2006-12-06,main,exploration
PB-D-2006-12-09,powerball,PB-S04,2006-12-09,main,exploration
PB-D-2006-12-13,powerball,PB-S04,2006-12-13,main,exploration
PB-D-2006-12-16,powerball,PB-S04,2006-12-16,main,exploration
PB-D-2006-12-20,powerball,PB-S04,2006-12-20,main,exploration
PB-D-2006-12-23,powerball,PB-S04,2006-12-23,main,exploration
PB-D-2006-12-27,powerball,PB-S04,2006-12-27,main,exploration
PB-D-2006-12-30,powerball,PB-S04,2006-12-30,main,exploration
PB-D-2007-01-03,powerball,PB-S04,2007-01-03,main,exploration
PB-D-2007-01-06,powerball,PB-S04,2007-01-06,main,exploration
PB-D-2007-01-10,powerball,PB-S04,2007-01-10,main,exploration
PB-D-2007-01-13,powerball,PB-S04,2007-01-13,main,exploration
PB-D-2007-01-17,powerball,PB-S04,2007-01-17,main,exploration
PB-D-2007-01-20,powerball,PB-S04,2007-01-20,main,exploration
PB-D-2007-01-24,powerball,PB-S04,2007-01-24,main,exploration
PB-D-2007-01-27,powerball,PB-S04,2007-01-27,main,exploration
PB-D-2007-01-31,powerball,PB-S04,2007-01-31,main,exploration
PB-D-2007-02-03,powerball,PB-S04,2007-02-03,main,exploration
PB-D-2007-02-07,powerball,PB-S04,2007-02-07,main,exploration
PB-D-2007-02-10,powerball,PB-S04,2007-02-10,main,exploration
PB-D-2007-02-14,powerball,PB-S04,2007-02-14,main,exploration
PB-D-2007-02-17,powerball,PB-S04,2007-02-17,main,exploration
PB-D-2007-02-21,powerball,PB-S04,2007-02-21,main,exploration
PB-D-2007-02-24,powerball,PB-S04,2007-02-24,main,exploration
PB-D-2007-02-28,powerball,PB-S04,2007-02-28,main,exploration
PB-D-2007-03-03,powerball,PB-S04,2007-03-03,main,exploration
PB-D-2007-03-07,powerball,PB-S04,2007-03-07,main,exploration
PB-D-2007-03-10,powerball,PB-S04,2007-03-10,main,exploration
PB-D-2007-03-14,powerball,PB-S04,2007-03-14,main,exploration
PB-D-2007-03-17,powerball,PB-S04,2007-03-17,main,exploration
PB-D-2007-03-21,powerball,PB-S04,2007-03-21,main,exploration
PB-D-2007-03-24,powerball,PB-S04,2007-03-24,main,exploration
PB-D-2007-03-28,powerball,PB-S04,2007-03-28,main,exploration
PB-D-2007-03-31,powerball,PB-S04,2007-03-31,main,exploration
PB-D-2007-04-04,powerball,PB-S04,2007-04-04,main,exploration
PB-D-2007-04-07,powerball,PB-S04,2007-04-07,main,exploration
PB-D-2007-04-11,powerball,PB-S04,2007-04-11,main,exploration
PB-D-2007-04-14,powerball,PB-S04,2007-04-14,main,exploration
PB-D-2007-04-18,powerball,PB-S04,2007-04-18,main,exploration
PB-D-2007-04-21,powerball,PB-S04,2007-04-21,main,exploration
PB-D-2007-04-25,powerball,PB-S04,2007-04-25,main,exploration
PB-D-2007-04-28,powerball,PB-S04,2007-04-28,main,exploration
PB-D-2007-05-02,powerball,PB-S04,2007-05-02,main,exploration
PB-D-2007-05-05,powerball,PB-S04,2007-05-05,main,exploration
PB-D-2007-05-09,powerball,PB-S04,2007-05-09,main,exploration
PB-D-2007-05-12,powerball,PB-S04,2007-05-12,main,exploration
PB-D-2007-05-16,powerball,PB-S04,2007-05-16,main,exploration
PB-D-2007-05-19,powerball,PB-S04,2007-05-19,main,exploration
PB-D-2007-05-23,powerball,PB-S04,2007-05-23,main,exploration
PB-D-2007-05-26,powerball,PB-S04,2007-05-26,main,exploration
PB-D-2007-05-30,powerball,PB-S04,2007-05-30,main,exploration
PB-D-2007-06-02,powerball,PB-S04,2007-06-02,main,exploration
PB-D-2007-06-06,powerball,PB-S04,2007-06-06,main,exploration
PB-D-2007-06-09,powerball,PB-S04,2007-06-09,main,exploration
PB-D-2007-06-13,powerball,PB-S04,2007-06-13,main,exploration
PB-D-2007-06-16,powerball,PB-S04,2007-06-16,main,exploration
PB-D-2007-06-20,powerball,PB-S04,2007-06-20,main,exploration
PB-D-2007-06-23,powerball,PB-S04,2007-06-23,main,exploration
PB-D-2007-06-27,powerball,PB-S04,2007-06-27,main,exploration
PB-D-2007-06-30,powerball,PB-S04,2007-06-30,main,exploration
PB-D-2007-07-04,powerball,PB-S04,2007-07-04,main,exploration
PB-D-2007-07-07,powerball,PB-S04,2007-07-07,main,exploration
PB-D-2007-07-11,powerball,PB-S04,2007-07-11,main,exploration
PB-D-2007-07-14,powerball,PB-S04,2007-07-14,main,exploration
PB-D-2007-07-18,powerball,PB-S04,2007-07-18,main,exploration
PB-D-2007-07-21,powerball,PB-S04,2007-07-21,main,exploration
PB-D-2007-07-25,powerball,PB-S04,2007-07-25,main,exploration
PB-D-2007-07-28,powerball,PB-S04,2007-07-28,main,exploration
PB-D-2007-08-01,powerball,PB-S04,2007-08-01,main,exploration
PB-D-2007-08-04,powerball,PB-S04,2007-08-04,main,exploration
PB-D-2007-08-08,powerball,PB-S04,2007-08-08,main,exploration
PB-D-2007-08-11,powerball,PB-S04,2007-08-11,main,exploration
PB-D-2007-08-15,powerball,PB-S04,2007-08-15,main,exploration
PB-D-2007-08-18,powerball,PB-S04,2007-08-18,main,exploration
PB-D-2007-08-22,powerball,PB-S04,2007-08-22,main,exploration
PB-D-2007-08-25,powerball,PB-S04,2007-08-25,main,exploration
PB-D-2007-08-29,powerball,PB-S04,2007-08-29,main,exploration
PB-D-2007-09-01,powerball,PB-S04,2007-09-01,main,exploration
PB-D-2007-09-05,powerball,PB-S04,2007-09-05,main,exploration
PB-D-2007-09-08,powerball,PB-S04,2007-09-08,main,exploration
PB-D-2007-09-12,powerball,PB-S04,2007-09-12,main,exploration
PB-D-2007-09-15,powerball,PB-S04,2007-09-15,main,exploration
PB-D-2007-09-19,powerball,PB-S04,2007-09-19,main,exploration
PB-D-2007-09-22,powerball,PB-S04,2007-09-22,main,exploration
PB-D-2007-09-26,powerball,PB-S04,2007-09-26,main,exploration
PB-D-2007-09-29,powerball,PB-S04,2007-09-29,main,exploration
PB-D-2007-10-03,powerball,PB-S04,2007-10-03,main,exploration
PB-D-2007-10-06,powerball,PB-S04,2007-10-06,main,exploration
PB-D-2007-10-10,powerball,PB-S04,2007-10-10,main,exploration
PB-D-2007-10-13,powerball,PB-S04,2007-10-13,main,exploration
PB-D-2007-10-17,powerball,PB-S04,2007-10-17,main,exploration
PB-D-2007-10-20,powerball,PB-S04,2007-10-20,main,exploration
PB-D-2007-10-24,powerball,PB-S04,2007-10-24,main,exploration
PB-D-2007-10-27,powerball,PB-S04,2007-10-27,main,exploration
PB-D-2007-10-31,powerball,PB-S04,2007-10-31,main,exploration
PB-D-2007-11-03,powerball,PB-S04,2007-11-03,main,exploration
PB-D-2007-11-07,powerball,PB-S04,2007-11-07,main,exploration
PB-D-2007-11-10,powerball,PB-S04,2007-11-10,main,exploration
PB-D-2007-11-14,powerball,PB-S04,2007-11-14,main,exploration
PB-D-2007-11-17,powerball,PB-S04,2007-11-17,main,exploration
PB-D-2007-11-21,powerball,PB-S04,2007-11-21,main,exploration
PB-D-2007-11-24,powerball,PB-S04,2007-11-24,main,exploration
PB-D-2007-11-28,powerball,PB-S04,2007-11-28,main,exploration
PB-D-2007-12-01,powerball,PB-S04,2007-12-01,main,exploration
PB-D-2007-12-05,powerball,PB-S04,2007-12-05,main,exploration
PB-D-2007-12-08,powerball,PB-S04,2007-12-08,main,exploration
PB-D-2007-12-12,powerball,PB-S04,2007-12-12,main,exploration
PB-D-2007-12-15,powerball,PB-S04,2007-12-15,main,exploration
PB-D-2007-12-19,powerball,PB-S04,2007-12-19,main,exploration
PB-D-2007-12-22,powerball,PB-S04,2007-12-22,main,exploration
PB-D-2007-12-26,powerball,PB-S04,2007-12-26,main,exploration
PB-D-2007-12-29,powerball,PB-S04,2007-12-29,main,exploration
PB-D-2008-01-02,powerball,PB-S04,2008-01-02,main,exploration
PB-D-2008-01-05,powerball,PB-S04,2008-01-05,main,exploration
PB-D-2008-01-09,powerball,PB-S04,2008-01-09,main,exploration
PB-D-2008-01-12,powerball,PB-S04,2008-01-12,main,exploration
PB-D-2008-01-16,powerball,PB-S04,2008-01-16,main,exploration
PB-D-2008-01-19,powerball,PB-S04,2008-01-19,main,exploration
PB-D-2008-01-23,powerball,PB-S04,2008-01-23,main,exploration
PB-D-2008-01-26,powerball,PB-S04,2008-01-26,main,exploration
PB-D-2008-01-30,powerball,PB-S04,2008-01-30,main,exploration
PB-D-2008-02-02,powerball,PB-S04,2008-02-02,main,exploration
PB-D-2008-02-06,powerball,PB-S04,2008-02-06,main,exploration
PB-D-2008-02-09,powerball,PB-S04,2008-02-09,main,exploration
PB-D-2008-02-13,powerball,PB-S04,2008-02-13,main,exploration
PB-D-2008-02-16,powerball,PB-S04,2008-02-16,main,exploration
PB-D-2008-02-20,powerball,PB-S04,2008-02-20,main,exploration
PB-D-2008-02-23,powerball,PB-S04,2008-02-23,main,exploration
PB-D-2008-02-27,powerball,PB-S04,2008-02-27,main,exploration
PB-D-2008-03-01,powerball,PB-S04,2008-03-01,main,exploration
PB-D-2008-03-05,powerball,PB-S04,2008-03-05,main,exploration
PB-D-2008-03-08,powerball,PB-S04,2008-03-08,main,exploration
PB-D-2008-03-12,powerball,PB-S04,2008-03-12,main,exploration
PB-D-2008-03-15,powerball,PB-S04,2008-03-15,main,exploration
PB-D-2008-03-19,powerball,PB-S04,2008-03-19,main,exploration
PB-D-2008-03-22,powerball,PB-S04,2008-03-22,main,exploration
PB-D-2008-03-26,powerball,PB-S04,2008-03-26,main,exploration
PB-D-2008-03-29,powerball,PB-S04,2008-03-29,main,exploration
PB-D-2008-04-02,powerball,PB-S04,2008-04-02,main,exploration
PB-D-2008-04-05,powerball,PB-S04,2008-04-05,main,exploration
PB-D-2008-04-09,powerball,PB-S04,2008-04-09,main,exploration
PB-D-2008-04-12,powerball,PB-S04,2008-04-12,main,exploration
PB-D-2008-04-16,powerball,PB-S04,2008-04-16,main,exploration
PB-D-2008-04-19,powerball,PB-S04,2008-04-19,main,exploration
PB-D-2008-04-23,powerball,PB-S04,2008-04-23,main,exploration
PB-D-2008-04-26,powerball,PB-S04,2008-04-26,main,exploration
PB-D-2008-04-30,powerball,PB-S04,2008-04-30,main,exploration
PB-D-2008-05-03,powerball,PB-S04,2008-05-03,main,exploration
PB-D-2009-01-07,powerball,PB-S05,2009-01-07,main,exploration
PB-D-2009-01-10,powerball,PB-S05,2009-01-10,main,exploration
PB-D-2009-01-14,powerball,PB-S05,2009-01-14,main,exploration
PB-D-2009-01-17,powerball,PB-S05,2009-01-17,main,exploration
PB-D-2009-01-21,powerball,PB-S05,2009-01-21,main,exploration
PB-D-2009-01-24,powerball,PB-S05,2009-01-24,main,exploration
PB-D-2009-01-28,powerball,PB-S05,2009-01-28,main,exploration
PB-D-2009-01-31,powerball,PB-S05,2009-01-31,main,exploration
PB-D-2009-02-04,powerball,PB-S05,2009-02-04,main,exploration
PB-D-2009-02-07,powerball,PB-S05,2009-02-07,main,exploration
PB-D-2009-02-11,powerball,PB-S05,2009-02-11,main,exploration
PB-D-2009-02-14,powerball,PB-S05,2009-02-14,main,exploration
PB-D-2009-02-18,powerball,PB-S05,2009-02-18,main,exploration
PB-D-2009-02-21,powerball,PB-S05,2009-02-21,main,exploration
PB-D-2009-02-25,powerball,PB-S05,2009-02-25,main,exploration
PB-D-2009-02-28,powerball,PB-S05,2009-02-28,main,exploration
PB-D-2009-03-04,powerball,PB-S05,2009-03-04,main,exploration
PB-D-2009-03-07,powerball,PB-S05,2009-03-07,main,exploration
PB-D-2009-03-11,powerball,PB-S05,2009-03-11,main,exploration
PB-D-2009-03-14,powerball,PB-S05,2009-03-14,main,exploration
PB-D-2009-03-18,powerball,PB-S05,2009-03-18,main,exploration
PB-D-2009-03-21,powerball,PB-S05,2009-03-21,main,exploration
PB-D-2009-03-25,powerball,PB-S05,2009-03-25,main,exploration
PB-D-2009-03-28,powerball,PB-S05,2009-03-28,main,exploration
PB-D-2009-04-01,powerball,PB-S05,2009-04-01,main,exploration
PB-D-2009-04-04,powerball,PB-S05,2009-04-04,main,exploration
PB-D-2009-04-08,powerball,PB-S05,2009-04-08,main,exploration
PB-D-2009-04-11,powerball,PB-S05,2009-04-11,main,exploration
PB-D-2009-04-15,powerball,PB-S05,2009-04-15,main,exploration
PB-D-2009-04-18,powerball,PB-S05,2009-04-18,main,exploration
PB-D-2009-04-22,powerball,PB-S05,2009-04-22,main,exploration
PB-D-2009-04-25,powerball,PB-S05,2009-04-25,main,exploration
PB-D-2009-04-29,powerball,PB-S05,2009-04-29,main,exploration
PB-D-2009-05-02,powerball,PB-S05,2009-05-02,main,exploration
PB-D-2009-05-06,powerball,PB-S05,2009-05-06,main,exploration
PB-D-2009-05-09,powerball,PB-S05,2009-05-09,main,exploration
PB-D-2009-05-13,powerball,PB-S05,2009-05-13,main,exploration
PB-D-2009-05-16,powerball,PB-S05,2009-05-16,main,exploration
PB-D-2009-05-20,powerball,PB-S05,2009-05-20,main,exploration
PB-D-2009-05-23,powerball,PB-S05,2009-05-23,main,exploration
PB-D-2009-05-27,powerball,PB-S05,2009-05-27,main,exploration
PB-D-2009-05-30,powerball,PB-S05,2009-05-30,main,exploration
PB-D-2009-06-03,powerball,PB-S05,2009-06-03,main,exploration
PB-D-2009-06-06,powerball,PB-S05,2009-06-06,main,exploration
PB-D-2009-06-10,powerball,PB-S05,2009-06-10,main,exploration
PB-D-2009-06-13,powerball,PB-S05,2009-06-13,main,exploration
PB-D-2009-06-17,powerball,PB-S05,2009-06-17,main,exploration
PB-D-2009-06-20,powerball,PB-S05,2009-06-20,main,exploration
PB-D-2009-06-24,powerball,PB-S05,2009-06-24,main,exploration
PB-D-2009-06-27,powerball,PB-S05,2009-06-27,main,exploration
PB-D-2009-07-01,powerball,PB-S05,2009-07-01,main,exploration
PB-D-2009-07-04,powerball,PB-S05,2009-07-04,main,exploration
PB-D-2009-07-08,powerball,PB-S05,2009-07-08,main,exploration
PB-D-2009-07-11,powerball,PB-S05,2009-07-11,main,exploration
PB-D-2009-07-15,powerball,PB-S05,2009-07-15,main,exploration
PB-D-2009-07-18,powerball,PB-S05,2009-07-18,main,exploration
PB-D-2009-07-22,powerball,PB-S05,2009-07-22,main,exploration
PB-D-2009-07-25,powerball,PB-S05,2009-07-25,main,exploration
PB-D-2009-07-29,powerball,PB-S05,2009-07-29,main,exploration
PB-D-2009-08-01,powerball,PB-S05,2009-08-01,main,exploration
PB-D-2009-08-05,powerball,PB-S05,2009-08-05,main,exploration
PB-D-2009-08-08,powerball,PB-S05,2009-08-08,main,exploration
PB-D-2009-08-12,powerball,PB-S05,2009-08-12,main,exploration
PB-D-2009-08-15,powerball,PB-S05,2009-08-15,main,exploration
PB-D-2009-08-19,powerball,PB-S05,2009-08-19,main,exploration
PB-D-2009-08-22,powerball,PB-S05,2009-08-22,main,exploration
PB-D-2009-08-26,powerball,PB-S05,2009-08-26,main,exploration
PB-D-2009-08-29,powerball,PB-S05,2009-08-29,main,exploration
PB-D-2009-09-02,powerball,PB-S05,2009-09-02,main,exploration
PB-D-2009-09-05,powerball,PB-S05,2009-09-05,main,exploration
PB-D-2009-09-09,powerball,PB-S05,2009-09-09,main,exploration
PB-D-2009-09-12,powerball,PB-S05,2009-09-12,main,exploration
PB-D-2009-09-16,powerball,PB-S05,2009-09-16,main,exploration
PB-D-2009-09-19,powerball,PB-S05,2009-09-19,main,exploration
PB-D-2009-09-23,powerball,PB-S05,2009-09-23,main,exploration
PB-D-2009-09-26,powerball,PB-S05,2009-09-26,main,exploration
PB-D-2009-09-30,powerball,PB-S05,2009-09-30,main,exploration
PB-D-2009-10-03,powerball,PB-S05,2009-10-03,main,exploration
PB-D-2009-10-07,powerball,PB-S05,2009-10-07,main,exploration
PB-D-2009-10-10,powerball,PB-S05,2009-10-10,main,exploration
PB-D-2009-10-14,powerball,PB-S05,2009-10-14,main,exploration
PB-D-2009-10-17,powerball,PB-S05,2009-10-17,main,exploration
PB-D-2009-10-21,powerball,PB-S05,2009-10-21,main,exploration
PB-D-2009-10-24,powerball,PB-S05,2009-10-24,main,exploration
PB-D-2009-10-28,powerball,PB-S05,2009-10-28,main,exploration
PB-D-2009-10-31,powerball,PB-S05,2009-10-31,main,exploration
PB-D-2009-11-04,powerball,PB-S05,2009-11-04,main,exploration
PB-D-2009-11-07,powerball,PB-S05,2009-11-07,main,exploration
PB-D-2009-11-11,powerball,PB-S05,2009-11-11,main,exploration
PB-D-2009-11-14,powerball,PB-S05,2009-11-14,main,exploration
PB-D-2009-11-18,powerball,PB-S05,2009-11-18,main,exploration
PB-D-2009-11-21,powerball,PB-S05,2009-11-21,main,exploration
PB-D-2009-11-25,powerball,PB-S05,2009-11-25,main,exploration
PB-D-2009-11-28,powerball,PB-S05,2009-11-28,main,exploration
PB-D-2009-12-02,powerball,PB-S05,2009-12-02,main,exploration
PB-D-2009-12-05,powerball,PB-S05,2009-12-05,main,exploration
PB-D-2009-12-09,powerball,PB-S05,2009-12-09,main,exploration
PB-D-2009-12-12,powerball,PB-S05,2009-12-12,main,exploration
PB-D-2009-12-16,powerball,PB-S05,2009-12-16,main,exploration
PB-D-2009-12-19,powerball,PB-S05,2009-12-19,main,exploration
PB-D-2009-12-23,powerball,PB-S05,2009-12-23,main,exploration
PB-D-2009-12-26,powerball,PB-S05,2009-12-26,main,exploration
PB-D-2009-12-30,powerball,PB-S05,2009-12-30,main,exploration
PB-D-2010-01-02,powerball,PB-S05,2010-01-02,main,exploration
PB-D-2010-01-06,powerball,PB-S05,2010-01-06,main,exploration
PB-D-2010-01-09,powerball,PB-S05,2010-01-09,main,exploration
PB-D-2010-01-13,powerball,PB-S05,2010-01-13,main,exploration
PB-D-2010-01-16,powerball,PB-S05,2010-01-16,main,exploration
PB-D-2010-01-20,powerball,PB-S05,2010-01-20,main,exploration
PB-D-2010-01-23,powerball,PB-S05,2010-01-23,main,exploration
PB-D-2010-01-27,powerball,PB-S05,2010-01-27,main,exploration
PB-D-2010-01-30,powerball,PB-S05,2010-01-30,main,exploration
PB-D-2010-02-03,powerball,PB-S05,2010-02-03,main,exploration
PB-D-2010-02-06,powerball,PB-S05,2010-02-06,main,exploration
PB-D-2010-02-10,powerball,PB-S05,2010-02-10,main,exploration
PB-D-2010-02-13,powerball,PB-S05,2010-02-13,main,exploration
PB-D-2010-02-17,powerball,PB-S05,2010-02-17,main,exploration
PB-D-2010-02-20,powerball,PB-S05,2010-02-20,main,exploration
PB-D-2010-02-24,powerball,PB-S05,2010-02-24,main,exploration
PB-D-2010-02-27,powerball,PB-S05,2010-02-27,main,exploration
PB-D-2010-03-03,powerball,PB-S05,2010-03-03,main,exploration
PB-D-2010-03-06,powerball,PB-S05,2010-03-06,main,exploration
PB-D-2010-03-10,powerball,PB-S05,2010-03-10,main,exploration
PB-D-2010-03-13,powerball,PB-S05,2010-03-13,main,exploration
PB-D-2010-03-17,powerball,PB-S05,2010-03-17,main,exploration
PB-D-2010-03-20,powerball,PB-S05,2010-03-20,main,exploration
PB-D-2010-03-24,powerball,PB-S05,2010-03-24,main,exploration
PB-D-2010-03-27,powerball,PB-S05,2010-03-27,main,exploration
PB-D-2010-03-31,powerball,PB-S05,2010-03-31,main,exploration
PB-D-2010-04-03,powerball,PB-S05,2010-04-03,main,exploration
PB-D-2010-04-07,powerball,PB-S05,2010-04-07,main,exploration
PB-D-2010-04-10,powerball,PB-S05,2010-04-10,main,exploration
PB-D-2010-04-14,powerball,PB-S05,2010-04-14,main,exploration
PB-D-2010-04-17,powerball,PB-S05,2010-04-17,main,exploration
PB-D-2010-04-21,powerball,PB-S05,2010-04-21,main,exploration
PB-D-2010-04-24,powerball,PB-S05,2010-04-24,main,exploration
PB-D-2010-04-28,powerball,PB-S05,2010-04-28,main,exploration
PB-D-2010-05-01,powerball,PB-S05,2010-05-01,main,exploration
PB-D-2010-05-05,powerball,PB-S05,2010-05-05,main,exploration
PB-D-2010-05-08,powerball,PB-S05,2010-05-08,main,exploration
PB-D-2010-05-12,powerball,PB-S05,2010-05-12,main,exploration
PB-D-2010-05-15,powerball,PB-S05,2010-05-15,main,exploration
PB-D-2010-05-19,powerball,PB-S05,2010-05-19,main,exploration
PB-D-2010-05-22,powerball,PB-S05,2010-05-22,main,exploration
PB-D-2010-05-26,powerball,PB-S05,2010-05-26,main,exploration
PB-D-2010-05-29,powerball,PB-S05,2010-05-29,main,exploration
PB-D-2010-06-02,powerball,PB-S05,2010-06-02,main,exploration
PB-D-2010-06-05,powerball,PB-S05,2010-06-05,main,exploration
PB-D-2010-06-09,powerball,PB-S05,2010-06-09,main,exploration
PB-D-2010-06-12,powerball,PB-S05,2010-06-12,main,exploration
PB-D-2010-06-16,powerball,PB-S05,2010-06-16,main,exploration
PB-D-2010-06-19,powerball,PB-S05,2010-06-19,main,exploration
PB-D-2010-06-23,powerball,PB-S05,2010-06-23,main,exploration
PB-D-2010-06-26,powerball,PB-S05,2010-06-26,main,exploration
PB-D-2010-06-30,powerball,PB-S05,2010-06-30,main,exploration
PB-D-2010-07-03,powerball,PB-S05,2010-07-03,main,exploration
PB-D-2010-07-07,powerball,PB-S05,2010-07-07,main,exploration
PB-D-2010-07-10,powerball,PB-S05,2010-07-10,main,exploration
PB-D-2010-07-14,powerball,PB-S05,2010-07-14,main,exploration
PB-D-2010-07-17,powerball,PB-S05,2010-07-17,main,exploration
PB-D-2010-07-21,powerball,PB-S05,2010-07-21,main,exploration
PB-D-2010-07-24,powerball,PB-S05,2010-07-24,main,exploration
PB-D-2010-07-28,powerball,PB-S05,2010-07-28,main,exploration
PB-D-2010-07-31,powerball,PB-S05,2010-07-31,main,exploration
PB-D-2010-08-04,powerball,PB-S05,2010-08-04,main,exploration
PB-D-2010-08-07,powerball,PB-S05,2010-08-07,main,exploration
PB-D-2010-08-11,powerball,PB-S05,2010-08-11,main,exploration
PB-D-2010-08-14,powerball,PB-S05,2010-08-14,main,exploration
PB-D-2010-08-18,powerball,PB-S05,2010-08-18,main,exploration
PB-D-2010-08-21,powerball,PB-S05,2010-08-21,main,exploration
PB-D-2010-08-25,powerball,PB-S05,2010-08-25,main,exploration
PB-D-2010-08-28,powerball,PB-S05,2010-08-28,main,exploration
PB-D-2010-09-01,powerball,PB-S05,2010-09-01,main,exploration
PB-D-2010-09-04,powerball,PB-S05,2010-09-04,main,exploration
PB-D-2010-09-08,powerball,PB-S05,2010-09-08,main,exploration
PB-D-2010-09-11,powerball,PB-S05,2010-09-11,main,exploration
PB-D-2010-09-15,powerball,PB-S05,2010-09-15,main,exploration
PB-D-2010-09-18,powerball,PB-S05,2010-09-18,main,exploration
PB-D-2010-09-22,powerball,PB-S05,2010-09-22,main,exploration
PB-D-2010-09-25,powerball,PB-S05,2010-09-25,main,exploration
PB-D-2010-09-29,powerball,PB-S05,2010-09-29,main,exploration
PB-D-2010-10-02,powerball,PB-S05,2010-10-02,main,exploration
PB-D-2010-10-06,powerball,PB-S05,2010-10-06,main,exploration
PB-D-2010-10-09,powerball,PB-S05,2010-10-09,main,exploration
PB-D-2010-10-13,powerball,PB-S05,2010-10-13,main,exploration
PB-D-2010-10-16,powerball,PB-S05,2010-10-16,main,exploration
PB-D-2010-10-20,powerball,PB-S05,2010-10-20,main,exploration
PB-D-2010-10-23,powerball,PB-S05,2010-10-23,main,exploration
PB-D-2010-10-27,powerball,PB-S05,2010-10-27,main,exploration
PB-D-2010-10-30,powerball,PB-S05,2010-10-30,main,exploration
PB-D-2010-11-03,powerball,PB-S05,2010-11-03,main,exploration
PB-D-2010-11-06,powerball,PB-S05,2010-11-06,main,exploration
PB-D-2010-11-10,powerball,PB-S05,2010-11-10,main,exploration
PB-D-2010-11-13,powerball,PB-S05,2010-11-13,main,exploration
PB-D-2010-11-17,powerball,PB-S05,2010-11-17,main,exploration
PB-D-2010-11-20,powerball,PB-S05,2010-11-20,main,exploration
PB-D-2010-11-24,powerball,PB-S05,2010-11-24,main,exploration
PB-D-2010-11-27,powerball,PB-S05,2010-11-27,main,exploration
PB-D-2010-12-01,powerball,PB-S05,2010-12-01,main,exploration
PB-D-2010-12-04,powerball,PB-S05,2010-12-04,main,exploration
PB-D-2010-12-08,powerball,PB-S05,2010-12-08,main,exploration
PB-D-2010-12-11,powerball,PB-S05,2010-12-11,main,exploration
PB-D-2010-12-15,powerball,PB-S05,2010-12-15,main,exploration
PB-D-2010-12-18,powerball,PB-S05,2010-12-18,main,exploration
PB-D-2010-12-22,powerball,PB-S05,2010-12-22,main,exploration
PB-D-2010-12-25,powerball,PB-S05,2010-12-25,main,exploration
PB-D-2010-12-29,powerball,PB-S05,2010-12-29,main,exploration
PB-D-2011-01-01,powerball,PB-S05,2011-01-01,main,exploration
PB-D-2011-01-05,powerball,PB-S05,2011-01-05,main,exploration
PB-D-2011-01-08,powerball,PB-S05,2011-01-08,main,exploration
PB-D-2011-01-12,powerball,PB-S05,2011-01-12,main,exploration
PB-D-2011-01-15,powerball,PB-S05,2011-01-15,main,exploration
PB-D-2011-01-19,powerball,PB-S05,2011-01-19,main,exploration
PB-D-2011-01-22,powerball,PB-S05,2011-01-22,main,exploration
PB-D-2011-01-26,powerball,PB-S05,2011-01-26,main,exploration
PB-D-2011-01-29,powerball,PB-S05,2011-01-29,main,exploration
PB-D-2011-02-02,powerball,PB-S05,2011-02-02,main,exploration
PB-D-2011-02-05,powerball,PB-S05,2011-02-05,main,exploration
PB-D-2011-02-09,powerball,PB-S05,2011-02-09,main,exploration
PB-D-2011-02-12,powerball,PB-S05,2011-02-12,main,exploration
PB-D-2011-02-16,powerball,PB-S05,2011-02-16,main,exploration
PB-D-2011-02-19,powerball,PB-S05,2011-02-19,main,exploration
PB-D-2011-02-23,powerball,PB-S05,2011-02-23,main,exploration
PB-D-2011-02-26,powerball,PB-S05,2011-02-26,main,exploration
PB-D-2011-03-02,powerball,PB-S05,2011-03-02,main,exploration
PB-D-2011-03-05,powerball,PB-S05,2011-03-05,main,exploration
PB-D-2011-03-09,powerball,PB-S05,2011-03-09,main,exploration
PB-D-2011-03-12,powerball,PB-S05,2011-03-12,main,exploration
PB-D-2011-03-16,powerball,PB-S05,2011-03-16,main,exploration
PB-D-2011-03-19,powerball,PB-S05,2011-03-19,main,exploration
PB-D-2011-03-23,powerball,PB-S05,2011-03-23,main,exploration
PB-D-2011-03-26,powerball,PB-S05,2011-03-26,main,exploration
PB-D-2011-03-30,powerball,PB-S05,2011-03-30,main,exploration
PB-D-2011-04-02,powerball,PB-S05,2011-04-02,main,exploration
PB-D-2011-04-06,powerball,PB-S05,2011-04-06,main,exploration
PB-D-2011-04-09,powerball,PB-S05,2011-04-09,main,exploration
PB-D-2011-04-13,powerball,PB-S05,2011-04-13,main,exploration
PB-D-2011-04-16,powerball,PB-S05,2011-04-16,main,exploration
PB-D-2011-04-20,powerball,PB-S05,2011-04-20,main,exploration
PB-D-2011-04-23,powerball,PB-S05,2011-04-23,main,exploration
PB-D-2011-04-27,powerball,PB-S05,2011-04-27,main,exploration
PB-D-2011-04-30,powerball,PB-S05,2011-04-30,main,exploration
PB-D-2011-05-04,powerball,PB-S05,2011-05-04,main,exploration
PB-D-2011-05-07,powerball,PB-S05,2011-05-07,main,exploration
PB-D-2011-05-11,powerball,PB-S05,2011-05-11,main,exploration
PB-D-2011-05-14,powerball,PB-S05,2011-05-14,main,exploration
PB-D-2011-05-18,powerball,PB-S05,2011-05-18,main,exploration
PB-D-2011-05-21,powerball,PB-S05,2011-05-21,main,exploration
PB-D-2011-05-25,powerball,PB-S05,2011-05-25,main,exploration
PB-D-2011-05-28,powerball,PB-S05,2011-05-28,main,exploration
PB-D-2011-06-01,powerball,PB-S05,2011-06-01,main,exploration
PB-D-2011-06-04,powerball,PB-S05,2011-06-04,main,exploration
PB-D-2012-01-18,powerball,PB-S06,2012-01-18,main,exploration
PB-D-2012-01-21,powerball,PB-S06,2012-01-21,main,exploration
PB-D-2012-01-25,powerball,PB-S06,2012-01-25,main,exploration
PB-D-2012-01-28,powerball,PB-S06,2012-01-28,main,exploration
PB-D-2012-02-01,powerball,PB-S06,2012-02-01,main,exploration
PB-D-2012-02-04,powerball,PB-S06,2012-02-04,main,exploration
PB-D-2012-02-08,powerball,PB-S06,2012-02-08,main,exploration
PB-D-2012-02-11,powerball,PB-S06,2012-02-11,main,exploration
PB-D-2012-02-15,powerball,PB-S06,2012-02-15,main,exploration
PB-D-2012-02-18,powerball,PB-S06,2012-02-18,main,exploration
PB-D-2012-02-22,powerball,PB-S06,2012-02-22,main,exploration
PB-D-2012-02-25,powerball,PB-S06,2012-02-25,main,exploration
PB-D-2012-02-29,powerball,PB-S06,2012-02-29,main,exploration
PB-D-2012-03-03,powerball,PB-S06,2012-03-03,main,exploration
PB-D-2012-03-07,powerball,PB-S06,2012-03-07,main,exploration
PB-D-2012-03-10,powerball,PB-S06,2012-03-10,main,exploration
PB-D-2012-03-14,powerball,PB-S06,2012-03-14,main,exploration
PB-D-2012-03-17,powerball,PB-S06,2012-03-17,main,exploration
PB-D-2012-03-21,powerball,PB-S06,2012-03-21,main,exploration
PB-D-2012-03-24,powerball,PB-S06,2012-03-24,main,exploration
PB-D-2012-03-28,powerball,PB-S06,2012-03-28,main,exploration
PB-D-2012-03-31,powerball,PB-S06,2012-03-31,main,exploration
PB-D-2012-04-04,powerball,PB-S06,2012-04-04,main,exploration
PB-D-2012-04-07,powerball,PB-S06,2012-04-07,main,exploration
PB-D-2012-04-11,powerball,PB-S06,2012-04-11,main,exploration
PB-D-2012-04-14,powerball,PB-S06,2012-04-14,main,exploration
PB-D-2012-04-18,powerball,PB-S06,2012-04-18,main,exploration
PB-D-2012-04-21,powerball,PB-S06,2012-04-21,main,exploration
PB-D-2012-04-25,powerball,PB-S06,2012-04-25,main,exploration
PB-D-2012-04-28,powerball,PB-S06,2012-04-28,main,exploration
PB-D-2012-05-02,powerball,PB-S06,2012-05-02,main,exploration
PB-D-2012-05-05,powerball,PB-S06,2012-05-05,main,exploration
PB-D-2012-05-09,powerball,PB-S06,2012-05-09,main,exploration
PB-D-2012-05-12,powerball,PB-S06,2012-05-12,main,exploration
PB-D-2012-05-16,powerball,PB-S06,2012-05-16,main,exploration
PB-D-2012-05-19,powerball,PB-S06,2012-05-19,main,exploration
PB-D-2012-05-23,powerball,PB-S06,2012-05-23,main,exploration
PB-D-2012-05-26,powerball,PB-S06,2012-05-26,main,exploration
PB-D-2012-05-30,powerball,PB-S06,2012-05-30,main,exploration
PB-D-2012-06-02,powerball,PB-S06,2012-06-02,main,exploration
PB-D-2012-06-06,powerball,PB-S06,2012-06-06,main,exploration
PB-D-2012-06-09,powerball,PB-S06,2012-06-09,main,exploration
PB-D-2012-06-13,powerball,PB-S06,2012-06-13,main,exploration
PB-D-2012-06-16,powerball,PB-S06,2012-06-16,main,exploration
PB-D-2012-06-20,powerball,PB-S06,2012-06-20,main,exploration
PB-D-2012-06-23,powerball,PB-S06,2012-06-23,main,exploration
PB-D-2012-06-27,powerball,PB-S06,2012-06-27,main,exploration
PB-D-2012-06-30,powerball,PB-S06,2012-06-30,main,exploration
PB-D-2012-07-04,powerball,PB-S06,2012-07-04,main,exploration
PB-D-2012-07-07,powerball,PB-S06,2012-07-07,main,exploration
PB-D-2012-07-11,powerball,PB-S06,2012-07-11,main,exploration
PB-D-2012-07-14,powerball,PB-S06,2012-07-14,main,exploration
PB-D-2012-07-18,powerball,PB-S06,2012-07-18,main,exploration
PB-D-2012-07-21,powerball,PB-S06,2012-07-21,main,exploration
PB-D-2012-07-25,powerball,PB-S06,2012-07-25,main,exploration
PB-D-2012-07-28,powerball,PB-S06,2012-07-28,main,exploration
PB-D-2012-08-01,powerball,PB-S06,2012-08-01,main,exploration
PB-D-2012-08-04,powerball,PB-S06,2012-08-04,main,exploration
PB-D-2012-08-08,powerball,PB-S06,2012-08-08,main,exploration
PB-D-2012-08-11,powerball,PB-S06,2012-08-11,main,exploration
PB-D-2012-08-15,powerball,PB-S06,2012-08-15,main,exploration
PB-D-2012-08-18,powerball,PB-S06,2012-08-18,main,exploration
PB-D-2012-08-22,powerball,PB-S06,2012-08-22,main,exploration
PB-D-2012-08-25,powerball,PB-S06,2012-08-25,main,exploration
PB-D-2012-08-29,powerball,PB-S06,2012-08-29,main,exploration
PB-D-2012-09-01,powerball,PB-S06,2012-09-01,main,exploration
PB-D-2012-09-05,powerball,PB-S06,2012-09-05,main,exploration
PB-D-2012-09-08,powerball,PB-S06,2012-09-08,main,exploration
PB-D-2012-09-12,powerball,PB-S06,2012-09-12,main,exploration
PB-D-2012-09-15,powerball,PB-S06,2012-09-15,main,exploration
PB-D-2012-09-19,powerball,PB-S06,2012-09-19,main,exploration
PB-D-2012-09-22,powerball,PB-S06,2012-09-22,main,exploration
PB-D-2012-09-26,powerball,PB-S06,2012-09-26,main,exploration
PB-D-2012-09-29,powerball,PB-S06,2012-09-29,main,exploration
PB-D-2012-10-03,powerball,PB-S06,2012-10-03,main,exploration
PB-D-2012-10-06,powerball,PB-S06,2012-10-06,main,exploration
PB-D-2012-10-10,powerball,PB-S06,2012-10-10,main,exploration
PB-D-2012-10-13,powerball,PB-S06,2012-10-13,main,exploration
PB-D-2012-10-17,powerball,PB-S06,2012-10-17,main,exploration
PB-D-2012-10-20,powerball,PB-S06,2012-10-20,main,exploration
PB-D-2012-10-24,powerball,PB-S06,2012-10-24,main,exploration
PB-D-2012-10-27,powerball,PB-S06,2012-10-27,main,exploration
PB-D-2012-10-31,powerball,PB-S06,2012-10-31,main,exploration
PB-D-2012-11-03,powerball,PB-S06,2012-11-03,main,exploration
PB-D-2012-11-07,powerball,PB-S06,2012-11-07,main,exploration
PB-D-2012-11-10,powerball,PB-S06,2012-11-10,main,exploration
PB-D-2012-11-14,powerball,PB-S06,2012-11-14,main,exploration
PB-D-2012-11-17,powerball,PB-S06,2012-11-17,main,exploration
PB-D-2012-11-21,powerball,PB-S06,2012-11-21,main,exploration
PB-D-2012-11-24,powerball,PB-S06,2012-11-24,main,exploration
PB-D-2012-11-28,powerball,PB-S06,2012-11-28,main,exploration
PB-D-2012-12-01,powerball,PB-S06,2012-12-01,main,exploration
PB-D-2012-12-05,powerball,PB-S06,2012-12-05,main,exploration
PB-D-2012-12-08,powerball,PB-S06,2012-12-08,main,exploration
PB-D-2012-12-12,powerball,PB-S06,2012-12-12,main,exploration
PB-D-2012-12-15,powerball,PB-S06,2012-12-15,main,exploration
PB-D-2012-12-19,powerball,PB-S06,2012-12-19,main,exploration
PB-D-2012-12-22,powerball,PB-S06,2012-12-22,main,exploration
PB-D-2012-12-26,powerball,PB-S06,2012-12-26,main,exploration
PB-D-2012-12-29,powerball,PB-S06,2012-12-29,main,exploration
PB-D-2013-01-02,powerball,PB-S06,2013-01-02,main,exploration
PB-D-2013-01-05,powerball,PB-S06,2013-01-05,main,exploration
PB-D-2013-01-09,powerball,PB-S06,2013-01-09,main,exploration
PB-D-2013-01-12,powerball,PB-S06,2013-01-12,main,exploration
PB-D-2013-01-16,powerball,PB-S06,2013-01-16,main,exploration
PB-D-2013-01-19,powerball,PB-S06,2013-01-19,main,exploration
PB-D-2013-01-23,powerball,PB-S06,2013-01-23,main,exploration
PB-D-2013-01-26,powerball,PB-S06,2013-01-26,main,exploration
PB-D-2013-01-30,powerball,PB-S06,2013-01-30,main,exploration
PB-D-2013-02-02,powerball,PB-S06,2013-02-02,main,exploration
PB-D-2013-02-06,powerball,PB-S06,2013-02-06,main,exploration
PB-D-2013-02-09,powerball,PB-S06,2013-02-09,main,exploration
PB-D-2013-02-13,powerball,PB-S06,2013-02-13,main,exploration
PB-D-2013-02-16,powerball,PB-S06,2013-02-16,main,exploration
PB-D-2013-02-20,powerball,PB-S06,2013-02-20,main,exploration
PB-D-2013-02-23,powerball,PB-S06,2013-02-23,main,exploration
PB-D-2013-02-27,powerball,PB-S06,2013-02-27,main,exploration
PB-D-2013-03-02,powerball,PB-S06,2013-03-02,main,exploration
PB-D-2013-03-06,powerball,PB-S06,2013-03-06,main,exploration
PB-D-2013-03-09,powerball,PB-S06,2013-03-09,main,exploration
PB-D-2013-03-13,powerball,PB-S06,2013-03-13,main,exploration
PB-D-2013-03-16,powerball,PB-S06,2013-03-16,main,exploration
PB-D-2013-03-20,powerball,PB-S06,2013-03-20,main,exploration
PB-D-2013-03-23,powerball,PB-S06,2013-03-23,main,exploration
PB-D-2013-03-27,powerball,PB-S06,2013-03-27,main,exploration
PB-D-2013-03-30,powerball,PB-S06,2013-03-30,main,exploration
PB-D-2013-04-03,powerball,PB-S06,2013-04-03,main,exploration
PB-D-2013-04-06,powerball,PB-S06,2013-04-06,main,exploration
PB-D-2013-04-10,powerball,PB-S06,2013-04-10,main,exploration
PB-D-2013-04-13,powerball,PB-S06,2013-04-13,main,exploration
PB-D-2013-04-17,powerball,PB-S06,2013-04-17,main,exploration
PB-D-2013-04-20,powerball,PB-S06,2013-04-20,main,exploration
PB-D-2013-04-24,powerball,PB-S06,2013-04-24,main,exploration
PB-D-2013-04-27,powerball,PB-S06,2013-04-27,main,exploration
PB-D-2013-05-01,powerball,PB-S06,2013-05-01,main,exploration
PB-D-2013-05-04,powerball,PB-S06,2013-05-04,main,exploration
PB-D-2013-05-08,powerball,PB-S06,2013-05-08,main,exploration
PB-D-2013-05-11,powerball,PB-S06,2013-05-11,main,exploration
PB-D-2013-05-15,powerball,PB-S06,2013-05-15,main,exploration
PB-D-2013-05-18,powerball,PB-S06,2013-05-18,main,exploration
PB-D-2013-05-22,powerball,PB-S06,2013-05-22,main,exploration
PB-D-2013-05-25,powerball,PB-S06,2013-05-25,main,exploration
PB-D-2013-05-29,powerball,PB-S06,2013-05-29,main,exploration
PB-D-2013-06-01,powerball,PB-S06,2013-06-01,main,exploration
PB-D-2013-06-05,powerball,PB-S06,2013-06-05,main,exploration
PB-D-2013-06-08,powerball,PB-S06,2013-06-08,main,exploration
PB-D-2013-06-12,powerball,PB-S06,2013-06-12,main,exploration
PB-D-2013-06-15,powerball,PB-S06,2013-06-15,main,exploration
PB-D-2013-06-19,powerball,PB-S06,2013-06-19,main,exploration
PB-D-2013-06-22,powerball,PB-S06,2013-06-22,main,exploration
PB-D-2013-06-26,powerball,PB-S06,2013-06-26,main,exploration
PB-D-2013-06-29,powerball,PB-S06,2013-06-29,main,exploration
PB-D-2013-07-03,powerball,PB-S06,2013-07-03,main,exploration
PB-D-2013-07-06,powerball,PB-S06,2013-07-06,main,exploration
PB-D-2013-07-10,powerball,PB-S06,2013-07-10,main,exploration
PB-D-2013-07-13,powerball,PB-S06,2013-07-13,main,exploration
PB-D-2013-07-17,powerball,PB-S06,2013-07-17,main,exploration
PB-D-2013-07-20,powerball,PB-S06,2013-07-20,main,exploration
PB-D-2013-07-24,powerball,PB-S06,2013-07-24,main,exploration
PB-D-2013-07-27,powerball,PB-S06,2013-07-27,main,exploration
PB-D-2013-07-31,powerball,PB-S06,2013-07-31,main,exploration
PB-D-2013-08-03,powerball,PB-S06,2013-08-03,main,exploration
PB-D-2013-08-07,powerball,PB-S06,2013-08-07,main,exploration
PB-D-2013-08-10,powerball,PB-S06,2013-08-10,main,exploration
PB-D-2013-08-14,powerball,PB-S06,2013-08-14,main,exploration
PB-D-2013-08-17,powerball,PB-S06,2013-08-17,main,exploration
PB-D-2013-08-21,powerball,PB-S06,2013-08-21,main,exploration
PB-D-2013-08-24,powerball,PB-S06,2013-08-24,main,exploration
PB-D-2013-08-28,powerball,PB-S06,2013-08-28,main,exploration
PB-D-2013-08-31,powerball,PB-S06,2013-08-31,main,exploration
PB-D-2013-09-04,powerball,PB-S06,2013-09-04,main,exploration
PB-D-2013-09-07,powerball,PB-S06,2013-09-07,main,exploration
PB-D-2013-09-11,powerball,PB-S06,2013-09-11,main,exploration
PB-D-2013-09-14,powerball,PB-S06,2013-09-14,main,exploration
PB-D-2013-09-18,powerball,PB-S06,2013-09-18,main,exploration
PB-D-2013-09-21,powerball,PB-S06,2013-09-21,main,exploration
PB-D-2013-09-25,powerball,PB-S06,2013-09-25,main,exploration
PB-D-2013-09-28,powerball,PB-S06,2013-09-28,main,exploration
PB-D-2013-10-02,powerball,PB-S06,2013-10-02,main,exploration
PB-D-2013-10-05,powerball,PB-S06,2013-10-05,main,exploration
PB-D-2013-10-09,powerball,PB-S06,2013-10-09,main,exploration
PB-D-2013-10-12,powerball,PB-S06,2013-10-12,main,exploration
PB-D-2013-10-16,powerball,PB-S06,2013-10-16,main,exploration
PB-D-2013-10-19,powerball,PB-S06,2013-10-19,main,exploration
PB-D-2013-10-23,powerball,PB-S06,2013-10-23,main,exploration
PB-D-2013-10-26,powerball,PB-S06,2013-10-26,main,exploration
PB-D-2013-10-30,powerball,PB-S06,2013-10-30,main,exploration
PB-D-2013-11-02,powerball,PB-S06,2013-11-02,main,exploration
PB-D-2013-11-06,powerball,PB-S06,2013-11-06,main,exploration
PB-D-2013-11-09,powerball,PB-S06,2013-11-09,main,exploration
PB-D-2013-11-13,powerball,PB-S06,2013-11-13,main,exploration
PB-D-2013-11-16,powerball,PB-S06,2013-11-16,main,exploration
PB-D-2013-11-20,powerball,PB-S06,2013-11-20,main,exploration
PB-D-2013-11-23,powerball,PB-S06,2013-11-23,main,exploration
PB-D-2013-11-27,powerball,PB-S06,2013-11-27,main,exploration
PB-D-2013-11-30,powerball,PB-S06,2013-11-30,main,exploration
PB-D-2013-12-04,powerball,PB-S06,2013-12-04,main,exploration
PB-D-2013-12-07,powerball,PB-S06,2013-12-07,main,exploration
PB-D-2013-12-11,powerball,PB-S06,2013-12-11,main,exploration
PB-D-2013-12-14,powerball,PB-S06,2013-12-14,main,exploration
PB-D-2013-12-18,powerball,PB-S06,2013-12-18,main,exploration
PB-D-2013-12-21,powerball,PB-S06,2013-12-21,main,exploration
PB-D-2013-12-25,powerball,PB-S06,2013-12-25,main,exploration
PB-D-2013-12-28,powerball,PB-S06,2013-12-28,main,exploration
PB-D-2014-01-01,powerball,PB-S06,2014-01-01,main,exploration
PB-D-2014-01-04,powerball,PB-S06,2014-01-04,main,exploration
PB-D-2014-01-08,powerball,PB-S06,2014-01-08,main,exploration
PB-D-2014-01-11,powerball,PB-S06,2014-01-11,main,exploration
PB-D-2014-01-15,powerball,PB-S06,2014-01-15,main,exploration
PB-D-2014-01-18,powerball,PB-S06,2014-01-18,main,exploration
PB-D-2014-01-22,powerball,PB-S06,2014-01-22,main,exploration
PB-D-2014-01-25,powerball,PB-S06,2014-01-25,main,exploration
PB-D-2014-01-29,powerball,PB-S06,2014-01-29,main,exploration
PB-D-2014-02-01,powerball,PB-S06,2014-02-01,main,exploration
PB-D-2014-02-05,powerball,PB-S06,2014-02-05,main,exploration
PB-D-2014-02-08,powerball,PB-S06,2014-02-08,main,exploration
PB-D-2014-02-12,powerball,PB-S06,2014-02-12,main,exploration
PB-D-2014-02-15,powerball,PB-S06,2014-02-15,main,exploration
PB-D-2014-02-19,powerball,PB-S06,2014-02-19,main,exploration
PB-D-2014-02-22,powerball,PB-S06,2014-02-22,main,exploration
PB-D-2014-02-26,powerball,PB-S06,2014-02-26,main,exploration
PB-D-2014-03-01,powerball,PB-S06,2014-03-01,main,exploration
PB-D-2014-03-05,powerball,PB-S06,2014-03-05,main,exploration
PB-D-2014-03-08,powerball,PB-S06,2014-03-08,main,exploration
PB-D-2014-03-12,powerball,PB-S06,2014-03-12,main,exploration
PB-D-2014-03-15,powerball,PB-S06,2014-03-15,main,exploration
PB-D-2014-03-19,powerball,PB-S06,2014-03-19,main,exploration
PB-D-2014-03-22,powerball,PB-S06,2014-03-22,main,exploration
PB-D-2014-03-26,powerball,PB-S06,2014-03-26,main,exploration
PB-D-2014-03-29,powerball,PB-S06,2014-03-29,main,exploration
PB-D-2014-04-02,powerball,PB-S06,2014-04-02,main,exploration
PB-D-2014-04-05,powerball,PB-S06,2014-04-05,main,exploration
PB-D-2014-04-06,powerball,PB-S06,2014-04-06,main,exploration
PB-D-2014-04-09,powerball,PB-S06,2014-04-09,main,exploration
PB-D-2014-04-12,powerball,PB-S06,2014-04-12,main,exploration
PB-D-2014-04-16,powerball,PB-S06,2014-04-16,main,exploration
PB-D-2014-04-19,powerball,PB-S06,2014-04-19,main,exploration
PB-D-2014-04-23,powerball,PB-S06,2014-04-23,main,exploration
PB-D-2014-04-26,powerball,PB-S06,2014-04-26,main,exploration
PB-D-2014-04-30,powerball,PB-S06,2014-04-30,main,exploration
PB-D-2014-05-03,powerball,PB-S06,2014-05-03,main,exploration
PB-D-2014-05-07,powerball,PB-S06,2014-05-07,main,exploration
PB-D-2014-05-10,powerball,PB-S06,2014-05-10,main,exploration
PB-D-2014-05-14,powerball,PB-S06,2014-05-14,main,exploration
PB-D-2014-05-17,powerball,PB-S06,2014-05-17,main,exploration
PB-D-2014-05-21,powerball,PB-S06,2014-05-21,main,exploration
PB-D-2014-05-24,powerball,PB-S06,2014-05-24,main,exploration
PB-D-2014-05-28,powerball,PB-S06,2014-05-28,main,exploration
PB-D-2014-05-31,powerball,PB-S06,2014-05-31,main,exploration
PB-D-2014-06-04,powerball,PB-S06,2014-06-04,main,exploration
PB-D-2014-06-07,powerball,PB-S06,2014-06-07,main,exploration
PB-D-2014-06-11,powerball,PB-S06,2014-06-11,main,exploration
PB-D-2014-06-14,powerball,PB-S06,2014-06-14,main,exploration
PB-D-2014-06-18,powerball,PB-S06,2014-06-18,main,exploration
PB-D-2014-06-21,powerball,PB-S06,2014-06-21,main,exploration
PB-D-2014-06-25,powerball,PB-S06,2014-06-25,main,exploration
PB-D-2014-06-28,powerball,PB-S06,2014-06-28,main,exploration
PB-D-2014-07-02,powerball,PB-S06,2014-07-02,main,exploration
PB-D-2014-07-05,powerball,PB-S06,2014-07-05,main,exploration
PB-D-2014-07-09,powerball,PB-S06,2014-07-09,main,exploration
PB-D-2014-07-12,powerball,PB-S06,2014-07-12,main,exploration
PB-D-2014-07-16,powerball,PB-S06,2014-07-16,main,exploration
PB-D-2014-07-19,powerball,PB-S06,2014-07-19,main,exploration
PB-D-2014-07-23,powerball,PB-S06,2014-07-23,main,exploration
PB-D-2014-07-26,powerball,PB-S06,2014-07-26,main,exploration
PB-D-2014-07-30,powerball,PB-S06,2014-07-30,main,exploration
PB-D-2014-08-02,powerball,PB-S06,2014-08-02,main,exploration
PB-D-2014-08-06,powerball,PB-S06,2014-08-06,main,exploration
PB-D-2014-08-09,powerball,PB-S06,2014-08-09,main,exploration
PB-D-2014-08-13,powerball,PB-S06,2014-08-13,main,exploration
PB-D-2014-08-16,powerball,PB-S06,2014-08-16,main,exploration
PB-D-2014-08-20,powerball,PB-S06,2014-08-20,main,exploration
PB-D-2014-08-23,powerball,PB-S06,2014-08-23,main,exploration
PB-D-2014-08-27,powerball,PB-S06,2014-08-27,main,exploration
PB-D-2014-08-30,powerball,PB-S06,2014-08-30,main,exploration
PB-D-2014-09-03,powerball,PB-S06,2014-09-03,main,exploration
PB-D-2014-09-06,powerball,PB-S06,2014-09-06,main,exploration
PB-D-2014-09-10,powerball,PB-S06,2014-09-10,main,exploration
PB-D-2014-09-13,powerball,PB-S06,2014-09-13,main,exploration
PB-D-2014-09-17,powerball,PB-S06,2014-09-17,main,exploration
PB-D-2014-09-20,powerball,PB-S06,2014-09-20,main,exploration
PB-D-2014-09-24,powerball,PB-S06,2014-09-24,main,exploration
PB-D-2014-09-27,powerball,PB-S06,2014-09-27,main,exploration
PB-D-2014-10-01,powerball,PB-S06,2014-10-01,main,exploration
PB-D-2014-10-04,powerball,PB-S06,2014-10-04,main,exploration
PB-D-2014-10-08,powerball,PB-S06,2014-10-08,main,exploration
PB-D-2014-10-11,powerball,PB-S06,2014-10-11,main,exploration
PB-D-2014-10-15,powerball,PB-S06,2014-10-15,main,exploration
PB-D-2014-10-18,powerball,PB-S06,2014-10-18,main,exploration
PB-D-2014-10-22,powerball,PB-S06,2014-10-22,main,exploration
PB-D-2014-10-25,powerball,PB-S06,2014-10-25,main,exploration
PB-D-2014-10-29,powerball,PB-S06,2014-10-29,main,exploration
PB-D-2014-11-01,powerball,PB-S06,2014-11-01,main,exploration
PB-D-2014-11-05,powerball,PB-S06,2014-11-05,main,exploration
PB-D-2014-11-08,powerball,PB-S06,2014-11-08,main,exploration
PB-D-2014-11-12,powerball,PB-S06,2014-11-12,main,exploration
PB-D-2014-11-15,powerball,PB-S06,2014-11-15,main,exploration
PB-D-2014-11-19,powerball,PB-S06,2014-11-19,main,exploration
PB-D-2014-11-22,powerball,PB-S06,2014-11-22,main,exploration
PB-D-2014-11-26,powerball,PB-S06,2014-11-26,main,exploration
PB-D-2014-11-29,powerball,PB-S06,2014-11-29,main,exploration
PB-D-2014-12-03,powerball,PB-S06,2014-12-03,main,exploration
PB-D-2014-12-06,powerball,PB-S06,2014-12-06,main,exploration
PB-D-2014-12-10,powerball,PB-S06,2014-12-10,main,exploration
PB-D-2014-12-13,powerball,PB-S06,2014-12-13,main,exploration
PB-D-2014-12-17,powerball,PB-S06,2014-12-17,main,exploration
PB-D-2014-12-20,powerball,PB-S06,2014-12-20,main,exploration
PB-D-2014-12-24,powerball,PB-S06,2014-12-24,main,exploration
PB-D-2014-12-27,powerball,PB-S06,2014-12-27,main,exploration
PB-D-2014-12-31,powerball,PB-S06,2014-12-31,main,exploration
PB-D-2015-01-03,powerball,PB-S06,2015-01-03,main,exploration
PB-D-2015-10-07,powerball,PB-S07,2015-10-07,main,exploration
PB-D-2015-10-10,powerball,PB-S07,2015-10-10,main,exploration
PB-D-2015-10-14,powerball,PB-S07,2015-10-14,main,exploration
PB-D-2015-10-17,powerball,PB-S07,2015-10-17,main,exploration
PB-D-2015-10-21,powerball,PB-S07,2015-10-21,main,exploration
PB-D-2015-10-24,powerball,PB-S07,2015-10-24,main,exploration
PB-D-2015-10-28,powerball,PB-S07,2015-10-28,main,exploration
PB-D-2015-10-31,powerball,PB-S07,2015-10-31,main,exploration
PB-D-2015-11-04,powerball,PB-S07,2015-11-04,main,exploration
PB-D-2015-11-07,powerball,PB-S07,2015-11-07,main,exploration
PB-D-2015-11-11,powerball,PB-S07,2015-11-11,main,exploration
PB-D-2015-11-14,powerball,PB-S07,2015-11-14,main,exploration
PB-D-2015-11-18,powerball,PB-S07,2015-11-18,main,exploration
PB-D-2015-11-21,powerball,PB-S07,2015-11-21,main,exploration
PB-D-2015-11-25,powerball,PB-S07,2015-11-25,main,exploration
PB-D-2015-11-28,powerball,PB-S07,2015-11-28,main,exploration
PB-D-2015-12-02,powerball,PB-S07,2015-12-02,main,exploration
PB-D-2015-12-05,powerball,PB-S07,2015-12-05,main,exploration
PB-D-2015-12-09,powerball,PB-S07,2015-12-09,main,exploration
PB-D-2015-12-12,powerball,PB-S07,2015-12-12,main,exploration
PB-D-2015-12-16,powerball,PB-S07,2015-12-16,main,exploration
PB-D-2015-12-19,powerball,PB-S07,2015-12-19,main,exploration
PB-D-2015-12-23,powerball,PB-S07,2015-12-23,main,exploration
PB-D-2015-12-26,powerball,PB-S07,2015-12-26,main,exploration
PB-D-2015-12-30,powerball,PB-S07,2015-12-30,main,exploration
PB-D-2016-01-02,powerball,PB-S07,2016-01-02,main,exploration
PB-D-2016-01-06,powerball,PB-S07,2016-01-06,main,exploration
PB-D-2016-01-09,powerball,PB-S07,2016-01-09,main,exploration
PB-D-2016-01-13,powerball,PB-S07,2016-01-13,main,exploration
PB-D-2016-01-16,powerball,PB-S07,2016-01-16,main,exploration
PB-D-2016-01-20,powerball,PB-S07,2016-01-20,main,exploration
PB-D-2016-01-23,powerball,PB-S07,2016-01-23,main,exploration
PB-D-2016-01-27,powerball,PB-S07,2016-01-27,main,exploration
PB-D-2016-01-30,powerball,PB-S07,2016-01-30,main,exploration
PB-D-2016-02-03,powerball,PB-S07,2016-02-03,main,exploration
PB-D-2016-02-06,powerball,PB-S07,2016-02-06,main,exploration
PB-D-2016-02-10,powerball,PB-S07,2016-02-10,main,exploration
PB-D-2016-02-13,powerball,PB-S07,2016-02-13,main,exploration
PB-D-2016-02-17,powerball,PB-S07,2016-02-17,main,exploration
PB-D-2016-02-20,powerball,PB-S07,2016-02-20,main,exploration
PB-D-2016-02-24,powerball,PB-S07,2016-02-24,main,exploration
PB-D-2016-02-27,powerball,PB-S07,2016-02-27,main,exploration
PB-D-2016-03-02,powerball,PB-S07,2016-03-02,main,exploration
PB-D-2016-03-05,powerball,PB-S07,2016-03-05,main,exploration
PB-D-2016-03-09,powerball,PB-S07,2016-03-09,main,exploration
PB-D-2016-03-12,powerball,PB-S07,2016-03-12,main,exploration
PB-D-2016-03-16,powerball,PB-S07,2016-03-16,main,exploration
PB-D-2016-03-19,powerball,PB-S07,2016-03-19,main,exploration
PB-D-2016-03-23,powerball,PB-S07,2016-03-23,main,exploration
PB-D-2016-03-26,powerball,PB-S07,2016-03-26,main,exploration
PB-D-2016-03-30,powerball,PB-S07,2016-03-30,main,exploration
PB-D-2016-04-02,powerball,PB-S07,2016-04-02,main,exploration
PB-D-2016-04-06,powerball,PB-S07,2016-04-06,main,exploration
PB-D-2016-04-09,powerball,PB-S07,2016-04-09,main,exploration
PB-D-2016-04-13,powerball,PB-S07,2016-04-13,main,exploration
PB-D-2016-04-16,powerball,PB-S07,2016-04-16,main,exploration
PB-D-2016-04-20,powerball,PB-S07,2016-04-20,main,exploration
PB-D-2016-04-23,powerball,PB-S07,2016-04-23,main,exploration
PB-D-2016-04-27,powerball,PB-S07,2016-04-27,main,exploration
PB-D-2016-04-30,powerball,PB-S07,2016-04-30,main,exploration
PB-D-2016-05-04,powerball,PB-S07,2016-05-04,main,exploration
PB-D-2016-05-07,powerball,PB-S07,2016-05-07,main,exploration
PB-D-2016-05-11,powerball,PB-S07,2016-05-11,main,exploration
PB-D-2016-05-14,powerball,PB-S07,2016-05-14,main,exploration
PB-D-2016-05-18,powerball,PB-S07,2016-05-18,main,exploration
PB-D-2016-05-21,powerball,PB-S07,2016-05-21,main,exploration
PB-D-2016-05-25,powerball,PB-S07,2016-05-25,main,exploration
PB-D-2016-05-28,powerball,PB-S07,2016-05-28,main,exploration
PB-D-2016-06-01,powerball,PB-S07,2016-06-01,main,exploration
PB-D-2016-06-04,powerball,PB-S07,2016-06-04,main,exploration
PB-D-2016-06-08,powerball,PB-S07,2016-06-08,main,exploration
PB-D-2016-06-11,powerball,PB-S07,2016-06-11,main,exploration
PB-D-2016-06-15,powerball,PB-S07,2016-06-15,main,exploration
PB-D-2016-06-18,powerball,PB-S07,2016-06-18,main,exploration
PB-D-2016-06-22,powerball,PB-S07,2016-06-22,main,exploration
PB-D-2016-06-25,powerball,PB-S07,2016-06-25,main,exploration
PB-D-2016-06-29,powerball,PB-S07,2016-06-29,main,exploration
PB-D-2016-07-02,powerball,PB-S07,2016-07-02,main,exploration
PB-D-2016-07-06,powerball,PB-S07,2016-07-06,main,exploration
PB-D-2016-07-09,powerball,PB-S07,2016-07-09,main,exploration
PB-D-2016-07-13,powerball,PB-S07,2016-07-13,main,exploration
PB-D-2016-07-16,powerball,PB-S07,2016-07-16,main,exploration
PB-D-2016-07-20,powerball,PB-S07,2016-07-20,main,exploration
PB-D-2016-07-23,powerball,PB-S07,2016-07-23,main,exploration
PB-D-2016-07-27,powerball,PB-S07,2016-07-27,main,exploration
PB-D-2016-07-30,powerball,PB-S07,2016-07-30,main,exploration
PB-D-2016-08-03,powerball,PB-S07,2016-08-03,main,exploration
PB-D-2016-08-06,powerball,PB-S07,2016-08-06,main,exploration
PB-D-2016-08-10,powerball,PB-S07,2016-08-10,main,exploration
PB-D-2016-08-13,powerball,PB-S07,2016-08-13,main,exploration
PB-D-2016-08-17,powerball,PB-S07,2016-08-17,main,exploration
PB-D-2016-08-20,powerball,PB-S07,2016-08-20,main,exploration
PB-D-2016-08-24,powerball,PB-S07,2016-08-24,main,exploration
PB-D-2016-08-27,powerball,PB-S07,2016-08-27,main,exploration
PB-D-2016-08-31,powerball,PB-S07,2016-08-31,main,exploration
PB-D-2016-09-03,powerball,PB-S07,2016-09-03,main,exploration
PB-D-2016-09-07,powerball,PB-S07,2016-09-07,main,exploration
PB-D-2016-09-10,powerball,PB-S07,2016-09-10,main,exploration
PB-D-2016-09-14,powerball,PB-S07,2016-09-14,main,exploration
PB-D-2016-09-17,powerball,PB-S07,2016-09-17,main,exploration
PB-D-2016-09-21,powerball,PB-S07,2016-09-21,main,exploration
PB-D-2016-09-24,powerball,PB-S07,2016-09-24,main,exploration
PB-D-2016-09-28,powerball,PB-S07,2016-09-28,main,exploration
PB-D-2016-10-01,powerball,PB-S07,2016-10-01,main,exploration
PB-D-2016-10-05,powerball,PB-S07,2016-10-05,main,exploration
PB-D-2016-10-08,powerball,PB-S07,2016-10-08,main,exploration
PB-D-2016-10-12,powerball,PB-S07,2016-10-12,main,exploration
PB-D-2016-10-15,powerball,PB-S07,2016-10-15,main,exploration
PB-D-2016-10-19,powerball,PB-S07,2016-10-19,main,exploration
PB-D-2016-10-22,powerball,PB-S07,2016-10-22,main,exploration
PB-D-2016-10-26,powerball,PB-S07,2016-10-26,main,exploration
PB-D-2016-10-29,powerball,PB-S07,2016-10-29,main,exploration
PB-D-2016-11-02,powerball,PB-S07,2016-11-02,main,exploration
PB-D-2016-11-05,powerball,PB-S07,2016-11-05,main,exploration
PB-D-2016-11-09,powerball,PB-S07,2016-11-09,main,exploration
PB-D-2016-11-12,powerball,PB-S07,2016-11-12,main,exploration
PB-D-2016-11-16,powerball,PB-S07,2016-11-16,main,exploration
PB-D-2016-11-19,powerball,PB-S07,2016-11-19,main,exploration
PB-D-2016-11-23,powerball,PB-S07,2016-11-23,main,exploration
PB-D-2016-11-26,powerball,PB-S07,2016-11-26,main,exploration
PB-D-2016-11-30,powerball,PB-S07,2016-11-30,main,exploration
PB-D-2016-12-03,powerball,PB-S07,2016-12-03,main,exploration
PB-D-2016-12-07,powerball,PB-S07,2016-12-07,main,exploration
PB-D-2016-12-10,powerball,PB-S07,2016-12-10,main,exploration
PB-D-2016-12-14,powerball,PB-S07,2016-12-14,main,exploration
PB-D-2016-12-17,powerball,PB-S07,2016-12-17,main,exploration
PB-D-2016-12-21,powerball,PB-S07,2016-12-21,main,exploration
PB-D-2016-12-24,powerball,PB-S07,2016-12-24,main,exploration
PB-D-2016-12-28,powerball,PB-S07,2016-12-28,main,exploration
PB-D-2016-12-31,powerball,PB-S07,2016-12-31,main,exploration
PB-D-2017-01-04,powerball,PB-S07,2017-01-04,main,exploration
PB-D-2017-01-07,powerball,PB-S07,2017-01-07,main,exploration
PB-D-2017-01-11,powerball,PB-S07,2017-01-11,main,exploration
PB-D-2017-01-14,powerball,PB-S07,2017-01-14,main,exploration
PB-D-2017-01-18,powerball,PB-S07,2017-01-18,main,exploration
PB-D-2017-01-21,powerball,PB-S07,2017-01-21,main,exploration
PB-D-2017-01-25,powerball,PB-S07,2017-01-25,main,exploration
PB-D-2017-01-28,powerball,PB-S07,2017-01-28,main,exploration
PB-D-2017-02-01,powerball,PB-S07,2017-02-01,main,exploration
PB-D-2017-02-04,powerball,PB-S07,2017-02-04,main,exploration
PB-D-2017-02-08,powerball,PB-S07,2017-02-08,main,exploration
PB-D-2017-02-11,powerball,PB-S07,2017-02-11,main,exploration
PB-D-2017-02-15,powerball,PB-S07,2017-02-15,main,exploration
PB-D-2017-02-18,powerball,PB-S07,2017-02-18,main,exploration
PB-D-2017-02-22,powerball,PB-S07,2017-02-22,main,exploration
PB-D-2017-02-25,powerball,PB-S07,2017-02-25,main,exploration
PB-D-2017-03-01,powerball,PB-S07,2017-03-01,main,exploration
PB-D-2017-03-04,powerball,PB-S07,2017-03-04,main,exploration
PB-D-2017-03-08,powerball,PB-S07,2017-03-08,main,exploration
PB-D-2017-03-11,powerball,PB-S07,2017-03-11,main,exploration
PB-D-2017-03-15,powerball,PB-S07,2017-03-15,main,exploration
PB-D-2017-03-18,powerball,PB-S07,2017-03-18,main,exploration
PB-D-2017-03-22,powerball,PB-S07,2017-03-22,main,exploration
PB-D-2017-03-25,powerball,PB-S07,2017-03-25,main,exploration
PB-D-2017-03-29,powerball,PB-S07,2017-03-29,main,exploration
PB-D-2017-04-01,powerball,PB-S07,2017-04-01,main,exploration
PB-D-2017-04-05,powerball,PB-S07,2017-04-05,main,exploration
PB-D-2017-04-08,powerball,PB-S07,2017-04-08,main,exploration
PB-D-2017-04-12,powerball,PB-S07,2017-04-12,main,exploration
PB-D-2017-04-15,powerball,PB-S07,2017-04-15,main,exploration
PB-D-2017-04-19,powerball,PB-S07,2017-04-19,main,exploration
PB-D-2017-04-22,powerball,PB-S07,2017-04-22,main,exploration
PB-D-2017-04-26,powerball,PB-S07,2017-04-26,main,exploration
PB-D-2017-04-29,powerball,PB-S07,2017-04-29,main,exploration
PB-D-2017-05-03,powerball,PB-S07,2017-05-03,main,exploration
PB-D-2017-05-06,powerball,PB-S07,2017-05-06,main,exploration
PB-D-2017-05-10,powerball,PB-S07,2017-05-10,main,exploration
PB-D-2017-05-13,powerball,PB-S07,2017-05-13,main,exploration
PB-D-2017-05-17,powerball,PB-S07,2017-05-17,main,exploration
PB-D-2017-05-20,powerball,PB-S07,2017-05-20,main,exploration
PB-D-2017-05-24,powerball,PB-S07,2017-05-24,main,exploration
PB-D-2017-05-27,powerball,PB-S07,2017-05-27,main,exploration
PB-D-2017-05-31,powerball,PB-S07,2017-05-31,main,exploration
PB-D-2017-06-01,powerball,PB-S07,2017-06-01,main,exploration
PB-D-2017-06-03,powerball,PB-S07,2017-06-03,main,exploration
PB-D-2017-06-07,powerball,PB-S07,2017-06-07,main,exploration
PB-D-2017-06-10,powerball,PB-S07,2017-06-10,main,exploration
PB-D-2017-06-14,powerball,PB-S07,2017-06-14,main,exploration
PB-D-2017-06-17,powerball,PB-S07,2017-06-17,main,exploration
PB-D-2017-06-21,powerball,PB-S07,2017-06-21,main,exploration
PB-D-2017-06-24,powerball,PB-S07,2017-06-24,main,exploration
PB-D-2017-06-28,powerball,PB-S07,2017-06-28,main,exploration
PB-D-2017-07-01,powerball,PB-S07,2017-07-01,main,exploration
PB-D-2017-07-05,powerball,PB-S07,2017-07-05,main,exploration
PB-D-2017-07-08,powerball,PB-S07,2017-07-08,main,exploration
PB-D-2017-07-12,powerball,PB-S07,2017-07-12,main,exploration
PB-D-2017-07-15,powerball,PB-S07,2017-07-15,main,exploration
PB-D-2017-07-19,powerball,PB-S07,2017-07-19,main,exploration
PB-D-2017-07-22,powerball,PB-S07,2017-07-22,main,exploration
PB-D-2017-07-26,powerball,PB-S07,2017-07-26,main,exploration
PB-D-2017-07-29,powerball,PB-S07,2017-07-29,main,exploration
PB-D-2017-08-02,powerball,PB-S07,2017-08-02,main,exploration
PB-D-2017-08-05,powerball,PB-S07,2017-08-05,main,exploration
PB-D-2017-08-09,powerball,PB-S07,2017-08-09,main,exploration
PB-D-2017-08-12,powerball,PB-S07,2017-08-12,main,exploration
PB-D-2017-08-16,powerball,PB-S07,2017-08-16,main,exploration
PB-D-2017-08-19,powerball,PB-S07,2017-08-19,main,exploration
PB-D-2017-08-23,powerball,PB-S07,2017-08-23,main,exploration
PB-D-2017-08-26,powerball,PB-S07,2017-08-26,main,exploration
PB-D-2017-08-30,powerball,PB-S07,2017-08-30,main,exploration
PB-D-2017-09-02,powerball,PB-S07,2017-09-02,main,exploration
PB-D-2017-09-06,powerball,PB-S07,2017-09-06,main,exploration
PB-D-2017-09-09,powerball,PB-S07,2017-09-09,main,exploration
PB-D-2017-09-13,powerball,PB-S07,2017-09-13,main,exploration
PB-D-2017-09-16,powerball,PB-S07,2017-09-16,main,exploration
PB-D-2017-09-20,powerball,PB-S07,2017-09-20,main,exploration
PB-D-2017-09-23,powerball,PB-S07,2017-09-23,main,exploration
PB-D-2017-09-27,powerball,PB-S07,2017-09-27,main,exploration
PB-D-2017-09-30,powerball,PB-S07,2017-09-30,main,exploration
PB-D-2017-10-04,powerball,PB-S07,2017-10-04,main,exploration
PB-D-2017-10-07,powerball,PB-S07,2017-10-07,main,exploration
PB-D-2017-10-11,powerball,PB-S07,2017-10-11,main,exploration
PB-D-2017-10-14,powerball,PB-S07,2017-10-14,main,exploration
PB-D-2017-10-18,powerball,PB-S07,2017-10-18,main,exploration
PB-D-2017-10-21,powerball,PB-S07,2017-10-21,main,exploration
PB-D-2017-10-25,powerball,PB-S07,2017-10-25,main,exploration
PB-D-2017-10-28,powerball,PB-S07,2017-10-28,main,exploration
PB-D-2017-11-01,powerball,PB-S07,2017-11-01,main,exploration
PB-D-2017-11-04,powerball,PB-S07,2017-11-04,main,exploration
PB-D-2017-11-08,powerball,PB-S07,2017-11-08,main,exploration
PB-D-2017-11-11,powerball,PB-S07,2017-11-11,main,exploration
PB-D-2017-11-15,powerball,PB-S07,2017-11-15,main,exploration
PB-D-2017-11-18,powerball,PB-S07,2017-11-18,main,exploration
PB-D-2017-11-22,powerball,PB-S07,2017-11-22,main,exploration
PB-D-2017-11-25,powerball,PB-S07,2017-11-25,main,exploration
PB-D-2017-11-29,powerball,PB-S07,2017-11-29,main,exploration
PB-D-2017-12-02,powerball,PB-S07,2017-12-02,main,exploration
PB-D-2017-12-06,powerball,PB-S07,2017-12-06,main,exploration
PB-D-2017-12-09,powerball,PB-S07,2017-12-09,main,exploration
PB-D-2017-12-13,powerball,PB-S07,2017-12-13,main,exploration
PB-D-2017-12-16,powerball,PB-S07,2017-12-16,main,exploration
PB-D-2017-12-20,powerball,PB-S07,2017-12-20,main,exploration
PB-D-2017-12-23,powerball,PB-S07,2017-12-23,main,exploration
PB-D-2017-12-27,powerball,PB-S07,2017-12-27,main,exploration
PB-D-2017-12-30,powerball,PB-S07,2017-12-30,main,exploration
PB-D-2018-01-03,powerball,PB-S07,2018-01-03,main,exploration
PB-D-2018-01-06,powerball,PB-S07,2018-01-06,main,exploration
PB-D-2018-01-10,powerball,PB-S07,2018-01-10,main,exploration
PB-D-2018-01-13,powerball,PB-S07,2018-01-13,main,exploration
PB-D-2018-01-17,powerball,PB-S07,2018-01-17,main,exploration
PB-D-2018-01-20,powerball,PB-S07,2018-01-20,main,exploration
PB-D-2018-01-24,powerball,PB-S07,2018-01-24,main,exploration
PB-D-2018-01-27,powerball,PB-S07,2018-01-27,main,exploration
PB-D-2018-01-31,powerball,PB-S07,2018-01-31,main,exploration
PB-D-2018-02-03,powerball,PB-S07,2018-02-03,main,exploration
PB-D-2018-02-07,powerball,PB-S07,2018-02-07,main,exploration
PB-D-2018-02-10,powerball,PB-S07,2018-02-10,main,exploration
PB-D-2018-02-14,powerball,PB-S07,2018-02-14,main,exploration
PB-D-2018-02-17,powerball,PB-S07,2018-02-17,main,exploration
PB-D-2018-02-21,powerball,PB-S07,2018-02-21,main,exploration
PB-D-2018-02-24,powerball,PB-S07,2018-02-24,main,exploration
PB-D-2018-02-28,powerball,PB-S07,2018-02-28,main,exploration
PB-D-2018-03-03,powerball,PB-S07,2018-03-03,main,exploration
PB-D-2018-03-07,powerball,PB-S07,2018-03-07,main,exploration
PB-D-2018-03-10,powerball,PB-S07,2018-03-10,main,exploration
PB-D-2018-03-14,powerball,PB-S07,2018-03-14,main,exploration
PB-D-2018-03-17,powerball,PB-S07,2018-03-17,main,exploration
PB-D-2018-03-21,powerball,PB-S07,2018-03-21,main,exploration
PB-D-2018-03-24,powerball,PB-S07,2018-03-24,main,exploration
PB-D-2018-03-28,powerball,PB-S07,2018-03-28,main,exploration
PB-D-2018-03-31,powerball,PB-S07,2018-03-31,main,exploration
PB-D-2018-04-04,powerball,PB-S07,2018-04-04,main,exploration
PB-D-2018-04-07,powerball,PB-S07,2018-04-07,main,exploration
PB-D-2018-04-11,powerball,PB-S07,2018-04-11,main,exploration
PB-D-2018-04-14,powerball,PB-S07,2018-04-14,main,exploration
PB-D-2018-04-18,powerball,PB-S07,2018-04-18,main,exploration
PB-D-2018-04-21,powerball,PB-S07,2018-04-21,main,exploration
PB-D-2018-04-25,powerball,PB-S07,2018-04-25,main,exploration
PB-D-2018-04-28,powerball,PB-S07,2018-04-28,main,exploration
PB-D-2018-05-02,powerball,PB-S07,2018-05-02,main,exploration
PB-D-2018-05-05,powerball,PB-S07,2018-05-05,main,exploration
PB-D-2018-05-09,powerball,PB-S07,2018-05-09,main,exploration
PB-D-2018-05-12,powerball,PB-S07,2018-05-12,main,exploration
PB-D-2018-05-16,powerball,PB-S07,2018-05-16,main,exploration
PB-D-2018-05-19,powerball,PB-S07,2018-05-19,main,exploration
PB-D-2018-05-23,powerball,PB-S07,2018-05-23,main,exploration
PB-D-2018-05-26,powerball,PB-S07,2018-05-26,main,exploration
PB-D-2018-05-30,powerball,PB-S07,2018-05-30,main,exploration
PB-D-2018-06-02,powerball,PB-S07,2018-06-02,main,exploration
PB-D-2018-06-06,powerball,PB-S07,2018-06-06,main,exploration
PB-D-2018-06-09,powerball,PB-S07,2018-06-09,main,exploration
PB-D-2018-06-13,powerball,PB-S07,2018-06-13,main,exploration
PB-D-2018-06-16,powerball,PB-S07,2018-06-16,main,exploration
PB-D-2018-06-20,powerball,PB-S07,2018-06-20,main,exploration
PB-D-2018-06-23,powerball,PB-S07,2018-06-23,main,exploration
PB-D-2018-06-27,powerball,PB-S07,2018-06-27,main,exploration
PB-D-2018-06-30,powerball,PB-S07,2018-06-30,main,exploration
PB-D-2018-07-04,powerball,PB-S07,2018-07-04,main,exploration
PB-D-2018-07-07,powerball,PB-S07,2018-07-07,main,exploration
PB-D-2018-07-11,powerball,PB-S07,2018-07-11,main,exploration
PB-D-2018-07-14,powerball,PB-S07,2018-07-14,main,exploration
PB-D-2018-07-18,powerball,PB-S07,2018-07-18,main,exploration
PB-D-2018-07-21,powerball,PB-S07,2018-07-21,main,exploration
PB-D-2018-07-25,powerball,PB-S07,2018-07-25,main,exploration
PB-D-2018-07-28,powerball,PB-S07,2018-07-28,main,exploration
PB-D-2018-08-01,powerball,PB-S07,2018-08-01,main,exploration
PB-D-2018-08-04,powerball,PB-S07,2018-08-04,main,exploration
PB-D-2018-08-08,powerball,PB-S07,2018-08-08,main,exploration
PB-D-2018-08-11,powerball,PB-S07,2018-08-11,main,exploration
PB-D-2018-08-15,powerball,PB-S07,2018-08-15,main,exploration
PB-D-2018-08-18,powerball,PB-S07,2018-08-18,main,exploration
PB-D-2018-08-22,powerball,PB-S07,2018-08-22,main,exploration
PB-D-2018-08-25,powerball,PB-S07,2018-08-25,main,exploration
PB-D-2018-08-29,powerball,PB-S07,2018-08-29,main,exploration
PB-D-2018-09-01,powerball,PB-S07,2018-09-01,main,exploration
PB-D-2018-09-05,powerball,PB-S07,2018-09-05,main,exploration
PB-D-2018-09-08,powerball,PB-S07,2018-09-08,main,exploration
PB-D-2018-09-12,powerball,PB-S07,2018-09-12,main,exploration
PB-D-2018-09-15,powerball,PB-S07,2018-09-15,main,exploration
PB-D-2018-09-19,powerball,PB-S07,2018-09-19,main,exploration
PB-D-2018-09-22,powerball,PB-S07,2018-09-22,main,exploration
PB-D-2018-09-26,powerball,PB-S07,2018-09-26,main,exploration
PB-D-2018-09-29,powerball,PB-S07,2018-09-29,main,exploration
PB-D-2018-10-03,powerball,PB-S07,2018-10-03,main,exploration
PB-D-2018-10-06,powerball,PB-S07,2018-10-06,main,exploration
PB-D-2018-10-10,powerball,PB-S07,2018-10-10,main,exploration
PB-D-2018-10-13,powerball,PB-S07,2018-10-13,main,exploration
PB-D-2018-10-17,powerball,PB-S07,2018-10-17,main,exploration
PB-D-2018-10-20,powerball,PB-S07,2018-10-20,main,exploration
PB-D-2018-10-24,powerball,PB-S07,2018-10-24,main,exploration
PB-D-2018-10-27,powerball,PB-S07,2018-10-27,main,exploration
PB-D-2018-10-31,powerball,PB-S07,2018-10-31,main,exploration
PB-D-2018-11-03,powerball,PB-S07,2018-11-03,main,exploration
PB-D-2018-11-07,powerball,PB-S07,2018-11-07,main,exploration
PB-D-2018-11-10,powerball,PB-S07,2018-11-10,main,exploration
PB-D-2018-11-14,powerball,PB-S07,2018-11-14,main,exploration
PB-D-2018-11-17,powerball,PB-S07,2018-11-17,main,exploration
PB-D-2018-11-21,powerball,PB-S07,2018-11-21,main,exploration
PB-D-2018-11-24,powerball,PB-S07,2018-11-24,main,exploration
PB-D-2018-11-28,powerball,PB-S07,2018-11-28,main,exploration
PB-D-2018-12-01,powerball,PB-S07,2018-12-01,main,exploration
PB-D-2018-12-05,powerball,PB-S07,2018-12-05,main,exploration
PB-D-2018-12-08,powerball,PB-S07,2018-12-08,main,exploration
PB-D-2018-12-12,powerball,PB-S07,2018-12-12,main,exploration
PB-D-2018-12-15,powerball,PB-S07,2018-12-15,main,exploration
PB-D-2018-12-19,powerball,PB-S07,2018-12-19,main,exploration
PB-D-2018-12-22,powerball,PB-S07,2018-12-22,main,exploration
PB-D-2018-12-26,powerball,PB-S07,2018-12-26,main,exploration
PB-D-2018-12-29,powerball,PB-S07,2018-12-29,main,exploration
PB-D-2019-01-02,powerball,PB-S07,2019-01-02,main,exploration
PB-D-2019-01-05,powerball,PB-S07,2019-01-05,main,exploration
PB-D-2019-01-09,powerball,PB-S07,2019-01-09,main,exploration
PB-D-2019-01-12,powerball,PB-S07,2019-01-12,main,exploration
PB-D-2019-01-16,powerball,PB-S07,2019-01-16,main,exploration
PB-D-2019-01-19,powerball,PB-S07,2019-01-19,main,exploration
PB-D-2019-01-23,powerball,PB-S07,2019-01-23,main,exploration
PB-D-2019-01-26,powerball,PB-S07,2019-01-26,main,exploration
PB-D-2019-01-30,powerball,PB-S07,2019-01-30,main,exploration
PB-D-2019-02-02,powerball,PB-S07,2019-02-02,main,exploration
PB-D-2019-02-06,powerball,PB-S07,2019-02-06,main,exploration
PB-D-2019-02-09,powerball,PB-S07,2019-02-09,main,exploration
PB-D-2019-02-13,powerball,PB-S07,2019-02-13,main,exploration
PB-D-2019-02-16,powerball,PB-S07,2019-02-16,main,exploration
PB-D-2019-02-20,powerball,PB-S07,2019-02-20,main,exploration
PB-D-2019-02-23,powerball,PB-S07,2019-02-23,main,exploration
PB-D-2019-02-27,powerball,PB-S07,2019-02-27,main,exploration
PB-D-2019-03-02,powerball,PB-S07,2019-03-02,main,exploration
PB-D-2019-03-06,powerball,PB-S07,2019-03-06,main,exploration
PB-D-2019-03-09,powerball,PB-S07,2019-03-09,main,exploration
PB-D-2019-03-13,powerball,PB-S07,2019-03-13,main,exploration
PB-D-2019-03-16,powerball,PB-S07,2019-03-16,main,exploration
PB-D-2019-03-20,powerball,PB-S07,2019-03-20,main,exploration
PB-D-2019-03-23,powerball,PB-S07,2019-03-23,main,exploration
PB-D-2019-03-27,powerball,PB-S07,2019-03-27,main,exploration
PB-D-2019-03-30,powerball,PB-S07,2019-03-30,main,exploration
PB-D-2019-04-03,powerball,PB-S07,2019-04-03,main,exploration
PB-D-2019-04-06,powerball,PB-S07,2019-04-06,main,exploration
PB-D-2019-04-10,powerball,PB-S07,2019-04-10,main,exploration
PB-D-2019-04-13,powerball,PB-S07,2019-04-13,main,exploration
PB-D-2019-04-17,powerball,PB-S07,2019-04-17,main,exploration
PB-D-2019-04-20,powerball,PB-S07,2019-04-20,main,exploration
PB-D-2019-04-24,powerball,PB-S07,2019-04-24,main,exploration
PB-D-2019-04-27,powerball,PB-S07,2019-04-27,main,exploration
PB-D-2019-05-01,powerball,PB-S07,2019-05-01,main,exploration
PB-D-2019-05-04,powerball,PB-S07,2019-05-04,main,exploration
PB-D-2019-05-08,powerball,PB-S07,2019-05-08,main,exploration
PB-D-2019-05-11,powerball,PB-S07,2019-05-11,main,exploration
PB-D-2019-05-15,powerball,PB-S07,2019-05-15,main,exploration
PB-D-2019-05-18,powerball,PB-S07,2019-05-18,main,exploration
PB-D-2019-05-22,powerball,PB-S07,2019-05-22,main,exploration
PB-D-2019-05-25,powerball,PB-S07,2019-05-25,main,exploration
PB-D-2019-05-29,powerball,PB-S07,2019-05-29,main,exploration
PB-D-2019-06-01,powerball,PB-S07,2019-06-01,main,exploration
PB-D-2019-06-05,powerball,PB-S07,2019-06-05,main,exploration
PB-D-2019-06-08,powerball,PB-S07,2019-06-08,main,exploration
PB-D-2019-06-12,powerball,PB-S07,2019-06-12,main,exploration
PB-D-2019-06-15,powerball,PB-S07,2019-06-15,main,exploration
PB-D-2019-06-19,powerball,PB-S07,2019-06-19,main,exploration
PB-D-2019-06-22,powerball,PB-S07,2019-06-22,main,exploration
PB-D-2019-06-26,powerball,PB-S07,2019-06-26,main,exploration
PB-D-2019-06-29,powerball,PB-S07,2019-06-29,main,exploration
PB-D-2019-07-03,powerball,PB-S07,2019-07-03,main,exploration
PB-D-2019-07-06,powerball,PB-S07,2019-07-06,main,exploration
PB-D-2019-07-10,powerball,PB-S07,2019-07-10,main,exploration
PB-D-2019-07-13,powerball,PB-S07,2019-07-13,main,exploration
PB-D-2019-07-17,powerball,PB-S07,2019-07-17,main,exploration
PB-D-2019-07-20,powerball,PB-S07,2019-07-20,main,exploration
PB-D-2019-07-24,powerball,PB-S07,2019-07-24,main,exploration
PB-D-2019-07-27,powerball,PB-S07,2019-07-27,main,exploration
PB-D-2019-07-31,powerball,PB-S07,2019-07-31,main,exploration
PB-D-2019-08-03,powerball,PB-S07,2019-08-03,main,exploration
PB-D-2019-08-07,powerball,PB-S07,2019-08-07,main,exploration
PB-D-2019-08-10,powerball,PB-S07,2019-08-10,main,exploration
PB-D-2019-08-14,powerball,PB-S07,2019-08-14,main,exploration
PB-D-2019-08-17,powerball,PB-S07,2019-08-17,main,exploration
PB-D-2019-08-21,powerball,PB-S07,2019-08-21,main,exploration
PB-D-2019-08-24,powerball,PB-S07,2019-08-24,main,exploration
PB-D-2019-08-28,powerball,PB-S07,2019-08-28,main,exploration
PB-D-2019-08-31,powerball,PB-S07,2019-08-31,main,exploration
PB-D-2019-09-04,powerball,PB-S07,2019-09-04,main,exploration
PB-D-2019-09-07,powerball,PB-S07,2019-09-07,main,exploration
PB-D-2019-09-11,powerball,PB-S07,2019-09-11,main,exploration
PB-D-2019-09-14,powerball,PB-S07,2019-09-14,main,exploration
PB-D-2019-09-18,powerball,PB-S07,2019-09-18,main,exploration
PB-D-2019-09-21,powerball,PB-S07,2019-09-21,main,exploration
PB-D-2019-09-25,powerball,PB-S07,2019-09-25,main,exploration
PB-D-2019-09-28,powerball,PB-S07,2019-09-28,main,exploration
PB-D-2019-10-02,powerball,PB-S07,2019-10-02,main,exploration
PB-D-2019-10-05,powerball,PB-S07,2019-10-05,main,exploration
PB-D-2019-10-09,powerball,PB-S07,2019-10-09,main,exploration
PB-D-2019-10-12,powerball,PB-S07,2019-10-12,main,exploration
PB-D-2019-10-16,powerball,PB-S07,2019-10-16,main,exploration
PB-D-2019-10-19,powerball,PB-S07,2019-10-19,main,exploration
PB-D-2019-10-23,powerball,PB-S07,2019-10-23,main,exploration
PB-D-2019-10-26,powerball,PB-S07,2019-10-26,main,exploration
PB-D-2019-10-30,powerball,PB-S07,2019-10-30,main,exploration
PB-D-2019-11-02,powerball,PB-S07,2019-11-02,main,exploration
PB-D-2019-11-06,powerball,PB-S07,2019-11-06,main,exploration
PB-D-2019-11-09,powerball,PB-S07,2019-11-09,main,exploration
PB-D-2019-11-13,powerball,PB-S07,2019-11-13,main,exploration
PB-D-2019-11-16,powerball,PB-S07,2019-11-16,main,exploration
PB-D-2019-11-20,powerball,PB-S07,2019-11-20,main,exploration
PB-D-2019-11-23,powerball,PB-S07,2019-11-23,main,exploration
PB-D-2019-11-27,powerball,PB-S07,2019-11-27,main,exploration
PB-D-2019-11-30,powerball,PB-S07,2019-11-30,main,exploration
PB-D-2019-12-04,powerball,PB-S07,2019-12-04,main,exploration
PB-D-2019-12-07,powerball,PB-S07,2019-12-07,main,exploration
PB-D-2019-12-11,powerball,PB-S07,2019-12-11,main,exploration
PB-D-2019-12-14,powerball,PB-S07,2019-12-14,main,exploration
PB-D-2019-12-18,powerball,PB-S07,2019-12-18,main,exploration
PB-D-2019-12-21,powerball,PB-S07,2019-12-21,main,exploration
PB-D-2019-12-25,powerball,PB-S07,2019-12-25,main,exploration
PB-D-2019-12-28,powerball,PB-S07,2019-12-28,main,exploration
PB-D-2020-01-01,powerball,PB-S07,2020-01-01,main,exploration
PB-D-2020-01-04,powerball,PB-S07,2020-01-04,main,exploration
PB-D-2020-01-08,powerball,PB-S07,2020-01-08,main,exploration
PB-D-2020-01-11,powerball,PB-S07,2020-01-11,main,exploration
PB-D-2020-01-15,powerball,PB-S07,2020-01-15,main,exploration
PB-D-2020-01-18,powerball,PB-S07,2020-01-18,main,exploration
PB-D-2020-01-22,powerball,PB-S07,2020-01-22,main,exploration
PB-D-2020-01-25,powerball,PB-S07,2020-01-25,main,exploration
PB-D-2020-01-29,powerball,PB-S07,2020-01-29,main,exploration
PB-D-2020-02-01,powerball,PB-S07,2020-02-01,main,exploration
PB-D-2020-02-05,powerball,PB-S07,2020-02-05,main,exploration
PB-D-2020-02-08,powerball,PB-S07,2020-02-08,main,exploration
PB-D-2020-02-12,powerball,PB-S07,2020-02-12,main,exploration
PB-D-2020-02-15,powerball,PB-S07,2020-02-15,main,exploration
PB-D-2020-02-19,powerball,PB-S07,2020-02-19,main,exploration
PB-D-2020-02-22,powerball,PB-S07,2020-02-22,main,exploration
PB-D-2020-02-26,powerball,PB-S07,2020-02-26,main,exploration
PB-D-2020-02-29,powerball,PB-S07,2020-02-29,main,exploration
PB-D-2020-03-04,powerball,PB-S07,2020-03-04,main,exploration
PB-D-2020-03-07,powerball,PB-S07,2020-03-07,main,exploration
PB-D-2020-03-11,powerball,PB-S07,2020-03-11,main,exploration
PB-D-2020-03-14,powerball,PB-S07,2020-03-14,main,exploration
PB-D-2020-03-18,powerball,PB-S07,2020-03-18,main,exploration
PB-D-2020-03-21,powerball,PB-S07,2020-03-21,main,exploration
PB-D-2020-03-25,powerball,PB-S07,2020-03-25,main,exploration
PB-D-2020-03-28,powerball,PB-S07,2020-03-28,main,exploration
PB-D-2020-04-01,powerball,PB-S07,2020-04-01,main,exploration
PB-D-2020-04-04,powerball,PB-S07,2020-04-04,main,exploration
PB-D-2020-04-08,powerball,PB-S07,2020-04-08,main,exploration
PB-D-2020-04-11,powerball,PB-S07,2020-04-11,main,exploration
PB-D-2020-04-15,powerball,PB-S07,2020-04-15,main,exploration
PB-D-2020-04-18,powerball,PB-S07,2020-04-18,main,exploration
PB-D-2020-04-22,powerball,PB-S07,2020-04-22,main,exploration
PB-D-2020-04-25,powerball,PB-S07,2020-04-25,main,exploration
PB-D-2020-04-29,powerball,PB-S07,2020-04-29,main,exploration
PB-D-2020-05-02,powerball,PB-S07,2020-05-02,main,exploration
PB-D-2020-05-06,powerball,PB-S07,2020-05-06,main,exploration
PB-D-2020-05-09,powerball,PB-S07,2020-05-09,main,exploration
PB-D-2020-05-13,powerball,PB-S07,2020-05-13,main,exploration
PB-D-2020-05-16,powerball,PB-S07,2020-05-16,main,exploration
PB-D-2020-05-20,powerball,PB-S07,2020-05-20,main,exploration
PB-D-2020-05-23,powerball,PB-S07,2020-05-23,main,exploration
PB-D-2020-05-27,powerball,PB-S07,2020-05-27,main,exploration
PB-D-2020-05-30,powerball,PB-S07,2020-05-30,main,exploration
PB-D-2020-06-03,powerball,PB-S07,2020-06-03,main,exploration
PB-D-2020-06-06,powerball,PB-S07,2020-06-06,main,exploration
PB-D-2020-06-10,powerball,PB-S07,2020-06-10,main,exploration
PB-D-2020-06-13,powerball,PB-S07,2020-06-13,main,exploration
PB-D-2020-06-17,powerball,PB-S07,2020-06-17,main,exploration
PB-D-2020-06-20,powerball,PB-S07,2020-06-20,main,exploration
PB-D-2020-06-24,powerball,PB-S07,2020-06-24,main,exploration
PB-D-2020-06-27,powerball,PB-S07,2020-06-27,main,exploration
PB-D-2020-07-01,powerball,PB-S07,2020-07-01,main,exploration
PB-D-2020-07-04,powerball,PB-S07,2020-07-04,main,exploration
PB-D-2020-07-08,powerball,PB-S07,2020-07-08,main,exploration
PB-D-2020-07-11,powerball,PB-S07,2020-07-11,main,exploration
PB-D-2020-07-15,powerball,PB-S07,2020-07-15,main,exploration
PB-D-2020-07-18,powerball,PB-S07,2020-07-18,main,exploration
PB-D-2020-07-22,powerball,PB-S07,2020-07-22,main,exploration
PB-D-2020-07-25,powerball,PB-S07,2020-07-25,main,exploration
PB-D-2020-07-29,powerball,PB-S07,2020-07-29,main,exploration
PB-D-2020-08-01,powerball,PB-S07,2020-08-01,main,exploration
PB-D-2020-08-05,powerball,PB-S07,2020-08-05,main,exploration
PB-D-2020-08-08,powerball,PB-S07,2020-08-08,main,exploration
PB-D-2020-08-12,powerball,PB-S07,2020-08-12,main,exploration
PB-D-2020-08-15,powerball,PB-S07,2020-08-15,main,exploration
PB-D-2020-08-19,powerball,PB-S07,2020-08-19,main,exploration
PB-D-2020-08-22,powerball,PB-S07,2020-08-22,main,exploration
PB-D-2020-08-26,powerball,PB-S07,2020-08-26,main,exploration
PB-D-2020-08-29,powerball,PB-S07,2020-08-29,main,exploration
PB-D-2020-09-02,powerball,PB-S07,2020-09-02,main,exploration
PB-D-2020-09-05,powerball,PB-S07,2020-09-05,main,exploration
PB-D-2020-09-09,powerball,PB-S07,2020-09-09,main,exploration
PB-D-2020-09-12,powerball,PB-S07,2020-09-12,main,exploration
PB-D-2020-09-16,powerball,PB-S07,2020-09-16,main,exploration
PB-D-2020-09-19,powerball,PB-S07,2020-09-19,main,exploration
PB-D-2020-09-23,powerball,PB-S07,2020-09-23,main,exploration
PB-D-2020-09-26,powerball,PB-S07,2020-09-26,main,exploration
PB-D-2020-09-30,powerball,PB-S07,2020-09-30,main,exploration
PB-D-2020-10-03,powerball,PB-S07,2020-10-03,main,exploration
PB-D-2020-10-07,powerball,PB-S07,2020-10-07,main,exploration
PB-D-2020-10-10,powerball,PB-S07,2020-10-10,main,exploration
PB-D-2020-10-14,powerball,PB-S07,2020-10-14,main,exploration
PB-D-2020-10-17,powerball,PB-S07,2020-10-17,main,exploration
PB-D-2020-10-21,powerball,PB-S07,2020-10-21,main,exploration
PB-D-2020-10-24,powerball,PB-S07,2020-10-24,main,exploration
PB-D-2020-10-28,powerball,PB-S07,2020-10-28,main,exploration
PB-D-2020-10-31,powerball,PB-S07,2020-10-31,main,exploration
PB-D-2020-11-04,powerball,PB-S07,2020-11-04,main,exploration
PB-D-2020-11-07,powerball,PB-S07,2020-11-07,main,exploration
PB-D-2020-11-11,powerball,PB-S07,2020-11-11,main,exploration
PB-D-2020-11-14,powerball,PB-S07,2020-11-14,main,exploration
PB-D-2020-11-18,powerball,PB-S07,2020-11-18,main,exploration
PB-D-2020-11-21,powerball,PB-S07,2020-11-21,main,exploration
PB-D-2020-11-25,powerball,PB-S07,2020-11-25,main,exploration
PB-D-2020-11-28,powerball,PB-S07,2020-11-28,main,exploration
PB-D-2020-12-02,powerball,PB-S07,2020-12-02,main,exploration
PB-D-2020-12-05,powerball,PB-S07,2020-12-05,main,exploration
PB-D-2020-12-09,powerball,PB-S07,2020-12-09,main,exploration
PB-D-2020-12-12,powerball,PB-S07,2020-12-12,main,exploration
PB-D-2020-12-16,powerball,PB-S07,2020-12-16,main,exploration
PB-D-2020-12-19,powerball,PB-S07,2020-12-19,main,exploration
PB-D-2020-12-23,powerball,PB-S07,2020-12-23,main,exploration
PB-D-2020-12-26,powerball,PB-S07,2020-12-26,main,exploration
PB-D-2020-12-30,powerball,PB-S07,2020-12-30,main,exploration
PB-D-2021-01-02,powerball,PB-S07,2021-01-02,main,exploration
PB-D-2021-01-06,powerball,PB-S07,2021-01-06,main,exploration
PB-D-2021-01-09,powerball,PB-S07,2021-01-09,main,exploration
PB-D-2021-01-13,powerball,PB-S07,2021-01-13,main,exploration
PB-D-2021-01-16,powerball,PB-S07,2021-01-16,main,exploration
PB-D-2021-01-20,powerball,PB-S07,2021-01-20,main,exploration
PB-D-2021-01-23,powerball,PB-S07,2021-01-23,main,exploration
PB-D-2021-01-27,powerball,PB-S07,2021-01-27,main,exploration
PB-D-2021-01-30,powerball,PB-S07,2021-01-30,main,exploration
PB-D-2021-02-03,powerball,PB-S07,2021-02-03,main,exploration
PB-D-2021-02-06,powerball,PB-S07,2021-02-06,main,exploration
PB-D-2021-02-10,powerball,PB-S07,2021-02-10,main,exploration
PB-D-2021-02-13,powerball,PB-S07,2021-02-13,main,exploration
PB-D-2021-02-17,powerball,PB-S07,2021-02-17,main,exploration
PB-D-2021-02-20,powerball,PB-S07,2021-02-20,main,exploration
PB-D-2021-02-24,powerball,PB-S07,2021-02-24,main,exploration
PB-D-2021-02-27,powerball,PB-S07,2021-02-27,main,exploration
PB-D-2021-03-03,powerball,PB-S07,2021-03-03,main,exploration
PB-D-2021-03-06,powerball,PB-S07,2021-03-06,main,exploration
PB-D-2021-03-10,powerball,PB-S07,2021-03-10,main,exploration
PB-D-2021-03-13,powerball,PB-S07,2021-03-13,main,exploration
PB-D-2021-03-17,powerball,PB-S07,2021-03-17,main,exploration
PB-D-2021-03-20,powerball,PB-S07,2021-03-20,main,exploration
PB-D-2021-03-24,powerball,PB-S07,2021-03-24,main,exploration
PB-D-2021-03-27,powerball,PB-S07,2021-03-27,main,exploration
PB-D-2021-03-31,powerball,PB-S07,2021-03-31,main,exploration
PB-D-2021-04-03,powerball,PB-S07,2021-04-03,main,exploration
PB-D-2021-04-07,powerball,PB-S07,2021-04-07,main,exploration
PB-D-2021-04-10,powerball,PB-S07,2021-04-10,main,exploration
PB-D-2021-04-14,powerball,PB-S07,2021-04-14,main,exploration
PB-D-2021-04-17,powerball,PB-S07,2021-04-17,main,exploration
PB-D-2021-04-21,powerball,PB-S07,2021-04-21,main,exploration
PB-D-2021-04-24,powerball,PB-S07,2021-04-24,main,exploration
PB-D-2021-04-28,powerball,PB-S07,2021-04-28,main,exploration
PB-D-2021-05-01,powerball,PB-S07,2021-05-01,main,exploration
PB-D-2021-05-05,powerball,PB-S07,2021-05-05,main,exploration
PB-D-2021-05-08,powerball,PB-S07,2021-05-08,main,exploration
PB-D-2021-05-12,powerball,PB-S07,2021-05-12,main,exploration
PB-D-2021-05-15,powerball,PB-S07,2021-05-15,main,exploration
PB-D-2021-05-19,powerball,PB-S07,2021-05-19,main,exploration
PB-D-2021-05-22,powerball,PB-S07,2021-05-22,main,exploration
PB-D-2021-05-26,powerball,PB-S07,2021-05-26,main,exploration
PB-D-2021-05-29,powerball,PB-S07,2021-05-29,main,exploration
PB-D-2021-06-02,powerball,PB-S07,2021-06-02,main,exploration
PB-D-2021-06-05,powerball,PB-S07,2021-06-05,main,exploration
PB-D-2021-06-09,powerball,PB-S07,2021-06-09,main,exploration
PB-D-2021-06-12,powerball,PB-S07,2021-06-12,main,exploration
PB-D-2021-06-16,powerball,PB-S07,2021-06-16,main,exploration
PB-D-2021-06-19,powerball,PB-S07,2021-06-19,main,exploration
PB-D-2021-06-23,powerball,PB-S07,2021-06-23,main,exploration
PB-D-2021-06-26,powerball,PB-S07,2021-06-26,main,exploration
PB-D-2021-06-30,powerball,PB-S07,2021-06-30,main,exploration
PB-D-2021-07-03,powerball,PB-S07,2021-07-03,main,exploration
PB-D-2021-07-07,powerball,PB-S07,2021-07-07,main,exploration
PB-D-2021-07-10,powerball,PB-S07,2021-07-10,main,exploration
PB-D-2021-07-14,powerball,PB-S07,2021-07-14,main,exploration
PB-D-2021-07-17,powerball,PB-S07,2021-07-17,main,exploration
PB-D-2021-07-21,powerball,PB-S07,2021-07-21,main,exploration
PB-D-2021-07-24,powerball,PB-S07,2021-07-24,main,exploration
PB-D-2021-07-28,powerball,PB-S07,2021-07-28,main,exploration
PB-D-2021-07-31,powerball,PB-S07,2021-07-31,main,exploration
PB-D-2021-08-04,powerball,PB-S07,2021-08-04,main,exploration
PB-D-2021-08-07,powerball,PB-S07,2021-08-07,main,exploration
PB-D-2021-08-11,powerball,PB-S07,2021-08-11,main,exploration
PB-D-2021-08-14,powerball,PB-S07,2021-08-14,main,exploration
PB-D-2021-08-18,powerball,PB-S07,2021-08-18,main,exploration
PB-D-2021-08-21,powerball,PB-S07,2021-08-21,main,exploration
PB-D-2021-08-23,powerball,PB-S07,2021-08-23,main,exploration
PB-D-2021-08-25,powerball,PB-S07,2021-08-25,main,exploration
PB-D-2021-08-28,powerball,PB-S07,2021-08-28,main,exploration
PB-D-2021-08-30,powerball,PB-S07,2021-08-30,main,exploration
PB-D-2021-09-01,powerball,PB-S07,2021-09-01,main,exploration
PB-D-2021-09-04,powerball,PB-S07,2021-09-04,main,exploration
PB-D-2021-09-06,powerball,PB-S07,2021-09-06,main,exploration
PB-D-2021-09-08,powerball,PB-S07,2021-09-08,main,exploration
PB-D-2021-09-11,powerball,PB-S07,2021-09-11,main,exploration
PB-D-2021-09-13,powerball,PB-S07,2021-09-13,main,exploration
PB-D-2021-09-15,powerball,PB-S07,2021-09-15,main,exploration
PB-D-2021-09-18,powerball,PB-S07,2021-09-18,main,exploration
PB-D-2021-09-20,powerball,PB-S07,2021-09-20,main,exploration
PB-D-2021-09-22,powerball,PB-S07,2021-09-22,main,exploration
PB-D-2021-09-25,powerball,PB-S07,2021-09-25,main,exploration
PB-D-2021-09-27,powerball,PB-S07,2021-09-27,main,exploration
PB-D-2021-09-29,powerball,PB-S07,2021-09-29,main,exploration
PB-D-2021-10-02,powerball,PB-S07,2021-10-02,main,exploration
PB-D-2021-10-04,powerball,PB-S07,2021-10-04,main,exploration
PB-D-2021-10-06,powerball,PB-S07,2021-10-06,main,exploration
PB-D-2021-10-09,powerball,PB-S07,2021-10-09,main,exploration
PB-D-2021-10-11,powerball,PB-S07,2021-10-11,main,exploration
PB-D-2021-10-13,powerball,PB-S07,2021-10-13,main,exploration
PB-D-2021-10-16,powerball,PB-S07,2021-10-16,main,exploration
PB-D-2021-10-18,powerball,PB-S07,2021-10-18,main,exploration
PB-D-2021-10-20,powerball,PB-S07,2021-10-20,main,exploration
PB-D-2021-10-23,powerball,PB-S07,2021-10-23,main,exploration
PB-D-2021-10-25,powerball,PB-S07,2021-10-25,main,exploration
PB-D-2021-10-27,powerball,PB-S07,2021-10-27,main,exploration
PB-D-2021-10-30,powerball,PB-S07,2021-10-30,main,exploration
PB-D-2021-11-01,powerball,PB-S07,2021-11-01,main,exploration
PB-D-2021-11-03,powerball,PB-S07,2021-11-03,main,exploration
PB-D-2021-11-06,powerball,PB-S07,2021-11-06,main,exploration
PB-D-2021-11-08,powerball,PB-S07,2021-11-08,main,exploration
PB-D-2021-11-10,powerball,PB-S07,2021-11-10,main,exploration
PB-D-2021-11-13,powerball,PB-S07,2021-11-13,main,exploration
PB-D-2021-11-15,powerball,PB-S07,2021-11-15,main,exploration
PB-D-2021-11-17,powerball,PB-S07,2021-11-17,main,exploration
PB-D-2021-11-20,powerball,PB-S07,2021-11-20,main,exploration
PB-D-2021-11-22,powerball,PB-S07,2021-11-22,main,exploration
PB-D-2021-11-24,powerball,PB-S07,2021-11-24,main,exploration
PB-D-2021-11-27,powerball,PB-S07,2021-11-27,main,exploration
PB-D-2021-11-29,powerball,PB-S07,2021-11-29,main,exploration
PB-D-2021-12-01,powerball,PB-S07,2021-12-01,main,exploration
PB-D-2021-12-04,powerball,PB-S07,2021-12-04,main,exploration
PB-D-2021-12-06,powerball,PB-S07,2021-12-06,main,exploration
PB-D-2021-12-08,powerball,PB-S07,2021-12-08,main,exploration
PB-D-2021-12-11,powerball,PB-S07,2021-12-11,main,exploration
PB-D-2021-12-13,powerball,PB-S07,2021-12-13,main,exploration
PB-D-2021-12-15,powerball,PB-S07,2021-12-15,main,exploration
PB-D-2021-12-18,powerball,PB-S07,2021-12-18,main,exploration
PB-D-2021-12-20,powerball,PB-S07,2021-12-20,main,exploration
PB-D-2021-12-22,powerball,PB-S07,2021-12-22,main,exploration
PB-D-2021-12-25,powerball,PB-S07,2021-12-25,main,exploration
PB-D-2021-12-27,powerball,PB-S07,2021-12-27,main,exploration
PB-D-2021-12-29,powerball,PB-S07,2021-12-29,main,exploration
PB-D-2022-01-01,powerball,PB-S07,2022-01-01,main,exploration
PB-D-2022-01-03,powerball,PB-S07,2022-01-03,main,exploration
PB-D-2022-01-05,powerball,PB-S07,2022-01-05,main,exploration
PB-D-2022-01-08,powerball,PB-S07,2022-01-08,main,exploration
PB-D-2022-01-10,powerball,PB-S07,2022-01-10,main,exploration
PB-D-2022-01-12,powerball,PB-S07,2022-01-12,main,exploration
PB-D-2022-01-15,powerball,PB-S07,2022-01-15,main,exploration
PB-D-2022-01-17,powerball,PB-S07,2022-01-17,main,exploration
PB-D-2022-01-19,powerball,PB-S07,2022-01-19,main,exploration
PB-D-2022-01-22,powerball,PB-S07,2022-01-22,main,exploration
PB-D-2022-01-24,powerball,PB-S07,2022-01-24,main,exploration
PB-D-2022-01-26,powerball,PB-S07,2022-01-26,main,exploration
PB-D-2022-01-29,powerball,PB-S07,2022-01-29,main,exploration
PB-D-2022-01-31,powerball,PB-S07,2022-01-31,main,exploration
PB-D-2022-02-02,powerball,PB-S07,2022-02-02,main,exploration
PB-D-2022-02-05,powerball,PB-S07,2022-02-05,main,exploration
PB-D-2022-02-07,powerball,PB-S07,2022-02-07,main,exploration
PB-D-2022-02-09,powerball,PB-S07,2022-02-09,main,exploration
PB-D-2022-02-12,powerball,PB-S07,2022-02-12,main,exploration
PB-D-2022-02-14,powerball,PB-S07,2022-02-14,main,exploration
PB-D-2022-02-16,powerball,PB-S07,2022-02-16,main,exploration
PB-D-2022-02-19,powerball,PB-S07,2022-02-19,main,exploration
PB-D-2022-02-21,powerball,PB-S07,2022-02-21,main,exploration
PB-D-2022-02-23,powerball,PB-S07,2022-02-23,main,exploration
PB-D-2022-02-26,powerball,PB-S07,2022-02-26,main,exploration
PB-D-2022-02-28,powerball,PB-S07,2022-02-28,main,exploration
PB-D-2022-03-02,powerball,PB-S07,2022-03-02,main,exploration
PB-D-2022-03-05,powerball,PB-S07,2022-03-05,main,exploration
PB-D-2022-03-07,powerball,PB-S07,2022-03-07,main,exploration
PB-D-2022-03-09,powerball,PB-S07,2022-03-09,main,exploration
PB-D-2022-03-12,powerball,PB-S07,2022-03-12,main,exploration
PB-D-2022-03-14,powerball,PB-S07,2022-03-14,main,exploration
PB-D-2022-03-16,powerball,PB-S07,2022-03-16,main,exploration
PB-D-2022-03-19,powerball,PB-S07,2022-03-19,main,exploration
PB-D-2022-03-21,powerball,PB-S07,2022-03-21,main,exploration
PB-D-2022-03-23,powerball,PB-S07,2022-03-23,main,exploration
PB-D-2022-03-26,powerball,PB-S07,2022-03-26,main,exploration
PB-D-2022-03-28,powerball,PB-S07,2022-03-28,main,exploration
PB-D-2022-03-30,powerball,PB-S07,2022-03-30,main,exploration
PB-D-2022-04-02,powerball,PB-S07,2022-04-02,main,exploration
PB-D-2022-04-04,powerball,PB-S07,2022-04-04,main,exploration
PB-D-2022-04-06,powerball,PB-S07,2022-04-06,main,exploration
PB-D-2022-04-09,powerball,PB-S07,2022-04-09,main,exploration
PB-D-2022-04-11,powerball,PB-S07,2022-04-11,main,exploration
PB-D-2022-04-13,powerball,PB-S07,2022-04-13,main,exploration
PB-D-2022-04-16,powerball,PB-S07,2022-04-16,main,exploration
PB-D-2022-04-18,powerball,PB-S07,2022-04-18,main,exploration
PB-D-2022-04-20,powerball,PB-S07,2022-04-20,main,exploration
PB-D-2022-04-23,powerball,PB-S07,2022-04-23,main,exploration
PB-D-2022-04-25,powerball,PB-S07,2022-04-25,main,exploration
PB-D-2022-04-27,powerball,PB-S07,2022-04-27,main,exploration
PB-D-2022-04-30,powerball,PB-S07,2022-04-30,main,exploration
PB-D-2022-05-02,powerball,PB-S07,2022-05-02,main,exploration
PB-D-2022-05-04,powerball,PB-S07,2022-05-04,main,exploration
PB-D-2022-05-07,powerball,PB-S07,2022-05-07,main,exploration
PB-D-2022-05-09,powerball,PB-S07,2022-05-09,main,exploration
PB-D-2022-05-11,powerball,PB-S07,2022-05-11,main,exploration
PB-D-2022-05-14,powerball,PB-S07,2022-05-14,main,exploration
PB-D-2022-05-16,powerball,PB-S07,2022-05-16,main,exploration
PB-D-2022-05-18,powerball,PB-S07,2022-05-18,main,exploration
PB-D-2022-05-21,powerball,PB-S07,2022-05-21,main,exploration
PB-D-2022-05-23,powerball,PB-S07,2022-05-23,main,exploration
PB-D-2022-05-25,powerball,PB-S07,2022-05-25,main,exploration
PB-D-2022-05-28,powerball,PB-S07,2022-05-28,main,exploration
PB-D-2022-05-30,powerball,PB-S07,2022-05-30,main,exploration
PB-D-2022-06-01,powerball,PB-S07,2022-06-01,main,exploration
PB-D-2022-06-04,powerball,PB-S07,2022-06-04,main,exploration
PB-D-2022-06-06,powerball,PB-S07,2022-06-06,main,exploration
PB-D-2022-06-08,powerball,PB-S07,2022-06-08,main,exploration
PB-D-2022-06-11,powerball,PB-S07,2022-06-11,main,exploration
PB-D-2022-06-13,powerball,PB-S07,2022-06-13,main,exploration
PB-D-2022-06-15,powerball,PB-S07,2022-06-15,main,exploration
PB-D-2022-06-18,powerball,PB-S07,2022-06-18,main,exploration
PB-D-2022-06-20,powerball,PB-S07,2022-06-20,main,exploration
PB-D-2022-06-22,powerball,PB-S07,2022-06-22,main,exploration
PB-D-2022-06-25,powerball,PB-S07,2022-06-25,main,exploration
PB-D-2022-06-27,powerball,PB-S07,2022-06-27,main,exploration
PB-D-2022-06-29,powerball,PB-S07,2022-06-29,main,exploration
PB-D-2022-07-02,powerball,PB-S07,2022-07-02,main,exploration
PB-D-2022-07-04,powerball,PB-S07,2022-07-04,main,exploration
PB-D-2022-07-06,powerball,PB-S07,2022-07-06,main,exploration
PB-D-2022-07-09,powerball,PB-S07,2022-07-09,main,exploration
PB-D-2022-07-11,powerball,PB-S07,2022-07-11,main,exploration
PB-D-2022-07-13,powerball,PB-S07,2022-07-13,main,exploration
PB-D-2022-07-16,powerball,PB-S07,2022-07-16,main,exploration
PB-D-2022-07-18,powerball,PB-S07,2022-07-18,main,exploration
PB-D-2022-07-20,powerball,PB-S07,2022-07-20,main,exploration
PB-D-2022-07-23,powerball,PB-S07,2022-07-23,main,exploration
PB-D-2022-07-25,powerball,PB-S07,2022-07-25,main,exploration
PB-D-2022-07-27,powerball,PB-S07,2022-07-27,main,exploration
PB-D-2022-07-30,powerball,PB-S07,2022-07-30,main,exploration
PB-D-2022-08-01,powerball,PB-S07,2022-08-01,main,exploration
PB-D-2022-08-03,powerball,PB-S07,2022-08-03,main,exploration
PB-D-2022-08-06,powerball,PB-S07,2022-08-06,main,exploration
PB-D-2022-08-08,powerball,PB-S07,2022-08-08,main,exploration
PB-D-2022-08-10,powerball,PB-S07,2022-08-10,main,exploration
PB-D-2022-08-13,powerball,PB-S07,2022-08-13,main,exploration
PB-D-2022-08-15,powerball,PB-S07,2022-08-15,main,exploration
PB-D-2022-08-17,powerball,PB-S07,2022-08-17,main,exploration
PB-D-2022-08-20,powerball,PB-S07,2022-08-20,main,exploration
PB-D-2022-08-22,powerball,PB-S07,2022-08-22,main,exploration
PB-D-2022-08-24,powerball,PB-S07,2022-08-24,main,exploration
PB-D-2022-08-27,powerball,PB-S07,2022-08-27,main,exploration
PB-D-2022-08-29,powerball,PB-S07,2022-08-29,main,exploration
PB-D-2022-08-31,powerball,PB-S07,2022-08-31,main,exploration
PB-D-2022-09-03,powerball,PB-S07,2022-09-03,main,exploration
PB-D-2022-09-05,powerball,PB-S07,2022-09-05,main,exploration
PB-D-2022-09-07,powerball,PB-S07,2022-09-07,main,exploration
PB-D-2022-09-10,powerball,PB-S07,2022-09-10,main,exploration
PB-D-2022-09-12,powerball,PB-S07,2022-09-12,main,exploration
PB-D-2022-09-14,powerball,PB-S07,2022-09-14,main,exploration
PB-D-2022-09-17,powerball,PB-S07,2022-09-17,main,exploration
PB-D-2022-09-19,powerball,PB-S07,2022-09-19,main,exploration
PB-D-2022-09-21,powerball,PB-S07,2022-09-21,main,exploration
PB-D-2022-09-24,powerball,PB-S07,2022-09-24,main,exploration
PB-D-2022-09-26,powerball,PB-S07,2022-09-26,main,exploration
PB-D-2022-09-28,powerball,PB-S07,2022-09-28,main,exploration
PB-D-2022-10-01,powerball,PB-S07,2022-10-01,main,exploration
PB-D-2022-10-03,powerball,PB-S07,2022-10-03,main,exploration
PB-D-2022-10-05,powerball,PB-S07,2022-10-05,main,exploration
PB-D-2022-10-08,powerball,PB-S07,2022-10-08,main,exploration
PB-D-2022-10-10,powerball,PB-S07,2022-10-10,main,exploration
PB-D-2022-10-12,powerball,PB-S07,2022-10-12,main,exploration
PB-D-2022-10-15,powerball,PB-S07,2022-10-15,main,exploration
PB-D-2022-10-17,powerball,PB-S07,2022-10-17,main,exploration
PB-D-2022-10-19,powerball,PB-S07,2022-10-19,main,exploration
PB-D-2022-10-22,powerball,PB-S07,2022-10-22,main,exploration
PB-D-2022-10-24,powerball,PB-S07,2022-10-24,main,exploration
PB-D-2022-10-26,powerball,PB-S07,2022-10-26,main,exploration
PB-D-2022-10-29,powerball,PB-S07,2022-10-29,main,exploration
PB-D-2022-10-31,powerball,PB-S07,2022-10-31,main,exploration
PB-D-2022-11-02,powerball,PB-S07,2022-11-02,main,exploration
PB-D-2022-11-05,powerball,PB-S07,2022-11-05,main,exploration
PB-D-2022-11-07,powerball,PB-S07,2022-11-07,main,exploration
PB-D-2022-11-09,powerball,PB-S07,2022-11-09,main,exploration
PB-D-2022-11-12,powerball,PB-S07,2022-11-12,main,exploration
PB-D-2022-11-14,powerball,PB-S07,2022-11-14,main,exploration
PB-D-2022-11-16,powerball,PB-S07,2022-11-16,main,exploration
PB-D-2022-11-19,powerball,PB-S07,2022-11-19,main,exploration
PB-D-2022-11-21,powerball,PB-S07,2022-11-21,main,exploration
PB-D-2022-11-23,powerball,PB-S07,2022-11-23,main,exploration
PB-D-2022-11-26,powerball,PB-S07,2022-11-26,main,exploration
PB-D-2022-11-28,powerball,PB-S07,2022-11-28,main,exploration
PB-D-2022-11-30,powerball,PB-S07,2022-11-30,main,exploration
PB-D-2022-12-03,powerball,PB-S07,2022-12-03,main,exploration
PB-D-2022-12-05,powerball,PB-S07,2022-12-05,main,exploration
PB-D-2022-12-07,powerball,PB-S07,2022-12-07,main,exploration
PB-D-2022-12-10,powerball,PB-S07,2022-12-10,main,exploration
PB-D-2022-12-12,powerball,PB-S07,2022-12-12,main,exploration
PB-D-2022-12-14,powerball,PB-S07,2022-12-14,main,exploration
PB-D-2022-12-17,powerball,PB-S07,2022-12-17,main,exploration
PB-D-2022-12-19,powerball,PB-S07,2022-12-19,main,exploration
PB-D-2022-12-21,powerball,PB-S07,2022-12-21,main,exploration
PB-D-2022-12-24,powerball,PB-S07,2022-12-24,main,exploration
PB-D-2022-12-26,powerball,PB-S07,2022-12-26,main,exploration
PB-D-2022-12-28,powerball,PB-S07,2022-12-28,main,exploration
PB-D-2022-12-31,powerball,PB-S07,2022-12-31,main,exploration
PB-D-2023-01-02,powerball,PB-S07,2023-01-02,main,exploration
PB-D-2023-01-04,powerball,PB-S07,2023-01-04,main,exploration
PB-D-2023-01-07,powerball,PB-S07,2023-01-07,main,exploration
PB-D-2023-01-09,powerball,PB-S07,2023-01-09,main,exploration
PB-D-2023-01-11,powerball,PB-S07,2023-01-11,main,exploration
PB-D-2023-01-14,powerball,PB-S07,2023-01-14,main,exploration
PB-D-2023-01-16,powerball,PB-S07,2023-01-16,main,exploration
PB-D-2023-01-18,powerball,PB-S07,2023-01-18,main,exploration
PB-D-2023-01-21,powerball,PB-S07,2023-01-21,main,exploration
PB-D-2023-01-23,powerball,PB-S07,2023-01-23,main,exploration
PB-D-2023-01-25,powerball,PB-S07,2023-01-25,main,exploration
PB-D-2023-01-28,powerball,PB-S07,2023-01-28,main,exploration
PB-D-2023-01-30,powerball,PB-S07,2023-01-30,main,exploration
PB-D-2023-02-01,powerball,PB-S07,2023-02-01,main,exploration
PB-D-2023-02-04,powerball,PB-S07,2023-02-04,main,exploration
PB-D-2023-02-06,powerball,PB-S07,2023-02-06,main,exploration
PB-D-2023-02-08,powerball,PB-S07,2023-02-08,main,exploration
PB-D-2023-02-11,powerball,PB-S07,2023-02-11,main,exploration
PB-D-2023-02-13,powerball,PB-S07,2023-02-13,main,exploration
PB-D-2023-02-15,powerball,PB-S07,2023-02-15,main,exploration
PB-D-2023-02-18,powerball,PB-S07,2023-02-18,main,exploration
PB-D-2023-02-20,powerball,PB-S07,2023-02-20,main,exploration
PB-D-2023-02-22,powerball,PB-S07,2023-02-22,main,exploration
PB-D-2023-02-25,powerball,PB-S07,2023-02-25,main,exploration
PB-D-2023-02-27,powerball,PB-S07,2023-02-27,main,exploration
PB-D-2023-03-01,powerball,PB-S07,2023-03-01,main,exploration
PB-D-2023-03-04,powerball,PB-S07,2023-03-04,main,exploration
PB-D-2023-03-06,powerball,PB-S07,2023-03-06,main,exploration
PB-D-2023-03-08,powerball,PB-S07,2023-03-08,main,exploration
PB-D-2023-03-11,powerball,PB-S07,2023-03-11,main,exploration
PB-D-2023-03-13,powerball,PB-S07,2023-03-13,main,exploration
PB-D-2023-03-15,powerball,PB-S07,2023-03-15,main,exploration
PB-D-2023-03-18,powerball,PB-S07,2023-03-18,main,exploration
PB-D-2023-03-20,powerball,PB-S07,2023-03-20,main,exploration
PB-D-2023-03-22,powerball,PB-S07,2023-03-22,main,exploration
PB-D-2023-03-25,powerball,PB-S07,2023-03-25,main,exploration
PB-D-2023-03-27,powerball,PB-S07,2023-03-27,main,exploration
PB-D-2023-03-29,powerball,PB-S07,2023-03-29,main,exploration
PB-D-2023-04-01,powerball,PB-S07,2023-04-01,main,exploration
PB-D-2023-04-03,powerball,PB-S07,2023-04-03,main,exploration
PB-D-2023-04-05,powerball,PB-S07,2023-04-05,main,exploration
PB-D-2023-04-08,powerball,PB-S07,2023-04-08,main,exploration
PB-D-2023-04-10,powerball,PB-S07,2023-04-10,main,exploration
PB-D-2023-04-12,powerball,PB-S07,2023-04-12,main,exploration
PB-D-2023-04-15,powerball,PB-S07,2023-04-15,main,exploration
PB-D-2023-04-17,powerball,PB-S07,2023-04-17,main,exploration
PB-D-2023-04-19,powerball,PB-S07,2023-04-19,main,exploration
PB-D-2023-04-22,powerball,PB-S07,2023-04-22,main,exploration
PB-D-2023-04-24,powerball,PB-S07,2023-04-24,main,exploration
PB-D-2023-04-26,powerball,PB-S07,2023-04-26,main,exploration
PB-D-2023-04-29,powerball,PB-S07,2023-04-29,main,exploration
PB-D-2023-05-01,powerball,PB-S07,2023-05-01,main,exploration
PB-D-2023-05-03,powerball,PB-S07,2023-05-03,main,exploration
PB-D-2023-05-06,powerball,PB-S07,2023-05-06,main,exploration
PB-D-2023-05-08,powerball,PB-S07,2023-05-08,main,exploration
PB-D-2023-05-10,powerball,PB-S07,2023-05-10,main,exploration
PB-D-2023-05-13,powerball,PB-S07,2023-05-13,main,exploration
PB-D-2023-05-15,powerball,PB-S07,2023-05-15,main,exploration
PB-D-2023-05-17,powerball,PB-S07,2023-05-17,main,exploration
PB-D-2023-05-20,powerball,PB-S07,2023-05-20,main,exploration
PB-D-2023-05-22,powerball,PB-S07,2023-05-22,main,exploration
PB-D-2023-05-24,powerball,PB-S07,2023-05-24,main,exploration
PB-D-2023-05-27,powerball,PB-S07,2023-05-27,main,exploration
PB-D-2023-05-29,powerball,PB-S07,2023-05-29,main,exploration
PB-D-2023-05-31,powerball,PB-S07,2023-05-31,main,exploration
PB-D-2023-06-03,powerball,PB-S07,2023-06-03,main,exploration
PB-D-2023-06-05,powerball,PB-S07,2023-06-05,main,exploration
PB-D-2023-06-07,powerball,PB-S07,2023-06-07,main,exploration
PB-D-2023-06-10,powerball,PB-S07,2023-06-10,main,exploration
PB-D-2023-06-12,powerball,PB-S07,2023-06-12,main,exploration
PB-D-2023-06-14,powerball,PB-S07,2023-06-14,main,exploration
PB-D-2023-06-17,powerball,PB-S07,2023-06-17,main,exploration
PB-D-2023-06-19,powerball,PB-S07,2023-06-19,main,exploration
PB-D-2023-06-21,powerball,PB-S07,2023-06-21,main,exploration
PB-D-2023-06-24,powerball,PB-S07,2023-06-24,main,exploration
PB-D-2023-06-26,powerball,PB-S07,2023-06-26,main,exploration
PB-D-2023-06-28,powerball,PB-S07,2023-06-28,main,exploration
PB-D-2023-07-01,powerball,PB-S07,2023-07-01,main,exploration
PB-D-2023-07-03,powerball,PB-S07,2023-07-03,main,exploration
PB-D-2023-07-05,powerball,PB-S07,2023-07-05,main,exploration
PB-D-2023-07-08,powerball,PB-S07,2023-07-08,main,exploration
PB-D-2023-07-10,powerball,PB-S07,2023-07-10,main,exploration
PB-D-2023-07-12,powerball,PB-S07,2023-07-12,main,exploration
PB-D-2023-07-15,powerball,PB-S07,2023-07-15,main,exploration
PB-D-2023-07-17,powerball,PB-S07,2023-07-17,main,exploration
PB-D-2023-07-19,powerball,PB-S07,2023-07-19,main,exploration
PB-D-2023-07-22,powerball,PB-S07,2023-07-22,main,exploration
PB-D-2023-07-24,powerball,PB-S07,2023-07-24,main,exploration
PB-D-2023-07-26,powerball,PB-S07,2023-07-26,main,exploration
PB-D-2023-07-29,powerball,PB-S07,2023-07-29,main,exploration
PB-D-2023-07-31,powerball,PB-S07,2023-07-31,main,exploration
PB-D-2023-08-02,powerball,PB-S07,2023-08-02,main,exploration
PB-D-2023-08-05,powerball,PB-S07,2023-08-05,main,exploration
PB-D-2023-08-07,powerball,PB-S07,2023-08-07,main,exploration
PB-D-2023-08-09,powerball,PB-S07,2023-08-09,main,exploration
PB-D-2023-08-12,powerball,PB-S07,2023-08-12,main,exploration
PB-D-2023-08-14,powerball,PB-S07,2023-08-14,main,exploration
PB-D-2023-08-16,powerball,PB-S07,2023-08-16,main,exploration
PB-D-2023-08-19,powerball,PB-S07,2023-08-19,main,exploration
PB-D-2023-08-21,powerball,PB-S07,2023-08-21,main,exploration
PB-D-2023-08-23,powerball,PB-S07,2023-08-23,main,exploration
PB-D-2023-08-26,powerball,PB-S07,2023-08-26,main,exploration
PB-D-2023-08-28,powerball,PB-S07,2023-08-28,main,exploration
PB-D-2023-08-30,powerball,PB-S07,2023-08-30,main,exploration
PB-D-2023-09-02,powerball,PB-S07,2023-09-02,main,exploration
PB-D-2023-09-04,powerball,PB-S07,2023-09-04,main,exploration
PB-D-2023-09-06,powerball,PB-S07,2023-09-06,main,exploration
PB-D-2023-09-09,powerball,PB-S07,2023-09-09,main,exploration
PB-D-2023-09-11,powerball,PB-S07,2023-09-11,main,exploration
PB-D-2023-09-13,powerball,PB-S07,2023-09-13,main,exploration
PB-D-2023-09-16,powerball,PB-S07,2023-09-16,main,exploration
PB-D-2023-09-18,powerball,PB-S07,2023-09-18,main,exploration
PB-D-2023-09-20,powerball,PB-S07,2023-09-20,main,exploration
PB-D-2023-09-23,powerball,PB-S07,2023-09-23,main,exploration
PB-D-2023-09-25,powerball,PB-S07,2023-09-25,main,exploration
PB-D-2023-09-27,powerball,PB-S07,2023-09-27,main,exploration
PB-D-2023-09-30,powerball,PB-S07,2023-09-30,main,exploration
PB-D-2023-10-02,powerball,PB-S07,2023-10-02,main,exploration
PB-D-2023-10-04,powerball,PB-S07,2023-10-04,main,exploration
PB-D-2023-10-07,powerball,PB-S07,2023-10-07,main,exploration
PB-D-2023-10-09,powerball,PB-S07,2023-10-09,main,exploration
PB-D-2023-10-11,powerball,PB-S07,2023-10-11,main,exploration
PB-D-2023-10-14,powerball,PB-S07,2023-10-14,main,exploration
PB-D-2023-10-16,powerball,PB-S07,2023-10-16,main,exploration
PB-D-2023-10-18,powerball,PB-S07,2023-10-18,main,exploration
PB-D-2023-10-21,powerball,PB-S07,2023-10-21,main,exploration
PB-D-2023-10-23,powerball,PB-S07,2023-10-23,main,exploration
PB-D-2023-10-25,powerball,PB-S07,2023-10-25,main,exploration
PB-D-2023-10-28,powerball,PB-S07,2023-10-28,main,exploration
PB-D-2023-10-30,powerball,PB-S07,2023-10-30,main,exploration
PB-D-2023-11-01,powerball,PB-S07,2023-11-01,main,exploration
PB-D-2023-11-04,powerball,PB-S07,2023-11-04,main,exploration
PB-D-2023-11-06,powerball,PB-S07,2023-11-06,main,exploration
PB-D-2023-11-08,powerball,PB-S07,2023-11-08,main,exploration
PB-D-2023-11-11,powerball,PB-S07,2023-11-11,main,exploration
PB-D-2023-11-13,powerball,PB-S07,2023-11-13,main,exploration
PB-D-2023-11-15,powerball,PB-S07,2023-11-15,main,exploration
PB-D-2023-11-18,powerball,PB-S07,2023-11-18,main,exploration
PB-D-2023-11-20,powerball,PB-S07,2023-11-20,main,exploration
PB-D-2023-11-22,powerball,PB-S07,2023-11-22,main,exploration
PB-D-2023-11-25,powerball,PB-S07,2023-11-25,main,exploration
PB-D-2023-11-27,powerball,PB-S07,2023-11-27,main,exploration
PB-D-2023-11-29,powerball,PB-S07,2023-11-29,main,exploration
PB-D-2023-12-02,powerball,PB-S07,2023-12-02,main,exploration
PB-D-2023-12-04,powerball,PB-S07,2023-12-04,main,exploration
PB-D-2023-12-06,powerball,PB-S07,2023-12-06,main,exploration
PB-D-2023-12-09,powerball,PB-S07,2023-12-09,main,exploration
PB-D-2023-12-11,powerball,PB-S07,2023-12-11,main,exploration
PB-D-2023-12-13,powerball,PB-S07,2023-12-13,main,exploration
PB-D-2023-12-16,powerball,PB-S07,2023-12-16,main,exploration
PB-D-2023-12-18,powerball,PB-S07,2023-12-18,main,exploration
PB-D-2023-12-20,powerball,PB-S07,2023-12-20,main,exploration
PB-D-2023-12-23,powerball,PB-S07,2023-12-23,main,exploration
PB-D-2023-12-25,powerball,PB-S07,2023-12-25,main,exploration
PB-D-2023-12-27,powerball,PB-S07,2023-12-27,main,exploration
PB-D-2023-12-30,powerball,PB-S07,2023-12-30,main,exploration
PB-D-2024-01-01,powerball,PB-S07,2024-01-01,main,exploration
PB-D-2024-01-03,powerball,PB-S07,2024-01-03,main,exploration
PB-D-2024-01-06,powerball,PB-S07,2024-01-06,main,exploration
PB-D-2024-01-08,powerball,PB-S07,2024-01-08,main,exploration
PB-D-2024-01-10,powerball,PB-S07,2024-01-10,main,exploration
PB-D-2024-01-13,powerball,PB-S07,2024-01-13,main,exploration
PB-D-2024-01-15,powerball,PB-S07,2024-01-15,main,exploration
PB-D-2024-01-17,powerball,PB-S07,2024-01-17,main,exploration
PB-D-2024-01-20,powerball,PB-S07,2024-01-20,main,exploration
PB-D-2024-01-22,powerball,PB-S07,2024-01-22,main,exploration
PB-D-2024-01-24,powerball,PB-S07,2024-01-24,main,exploration
PB-D-2024-01-27,powerball,PB-S07,2024-01-27,main,exploration
PB-D-2024-01-29,powerball,PB-S07,2024-01-29,main,exploration
PB-D-2024-01-31,powerball,PB-S07,2024-01-31,main,exploration
PB-D-2024-02-03,powerball,PB-S07,2024-02-03,main,exploration
PB-D-2024-02-05,powerball,PB-S07,2024-02-05,main,exploration
PB-D-2024-02-07,powerball,PB-S07,2024-02-07,main,exploration
PB-D-2024-02-10,powerball,PB-S07,2024-02-10,main,exploration
PB-D-2024-02-12,powerball,PB-S07,2024-02-12,main,exploration
PB-D-2024-02-14,powerball,PB-S07,2024-02-14,main,exploration
PB-D-2024-02-17,powerball,PB-S07,2024-02-17,main,exploration
PB-D-2024-02-19,powerball,PB-S07,2024-02-19,main,exploration
PB-D-2024-02-21,powerball,PB-S07,2024-02-21,main,exploration
PB-D-2024-02-24,powerball,PB-S07,2024-02-24,main,exploration
PB-D-2024-02-26,powerball,PB-S07,2024-02-26,main,exploration
PB-D-2024-02-28,powerball,PB-S07,2024-02-28,main,exploration
PB-D-2024-03-02,powerball,PB-S07,2024-03-02,main,exploration
PB-D-2024-03-04,powerball,PB-S07,2024-03-04,main,exploration
PB-D-2024-03-06,powerball,PB-S07,2024-03-06,main,exploration
PB-D-2024-03-09,powerball,PB-S07,2024-03-09,main,exploration
PB-D-2024-03-11,powerball,PB-S07,2024-03-11,main,exploration
PB-D-2024-03-13,powerball,PB-S07,2024-03-13,main,exploration
PB-D-2024-03-16,powerball,PB-S07,2024-03-16,main,exploration
PB-D-2024-03-18,powerball,PB-S07,2024-03-18,main,exploration
PB-D-2024-03-20,powerball,PB-S07,2024-03-20,main,exploration
PB-D-2024-03-23,powerball,PB-S07,2024-03-23,main,exploration
PB-D-2024-03-25,powerball,PB-S07,2024-03-25,main,exploration
PB-D-2024-03-27,powerball,PB-S07,2024-03-27,main,exploration
PB-D-2024-03-30,powerball,PB-S07,2024-03-30,main,exploration
PB-D-2024-04-01,powerball,PB-S07,2024-04-01,main,exploration
PB-D-2024-04-03,powerball,PB-S07,2024-04-03,main,exploration
PB-D-2024-04-06,powerball,PB-S07,2024-04-06,main,exploration
PB-D-2024-04-08,powerball,PB-S07,2024-04-08,main,exploration
PB-D-2024-04-10,powerball,PB-S07,2024-04-10,main,exploration
PB-D-2024-04-13,powerball,PB-S07,2024-04-13,main,exploration
PB-D-2024-04-15,powerball,PB-S07,2024-04-15,main,exploration
PB-D-2024-04-17,powerball,PB-S07,2024-04-17,main,exploration
PB-D-2024-04-20,powerball,PB-S07,2024-04-20,main,exploration
PB-D-2024-04-22,powerball,PB-S07,2024-04-22,main,exploration
PB-D-2024-04-24,powerball,PB-S07,2024-04-24,main,exploration
PB-D-2024-04-27,powerball,PB-S07,2024-04-27,main,exploration
PB-D-2024-04-29,powerball,PB-S07,2024-04-29,main,exploration
PB-D-2024-05-01,powerball,PB-S07,2024-05-01,main,exploration
PB-D-2024-05-04,powerball,PB-S07,2024-05-04,main,exploration
PB-D-2024-05-06,powerball,PB-S07,2024-05-06,main,exploration
PB-D-2024-05-08,powerball,PB-S07,2024-05-08,main,exploration
PB-D-2024-05-11,powerball,PB-S07,2024-05-11,main,exploration
PB-D-2024-05-13,powerball,PB-S07,2024-05-13,main,exploration
PB-D-2024-05-15,powerball,PB-S07,2024-05-15,main,exploration
PB-D-2024-05-18,powerball,PB-S07,2024-05-18,main,exploration
PB-D-2024-05-20,powerball,PB-S07,2024-05-20,main,exploration
PB-D-2024-05-22,powerball,PB-S07,2024-05-22,main,exploration
PB-D-2024-05-25,powerball,PB-S07,2024-05-25,main,exploration
PB-D-2024-05-27,powerball,PB-S07,2024-05-27,main,exploration
PB-D-2024-05-29,powerball,PB-S07,2024-05-29,main,exploration
PB-D-2024-06-01,powerball,PB-S07,2024-06-01,main,exploration
PB-D-2024-06-03,powerball,PB-S07,2024-06-03,main,exploration
PB-D-2024-06-05,powerball,PB-S07,2024-06-05,main,exploration
PB-D-2024-06-08,powerball,PB-S07,2024-06-08,main,exploration
PB-D-2024-06-10,powerball,PB-S07,2024-06-10,main,exploration
PB-D-2024-06-12,powerball,PB-S07,2024-06-12,main,exploration
PB-D-2024-06-15,powerball,PB-S07,2024-06-15,main,exploration
PB-D-2024-06-17,powerball,PB-S07,2024-06-17,main,exploration
PB-D-2024-06-19,powerball,PB-S07,2024-06-19,main,exploration
PB-D-2024-06-22,powerball,PB-S07,2024-06-22,main,exploration
PB-D-2024-06-24,powerball,PB-S07,2024-06-24,main,exploration
PB-D-2024-06-26,powerball,PB-S07,2024-06-26,main,exploration
PB-D-2024-06-29,powerball,PB-S07,2024-06-29,main,exploration
PB-D-2024-07-01,powerball,PB-S07,2024-07-01,main,exploration
PB-D-2024-07-03,powerball,PB-S07,2024-07-03,main,exploration
PB-D-2024-07-06,powerball,PB-S07,2024-07-06,main,exploration
PB-D-2024-07-08,powerball,PB-S07,2024-07-08,main,exploration
PB-D-2024-07-10,powerball,PB-S07,2024-07-10,main,exploration
PB-D-2024-07-13,powerball,PB-S07,2024-07-13,main,exploration
PB-D-2024-07-15,powerball,PB-S07,2024-07-15,main,exploration
PB-D-2024-07-17,powerball,PB-S07,2024-07-17,main,exploration
PB-D-2024-07-20,powerball,PB-S07,2024-07-20,main,exploration
PB-D-2024-07-22,powerball,PB-S07,2024-07-22,main,exploration
PB-D-2024-07-24,powerball,PB-S07,2024-07-24,main,exploration
PB-D-2024-07-27,powerball,PB-S07,2024-07-27,main,exploration
PB-D-2024-07-29,powerball,PB-S07,2024-07-29,main,exploration
PB-D-2024-07-31,powerball,PB-S07,2024-07-31,main,exploration
PB-D-2024-08-03,powerball,PB-S07,2024-08-03,main,exploration
PB-D-2024-08-05,powerball,PB-S07,2024-08-05,main,exploration
PB-D-2024-08-07,powerball,PB-S07,2024-08-07,main,exploration
PB-D-2024-08-10,powerball,PB-S07,2024-08-10,main,exploration
PB-D-2024-08-12,powerball,PB-S07,2024-08-12,main,exploration
PB-D-2024-08-14,powerball,PB-S07,2024-08-14,main,exploration
PB-D-2024-08-17,powerball,PB-S07,2024-08-17,main,exploration
PB-D-2024-08-19,powerball,PB-S07,2024-08-19,main,exploration
PB-D-2024-08-21,powerball,PB-S07,2024-08-21,main,exploration
PB-D-2024-08-24,powerball,PB-S07,2024-08-24,main,exploration
PB-D-2024-08-26,powerball,PB-S07,2024-08-26,main,exploration
PB-D-2024-08-28,powerball,PB-S07,2024-08-28,main,exploration
PB-D-2024-08-31,powerball,PB-S07,2024-08-31,main,exploration
PB-D-2024-09-02,powerball,PB-S07,2024-09-02,main,exploration
PB-D-2024-09-04,powerball,PB-S07,2024-09-04,main,exploration
PB-D-2024-09-07,powerball,PB-S07,2024-09-07,main,exploration
PB-D-2024-09-09,powerball,PB-S07,2024-09-09,main,exploration
PB-D-2024-09-11,powerball,PB-S07,2024-09-11,main,exploration
PB-D-2024-09-14,powerball,PB-S07,2024-09-14,main,exploration
PB-D-2024-09-16,powerball,PB-S07,2024-09-16,main,exploration
PB-D-2024-09-18,powerball,PB-S07,2024-09-18,main,exploration
PB-D-2024-09-21,powerball,PB-S07,2024-09-21,main,exploration
PB-D-2024-09-23,powerball,PB-S07,2024-09-23,main,exploration
PB-D-2024-09-25,powerball,PB-S07,2024-09-25,main,exploration
PB-D-2024-09-28,powerball,PB-S07,2024-09-28,main,exploration
PB-D-2024-09-30,powerball,PB-S07,2024-09-30,main,exploration
PB-D-2024-10-02,powerball,PB-S07,2024-10-02,main,exploration
PB-D-2024-10-05,powerball,PB-S07,2024-10-05,main,exploration
PB-D-2024-10-07,powerball,PB-S07,2024-10-07,main,exploration
PB-D-2024-10-09,powerball,PB-S07,2024-10-09,main,exploration
PB-D-2024-10-12,powerball,PB-S07,2024-10-12,main,exploration
PB-D-2024-10-14,powerball,PB-S07,2024-10-14,main,exploration
PB-D-2024-10-16,powerball,PB-S07,2024-10-16,main,exploration
PB-D-2024-10-19,powerball,PB-S07,2024-10-19,main,exploration
PB-D-2024-10-21,powerball,PB-S07,2024-10-21,main,exploration
PB-D-2024-10-23,powerball,PB-S07,2024-10-23,main,exploration
PB-D-2024-10-26,powerball,PB-S07,2024-10-26,main,exploration
PB-D-2024-10-28,powerball,PB-S07,2024-10-28,main,exploration
PB-D-2024-10-30,powerball,PB-S07,2024-10-30,main,exploration
PB-D-2024-11-02,powerball,PB-S07,2024-11-02,main,exploration
PB-D-2024-11-04,powerball,PB-S07,2024-11-04,main,exploration
PB-D-2024-11-06,powerball,PB-S07,2024-11-06,main,exploration
PB-D-2024-11-09,powerball,PB-S07,2024-11-09,main,exploration
PB-D-2024-11-11,powerball,PB-S07,2024-11-11,main,exploration
PB-D-2024-11-13,powerball,PB-S07,2024-11-13,main,exploration
PB-D-2024-11-16,powerball,PB-S07,2024-11-16,main,exploration
PB-D-2024-11-18,powerball,PB-S07,2024-11-18,main,exploration
PB-D-2024-11-20,powerball,PB-S07,2024-11-20,main,exploration
PB-D-2024-11-23,powerball,PB-S07,2024-11-23,main,exploration
PB-D-2024-11-25,powerball,PB-S07,2024-11-25,main,exploration
PB-D-2024-11-27,powerball,PB-S07,2024-11-27,main,exploration
PB-D-2024-11-30,powerball,PB-S07,2024-11-30,main,exploration
PB-D-2024-12-02,powerball,PB-S07,2024-12-02,main,exploration
PB-D-2024-12-04,powerball,PB-S07,2024-12-04,main,exploration
PB-D-2024-12-07,powerball,PB-S07,2024-12-07,main,exploration
