statistical_regime_id,ball_a,ball_b,observed_count,expected_count
FL-S01,1,2,3,6.10969387755102
FL-S01,1,3,1,6.10969387755102
FL-S01,1,4,3,6.10969387755102
FL-S01,1,5,4,6.10969387755102
FL-S01,1,6,6,6.10969387755102
FL-S01,1,7,3,6.10969387755102
FL-S01,1,8,4,6.10969387755102
FL-S01,1,9,7,6.10969387755102
FL-S01,1,10,2,6.10969387755102
FL-S01,1,11,3,6.10969387755102
FL-S01,1,12,3,6.10969387755102
FL-S01,1,13,3,6.10969387755102
FL-S01,1,14,7,6.10969387755102
FL-S01,1,15,6,6.10969387755102
FL-S01,1,16,4,6.10969387755102
FL-S01,1,17,6,6.10969387755102
FL-S01,1,18,4,6.10969387755102
FL-S01,1,19,2,6.10969387755102
FL-S01,1,20,9,6.10969387755102
FL-S01,1,21,5,6.10969387755102
FL-S01,1,22,6,6.10969387755102
FL-S01,1,23,5,6.10969387755102
FL-S01,1,24,9,6.10969387755102
FL-S01,1,25,2,6.10969387755102
FL-S01,1,26,4,6.10969387755102
FL-S01,1,27,3,6.10969387755102
FL-S01,1,28,7,6.10969387755102
FL-S01,1,29,8,6.10969387755102
FL-S01,1,30,5,6.10969387755102
FL-S01,1,31,4,6.10969387755102
FL-S01,1,32,2,6.10969387755102
FL-S01,1,33,4,6.10969387755102
FL-S01,1,34,8,6.10969387755102
FL-S01,1,35,6,6.10969387755102
FL-S01,1,36,6,6.10969387755102
FL-S01,1,37,4,6.10969387755102
FL-S01,1,38,6,6.10969387755102
FL-S01,1,39,8,6.10969387755102
FL-S01,1,40,5,6.10969387755102
FL-S01,1,41,4,6.10969387755102
FL-S01,1,42,2,6.10969387755102
FL-S01,1,43,5,6.10969387755102
FL-S01,1,44,4,6.10969387755102
FL-S01,1,45,6,6.10969387755102
FL-S01,1,46,3,6.10969387755102
FL-S01,1,47,10,6.10969387755102
FL-S01,1,48,4,6.10969387755102
FL-S01,1,49,5,6.10969387755102
FL-S01,2,3,10,6.10969387755102
FL-S01,2,4,2,6.10969387755102
FL-S01,2,5,3,6.10969387755102
FL-S01,2,6,8,6.10969387755102
FL-S01,2,7,5,6.10969387755102
FL-S01,2,8,7,6.10969387755102
FL-S01,2,9,6,6.10969387755102
FL-S01,2,10,6,6.10969387755102
FL-S01,2,11,5,6.10969387755102
FL-S01,2,12,7,6.10969387755102
FL-S01,2,13,7,6.10969387755102
FL-S01,2,14,7,6.10969387755102
FL-S01,2,15,8,6.10969387755102
FL-S01,2,16,5,6.10969387755102
FL-S01,2,17,7,6.10969387755102
FL-S01,2,18,4,6.10969387755102
FL-S01,2,19,11,6.10969387755102
FL-S01,2,20,6,6.10969387755102
FL-S01,2,21,8,6.10969387755102
FL-S01,2,22,7,6.10969387755102
FL-S01,2,23,6,6.10969387755102
FL-S01,2,24,6,6.10969387755102
FL-S01,2,25,5,6.10969387755102
FL-S01,2,26,4,6.10969387755102
FL-S01,2,27,8,6.10969387755102
FL-S01,2,28,7,6.10969387755102
FL-S01,2,29,9,6.10969387755102
FL-S01,2,30,7,6.10969387755102
FL-S01,2,31,8,6.10969387755102
FL-S01,2,32,8,6.10969387755102
FL-S01,2,33,6,6.10969387755102
FL-S01,2,34,11,6.10969387755102
FL-S01,2,35,6,6.10969387755102
FL-S01,2,36,4,6.10969387755102
FL-S01,2,37,5,6.10969387755102
FL-S01,2,38,8,6.10969387755102
FL-S01,2,39,3,6.10969387755102
FL-S01,2,40,6,6.10969387755102
FL-S01,2,41,4,6.10969387755102
FL-S01,2,42,7,6.10969387755102
FL-S01,2,43,7,6.10969387755102
FL-S01,2,44,4,6.10969387755102
FL-S01,2,45,5,6.10969387755102
FL-S01,2,46,7,6.10969387755102
FL-S01,2,47,6,6.10969387755102
FL-S01,2,48,4,6.10969387755102
FL-S01,2,49,7,6.10969387755102
FL-S01,3,4,7,6.10969387755102
FL-S01,3,5,8,6.10969387755102
FL-S01,3,6,4,6.10969387755102
FL-S01,3,7,7,6.10969387755102
FL-S01,3,8,9,6.10969387755102
FL-S01,3,9,11,6.10969387755102
FL-S01,3,10,4,6.10969387755102
FL-S01,3,11,9,6.10969387755102
FL-S01,3,12,3,6.10969387755102
FL-S01,3,13,10,6.10969387755102
FL-S01,3,14,10,6.10969387755102
FL-S01,3,15,9,6.10969387755102
FL-S01,3,16,8,6.10969387755102
FL-S01,3,17,4,6.10969387755102
FL-S01,3,18,6,6.10969387755102
FL-S01,3,19,8,6.10969387755102
FL-S01,3,20,7,6.10969387755102
FL-S01,3,21,8,6.10969387755102
FL-S01,3,22,7,6.10969387755102
FL-S01,3,23,2,6.10969387755102
FL-S01,3,24,6,6.10969387755102
FL-S01,3,25,3,6.10969387755102
FL-S01,3,26,4,6.10969387755102
FL-S01,3,27,10,6.10969387755102
FL-S01,3,28,9,6.10969387755102
FL-S01,3,29,3,6.10969387755102
FL-S01,3,30,5,6.10969387755102
FL-S01,3,31,8,6.10969387755102
FL-S01,3,32,6,6.10969387755102
FL-S01,3,33,8,6.10969387755102
FL-S01,3,34,9,6.10969387755102
FL-S01,3,35,5,6.10969387755102
FL-S01,3,36,1,6.10969387755102
FL-S01,3,37,7,6.10969387755102
FL-S01,3,38,4,6.10969387755102
FL-S01,3,39,3,6.10969387755102
FL-S01,3,40,11,6.10969387755102
FL-S01,3,41,4,6.10969387755102
FL-S01,3,42,5,6.10969387755102
FL-S01,3,43,8,6.10969387755102
FL-S01,3,44,5,6.10969387755102
FL-S01,3,45,5,6.10969387755102
FL-S01,3,46,7,6.10969387755102
FL-S01,3,47,8,6.10969387755102
FL-S01,3,48,5,6.10969387755102
FL-S01,3,49,4,6.10969387755102
FL-S01,4,5,4,6.10969387755102
FL-S01,4,6,6,6.10969387755102
FL-S01,4,7,6,6.10969387755102
FL-S01,4,8,7,6.10969387755102
FL-S01,4,9,6,6.10969387755102
FL-S01,4,10,3,6.10969387755102
FL-S01,4,11,5,6.10969387755102
FL-S01,4,12,4,6.10969387755102
FL-S01,4,13,4,6.10969387755102
FL-S01,4,14,5,6.10969387755102
FL-S01,4,15,6,6.10969387755102
FL-S01,4,16,3,6.10969387755102
FL-S01,4,17,6,6.10969387755102
FL-S01,4,18,6,6.10969387755102
FL-S01,4,19,6,6.10969387755102
FL-S01,4,20,4,6.10969387755102
FL-S01,4,21,3,6.10969387755102
FL-S01,4,22,4,6.10969387755102
FL-S01,4,23,5,6.10969387755102
FL-S01,4,24,7,6.10969387755102
FL-S01,4,25,5,6.10969387755102
FL-S01,4,26,6,6.10969387755102
FL-S01,4,27,4,6.10969387755102
FL-S01,4,28,7,6.10969387755102
FL-S01,4,29,10,6.10969387755102
FL-S01,4,30,4,6.10969387755102
FL-S01,4,31,6,6.10969387755102
FL-S01,4,32,3,6.10969387755102
FL-S01,4,33,4,6.10969387755102
FL-S01,4,34,6,6.10969387755102
FL-S01,4,35,7,6.10969387755102
FL-S01,4,36,2,6.10969387755102
FL-S01,4,37,2,6.10969387755102
FL-S01,4,38,4,6.10969387755102
FL-S01,4,39,5,6.10969387755102
FL-S01,4,40,4,6.10969387755102
FL-S01,4,41,4,6.10969387755102
FL-S01,4,42,5,6.10969387755102
FL-S01,4,43,8,6.10969387755102
FL-S01,4,44,4,6.10969387755102
FL-S01,4,45,4,6.10969387755102
FL-S01,4,46,5,6.10969387755102
FL-S01,4,47,7,6.10969387755102
FL-S01,4,48,8,6.10969387755102
FL-S01,4,49,4,6.10969387755102
FL-S01,5,6,3,6.10969387755102
FL-S01,5,7,10,6.10969387755102
FL-S01,5,8,6,6.10969387755102
FL-S01,5,9,7,6.10969387755102
FL-S01,5,10,5,6.10969387755102
FL-S01,5,11,6,6.10969387755102
FL-S01,5,12,4,6.10969387755102
FL-S01,5,13,4,6.10969387755102
FL-S01,5,14,4,6.10969387755102
FL-S01,5,15,10,6.10969387755102
FL-S01,5,16,5,6.10969387755102
FL-S01,5,17,6,6.10969387755102
FL-S01,5,18,6,6.10969387755102
FL-S01,5,19,5,6.10969387755102
FL-S01,5,20,8,6.10969387755102
FL-S01,5,21,5,6.10969387755102
FL-S01,5,22,3,6.10969387755102
FL-S01,5,23,3,6.10969387755102
FL-S01,5,24,3,6.10969387755102
FL-S01,5,25,7,6.10969387755102
FL-S01,5,26,5,6.10969387755102
FL-S01,5,27,6,6.10969387755102
FL-S01,5,28,6,6.10969387755102
FL-S01,5,29,5,6.10969387755102
FL-S01,5,30,5,6.10969387755102
FL-S01,5,31,4,6.10969387755102
FL-S01,5,32,0,6.10969387755102
FL-S01,5,33,2,6.10969387755102
FL-S01,5,34,7,6.10969387755102
FL-S01,5,35,12,6.10969387755102
FL-S01,5,36,1,6.10969387755102
FL-S01,5,37,3,6.10969387755102
FL-S01,5,38,4,6.10969387755102
FL-S01,5,39,6,6.10969387755102
FL-S01,5,40,4,6.10969387755102
FL-S01,5,41,6,6.10969387755102
FL-S01,5,42,5,6.10969387755102
FL-S01,5,43,4,6.10969387755102
FL-S01,5,44,3,6.10969387755102
FL-S01,5,45,6,6.10969387755102
FL-S01,5,46,3,6.10969387755102
FL-S01,5,47,8,6.10969387755102
FL-S01,5,48,4,6.10969387755102
FL-S01,5,49,2,6.10969387755102
FL-S01,6,7,6,6.10969387755102
FL-S01,6,8,8,6.10969387755102
FL-S01,6,9,8,6.10969387755102
FL-S01,6,10,9,6.10969387755102
FL-S01,6,11,6,6.10969387755102
FL-S01,6,12,9,6.10969387755102
FL-S01,6,13,4,6.10969387755102
FL-S01,6,14,7,6.10969387755102
FL-S01,6,15,4,6.10969387755102
FL-S01,6,16,2,6.10969387755102
FL-S01,6,17,3,6.10969387755102
FL-S01,6,18,7,6.10969387755102
FL-S01,6,19,2,6.10969387755102
FL-S01,6,20,4,6.10969387755102
FL-S01,6,21,3,6.10969387755102
FL-S01,6,22,8,6.10969387755102
FL-S01,6,23,6,6.10969387755102
FL-S01,6,24,4,6.10969387755102
FL-S01,6,25,6,6.10969387755102
FL-S01,6,26,6,6.10969387755102
FL-S01,6,27,6,6.10969387755102
FL-S01,6,28,10,6.10969387755102
FL-S01,6,29,9,6.10969387755102
FL-S01,6,30,7,6.10969387755102
FL-S01,6,31,4,6.10969387755102
FL-S01,6,32,6,6.10969387755102
FL-S01,6,33,2,6.10969387755102
FL-S01,6,34,12,6.10969387755102
FL-S01,6,35,4,6.10969387755102
FL-S01,6,36,6,6.10969387755102
FL-S01,6,37,0,6.10969387755102
FL-S01,6,38,8,6.10969387755102
FL-S01,6,39,2,6.10969387755102
FL-S01,6,40,7,6.10969387755102
FL-S01,6,41,6,6.10969387755102
FL-S01,6,42,5,6.10969387755102
FL-S01,6,43,3,6.10969387755102
FL-S01,6,44,3,6.10969387755102
FL-S01,6,45,7,6.10969387755102
FL-S01,6,46,2,6.10969387755102
FL-S01,6,47,9,6.10969387755102
FL-S01,6,48,9,6.10969387755102
FL-S01,6,49,4,6.10969387755102
FL-S01,7,8,7,6.10969387755102
FL-S01,7,9,6,6.10969387755102
FL-S01,7,10,6,6.10969387755102
FL-S01,7,11,5,6.10969387755102
FL-S01,7,12,8,6.10969387755102
FL-S01,7,13,8,6.10969387755102
FL-S01,7,14,5,6.10969387755102
FL-S01,7,15,9,6.10969387755102
FL-S01,7,16,5,6.10969387755102
FL-S01,7,17,9,6.10969387755102
FL-S01,7,18,8,6.10969387755102
FL-S01,7,19,8,6.10969387755102
FL-S01,7,20,6,6.10969387755102
FL-S01,7,21,8,6.10969387755102
FL-S01,7,22,4,6.10969387755102
FL-S01,7,23,3,6.10969387755102
FL-S01,7,24,7,6.10969387755102
FL-S01,7,25,4,6.10969387755102
FL-S01,7,26,3,6.10969387755102
FL-S01,7,27,6,6.10969387755102
FL-S01,7,28,9,6.10969387755102
FL-S01,7,29,5,6.10969387755102
FL-S01,7,30,5,6.10969387755102
FL-S01,7,31,4,6.10969387755102
FL-S01,7,32,5,6.10969387755102
FL-S01,7,33,4,6.10969387755102
FL-S01,7,34,5,6.10969387755102
FL-S01,7,35,6,6.10969387755102
FL-S01,7,36,2,6.10969387755102
FL-S01,7,37,5,6.10969387755102
FL-S01,7,38,7,6.10969387755102
FL-S01,7,39,7,6.10969387755102
FL-S01,7,40,10,6.10969387755102
FL-S01,7,41,7,6.10969387755102
FL-S01,7,42,1,6.10969387755102
FL-S01,7,43,3,6.10969387755102
FL-S01,7,44,7,6.10969387755102
FL-S01,7,45,4,6.10969387755102
FL-S01,7,46,6,6.10969387755102
FL-S01,7,47,10,6.10969387755102
FL-S01,7,48,7,6.10969387755102
FL-S01,7,49,9,6.10969387755102
FL-S01,8,9,7,6.10969387755102
FL-S01,8,10,5,6.10969387755102
FL-S01,8,11,9,6.10969387755102
FL-S01,8,12,5,6.10969387755102
FL-S01,8,13,6,6.10969387755102
FL-S01,8,14,9,6.10969387755102
FL-S01,8,15,5,6.10969387755102
FL-S01,8,16,8,6.10969387755102
FL-S01,8,17,11,6.10969387755102
FL-S01,8,18,7,6.10969387755102
FL-S01,8,19,6,6.10969387755102
FL-S01,8,20,8,6.10969387755102
FL-S01,8,21,4,6.10969387755102
FL-S01,8,22,5,6.10969387755102
FL-S01,8,23,3,6.10969387755102
FL-S01,8,24,7,6.10969387755102
FL-S01,8,25,8,6.10969387755102
FL-S01,8,26,10,6.10969387755102
FL-S01,8,27,6,6.10969387755102
FL-S01,8,28,4,6.10969387755102
FL-S01,8,29,6,6.10969387755102
FL-S01,8,30,7,6.10969387755102
FL-S01,8,31,3,6.10969387755102
FL-S01,8,32,11,6.10969387755102
FL-S01,8,33,3,6.10969387755102
FL-S01,8,34,10,6.10969387755102
FL-S01,8,35,6,6.10969387755102
FL-S01,8,36,9,6.10969387755102
FL-S01,8,37,6,6.10969387755102
FL-S01,8,38,5,6.10969387755102
FL-S01,8,39,5,6.10969387755102
FL-S01,8,40,7,6.10969387755102
FL-S01,8,41,8,6.10969387755102
FL-S01,8,42,5,6.10969387755102
FL-S01,8,43,7,6.10969387755102
FL-S01,8,44,8,6.10969387755102
FL-S01,8,45,8,6.10969387755102
FL-S01,8,46,8,6.10969387755102
FL-S01,8,47,12,6.10969387755102
FL-S01,8,48,9,6.10969387755102
FL-S01,8,49,6,6.10969387755102
FL-S01,9,10,6,6.10969387755102
FL-S01,9,11,7,6.10969387755102
FL-S01,9,12,8,6.10969387755102
FL-S01,9,13,6,6.10969387755102
FL-S01,9,14,13,6.10969387755102
FL-S01,9,15,5,6.10969387755102
FL-S01,9,16,4,6.10969387755102
FL-S01,9,17,4,6.10969387755102
FL-S01,9,18,5,6.10969387755102
FL-S01,9,19,9,6.10969387755102
FL-S01,9,20,6,6.10969387755102
FL-S01,9,21,3,6.10969387755102
FL-S01,9,22,12,6.10969387755102
FL-S01,9,23,8,6.10969387755102
FL-S01,9,24,5,6.10969387755102
FL-S01,9,25,6,6.10969387755102
FL-S01,9,26,7,6.10969387755102
FL-S01,9,27,5,6.10969387755102
FL-S01,9,28,12,6.10969387755102
FL-S01,9,29,9,6.10969387755102
FL-S01,9,30,7,6.10969387755102
FL-S01,9,31,10,6.10969387755102
FL-S01,9,32,7,6.10969387755102
FL-S01,9,33,3,6.10969387755102
FL-S01,9,34,10,6.10969387755102
FL-S01,9,35,4,6.10969387755102
FL-S01,9,36,6,6.10969387755102
FL-S01,9,37,4,6.10969387755102
FL-S01,9,38,5,6.10969387755102
FL-S01,9,39,8,6.10969387755102
FL-S01,9,40,8,6.10969387755102
FL-S01,9,41,5,6.10969387755102
FL-S01,9,42,6,6.10969387755102
FL-S01,9,43,8,6.10969387755102
FL-S01,9,44,13,6.10969387755102
FL-S01,9,45,11,6.10969387755102
FL-S01,9,46,7,6.10969387755102
FL-S01,9,47,10,6.10969387755102
FL-S01,9,48,5,6.10969387755102
FL-S01,9,49,5,6.10969387755102
FL-S01,10,11,7,6.10969387755102
FL-S01,10,12,11,6.10969387755102
FL-S01,10,13,3,6.10969387755102
FL-S01,10,14,2,6.10969387755102
FL-S01,10,15,7,6.10969387755102
FL-S01,10,16,8,6.10969387755102
FL-S01,10,17,5,6.10969387755102
FL-S01,10,18,6,6.10969387755102
FL-S01,10,19,4,6.10969387755102
FL-S01,10,20,4,6.10969387755102
FL-S01,10,21,4,6.10969387755102
FL-S01,10,22,6,6.10969387755102
FL-S01,10,23,7,6.10969387755102
FL-S01,10,24,7,6.10969387755102
FL-S01,10,25,5,6.10969387755102
FL-S01,10,26,11,6.10969387755102
FL-S01,10,27,9,6.10969387755102
FL-S01,10,28,5,6.10969387755102
FL-S01,10,29,5,6.10969387755102
FL-S01,10,30,3,6.10969387755102
FL-S01,10,31,6,6.10969387755102
FL-S01,10,32,3,6.10969387755102
FL-S01,10,33,2,6.10969387755102
FL-S01,10,34,8,6.10969387755102
FL-S01,10,35,4,6.10969387755102
FL-S01,10,36,11,6.10969387755102
FL-S01,10,37,4,6.10969387755102
FL-S01,10,38,5,6.10969387755102
FL-S01,10,39,4,6.10969387755102
FL-S01,10,40,6,6.10969387755102
FL-S01,10,41,5,6.10969387755102
FL-S01,10,42,10,6.10969387755102
FL-S01,10,43,7,6.10969387755102
FL-S01,10,44,6,6.10969387755102
FL-S01,10,45,9,6.10969387755102
FL-S01,10,46,2,6.10969387755102
FL-S01,10,47,8,6.10969387755102
FL-S01,10,48,8,6.10969387755102
FL-S01,10,49,7,6.10969387755102
FL-S01,11,12,10,6.10969387755102
FL-S01,11,13,4,6.10969387755102
FL-S01,11,14,5,6.10969387755102
FL-S01,11,15,4,6.10969387755102
FL-S01,11,16,5,6.10969387755102
FL-S01,11,17,7,6.10969387755102
FL-S01,11,18,8,6.10969387755102
FL-S01,11,19,8,6.10969387755102
FL-S01,11,20,2,6.10969387755102
FL-S01,11,21,2,6.10969387755102
FL-S01,11,22,4,6.10969387755102
FL-S01,11,23,2,6.10969387755102
FL-S01,11,24,4,6.10969387755102
FL-S01,11,25,7,6.10969387755102
FL-S01,11,26,7,6.10969387755102
FL-S01,11,27,3,6.10969387755102
FL-S01,11,28,3,6.10969387755102
FL-S01,11,29,3,6.10969387755102
FL-S01,11,30,6,6.10969387755102
FL-S01,11,31,6,6.10969387755102
FL-S01,11,32,7,6.10969387755102
FL-S01,11,33,4,6.10969387755102
FL-S01,11,34,6,6.10969387755102
FL-S01,11,35,3,6.10969387755102
FL-S01,11,36,8,6.10969387755102
FL-S01,11,37,2,6.10969387755102
FL-S01,11,38,2,6.10969387755102
FL-S01,11,39,4,6.10969387755102
FL-S01,11,40,6,6.10969387755102
FL-S01,11,41,7,6.10969387755102
FL-S01,11,42,5,6.10969387755102
FL-S01,11,43,6,6.10969387755102
FL-S01,11,44,9,6.10969387755102
FL-S01,11,45,5,6.10969387755102
FL-S01,11,46,6,6.10969387755102
FL-S01,11,47,9,6.10969387755102
FL-S01,11,48,5,6.10969387755102
FL-S01,11,49,4,6.10969387755102
FL-S01,12,13,9,6.10969387755102
FL-S01,12,14,4,6.10969387755102
FL-S01,12,15,9,6.10969387755102
FL-S01,12,16,4,6.10969387755102
FL-S01,12,17,12,6.10969387755102
FL-S01,12,18,11,6.10969387755102
FL-S01,12,19,5,6.10969387755102
FL-S01,12,20,6,6.10969387755102
FL-S01,12,21,7,6.10969387755102
FL-S01,12,22,7,6.10969387755102
FL-S01,12,23,5,6.10969387755102
FL-S01,12,24,7,6.10969387755102
FL-S01,12,25,7,6.10969387755102
FL-S01,12,26,5,6.10969387755102
FL-S01,12,27,7,6.10969387755102
FL-S01,12,28,10,6.10969387755102
FL-S01,12,29,8,6.10969387755102
FL-S01,12,30,5,6.10969387755102
FL-S01,12,31,5,6.10969387755102
FL-S01,12,32,4,6.10969387755102
FL-S01,12,33,0,6.10969387755102
FL-S01,12,34,5,6.10969387755102
FL-S01,12,35,6,6.10969387755102
FL-S01,12,36,9,6.10969387755102
FL-S01,12,37,6,6.10969387755102
FL-S01,12,38,8,6.10969387755102
FL-S01,12,39,4,6.10969387755102
FL-S01,12,40,7,6.10969387755102
FL-S01,12,41,7,6.10969387755102
FL-S01,12,42,7,6.10969387755102
FL-S01,12,43,3,6.10969387755102
FL-S01,12,44,10,6.10969387755102
FL-S01,12,45,5,6.10969387755102
FL-S01,12,46,8,6.10969387755102
FL-S01,12,47,13,6.10969387755102
FL-S01,12,48,7,6.10969387755102
FL-S01,12,49,6,6.10969387755102
FL-S01,13,14,2,6.10969387755102
FL-S01,13,15,8,6.10969387755102
FL-S01,13,16,2,6.10969387755102
FL-S01,13,17,8,6.10969387755102
FL-S01,13,18,6,6.10969387755102
FL-S01,13,19,8,6.10969387755102
FL-S01,13,20,13,6.10969387755102
FL-S01,13,21,6,6.10969387755102
FL-S01,13,22,3,6.10969387755102
FL-S01,13,23,2,6.10969387755102
FL-S01,13,24,4,6.10969387755102
FL-S01,13,25,5,6.10969387755102
FL-S01,13,26,2,6.10969387755102
FL-S01,13,27,5,6.10969387755102
FL-S01,13,28,6,6.10969387755102
FL-S01,13,29,5,6.10969387755102
FL-S01,13,30,5,6.10969387755102
FL-S01,13,31,2,6.10969387755102
FL-S01,13,32,4,6.10969387755102
FL-S01,13,33,7,6.10969387755102
FL-S01,13,34,7,6.10969387755102
FL-S01,13,35,10,6.10969387755102
FL-S01,13,36,8,6.10969387755102
FL-S01,13,37,2,6.10969387755102
FL-S01,13,38,6,6.10969387755102
FL-S01,13,39,3,6.10969387755102
FL-S01,13,40,7,6.10969387755102
FL-S01,13,41,8,6.10969387755102
FL-S01,13,42,9,6.10969387755102
FL-S01,13,43,6,6.10969387755102
FL-S01,13,44,7,6.10969387755102
FL-S01,13,45,6,6.10969387755102
FL-S01,13,46,8,6.10969387755102
FL-S01,13,47,6,6.10969387755102
FL-S01,13,48,8,6.10969387755102
FL-S01,13,49,8,6.10969387755102
FL-S01,14,15,5,6.10969387755102
FL-S01,14,16,8,6.10969387755102
FL-S01,14,17,8,6.10969387755102
FL-S01,14,18,6,6.10969387755102
FL-S01,14,19,5,6.10969387755102
FL-S01,14,20,5,6.10969387755102
FL-S01,14,21,6,6.10969387755102
FL-S01,14,22,7,6.10969387755102
FL-S01,14,23,7,6.10969387755102
FL-S01,14,24,10,6.10969387755102
FL-S01,14,25,5,6.10969387755102
FL-S01,14,26,7,6.10969387755102
FL-S01,14,27,7,6.10969387755102
FL-S01,14,28,6,6.10969387755102
FL-S01,14,29,6,6.10969387755102
FL-S01,14,30,5,6.10969387755102
FL-S01,14,31,6,6.10969387755102
FL-S01,14,32,6,6.10969387755102
FL-S01,14,33,6,6.10969387755102
FL-S01,14,34,10,6.10969387755102
FL-S01,14,35,5,6.10969387755102
FL-S01,14,36,6,6.10969387755102
FL-S01,14,37,5,6.10969387755102
FL-S01,14,38,9,6.10969387755102
FL-S01,14,39,8,6.10969387755102
FL-S01,14,40,5,6.10969387755102
FL-S01,14,41,6,6.10969387755102
FL-S01,14,42,8,6.10969387755102
FL-S01,14,43,7,6.10969387755102
FL-S01,14,44,5,6.10969387755102
FL-S01,14,45,7,6.10969387755102
FL-S01,14,46,9,6.10969387755102
FL-S01,14,47,8,6.10969387755102
FL-S01,14,48,11,6.10969387755102
FL-S01,14,49,5,6.10969387755102
FL-S01,15,16,7,6.10969387755102
FL-S01,15,17,10,6.10969387755102
FL-S01,15,18,7,6.10969387755102
FL-S01,15,19,7,6.10969387755102
FL-S01,15,20,11,6.10969387755102
FL-S01,15,21,6,6.10969387755102
FL-S01,15,22,8,6.10969387755102
FL-S01,15,23,6,6.10969387755102
FL-S01,15,24,5,6.10969387755102
FL-S01,15,25,7,6.10969387755102
FL-S01,15,26,7,6.10969387755102
FL-S01,15,27,10,6.10969387755102
FL-S01,15,28,10,6.10969387755102
FL-S01,15,29,11,6.10969387755102
FL-S01,15,30,8,6.10969387755102
FL-S01,15,31,12,6.10969387755102
FL-S01,15,32,6,6.10969387755102
FL-S01,15,33,3,6.10969387755102
FL-S01,15,34,4,6.10969387755102
FL-S01,15,35,8,6.10969387755102
FL-S01,15,36,4,6.10969387755102
FL-S01,15,37,7,6.10969387755102
FL-S01,15,38,6,6.10969387755102
FL-S01,15,39,5,6.10969387755102
FL-S01,15,40,10,6.10969387755102
FL-S01,15,41,6,6.10969387755102
FL-S01,15,42,9,6.10969387755102
FL-S01,15,43,7,6.10969387755102
FL-S01,15,44,6,6.10969387755102
FL-S01,15,45,4,6.10969387755102
FL-S01,15,46,4,6.10969387755102
FL-S01,15,47,12,6.10969387755102
FL-S01,15,48,7,6.10969387755102
FL-S01,15,49,10,6.10969387755102
FL-S01,16,17,4,6.10969387755102
FL-S01,16,18,4,6.10969387755102
FL-S01,16,19,9,6.10969387755102
FL-S01,16,20,6,6.10969387755102
FL-S01,16,21,8,6.10969387755102
FL-S01,16,22,2,6.10969387755102
FL-S01,16,23,4,6.10969387755102
FL-S01,16,24,5,6.10969387755102
FL-S01,16,25,2,6.10969387755102
FL-S01,16,26,5,6.10969387755102
FL-S01,16,27,4,6.10969387755102
FL-S01,16,28,7,6.10969387755102
FL-S01,16,29,6,6.10969387755102
FL-S01,16,30,5,6.10969387755102
FL-S01,16,31,3,6.10969387755102
FL-S01,16,32,5,6.10969387755102
FL-S01,16,33,3,6.10969387755102
FL-S01,16,34,4,6.10969387755102
FL-S01,16,35,3,6.10969387755102
FL-S01,16,36,5,6.10969387755102
FL-S01,16,37,2,6.10969387755102
FL-S01,16,38,4,6.10969387755102
FL-S01,16,39,5,6.10969387755102
FL-S01,16,40,8,6.10969387755102
FL-S01,16,41,8,6.10969387755102
FL-S01,16,42,4,6.10969387755102
FL-S01,16,43,6,6.10969387755102
FL-S01,16,44,7,6.10969387755102
FL-S01,16,45,7,6.10969387755102
FL-S01,16,46,2,6.10969387755102
FL-S01,16,47,6,6.10969387755102
FL-S01,16,48,5,6.10969387755102
FL-S01,16,49,4,6.10969387755102
FL-S01,17,18,9,6.10969387755102
FL-S01,17,19,10,6.10969387755102
FL-S01,17,20,3,6.10969387755102
FL-S01,17,21,8,6.10969387755102
FL-S01,17,22,5,6.10969387755102
FL-S01,17,23,7,6.10969387755102
FL-S01,17,24,4,6.10969387755102
FL-S01,17,25,6,6.10969387755102
FL-S01,17,26,3,6.10969387755102
FL-S01,17,27,8,6.10969387755102
FL-S01,17,28,4,6.10969387755102
FL-S01,17,29,10,6.10969387755102
FL-S01,17,30,11,6.10969387755102
FL-S01,17,31,6,6.10969387755102
FL-S01,17,32,3,6.10969387755102
FL-S01,17,33,4,6.10969387755102
FL-S01,17,34,8,6.10969387755102
FL-S01,17,35,6,6.10969387755102
FL-S01,17,36,5,6.10969387755102
FL-S01,17,37,4,6.10969387755102
FL-S01,17,38,7,6.10969387755102
FL-S01,17,39,5,6.10969387755102
FL-S01,17,40,8,6.10969387755102
FL-S01,17,41,7,6.10969387755102
FL-S01,17,42,12,6.10969387755102
FL-S01,17,43,4,6.10969387755102
FL-S01,17,44,7,6.10969387755102
FL-S01,17,45,2,6.10969387755102
FL-S01,17,46,7,6.10969387755102
FL-S01,17,47,7,6.10969387755102
FL-S01,17,48,5,6.10969387755102
FL-S01,17,49,5,6.10969387755102
FL-S01,18,19,8,6.10969387755102
FL-S01,18,20,6,6.10969387755102
FL-S01,18,21,8,6.10969387755102
FL-S01,18,22,8,6.10969387755102
FL-S01,18,23,5,6.10969387755102
FL-S01,18,24,5,6.10969387755102
FL-S01,18,25,3,6.10969387755102
FL-S01,18,26,7,6.10969387755102
FL-S01,18,27,10,6.10969387755102
FL-S01,18,28,12,6.10969387755102
FL-S01,18,29,4,6.10969387755102
FL-S01,18,30,6,6.10969387755102
FL-S01,18,31,4,6.10969387755102
FL-S01,18,32,7,6.10969387755102
FL-S01,18,33,4,6.10969387755102
FL-S01,18,34,4,6.10969387755102
FL-S01,18,35,2,6.10969387755102
FL-S01,18,36,4,6.10969387755102
FL-S01,18,37,6,6.10969387755102
FL-S01,18,38,4,6.10969387755102
FL-S01,18,39,9,6.10969387755102
FL-S01,18,40,4,6.10969387755102
FL-S01,18,41,3,6.10969387755102
FL-S01,18,42,10,6.10969387755102
FL-S01,18,43,9,6.10969387755102
FL-S01,18,44,8,6.10969387755102
FL-S01,18,45,8,6.10969387755102
FL-S01,18,46,8,6.10969387755102
FL-S01,18,47,6,6.10969387755102
FL-S01,18,48,7,6.10969387755102
FL-S01,18,49,6,6.10969387755102
FL-S01,19,20,8,6.10969387755102
FL-S01,19,21,9,6.10969387755102
FL-S01,19,22,5,6.10969387755102
FL-S01,19,23,7,6.10969387755102
FL-S01,19,24,8,6.10969387755102
FL-S01,19,25,8,6.10969387755102
FL-S01,19,26,5,6.10969387755102
FL-S01,19,27,6,6.10969387755102
FL-S01,19,28,7,6.10969387755102
FL-S01,19,29,11,6.10969387755102
FL-S01,19,30,12,6.10969387755102
FL-S01,19,31,8,6.10969387755102
FL-S01,19,32,9,6.10969387755102
FL-S01,19,33,3,6.10969387755102
FL-S01,19,34,15,6.10969387755102
FL-S01,19,35,6,6.10969387755102
FL-S01,19,36,9,6.10969387755102
FL-S01,19,37,5,6.10969387755102
FL-S01,19,38,4,6.10969387755102
FL-S01,19,39,7,6.10969387755102
FL-S01,19,40,8,6.10969387755102
FL-S01,19,41,14,6.10969387755102
FL-S01,19,42,8,6.10969387755102
FL-S01,19,43,7,6.10969387755102
FL-S01,19,44,2,6.10969387755102
FL-S01,19,45,4,6.10969387755102
FL-S01,19,46,4,6.10969387755102
FL-S01,19,47,6,6.10969387755102
FL-S01,19,48,11,6.10969387755102
FL-S01,19,49,8,6.10969387755102
FL-S01,20,21,4,6.10969387755102
FL-S01,20,22,3,6.10969387755102
FL-S01,20,23,9,6.10969387755102
FL-S01,20,24,8,6.10969387755102
FL-S01,20,25,4,6.10969387755102
FL-S01,20,26,3,6.10969387755102
FL-S01,20,27,12,6.10969387755102
FL-S01,20,28,3,6.10969387755102
FL-S01,20,29,7,6.10969387755102
FL-S01,20,30,6,6.10969387755102
FL-S01,20,31,6,6.10969387755102
FL-S01,20,32,7,6.10969387755102
FL-S01,20,33,8,6.10969387755102
FL-S01,20,34,6,6.10969387755102
FL-S01,20,35,8,6.10969387755102
FL-S01,20,36,6,6.10969387755102
FL-S01,20,37,5,6.10969387755102
FL-S01,20,38,4,6.10969387755102
FL-S01,20,39,8,6.10969387755102
FL-S01,20,40,9,6.10969387755102
FL-S01,20,41,7,6.10969387755102
FL-S01,20,42,7,6.10969387755102
FL-S01,20,43,7,6.10969387755102
FL-S01,20,44,8,6.10969387755102
FL-S01,20,45,5,6.10969387755102
FL-S01,20,46,9,6.10969387755102
FL-S01,20,47,7,6.10969387755102
FL-S01,20,48,10,6.10969387755102
FL-S01,20,49,7,6.10969387755102
FL-S01,21,22,2,6.10969387755102
FL-S01,21,23,7,6.10969387755102
FL-S01,21,24,6,6.10969387755102
FL-S01,21,25,5,6.10969387755102
FL-S01,21,26,9,6.10969387755102
FL-S01,21,27,7,6.10969387755102
FL-S01,21,28,5,6.10969387755102
FL-S01,21,29,9,6.10969387755102
FL-S01,21,30,9,6.10969387755102
FL-S01,21,31,6,6.10969387755102
FL-S01,21,32,5,6.10969387755102
FL-S01,21,33,3,6.10969387755102
FL-S01,21,34,2,6.10969387755102
FL-S01,21,35,5,6.10969387755102
FL-S01,21,36,4,6.10969387755102
FL-S01,21,37,5,6.10969387755102
FL-S01,21,38,7,6.10969387755102
FL-S01,21,39,6,6.10969387755102
FL-S01,21,40,7,6.10969387755102
FL-S01,21,41,10,6.10969387755102
FL-S01,21,42,7,6.10969387755102
FL-S01,21,43,3,6.10969387755102
FL-S01,21,44,7,6.10969387755102
FL-S01,21,45,10,6.10969387755102
FL-S01,21,46,6,6.10969387755102
FL-S01,21,47,12,6.10969387755102
FL-S01,21,48,10,6.10969387755102
FL-S01,21,49,6,6.10969387755102
FL-S01,22,23,12,6.10969387755102
FL-S01,22,24,8,6.10969387755102
FL-S01,22,25,3,6.10969387755102
FL-S01,22,26,6,6.10969387755102
FL-S01,22,27,9,6.10969387755102
FL-S01,22,28,11,6.10969387755102
FL-S01,22,29,6,6.10969387755102
FL-S01,22,30,3,6.10969387755102
FL-S01,22,31,6,6.10969387755102
FL-S01,22,32,2,6.10969387755102
FL-S01,22,33,0,6.10969387755102
FL-S01,22,34,9,6.10969387755102
FL-S01,22,35,5,6.10969387755102
FL-S01,22,36,4,6.10969387755102
FL-S01,22,37,3,6.10969387755102
FL-S01,22,38,3,6.10969387755102
FL-S01,22,39,3,6.10969387755102
FL-S01,22,40,5,6.10969387755102
FL-S01,22,41,4,6.10969387755102
FL-S01,22,42,4,6.10969387755102
FL-S01,22,43,5,6.10969387755102
FL-S01,22,44,5,6.10969387755102
FL-S01,22,45,6,6.10969387755102
FL-S01,22,46,3,6.10969387755102
FL-S01,22,47,8,6.10969387755102
FL-S01,22,48,5,6.10969387755102
FL-S01,22,49,6,6.10969387755102
FL-S01,23,24,6,6.10969387755102
FL-S01,23,25,5,6.10969387755102
FL-S01,23,26,8,6.10969387755102
FL-S01,23,27,5,6.10969387755102
FL-S01,23,28,7,6.10969387755102
FL-S01,23,29,8,6.10969387755102
FL-S01,23,30,6,6.10969387755102
FL-S01,23,31,5,6.10969387755102
FL-S01,23,32,6,6.10969387755102
FL-S01,23,33,4,6.10969387755102
FL-S01,23,34,8,6.10969387755102
FL-S01,23,35,3,6.10969387755102
FL-S01,23,36,5,6.10969387755102
FL-S01,23,37,2,6.10969387755102
FL-S01,23,38,4,6.10969387755102
FL-S01,23,39,3,6.10969387755102
FL-S01,23,40,8,6.10969387755102
FL-S01,23,41,6,6.10969387755102
FL-S01,23,42,9,6.10969387755102
FL-S01,23,43,4,6.10969387755102
FL-S01,23,44,5,6.10969387755102
FL-S01,23,45,3,6.10969387755102
FL-S01,23,46,6,6.10969387755102
FL-S01,23,47,5,6.10969387755102
FL-S01,23,48,10,6.10969387755102
FL-S01,23,49,3,6.10969387755102
FL-S01,24,25,3,6.10969387755102
FL-S01,24,26,4,6.10969387755102
FL-S01,24,27,6,6.10969387755102
FL-S01,24,28,5,6.10969387755102
FL-S01,24,29,5,6.10969387755102
FL-S01,24,30,7,6.10969387755102
FL-S01,24,31,9,6.10969387755102
FL-S01,24,32,9,6.10969387755102
FL-S01,24,33,5,6.10969387755102
FL-S01,24,34,9,6.10969387755102
FL-S01,24,35,7,6.10969387755102
FL-S01,24,36,2,6.10969387755102
FL-S01,24,37,5,6.10969387755102
FL-S01,24,38,8,6.10969387755102
FL-S01,24,39,3,6.10969387755102
FL-S01,24,40,7,6.10969387755102
FL-S01,24,41,5,6.10969387755102
FL-S01,24,42,6,6.10969387755102
FL-S01,24,43,6,6.10969387755102
FL-S01,24,44,8,6.10969387755102
FL-S01,24,45,7,6.10969387755102
FL-S01,24,46,8,6.10969387755102
FL-S01,24,47,5,6.10969387755102
FL-S01,24,48,4,6.10969387755102
FL-S01,24,49,6,6.10969387755102
FL-S01,25,26,5,6.10969387755102
FL-S01,25,27,3,6.10969387755102
FL-S01,25,28,4,6.10969387755102
FL-S01,25,29,8,6.10969387755102
FL-S01,25,30,7,6.10969387755102
FL-S01,25,31,6,6.10969387755102
FL-S01,25,32,7,6.10969387755102
FL-S01,25,33,2,6.10969387755102
FL-S01,25,34,8,6.10969387755102
FL-S01,25,35,7,6.10969387755102
FL-S01,25,36,5,6.10969387755102
FL-S01,25,37,4,6.10969387755102
FL-S01,25,38,2,6.10969387755102
FL-S01,25,39,5,6.10969387755102
FL-S01,25,40,3,6.10969387755102
FL-S01,25,41,5,6.10969387755102
FL-S01,25,42,9,6.10969387755102
FL-S01,25,43,6,6.10969387755102
FL-S01,25,44,8,6.10969387755102
FL-S01,25,45,8,6.10969387755102
FL-S01,25,46,3,6.10969387755102
FL-S01,25,47,7,6.10969387755102
FL-S01,25,48,4,6.10969387755102
FL-S01,25,49,3,6.10969387755102
FL-S01,26,27,6,6.10969387755102
FL-S01,26,28,8,6.10969387755102
FL-S01,26,29,13,6.10969387755102
FL-S01,26,30,3,6.10969387755102
FL-S01,26,31,6,6.10969387755102
FL-S01,26,32,3,6.10969387755102
FL-S01,26,33,4,6.10969387755102
FL-S01,26,34,10,6.10969387755102
FL-S01,26,35,6,6.10969387755102
FL-S01,26,36,14,6.10969387755102
FL-S01,26,37,6,6.10969387755102
FL-S01,26,38,2,6.10969387755102
FL-S01,26,39,5,6.10969387755102
FL-S01,26,40,6,6.10969387755102
FL-S01,26,41,9,6.10969387755102
FL-S01,26,42,7,6.10969387755102
FL-S01,26,43,6,6.10969387755102
FL-S01,26,44,7,6.10969387755102
FL-S01,26,45,5,6.10969387755102
FL-S01,26,46,4,6.10969387755102
FL-S01,26,47,12,6.10969387755102
FL-S01,26,48,5,6.10969387755102
FL-S01,26,49,5,6.10969387755102
FL-S01,27,28,6,6.10969387755102
FL-S01,27,29,3,6.10969387755102
FL-S01,27,30,14,6.10969387755102
FL-S01,27,31,7,6.10969387755102
FL-S01,27,32,3,6.10969387755102
FL-S01,27,33,5,6.10969387755102
FL-S01,27,34,7,6.10969387755102
FL-S01,27,35,4,6.10969387755102
FL-S01,27,36,8,6.10969387755102
FL-S01,27,37,3,6.10969387755102
FL-S01,27,38,7,6.10969387755102
FL-S01,27,39,7,6.10969387755102
FL-S01,27,40,10,6.10969387755102
FL-S01,27,41,9,6.10969387755102
FL-S01,27,42,11,6.10969387755102
FL-S01,27,43,8,6.10969387755102
FL-S01,27,44,5,6.10969387755102
FL-S01,27,45,5,6.10969387755102
FL-S01,27,46,9,6.10969387755102
FL-S01,27,47,8,6.10969387755102
FL-S01,27,48,8,6.10969387755102
FL-S01,27,49,12,6.10969387755102
FL-S01,28,29,7,6.10969387755102
FL-S01,28,30,10,6.10969387755102
FL-S01,28,31,5,6.10969387755102
FL-S01,28,32,4,6.10969387755102
FL-S01,28,33,2,6.10969387755102
FL-S01,28,34,9,6.10969387755102
FL-S01,28,35,10,6.10969387755102
FL-S01,28,36,9,6.10969387755102
FL-S01,28,37,5,6.10969387755102
FL-S01,28,38,2,6.10969387755102
FL-S01,28,39,7,6.10969387755102
FL-S01,28,40,14,6.10969387755102
FL-S01,28,41,4,6.10969387755102
FL-S01,28,42,6,6.10969387755102
FL-S01,28,43,4,6.10969387755102
FL-S01,28,44,9,6.10969387755102
FL-S01,28,45,6,6.10969387755102
FL-S01,28,46,10,6.10969387755102
FL-S01,28,47,9,6.10969387755102
FL-S01,28,48,8,6.10969387755102
FL-S01,28,49,5,6.10969387755102
FL-S01,29,30,5,6.10969387755102
FL-S01,29,31,11,6.10969387755102
FL-S01,29,32,8,6.10969387755102
FL-S01,29,33,6,6.10969387755102
FL-S01,29,34,6,6.10969387755102
FL-S01,29,35,8,6.10969387755102
FL-S01,29,36,8,6.10969387755102
FL-S01,29,37,9,6.10969387755102
FL-S01,29,38,6,6.10969387755102
FL-S01,29,39,7,6.10969387755102
FL-S01,29,40,6,6.10969387755102
FL-S01,29,41,9,6.10969387755102
FL-S01,29,42,13,6.10969387755102
FL-S01,29,43,6,6.10969387755102
FL-S01,29,44,6,6.10969387755102
FL-S01,29,45,5,6.10969387755102
FL-S01,29,46,7,6.10969387755102
FL-S01,29,47,9,6.10969387755102
FL-S01,29,48,5,6.10969387755102
FL-S01,29,49,6,6.10969387755102
FL-S01,30,31,11,6.10969387755102
FL-S01,30,32,3,6.10969387755102
FL-S01,30,33,3,6.10969387755102
FL-S01,30,34,7,6.10969387755102
FL-S01,30,35,7,6.10969387755102
FL-S01,30,36,6,6.10969387755102
FL-S01,30,37,3,6.10969387755102
FL-S01,30,38,8,6.10969387755102
FL-S01,30,39,4,6.10969387755102
FL-S01,30,40,7,6.10969387755102
FL-S01,30,41,6,6.10969387755102
FL-S01,30,42,8,6.10969387755102
FL-S01,30,43,6,6.10969387755102
FL-S01,30,44,10,6.10969387755102
FL-S01,30,45,7,6.10969387755102
FL-S01,30,46,8,6.10969387755102
FL-S01,30,47,7,6.10969387755102
FL-S01,30,48,8,6.10969387755102
FL-S01,30,49,8,6.10969387755102
FL-S01,31,32,5,6.10969387755102
FL-S01,31,33,7,6.10969387755102
FL-S01,31,34,10,6.10969387755102
FL-S01,31,35,4,6.10969387755102
FL-S01,31,36,3,6.10969387755102
FL-S01,31,37,3,6.10969387755102
FL-S01,31,38,7,6.10969387755102
FL-S01,31,39,6,6.10969387755102
FL-S01,31,40,7,6.10969387755102
FL-S01,31,41,7,6.10969387755102
FL-S01,31,42,7,6.10969387755102
FL-S01,31,43,7,6.10969387755102
FL-S01,31,44,7,6.10969387755102
FL-S01,31,45,7,6.10969387755102
FL-S01,31,46,4,6.10969387755102
FL-S01,31,47,9,6.10969387755102
FL-S01,31,48,3,6.10969387755102
FL-S01,31,49,10,6.10969387755102
FL-S01,32,33,1,6.10969387755102
FL-S01,32,34,1,6.10969387755102
FL-S01,32,35,2,6.10969387755102
FL-S01,32,36,6,6.10969387755102
FL-S01,32,37,4,6.10969387755102
FL-S01,32,38,6,6.10969387755102
FL-S01,32,39,2,6.10969387755102
FL-S01,32,40,2,6.10969387755102
FL-S01,32,41,3,6.10969387755102
FL-S01,32,42,7,6.10969387755102
FL-S01,32,43,5,6.10969387755102
FL-S01,32,44,2,6.10969387755102
FL-S01,32,45,6,6.10969387755102
FL-S01,32,46,3,6.10969387755102
FL-S01,32,47,4,6.10969387755102
FL-S01,32,48,4,6.10969387755102
FL-S01,32,49,3,6.10969387755102
FL-S01,33,34,6,6.10969387755102
FL-S01,33,35,5,6.10969387755102
FL-S01,33,36,6,6.10969387755102
FL-S01,33,37,3,6.10969387755102
FL-S01,33,38,3,6.10969387755102
FL-S01,33,39,4,6.10969387755102
FL-S01,33,40,4,6.10969387755102
FL-S01,33,41,4,6.10969387755102
FL-S01,33,42,3,6.10969387755102
FL-S01,33,43,6,6.10969387755102
FL-S01,33,44,4,6.10969387755102
FL-S01,33,45,4,6.10969387755102
FL-S01,33,46,4,6.10969387755102
FL-S01,33,47,5,6.10969387755102
FL-S01,33,48,3,6.10969387755102
FL-S01,33,49,4,6.10969387755102
FL-S01,34,35,8,6.10969387755102
FL-S01,34,36,9,6.10969387755102
FL-S01,34,37,4,6.10969387755102
FL-S01,34,38,9,6.10969387755102
FL-S01,34,39,3,6.10969387755102
FL-S01,34,40,12,6.10969387755102
FL-S01,34,41,7,6.10969387755102
FL-S01,34,42,9,6.10969387755102
FL-S01,34,43,5,6.10969387755102
FL-S01,34,44,9,6.10969387755102
FL-S01,34,45,10,6.10969387755102
FL-S01,34,46,5,6.10969387755102
FL-S01,34,47,14,6.10969387755102
FL-S01,34,48,12,6.10969387755102
FL-S01,34,49,12,6.10969387755102
FL-S01,35,36,3,6.10969387755102
FL-S01,35,37,6,6.10969387755102
FL-S01,35,38,8,6.10969387755102
FL-S01,35,39,5,6.10969387755102
FL-S01,35,40,2,6.10969387755102
FL-S01,35,41,4,6.10969387755102
FL-S01,35,42,6,6.10969387755102
FL-S01,35,43,5,6.10969387755102
FL-S01,35,44,4,6.10969387755102
FL-S01,35,45,8,6.10969387755102
FL-S01,35,46,10,6.10969387755102
FL-S01,35,47,12,6.10969387755102
FL-S01,35,48,8,6.10969387755102
FL-S01,35,49,6,6.10969387755102
FL-S01,36,37,4,6.10969387755102
FL-S01,36,38,3,6.10969387755102
FL-S01,36,39,5,6.10969387755102
FL-S01,36,40,4,6.10969387755102
FL-S01,36,41,7,6.10969387755102
FL-S01,36,42,7,6.10969387755102
FL-S01,36,43,7,6.10969387755102
FL-S01,36,44,8,6.10969387755102
FL-S01,36,45,5,6.10969387755102
FL-S01,36,46,8,6.10969387755102
FL-S01,36,47,8,6.10969387755102
FL-S01,36,48,8,6.10969387755102
FL-S01,36,49,7,6.10969387755102
FL-S01,37,38,5,6.10969387755102
FL-S01,37,39,2,6.10969387755102
FL-S01,37,40,6,6.10969387755102
FL-S01,37,41,5,6.10969387755102
FL-S01,37,42,4,6.10969387755102
FL-S01,37,43,1,6.10969387755102
FL-S01,37,44,4,6.10969387755102
FL-S01,37,45,5,6.10969387755102
FL-S01,37,46,5,6.10969387755102
FL-S01,37,47,5,6.10969387755102
FL-S01,37,48,7,6.10969387755102
FL-S01,37,49,3,6.10969387755102
FL-S01,38,39,5,6.10969387755102
FL-S01,38,40,2,6.10969387755102
FL-S01,38,41,8,6.10969387755102
FL-S01,38,42,5,6.10969387755102
FL-S01,38,43,6,6.10969387755102
FL-S01,38,44,6,6.10969387755102
FL-S01,38,45,5,6.10969387755102
FL-S01,38,46,4,6.10969387755102
FL-S01,38,47,7,6.10969387755102
FL-S01,38,48,6,6.10969387755102
FL-S01,38,49,6,6.10969387755102
FL-S01,39,40,3,6.10969387755102
FL-S01,39,41,3,6.10969387755102
FL-S01,39,42,2,6.10969387755102
FL-S01,39,43,2,6.10969387755102
FL-S01,39,44,6,6.10969387755102
FL-S01,39,45,5,6.10969387755102
FL-S01,39,46,4,6.10969387755102
FL-S01,39,47,6,6.10969387755102
FL-S01,39,48,7,6.10969387755102
FL-S01,39,49,6,6.10969387755102
FL-S01,40,41,8,6.10969387755102
FL-S01,40,42,6,6.10969387755102
FL-S01,40,43,10,6.10969387755102
FL-S01,40,44,7,6.10969387755102
FL-S01,40,45,4,6.10969387755102
FL-S01,40,46,6,6.10969387755102
FL-S01,40,47,10,6.10969387755102
FL-S01,40,48,11,6.10969387755102
FL-S01,40,49,8,6.10969387755102
FL-S01,41,42,7,6.10969387755102
FL-S01,41,43,8,6.10969387755102
FL-S01,41,44,5,6.10969387755102
FL-S01,41,45,8,6.10969387755102
FL-S01,41,46,3,6.10969387755102
FL-S01,41,47,11,6.10969387755102
FL-S01,41,48,6,6.10969387755102
FL-S01,41,49,8,6.10969387755102
FL-S01,42,43,10,6.10969387755102
FL-S01,42,44,12,6.10969387755102
FL-S01,42,45,14,6.10969387755102
FL-S01,42,46,5,6.10969387755102
FL-S01,42,47,7,6.10969387755102
FL-S01,42,48,10,6.10969387755102
FL-S01,42,49,9,6.10969387755102
FL-S01,43,44,4,6.10969387755102
FL-S01,43,45,5,6.10969387755102
FL-S01,43,46,5,6.10969387755102
FL-S01,43,47,5,6.10969387755102
FL-S01,43,48,7,6.10969387755102
FL-S01,43,49,6,6.10969387755102
FL-S01,44,45,8,6.10969387755102
FL-S01,44,46,7,6.10969387755102
FL-S01,44,47,3,6.10969387755102
FL-S01,44,48,10,6.10969387755102
FL-S01,44,49,8,6.10969387755102
FL-S01,45,46,5,6.10969387755102
FL-S01,45,47,11,6.10969387755102
FL-S01,45,48,10,6.10969387755102
FL-S01,45,49,5,6.10969387755102
FL-S01,46,47,1,6.10969387755102
FL-S01,46,48,10,6.10969387755102
FL-S01,46,49,7,6.10969387755102
FL-S01,47,48,9,6.10969387755102
FL-S01,47,49,3,6.10969387755102
FL-S01,48,49,13,6.10969387755102
FL-S02,1,2,25,24.470246734397676
FL-S02,1,3,27,24.470246734397676
FL-S02,1,4,26,24.470246734397676
FL-S02,1,5,35,24.470246734397676
FL-S02,1,6,29,24.470246734397676
FL-S02,1,7,25,24.470246734397676
FL-S02,1,8,28,24.470246734397676
FL-S02,1,9,23,24.470246734397676
FL-S02,1,10,25,24.470246734397676
FL-S02,1,11,26,24.470246734397676
FL-S02,1,12,36,24.470246734397676
FL-S02,1,13,22,24.470246734397676
FL-S02,1,14,18,24.470246734397676
FL-S02,1,15,26,24.470246734397676
FL-S02,1,16,24,24.470246734397676
FL-S02,1,17,23,24.470246734397676
FL-S02,1,18,21,24.470246734397676
FL-S02,1,19,25,24.470246734397676
FL-S02,1,20,21,24.470246734397676
FL-S02,1,21,17,24.470246734397676
FL-S02,1,22,40,24.470246734397676
FL-S02,1,23,24,24.470246734397676
FL-S02,1,24,31,24.470246734397676
FL-S02,1,25,25,24.470246734397676
FL-S02,1,26,28,24.470246734397676
FL-S02,1,27,29,24.470246734397676
FL-S02,1,28,23,24.470246734397676
FL-S02,1,29,23,24.470246734397676
FL-S02,1,30,16,24.470246734397676
FL-S02,1,31,27,24.470246734397676
FL-S02,1,32,33,24.470246734397676
FL-S02,1,33,32,24.470246734397676
FL-S02,1,34,19,24.470246734397676
FL-S02,1,35,24,24.470246734397676
FL-S02,1,36,25,24.470246734397676
FL-S02,1,37,25,24.470246734397676
FL-S02,1,38,33,24.470246734397676
FL-S02,1,39,32,24.470246734397676
FL-S02,1,40,31,24.470246734397676
FL-S02,1,41,17,24.470246734397676
FL-S02,1,42,24,24.470246734397676
FL-S02,1,43,25,24.470246734397676
FL-S02,1,44,26,24.470246734397676
FL-S02,1,45,21,24.470246734397676
FL-S02,1,46,25,24.470246734397676
FL-S02,1,47,27,24.470246734397676
FL-S02,1,48,25,24.470246734397676
FL-S02,1,49,26,24.470246734397676
FL-S02,1,50,19,24.470246734397676
FL-S02,1,51,23,24.470246734397676
FL-S02,1,52,27,24.470246734397676
FL-S02,1,53,28,24.470246734397676
FL-S02,2,3,19,24.470246734397676
FL-S02,2,4,23,24.470246734397676
FL-S02,2,5,20,24.470246734397676
FL-S02,2,6,20,24.470246734397676
FL-S02,2,7,23,24.470246734397676
FL-S02,2,8,22,24.470246734397676
FL-S02,2,9,29,24.470246734397676
FL-S02,2,10,21,24.470246734397676
FL-S02,2,11,20,24.470246734397676
FL-S02,2,12,22,24.470246734397676
FL-S02,2,13,24,24.470246734397676
FL-S02,2,14,20,24.470246734397676
FL-S02,2,15,24,24.470246734397676
FL-S02,2,16,29,24.470246734397676
FL-S02,2,17,29,24.470246734397676
FL-S02,2,18,18,24.470246734397676
FL-S02,2,19,17,24.470246734397676
FL-S02,2,20,20,24.470246734397676
FL-S02,2,21,25,24.470246734397676
FL-S02,2,22,20,24.470246734397676
FL-S02,2,23,20,24.470246734397676
FL-S02,2,24,25,24.470246734397676
FL-S02,2,25,26,24.470246734397676
FL-S02,2,26,33,24.470246734397676
FL-S02,2,27,25,24.470246734397676
FL-S02,2,28,18,24.470246734397676
FL-S02,2,29,26,24.470246734397676
FL-S02,2,30,24,24.470246734397676
FL-S02,2,31,30,24.470246734397676
FL-S02,2,32,23,24.470246734397676
FL-S02,2,33,22,24.470246734397676
FL-S02,2,34,21,24.470246734397676
FL-S02,2,35,21,24.470246734397676
FL-S02,2,36,31,24.470246734397676
FL-S02,2,37,22,24.470246734397676
FL-S02,2,38,24,24.470246734397676
FL-S02,2,39,26,24.470246734397676
FL-S02,2,40,25,24.470246734397676
FL-S02,2,41,19,24.470246734397676
FL-S02,2,42,20,24.470246734397676
FL-S02,2,43,32,24.470246734397676
FL-S02,2,44,26,24.470246734397676
FL-S02,2,45,22,24.470246734397676
FL-S02,2,46,20,24.470246734397676
FL-S02,2,47,24,24.470246734397676
FL-S02,2,48,22,24.470246734397676
FL-S02,2,49,19,24.470246734397676
FL-S02,2,50,18,24.470246734397676
FL-S02,2,51,22,24.470246734397676
FL-S02,2,52,30,24.470246734397676
FL-S02,2,53,19,24.470246734397676
FL-S02,3,4,34,24.470246734397676
FL-S02,3,5,20,24.470246734397676
FL-S02,3,6,29,24.470246734397676
FL-S02,3,7,23,24.470246734397676
FL-S02,3,8,26,24.470246734397676
FL-S02,3,9,22,24.470246734397676
FL-S02,3,10,30,24.470246734397676
FL-S02,3,11,24,24.470246734397676
FL-S02,3,12,23,24.470246734397676
FL-S02,3,13,25,24.470246734397676
FL-S02,3,14,26,24.470246734397676
FL-S02,3,15,27,24.470246734397676
FL-S02,3,16,22,24.470246734397676
FL-S02,3,17,16,24.470246734397676
FL-S02,3,18,23,24.470246734397676
FL-S02,3,19,27,24.470246734397676
FL-S02,3,20,23,24.470246734397676
FL-S02,3,21,22,24.470246734397676
FL-S02,3,22,27,24.470246734397676
FL-S02,3,23,19,24.470246734397676
FL-S02,3,24,28,24.470246734397676
FL-S02,3,25,30,24.470246734397676
FL-S02,3,26,16,24.470246734397676
FL-S02,3,27,22,24.470246734397676
FL-S02,3,28,28,24.470246734397676
FL-S02,3,29,24,24.470246734397676
FL-S02,3,30,23,24.470246734397676
FL-S02,3,31,13,24.470246734397676
FL-S02,3,32,18,24.470246734397676
FL-S02,3,33,26,24.470246734397676
FL-S02,3,34,25,24.470246734397676
FL-S02,3,35,26,24.470246734397676
FL-S02,3,36,25,24.470246734397676
FL-S02,3,37,26,24.470246734397676
FL-S02,3,38,31,24.470246734397676
FL-S02,3,39,22,24.470246734397676
FL-S02,3,40,26,24.470246734397676
FL-S02,3,41,23,24.470246734397676
FL-S02,3,42,28,24.470246734397676
FL-S02,3,43,26,24.470246734397676
FL-S02,3,44,33,24.470246734397676
FL-S02,3,45,26,24.470246734397676
FL-S02,3,46,16,24.470246734397676
FL-S02,3,47,27,24.470246734397676
FL-S02,3,48,25,24.470246734397676
FL-S02,3,49,19,24.470246734397676
FL-S02,3,50,21,24.470246734397676
FL-S02,3,51,27,24.470246734397676
FL-S02,3,52,29,24.470246734397676
FL-S02,3,53,22,24.470246734397676
FL-S02,4,5,28,24.470246734397676
FL-S02,4,6,27,24.470246734397676
FL-S02,4,7,22,24.470246734397676
FL-S02,4,8,34,24.470246734397676
FL-S02,4,9,24,24.470246734397676
FL-S02,4,10,24,24.470246734397676
FL-S02,4,11,29,24.470246734397676
FL-S02,4,12,31,24.470246734397676
FL-S02,4,13,29,24.470246734397676
FL-S02,4,14,24,24.470246734397676
FL-S02,4,15,23,24.470246734397676
FL-S02,4,16,24,24.470246734397676
FL-S02,4,17,20,24.470246734397676
FL-S02,4,18,23,24.470246734397676
FL-S02,4,19,26,24.470246734397676
FL-S02,4,20,22,24.470246734397676
FL-S02,4,21,25,24.470246734397676
FL-S02,4,22,28,24.470246734397676
FL-S02,4,23,23,24.470246734397676
FL-S02,4,24,20,24.470246734397676
FL-S02,4,25,30,24.470246734397676
FL-S02,4,26,28,24.470246734397676
FL-S02,4,27,31,24.470246734397676
FL-S02,4,28,28,24.470246734397676
FL-S02,4,29,27,24.470246734397676
FL-S02,4,30,27,24.470246734397676
FL-S02,4,31,20,24.470246734397676
FL-S02,4,32,33,24.470246734397676
FL-S02,4,33,26,24.470246734397676
FL-S02,4,34,24,24.470246734397676
FL-S02,4,35,23,24.470246734397676
FL-S02,4,36,23,24.470246734397676
FL-S02,4,37,31,24.470246734397676
FL-S02,4,38,33,24.470246734397676
FL-S02,4,39,27,24.470246734397676
FL-S02,4,40,29,24.470246734397676
FL-S02,4,41,28,24.470246734397676
FL-S02,4,42,24,24.470246734397676
FL-S02,4,43,26,24.470246734397676
FL-S02,4,44,34,24.470246734397676
FL-S02,4,45,34,24.470246734397676
FL-S02,4,46,31,24.470246734397676
FL-S02,4,47,24,24.470246734397676
FL-S02,4,48,34,24.470246734397676
FL-S02,4,49,24,24.470246734397676
FL-S02,4,50,31,24.470246734397676
FL-S02,4,51,30,24.470246734397676
FL-S02,4,52,30,24.470246734397676
FL-S02,4,53,26,24.470246734397676
FL-S02,5,6,18,24.470246734397676
FL-S02,5,7,21,24.470246734397676
FL-S02,5,8,27,24.470246734397676
FL-S02,5,9,35,24.470246734397676
FL-S02,5,10,20,24.470246734397676
FL-S02,5,11,14,24.470246734397676
FL-S02,5,12,31,24.470246734397676
FL-S02,5,13,25,24.470246734397676
FL-S02,5,14,20,24.470246734397676
FL-S02,5,15,18,24.470246734397676
FL-S02,5,16,24,24.470246734397676
FL-S02,5,17,21,24.470246734397676
FL-S02,5,18,38,24.470246734397676
FL-S02,5,19,29,24.470246734397676
FL-S02,5,20,23,24.470246734397676
FL-S02,5,21,24,24.470246734397676
FL-S02,5,22,21,24.470246734397676
FL-S02,5,23,33,24.470246734397676
FL-S02,5,24,31,24.470246734397676
FL-S02,5,25,22,24.470246734397676
FL-S02,5,26,23,24.470246734397676
FL-S02,5,27,23,24.470246734397676
FL-S02,5,28,29,24.470246734397676
FL-S02,5,29,28,24.470246734397676
FL-S02,5,30,33,24.470246734397676
FL-S02,5,31,32,24.470246734397676
FL-S02,5,32,22,24.470246734397676
FL-S02,5,33,27,24.470246734397676
FL-S02,5,34,23,24.470246734397676
FL-S02,5,35,20,24.470246734397676
FL-S02,5,36,20,24.470246734397676
FL-S02,5,37,26,24.470246734397676
FL-S02,5,38,27,24.470246734397676
FL-S02,5,39,26,24.470246734397676
FL-S02,5,40,24,24.470246734397676
FL-S02,5,41,32,24.470246734397676
FL-S02,5,42,19,24.470246734397676
FL-S02,5,43,24,24.470246734397676
FL-S02,5,44,20,24.470246734397676
FL-S02,5,45,23,24.470246734397676
FL-S02,5,46,29,24.470246734397676
FL-S02,5,47,31,24.470246734397676
FL-S02,5,48,34,24.470246734397676
FL-S02,5,49,24,24.470246734397676
FL-S02,5,50,26,24.470246734397676
FL-S02,5,51,30,24.470246734397676
FL-S02,5,52,26,24.470246734397676
FL-S02,5,53,31,24.470246734397676
FL-S02,6,7,19,24.470246734397676
FL-S02,6,8,27,24.470246734397676
FL-S02,6,9,33,24.470246734397676
FL-S02,6,10,21,24.470246734397676
FL-S02,6,11,26,24.470246734397676
FL-S02,6,12,26,24.470246734397676
FL-S02,6,13,24,24.470246734397676
FL-S02,6,14,25,24.470246734397676
FL-S02,6,15,25,24.470246734397676
FL-S02,6,16,31,24.470246734397676
FL-S02,6,17,20,24.470246734397676
FL-S02,6,18,30,24.470246734397676
FL-S02,6,19,26,24.470246734397676
FL-S02,6,20,25,24.470246734397676
FL-S02,6,21,28,24.470246734397676
FL-S02,6,22,24,24.470246734397676
FL-S02,6,23,20,24.470246734397676
FL-S02,6,24,24,24.470246734397676
FL-S02,6,25,22,24.470246734397676
FL-S02,6,26,26,24.470246734397676
FL-S02,6,27,25,24.470246734397676
FL-S02,6,28,23,24.470246734397676
FL-S02,6,29,22,24.470246734397676
FL-S02,6,30,25,24.470246734397676
FL-S02,6,31,25,24.470246734397676
FL-S02,6,32,32,24.470246734397676
FL-S02,6,33,18,24.470246734397676
FL-S02,6,34,22,24.470246734397676
FL-S02,6,35,24,24.470246734397676
FL-S02,6,36,29,24.470246734397676
FL-S02,6,37,26,24.470246734397676
FL-S02,6,38,23,24.470246734397676
FL-S02,6,39,24,24.470246734397676
FL-S02,6,40,26,24.470246734397676
FL-S02,6,41,31,24.470246734397676
FL-S02,6,42,21,24.470246734397676
FL-S02,6,43,21,24.470246734397676
FL-S02,6,44,31,24.470246734397676
FL-S02,6,45,28,24.470246734397676
FL-S02,6,46,24,24.470246734397676
FL-S02,6,47,22,24.470246734397676
FL-S02,6,48,31,24.470246734397676
FL-S02,6,49,23,24.470246734397676
FL-S02,6,50,31,24.470246734397676
FL-S02,6,51,42,24.470246734397676
FL-S02,6,52,32,24.470246734397676
FL-S02,6,53,24,24.470246734397676
FL-S02,7,8,22,24.470246734397676
FL-S02,7,9,29,24.470246734397676
FL-S02,7,10,28,24.470246734397676
FL-S02,7,11,30,24.470246734397676
FL-S02,7,12,23,24.470246734397676
FL-S02,7,13,29,24.470246734397676
FL-S02,7,14,20,24.470246734397676
FL-S02,7,15,35,24.470246734397676
FL-S02,7,16,31,24.470246734397676
FL-S02,7,17,18,24.470246734397676
FL-S02,7,18,26,24.470246734397676
FL-S02,7,19,25,24.470246734397676
FL-S02,7,20,25,24.470246734397676
FL-S02,7,21,19,24.470246734397676
FL-S02,7,22,23,24.470246734397676
FL-S02,7,23,20,24.470246734397676
FL-S02,7,24,24,24.470246734397676
FL-S02,7,25,30,24.470246734397676
FL-S02,7,26,24,24.470246734397676
FL-S02,7,27,25,24.470246734397676
FL-S02,7,28,20,24.470246734397676
FL-S02,7,29,27,24.470246734397676
FL-S02,7,30,28,24.470246734397676
FL-S02,7,31,24,24.470246734397676
FL-S02,7,32,21,24.470246734397676
FL-S02,7,33,22,24.470246734397676
FL-S02,7,34,26,24.470246734397676
FL-S02,7,35,22,24.470246734397676
FL-S02,7,36,25,24.470246734397676
FL-S02,7,37,22,24.470246734397676
FL-S02,7,38,23,24.470246734397676
FL-S02,7,39,22,24.470246734397676
FL-S02,7,40,26,24.470246734397676
FL-S02,7,41,23,24.470246734397676
FL-S02,7,42,19,24.470246734397676
FL-S02,7,43,37,24.470246734397676
FL-S02,7,44,20,24.470246734397676
FL-S02,7,45,29,24.470246734397676
FL-S02,7,46,26,24.470246734397676
FL-S02,7,47,24,24.470246734397676
FL-S02,7,48,17,24.470246734397676
FL-S02,7,49,23,24.470246734397676
FL-S02,7,50,18,24.470246734397676
FL-S02,7,51,25,24.470246734397676
FL-S02,7,52,21,24.470246734397676
FL-S02,7,53,26,24.470246734397676
FL-S02,8,9,26,24.470246734397676
FL-S02,8,10,21,24.470246734397676
FL-S02,8,11,27,24.470246734397676
FL-S02,8,12,23,24.470246734397676
FL-S02,8,13,24,24.470246734397676
FL-S02,8,14,21,24.470246734397676
FL-S02,8,15,24,24.470246734397676
FL-S02,8,16,21,24.470246734397676
FL-S02,8,17,22,24.470246734397676
FL-S02,8,18,26,24.470246734397676
FL-S02,8,19,24,24.470246734397676
FL-S02,8,20,27,24.470246734397676
FL-S02,8,21,26,24.470246734397676
FL-S02,8,22,24,24.470246734397676
FL-S02,8,23,24,24.470246734397676
FL-S02,8,24,22,24.470246734397676
FL-S02,8,25,19,24.470246734397676
FL-S02,8,26,21,24.470246734397676
FL-S02,8,27,24,24.470246734397676
FL-S02,8,28,27,24.470246734397676
FL-S02,8,29,24,24.470246734397676
FL-S02,8,30,14,24.470246734397676
FL-S02,8,31,16,24.470246734397676
FL-S02,8,32,16,24.470246734397676
FL-S02,8,33,22,24.470246734397676
FL-S02,8,34,19,24.470246734397676
FL-S02,8,35,31,24.470246734397676
FL-S02,8,36,33,24.470246734397676
FL-S02,8,37,28,24.470246734397676
FL-S02,8,38,24,24.470246734397676
FL-S02,8,39,19,24.470246734397676
FL-S02,8,40,33,24.470246734397676
FL-S02,8,41,23,24.470246734397676
FL-S02,8,42,19,24.470246734397676
FL-S02,8,43,25,24.470246734397676
FL-S02,8,44,18,24.470246734397676
FL-S02,8,45,23,24.470246734397676
FL-S02,8,46,20,24.470246734397676
FL-S02,8,47,28,24.470246734397676
FL-S02,8,48,24,24.470246734397676
FL-S02,8,49,24,24.470246734397676
FL-S02,8,50,24,24.470246734397676
FL-S02,8,51,25,24.470246734397676
FL-S02,8,52,25,24.470246734397676
FL-S02,8,53,29,24.470246734397676
FL-S02,9,10,23,24.470246734397676
FL-S02,9,11,31,24.470246734397676
FL-S02,9,12,25,24.470246734397676
FL-S02,9,13,14,24.470246734397676
FL-S02,9,14,24,24.470246734397676
FL-S02,9,15,14,24.470246734397676
FL-S02,9,16,23,24.470246734397676
FL-S02,9,17,21,24.470246734397676
FL-S02,9,18,31,24.470246734397676
FL-S02,9,19,19,24.470246734397676
FL-S02,9,20,24,24.470246734397676
FL-S02,9,21,26,24.470246734397676
FL-S02,9,22,32,24.470246734397676
FL-S02,9,23,22,24.470246734397676
FL-S02,9,24,19,24.470246734397676
FL-S02,9,25,31,24.470246734397676
FL-S02,9,26,24,24.470246734397676
FL-S02,9,27,28,24.470246734397676
FL-S02,9,28,21,24.470246734397676
FL-S02,9,29,28,24.470246734397676
FL-S02,9,30,23,24.470246734397676
FL-S02,9,31,24,24.470246734397676
FL-S02,9,32,12,24.470246734397676
FL-S02,9,33,24,24.470246734397676
FL-S02,9,34,19,24.470246734397676
FL-S02,9,35,13,24.470246734397676
FL-S02,9,36,19,24.470246734397676
FL-S02,9,37,26,24.470246734397676
FL-S02,9,38,31,24.470246734397676
FL-S02,9,39,29,24.470246734397676
FL-S02,9,40,21,24.470246734397676
FL-S02,9,41,17,24.470246734397676
FL-S02,9,42,30,24.470246734397676
FL-S02,9,43,22,24.470246734397676
FL-S02,9,44,33,24.470246734397676
FL-S02,9,45,22,24.470246734397676
FL-S02,9,46,20,24.470246734397676
FL-S02,9,47,32,24.470246734397676
FL-S02,9,48,18,24.470246734397676
FL-S02,9,49,21,24.470246734397676
FL-S02,9,50,21,24.470246734397676
FL-S02,9,51,25,24.470246734397676
FL-S02,9,52,24,24.470246734397676
FL-S02,9,53,23,24.470246734397676
FL-S02,10,11,20,24.470246734397676
FL-S02,10,12,22,24.470246734397676
FL-S02,10,13,14,24.470246734397676
FL-S02,10,14,19,24.470246734397676
FL-S02,10,15,21,24.470246734397676
FL-S02,10,16,23,24.470246734397676
FL-S02,10,17,23,24.470246734397676
FL-S02,10,18,23,24.470246734397676
FL-S02,10,19,21,24.470246734397676
FL-S02,10,20,29,24.470246734397676
FL-S02,10,21,25,24.470246734397676
FL-S02,10,22,29,24.470246734397676
FL-S02,10,23,20,24.470246734397676
FL-S02,10,24,24,24.470246734397676
FL-S02,10,25,27,24.470246734397676
FL-S02,10,26,24,24.470246734397676
FL-S02,10,27,39,24.470246734397676
FL-S02,10,28,37,24.470246734397676
FL-S02,10,29,28,24.470246734397676
FL-S02,10,30,24,24.470246734397676
FL-S02,10,31,22,24.470246734397676
FL-S02,10,32,16,24.470246734397676
FL-S02,10,33,22,24.470246734397676
FL-S02,10,34,24,24.470246734397676
FL-S02,10,35,25,24.470246734397676
FL-S02,10,36,24,24.470246734397676
FL-S02,10,37,20,24.470246734397676
FL-S02,10,38,24,24.470246734397676
FL-S02,10,39,26,24.470246734397676
FL-S02,10,40,19,24.470246734397676
FL-S02,10,41,33,24.470246734397676
FL-S02,10,42,31,24.470246734397676
FL-S02,10,43,20,24.470246734397676
FL-S02,10,44,23,24.470246734397676
FL-S02,10,45,24,24.470246734397676
FL-S02,10,46,13,24.470246734397676
FL-S02,10,47,23,24.470246734397676
FL-S02,10,48,24,24.470246734397676
FL-S02,10,49,28,24.470246734397676
FL-S02,10,50,21,24.470246734397676
FL-S02,10,51,22,24.470246734397676
FL-S02,10,52,25,24.470246734397676
FL-S02,10,53,21,24.470246734397676
FL-S02,11,12,20,24.470246734397676
FL-S02,11,13,22,24.470246734397676
FL-S02,11,14,27,24.470246734397676
FL-S02,11,15,20,24.470246734397676
FL-S02,11,16,13,24.470246734397676
FL-S02,11,17,22,24.470246734397676
FL-S02,11,18,27,24.470246734397676
FL-S02,11,19,18,24.470246734397676
FL-S02,11,20,23,24.470246734397676
FL-S02,11,21,24,24.470246734397676
FL-S02,11,22,20,24.470246734397676
FL-S02,11,23,25,24.470246734397676
FL-S02,11,24,24,24.470246734397676
FL-S02,11,25,20,24.470246734397676
FL-S02,11,26,24,24.470246734397676
FL-S02,11,27,21,24.470246734397676
FL-S02,11,28,16,24.470246734397676
FL-S02,11,29,24,24.470246734397676
FL-S02,11,30,24,24.470246734397676
FL-S02,11,31,27,24.470246734397676
FL-S02,11,32,16,24.470246734397676
FL-S02,11,33,17,24.470246734397676
FL-S02,11,34,15,24.470246734397676
FL-S02,11,35,16,24.470246734397676
FL-S02,11,36,28,24.470246734397676
FL-S02,11,37,26,24.470246734397676
FL-S02,11,38,26,24.470246734397676
FL-S02,11,39,34,24.470246734397676
FL-S02,11,40,23,24.470246734397676
FL-S02,11,41,19,24.470246734397676
FL-S02,11,42,21,24.470246734397676
FL-S02,11,43,22,24.470246734397676
FL-S02,11,44,30,24.470246734397676
FL-S02,11,45,28,24.470246734397676
FL-S02,11,46,26,24.470246734397676
FL-S02,11,47,24,24.470246734397676
FL-S02,11,48,28,24.470246734397676
FL-S02,11,49,25,24.470246734397676
FL-S02,11,50,18,24.470246734397676
FL-S02,11,51,26,24.470246734397676
FL-S02,11,52,25,24.470246734397676
FL-S02,11,53,19,24.470246734397676
FL-S02,12,13,25,24.470246734397676
FL-S02,12,14,33,24.470246734397676
FL-S02,12,15,26,24.470246734397676
FL-S02,12,16,26,24.470246734397676
FL-S02,12,17,23,24.470246734397676
FL-S02,12,18,26,24.470246734397676
FL-S02,12,19,28,24.470246734397676
FL-S02,12,20,33,24.470246734397676
FL-S02,12,21,24,24.470246734397676
FL-S02,12,22,27,24.470246734397676
FL-S02,12,23,28,24.470246734397676
FL-S02,12,24,22,24.470246734397676
FL-S02,12,25,25,24.470246734397676
FL-S02,12,26,32,24.470246734397676
FL-S02,12,27,32,24.470246734397676
FL-S02,12,28,28,24.470246734397676
FL-S02,12,29,14,24.470246734397676
FL-S02,12,30,19,24.470246734397676
FL-S02,12,31,22,24.470246734397676
FL-S02,12,32,30,24.470246734397676
FL-S02,12,33,28,24.470246734397676
FL-S02,12,34,25,24.470246734397676
FL-S02,12,35,23,24.470246734397676
FL-S02,12,36,25,24.470246734397676
FL-S02,12,37,23,24.470246734397676
FL-S02,12,38,24,24.470246734397676
FL-S02,12,39,21,24.470246734397676
FL-S02,12,40,23,24.470246734397676
FL-S02,12,41,28,24.470246734397676
FL-S02,12,42,31,24.470246734397676
FL-S02,12,43,21,24.470246734397676
FL-S02,12,44,36,24.470246734397676
FL-S02,12,45,24,24.470246734397676
FL-S02,12,46,29,24.470246734397676
FL-S02,12,47,20,24.470246734397676
FL-S02,12,48,29,24.470246734397676
FL-S02,12,49,27,24.470246734397676
FL-S02,12,50,16,24.470246734397676
FL-S02,12,51,20,24.470246734397676
FL-S02,12,52,27,24.470246734397676
FL-S02,12,53,20,24.470246734397676
FL-S02,13,14,20,24.470246734397676
FL-S02,13,15,23,24.470246734397676
FL-S02,13,16,23,24.470246734397676
FL-S02,13,17,23,24.470246734397676
FL-S02,13,18,26,24.470246734397676
FL-S02,13,19,20,24.470246734397676
FL-S02,13,20,23,24.470246734397676
FL-S02,13,21,20,24.470246734397676
FL-S02,13,22,26,24.470246734397676
FL-S02,13,23,20,24.470246734397676
FL-S02,13,24,25,24.470246734397676
FL-S02,13,25,19,24.470246734397676
FL-S02,13,26,26,24.470246734397676
FL-S02,13,27,30,24.470246734397676
FL-S02,13,28,31,24.470246734397676
FL-S02,13,29,23,24.470246734397676
FL-S02,13,30,27,24.470246734397676
FL-S02,13,31,19,24.470246734397676
FL-S02,13,32,24,24.470246734397676
FL-S02,13,33,25,24.470246734397676
FL-S02,13,34,28,24.470246734397676
FL-S02,13,35,21,24.470246734397676
FL-S02,13,36,25,24.470246734397676
FL-S02,13,37,26,24.470246734397676
FL-S02,13,38,32,24.470246734397676
FL-S02,13,39,26,24.470246734397676
FL-S02,13,40,28,24.470246734397676
FL-S02,13,41,26,24.470246734397676
FL-S02,13,42,23,24.470246734397676
FL-S02,13,43,24,24.470246734397676
FL-S02,13,44,23,24.470246734397676
FL-S02,13,45,21,24.470246734397676
FL-S02,13,46,18,24.470246734397676
FL-S02,13,47,25,24.470246734397676
FL-S02,13,48,22,24.470246734397676
FL-S02,13,49,27,24.470246734397676
FL-S02,13,50,27,24.470246734397676
FL-S02,13,51,25,24.470246734397676
FL-S02,13,52,22,24.470246734397676
FL-S02,13,53,21,24.470246734397676
FL-S02,14,15,27,24.470246734397676
FL-S02,14,16,24,24.470246734397676
FL-S02,14,17,25,24.470246734397676
FL-S02,14,18,24,24.470246734397676
FL-S02,14,19,25,24.470246734397676
FL-S02,14,20,21,24.470246734397676
FL-S02,14,21,25,24.470246734397676
FL-S02,14,22,24,24.470246734397676
FL-S02,14,23,19,24.470246734397676
FL-S02,14,24,15,24.470246734397676
FL-S02,14,25,21,24.470246734397676
FL-S02,14,26,22,24.470246734397676
FL-S02,14,27,21,24.470246734397676
FL-S02,14,28,36,24.470246734397676
FL-S02,14,29,27,24.470246734397676
FL-S02,14,30,27,24.470246734397676
FL-S02,14,31,26,24.470246734397676
FL-S02,14,32,25,24.470246734397676
FL-S02,14,33,25,24.470246734397676
FL-S02,14,34,27,24.470246734397676
FL-S02,14,35,24,24.470246734397676
FL-S02,14,36,32,24.470246734397676
FL-S02,14,37,27,24.470246734397676
FL-S02,14,38,15,24.470246734397676
FL-S02,14,39,19,24.470246734397676
FL-S02,14,40,22,24.470246734397676
FL-S02,14,41,18,24.470246734397676
FL-S02,14,42,26,24.470246734397676
FL-S02,14,43,19,24.470246734397676
FL-S02,14,44,27,24.470246734397676
FL-S02,14,45,28,24.470246734397676
FL-S02,14,46,23,24.470246734397676
FL-S02,14,47,13,24.470246734397676
FL-S02,14,48,16,24.470246734397676
FL-S02,14,49,28,24.470246734397676
FL-S02,14,50,28,24.470246734397676
FL-S02,14,51,21,24.470246734397676
FL-S02,14,52,31,24.470246734397676
FL-S02,14,53,15,24.470246734397676
FL-S02,15,16,21,24.470246734397676
FL-S02,15,17,21,24.470246734397676
FL-S02,15,18,26,24.470246734397676
FL-S02,15,19,26,24.470246734397676
FL-S02,15,20,15,24.470246734397676
FL-S02,15,21,25,24.470246734397676
FL-S02,15,22,28,24.470246734397676
FL-S02,15,23,24,24.470246734397676
FL-S02,15,24,31,24.470246734397676
FL-S02,15,25,26,24.470246734397676
FL-S02,15,26,29,24.470246734397676
FL-S02,15,27,18,24.470246734397676
FL-S02,15,28,31,24.470246734397676
FL-S02,15,29,31,24.470246734397676
FL-S02,15,30,25,24.470246734397676
FL-S02,15,31,18,24.470246734397676
FL-S02,15,32,24,24.470246734397676
FL-S02,15,33,25,24.470246734397676
FL-S02,15,34,35,24.470246734397676
FL-S02,15,35,25,24.470246734397676
FL-S02,15,36,25,24.470246734397676
FL-S02,15,37,23,24.470246734397676
FL-S02,15,38,33,24.470246734397676
FL-S02,15,39,25,24.470246734397676
FL-S02,15,40,32,24.470246734397676
FL-S02,15,41,29,24.470246734397676
FL-S02,15,42,29,24.470246734397676
FL-S02,15,43,24,24.470246734397676
FL-S02,15,44,29,24.470246734397676
FL-S02,15,45,30,24.470246734397676
FL-S02,15,46,30,24.470246734397676
FL-S02,15,47,43,24.470246734397676
FL-S02,15,48,24,24.470246734397676
FL-S02,15,49,27,24.470246734397676
FL-S02,15,50,29,24.470246734397676
FL-S02,15,51,29,24.470246734397676
FL-S02,15,52,30,24.470246734397676
FL-S02,15,53,22,24.470246734397676
FL-S02,16,17,25,24.470246734397676
FL-S02,16,18,13,24.470246734397676
FL-S02,16,19,29,24.470246734397676
FL-S02,16,20,29,24.470246734397676
FL-S02,16,21,20,24.470246734397676
FL-S02,16,22,25,24.470246734397676
FL-S02,16,23,25,24.470246734397676
FL-S02,16,24,19,24.470246734397676
FL-S02,16,25,21,24.470246734397676
FL-S02,16,26,28,24.470246734397676
FL-S02,16,27,21,24.470246734397676
FL-S02,16,28,32,24.470246734397676
FL-S02,16,29,19,24.470246734397676
FL-S02,16,30,29,24.470246734397676
FL-S02,16,31,23,24.470246734397676
FL-S02,16,32,25,24.470246734397676
FL-S02,16,33,21,24.470246734397676
FL-S02,16,34,19,24.470246734397676
FL-S02,16,35,23,24.470246734397676
FL-S02,16,36,27,24.470246734397676
FL-S02,16,37,25,24.470246734397676
FL-S02,16,38,30,24.470246734397676
FL-S02,16,39,25,24.470246734397676
FL-S02,16,40,21,24.470246734397676
FL-S02,16,41,31,24.470246734397676
FL-S02,16,42,29,24.470246734397676
FL-S02,16,43,28,24.470246734397676
FL-S02,16,44,29,24.470246734397676
FL-S02,16,45,29,24.470246734397676
FL-S02,16,46,29,24.470246734397676
FL-S02,16,47,27,24.470246734397676
FL-S02,16,48,26,24.470246734397676
FL-S02,16,49,16,24.470246734397676
FL-S02,16,50,22,24.470246734397676
FL-S02,16,51,19,24.470246734397676
FL-S02,16,52,32,24.470246734397676
FL-S02,16,53,25,24.470246734397676
FL-S02,17,18,19,24.470246734397676
FL-S02,17,19,27,24.470246734397676
FL-S02,17,20,25,24.470246734397676
FL-S02,17,21,27,24.470246734397676
FL-S02,17,22,20,24.470246734397676
FL-S02,17,23,16,24.470246734397676
FL-S02,17,24,13,24.470246734397676
FL-S02,17,25,22,24.470246734397676
FL-S02,17,26,31,24.470246734397676
FL-S02,17,27,25,24.470246734397676
FL-S02,17,28,31,24.470246734397676
FL-S02,17,29,27,24.470246734397676
FL-S02,17,30,24,24.470246734397676
FL-S02,17,31,23,24.470246734397676
FL-S02,17,32,16,24.470246734397676
FL-S02,17,33,23,24.470246734397676
FL-S02,17,34,25,24.470246734397676
FL-S02,17,35,20,24.470246734397676
FL-S02,17,36,20,24.470246734397676
FL-S02,17,37,15,24.470246734397676
FL-S02,17,38,15,24.470246734397676
FL-S02,17,39,26,24.470246734397676
FL-S02,17,40,22,24.470246734397676
FL-S02,17,41,19,24.470246734397676
FL-S02,17,42,22,24.470246734397676
FL-S02,17,43,21,24.470246734397676
FL-S02,17,44,26,24.470246734397676
FL-S02,17,45,32,24.470246734397676
FL-S02,17,46,14,24.470246734397676
FL-S02,17,47,26,24.470246734397676
FL-S02,17,48,14,24.470246734397676
FL-S02,17,49,25,24.470246734397676
FL-S02,17,50,19,24.470246734397676
FL-S02,17,51,26,24.470246734397676
FL-S02,17,52,21,24.470246734397676
FL-S02,17,53,26,24.470246734397676
FL-S02,18,19,29,24.470246734397676
FL-S02,18,20,27,24.470246734397676
FL-S02,18,21,24,24.470246734397676
FL-S02,18,22,19,24.470246734397676
FL-S02,18,23,23,24.470246734397676
FL-S02,18,24,25,24.470246734397676
FL-S02,18,25,24,24.470246734397676
FL-S02,18,26,22,24.470246734397676
FL-S02,18,27,32,24.470246734397676
FL-S02,18,28,32,24.470246734397676
FL-S02,18,29,25,24.470246734397676
FL-S02,18,30,23,24.470246734397676
FL-S02,18,31,31,24.470246734397676
FL-S02,18,32,27,24.470246734397676
FL-S02,18,33,25,24.470246734397676
FL-S02,18,34,15,24.470246734397676
FL-S02,18,35,22,24.470246734397676
FL-S02,18,36,27,24.470246734397676
FL-S02,18,37,29,24.470246734397676
FL-S02,18,38,23,24.470246734397676
FL-S02,18,39,22,24.470246734397676
FL-S02,18,40,28,24.470246734397676
FL-S02,18,41,20,24.470246734397676
FL-S02,18,42,23,24.470246734397676
FL-S02,18,43,22,24.470246734397676
FL-S02,18,44,18,24.470246734397676
FL-S02,18,45,24,24.470246734397676
FL-S02,18,46,23,24.470246734397676
FL-S02,18,47,29,24.470246734397676
FL-S02,18,48,20,24.470246734397676
FL-S02,18,49,23,24.470246734397676
FL-S02,18,50,16,24.470246734397676
FL-S02,18,51,30,24.470246734397676
FL-S02,18,52,12,24.470246734397676
FL-S02,18,53,26,24.470246734397676
FL-S02,19,20,29,24.470246734397676
FL-S02,19,21,16,24.470246734397676
FL-S02,19,22,29,24.470246734397676
FL-S02,19,23,28,24.470246734397676
FL-S02,19,24,26,24.470246734397676
FL-S02,19,25,21,24.470246734397676
FL-S02,19,26,22,24.470246734397676
FL-S02,19,27,24,24.470246734397676
FL-S02,19,28,33,24.470246734397676
FL-S02,19,29,27,24.470246734397676
FL-S02,19,30,26,24.470246734397676
FL-S02,19,31,33,24.470246734397676
FL-S02,19,32,21,24.470246734397676
FL-S02,19,33,25,24.470246734397676
FL-S02,19,34,28,24.470246734397676
FL-S02,19,35,14,24.470246734397676
FL-S02,19,36,33,24.470246734397676
FL-S02,19,37,25,24.470246734397676
FL-S02,19,38,32,24.470246734397676
FL-S02,19,39,19,24.470246734397676
FL-S02,19,40,14,24.470246734397676
FL-S02,19,41,18,24.470246734397676
FL-S02,19,42,12,24.470246734397676
FL-S02,19,43,25,24.470246734397676
FL-S02,19,44,21,24.470246734397676
FL-S02,19,45,26,24.470246734397676
FL-S02,19,46,20,24.470246734397676
FL-S02,19,47,27,24.470246734397676
FL-S02,19,48,39,24.470246734397676
FL-S02,19,49,28,24.470246734397676
FL-S02,19,50,22,24.470246734397676
FL-S02,19,51,25,24.470246734397676
FL-S02,19,52,29,24.470246734397676
FL-S02,19,53,27,24.470246734397676
FL-S02,20,21,21,24.470246734397676
FL-S02,20,22,23,24.470246734397676
FL-S02,20,23,29,24.470246734397676
FL-S02,20,24,21,24.470246734397676
FL-S02,20,25,25,24.470246734397676
FL-S02,20,26,25,24.470246734397676
FL-S02,20,27,30,24.470246734397676
FL-S02,20,28,35,24.470246734397676
FL-S02,20,29,29,24.470246734397676
FL-S02,20,30,21,24.470246734397676
FL-S02,20,31,22,24.470246734397676
FL-S02,20,32,25,24.470246734397676
FL-S02,20,33,24,24.470246734397676
FL-S02,20,34,28,24.470246734397676
FL-S02,20,35,23,24.470246734397676
FL-S02,20,36,27,24.470246734397676
FL-S02,20,37,29,24.470246734397676
FL-S02,20,38,27,24.470246734397676
FL-S02,20,39,17,24.470246734397676
FL-S02,20,40,17,24.470246734397676
FL-S02,20,41,31,24.470246734397676
FL-S02,20,42,25,24.470246734397676
FL-S02,20,43,32,24.470246734397676
FL-S02,20,44,26,24.470246734397676
FL-S02,20,45,28,24.470246734397676
FL-S02,20,46,18,24.470246734397676
FL-S02,20,47,26,24.470246734397676
FL-S02,20,48,33,24.470246734397676
FL-S02,20,49,24,24.470246734397676
FL-S02,20,50,20,24.470246734397676
FL-S02,20,51,30,24.470246734397676
FL-S02,20,52,26,24.470246734397676
FL-S02,20,53,19,24.470246734397676
FL-S02,21,22,28,24.470246734397676
FL-S02,21,23,24,24.470246734397676
FL-S02,21,24,20,24.470246734397676
FL-S02,21,25,16,24.470246734397676
FL-S02,21,26,25,24.470246734397676
FL-S02,21,27,26,24.470246734397676
FL-S02,21,28,19,24.470246734397676
FL-S02,21,29,15,24.470246734397676
FL-S02,21,30,20,24.470246734397676
FL-S02,21,31,27,24.470246734397676
FL-S02,21,32,24,24.470246734397676
FL-S02,21,33,26,24.470246734397676
FL-S02,21,34,28,24.470246734397676
FL-S02,21,35,25,24.470246734397676
FL-S02,21,36,24,24.470246734397676
FL-S02,21,37,23,24.470246734397676
FL-S02,21,38,24,24.470246734397676
FL-S02,21,39,33,24.470246734397676
FL-S02,21,40,26,24.470246734397676
FL-S02,21,41,29,24.470246734397676
FL-S02,21,42,25,24.470246734397676
FL-S02,21,43,31,24.470246734397676
FL-S02,21,44,26,24.470246734397676
FL-S02,21,45,30,24.470246734397676
FL-S02,21,46,21,24.470246734397676
FL-S02,21,47,23,24.470246734397676
FL-S02,21,48,31,24.470246734397676
FL-S02,21,49,22,24.470246734397676
FL-S02,21,50,22,24.470246734397676
FL-S02,21,51,29,24.470246734397676
FL-S02,21,52,27,24.470246734397676
FL-S02,21,53,23,24.470246734397676
FL-S02,22,23,23,24.470246734397676
FL-S02,22,24,23,24.470246734397676
FL-S02,22,25,21,24.470246734397676
FL-S02,22,26,21,24.470246734397676
FL-S02,22,27,30,24.470246734397676
FL-S02,22,28,18,24.470246734397676
FL-S02,22,29,27,24.470246734397676
FL-S02,22,30,17,24.470246734397676
FL-S02,22,31,20,24.470246734397676
FL-S02,22,32,32,24.470246734397676
FL-S02,22,33,17,24.470246734397676
FL-S02,22,34,19,24.470246734397676
FL-S02,22,35,24,24.470246734397676
FL-S02,22,36,18,24.470246734397676
FL-S02,22,37,20,24.470246734397676
FL-S02,22,38,24,24.470246734397676
FL-S02,22,39,24,24.470246734397676
FL-S02,22,40,27,24.470246734397676
FL-S02,22,41,20,24.470246734397676
FL-S02,22,42,29,24.470246734397676
FL-S02,22,43,29,24.470246734397676
FL-S02,22,44,43,24.470246734397676
FL-S02,22,45,22,24.470246734397676
FL-S02,22,46,19,24.470246734397676
FL-S02,22,47,30,24.470246734397676
FL-S02,22,48,25,24.470246734397676
FL-S02,22,49,18,24.470246734397676
FL-S02,22,50,24,24.470246734397676
FL-S02,22,51,27,24.470246734397676
FL-S02,22,52,35,24.470246734397676
FL-S02,22,53,32,24.470246734397676
FL-S02,23,24,30,24.470246734397676
FL-S02,23,25,19,24.470246734397676
FL-S02,23,26,26,24.470246734397676
FL-S02,23,27,25,24.470246734397676
FL-S02,23,28,24,24.470246734397676
FL-S02,23,29,22,24.470246734397676
FL-S02,23,30,26,24.470246734397676
FL-S02,23,31,20,24.470246734397676
FL-S02,23,32,23,24.470246734397676
FL-S02,23,33,25,24.470246734397676
FL-S02,23,34,22,24.470246734397676
FL-S02,23,35,29,24.470246734397676
FL-S02,23,36,37,24.470246734397676
FL-S02,23,37,13,24.470246734397676
FL-S02,23,38,32,24.470246734397676
FL-S02,23,39,22,24.470246734397676
FL-S02,23,40,25,24.470246734397676
FL-S02,23,41,26,24.470246734397676
FL-S02,23,42,18,24.470246734397676
FL-S02,23,43,29,24.470246734397676
FL-S02,23,44,26,24.470246734397676
FL-S02,23,45,17,24.470246734397676
FL-S02,23,46,18,24.470246734397676
FL-S02,23,47,20,24.470246734397676
FL-S02,23,48,27,24.470246734397676
FL-S02,23,49,21,24.470246734397676
FL-S02,23,50,21,24.470246734397676
FL-S02,23,51,19,24.470246734397676
FL-S02,23,52,18,24.470246734397676
FL-S02,23,53,26,24.470246734397676
FL-S02,24,25,17,24.470246734397676
FL-S02,24,26,26,24.470246734397676
FL-S02,24,27,24,24.470246734397676
FL-S02,24,28,26,24.470246734397676
FL-S02,24,29,28,24.470246734397676
FL-S02,24,30,19,24.470246734397676
FL-S02,24,31,20,24.470246734397676
FL-S02,24,32,17,24.470246734397676
FL-S02,24,33,22,24.470246734397676
FL-S02,24,34,20,24.470246734397676
FL-S02,24,35,18,24.470246734397676
FL-S02,24,36,20,24.470246734397676
FL-S02,24,37,19,24.470246734397676
FL-S02,24,38,26,24.470246734397676
FL-S02,24,39,22,24.470246734397676
FL-S02,24,40,22,24.470246734397676
FL-S02,24,41,23,24.470246734397676
FL-S02,24,42,23,24.470246734397676
FL-S02,24,43,19,24.470246734397676
FL-S02,24,44,21,24.470246734397676
FL-S02,24,45,20,24.470246734397676
FL-S02,24,46,19,24.470246734397676
FL-S02,24,47,25,24.470246734397676
FL-S02,24,48,24,24.470246734397676
FL-S02,24,49,17,24.470246734397676
FL-S02,24,50,24,24.470246734397676
FL-S02,24,51,29,24.470246734397676
FL-S02,24,52,22,24.470246734397676
FL-S02,24,53,26,24.470246734397676
FL-S02,25,26,26,24.470246734397676
FL-S02,25,27,26,24.470246734397676
FL-S02,25,28,31,24.470246734397676
FL-S02,25,29,30,24.470246734397676
FL-S02,25,30,21,24.470246734397676
FL-S02,25,31,20,24.470246734397676
FL-S02,25,32,17,24.470246734397676
FL-S02,25,33,24,24.470246734397676
FL-S02,25,34,18,24.470246734397676
FL-S02,25,35,23,24.470246734397676
FL-S02,25,36,26,24.470246734397676
FL-S02,25,37,31,24.470246734397676
FL-S02,25,38,24,24.470246734397676
FL-S02,25,39,23,24.470246734397676
FL-S02,25,40,25,24.470246734397676
FL-S02,25,41,17,24.470246734397676
FL-S02,25,42,23,24.470246734397676
FL-S02,25,43,28,24.470246734397676
FL-S02,25,44,25,24.470246734397676
FL-S02,25,45,22,24.470246734397676
FL-S02,25,46,23,24.470246734397676
FL-S02,25,47,24,24.470246734397676
FL-S02,25,48,26,24.470246734397676
FL-S02,25,49,23,24.470246734397676
FL-S02,25,50,18,24.470246734397676
FL-S02,25,51,17,24.470246734397676
FL-S02,25,52,32,24.470246734397676
FL-S02,25,53,33,24.470246734397676
FL-S02,26,27,19,24.470246734397676
FL-S02,26,28,31,24.470246734397676
FL-S02,26,29,22,24.470246734397676
FL-S02,26,30,28,24.470246734397676
FL-S02,26,31,23,24.470246734397676
FL-S02,26,32,33,24.470246734397676
FL-S02,26,33,8,24.470246734397676
FL-S02,26,34,27,24.470246734397676
FL-S02,26,35,23,24.470246734397676
FL-S02,26,36,22,24.470246734397676
FL-S02,26,37,19,24.470246734397676
FL-S02,26,38,20,24.470246734397676
FL-S02,26,39,26,24.470246734397676
FL-S02,26,40,29,24.470246734397676
FL-S02,26,41,27,24.470246734397676
FL-S02,26,42,23,24.470246734397676
FL-S02,26,43,16,24.470246734397676
FL-S02,26,44,24,24.470246734397676
FL-S02,26,45,42,24.470246734397676
FL-S02,26,46,28,24.470246734397676
FL-S02,26,47,22,24.470246734397676
FL-S02,26,48,26,24.470246734397676
FL-S02,26,49,17,24.470246734397676
FL-S02,26,50,25,24.470246734397676
FL-S02,26,51,26,24.470246734397676
FL-S02,26,52,21,24.470246734397676
FL-S02,26,53,16,24.470246734397676
FL-S02,27,28,27,24.470246734397676
FL-S02,27,29,21,24.470246734397676
FL-S02,27,30,25,24.470246734397676
FL-S02,27,31,25,24.470246734397676
FL-S02,27,32,22,24.470246734397676
FL-S02,27,33,30,24.470246734397676
FL-S02,27,34,24,24.470246734397676
FL-S02,27,35,14,24.470246734397676
FL-S02,27,36,22,24.470246734397676
FL-S02,27,37,23,24.470246734397676
FL-S02,27,38,29,24.470246734397676
FL-S02,27,39,15,24.470246734397676
FL-S02,27,40,22,24.470246734397676
FL-S02,27,41,16,24.470246734397676
FL-S02,27,42,28,24.470246734397676
FL-S02,27,43,38,24.470246734397676
FL-S02,27,44,30,24.470246734397676
FL-S02,27,45,22,24.470246734397676
FL-S02,27,46,14,24.470246734397676
FL-S02,27,47,23,24.470246734397676
FL-S02,27,48,24,24.470246734397676
FL-S02,27,49,17,24.470246734397676
FL-S02,27,50,28,24.470246734397676
FL-S02,27,51,37,24.470246734397676
FL-S02,27,52,32,24.470246734397676
FL-S02,27,53,22,24.470246734397676
FL-S02,28,29,16,24.470246734397676
FL-S02,28,30,24,24.470246734397676
FL-S02,28,31,29,24.470246734397676
FL-S02,28,32,33,24.470246734397676
FL-S02,28,33,25,24.470246734397676
FL-S02,28,34,34,24.470246734397676
FL-S02,28,35,25,24.470246734397676
FL-S02,28,36,30,24.470246734397676
FL-S02,28,37,29,24.470246734397676
FL-S02,28,38,30,24.470246734397676
FL-S02,28,39,23,24.470246734397676
FL-S02,28,40,28,24.470246734397676
FL-S02,28,41,18,24.470246734397676
FL-S02,28,42,29,24.470246734397676
FL-S02,28,43,32,24.470246734397676
FL-S02,28,44,28,24.470246734397676
FL-S02,28,45,27,24.470246734397676
FL-S02,28,46,19,24.470246734397676
FL-S02,28,47,31,24.470246734397676
FL-S02,28,48,23,24.470246734397676
FL-S02,28,49,31,24.470246734397676
FL-S02,28,50,29,24.470246734397676
FL-S02,28,51,32,24.470246734397676
FL-S02,28,52,20,24.470246734397676
FL-S02,28,53,20,24.470246734397676
FL-S02,29,30,24,24.470246734397676
FL-S02,29,31,31,24.470246734397676
FL-S02,29,32,30,24.470246734397676
FL-S02,29,33,17,24.470246734397676
FL-S02,29,34,17,24.470246734397676
FL-S02,29,35,21,24.470246734397676
FL-S02,29,36,25,24.470246734397676
FL-S02,29,37,29,24.470246734397676
FL-S02,29,38,26,24.470246734397676
FL-S02,29,39,23,24.470246734397676
FL-S02,29,40,19,24.470246734397676
FL-S02,29,41,27,24.470246734397676
FL-S02,29,42,21,24.470246734397676
FL-S02,29,43,21,24.470246734397676
FL-S02,29,44,23,24.470246734397676
FL-S02,29,45,24,24.470246734397676
FL-S02,29,46,20,24.470246734397676
FL-S02,29,47,24,24.470246734397676
FL-S02,29,48,28,24.470246734397676
FL-S02,29,49,28,24.470246734397676
FL-S02,29,50,25,24.470246734397676
FL-S02,29,51,30,24.470246734397676
FL-S02,29,52,30,24.470246734397676
FL-S02,29,53,28,24.470246734397676
FL-S02,30,31,29,24.470246734397676
FL-S02,30,32,19,24.470246734397676
FL-S02,30,33,21,24.470246734397676
FL-S02,30,34,29,24.470246734397676
FL-S02,30,35,29,24.470246734397676
FL-S02,30,36,23,24.470246734397676
FL-S02,30,37,26,24.470246734397676
FL-S02,30,38,22,24.470246734397676
FL-S02,30,39,24,24.470246734397676
FL-S02,30,40,21,24.470246734397676
FL-S02,30,41,37,24.470246734397676
FL-S02,30,42,21,24.470246734397676
FL-S02,30,43,25,24.470246734397676
FL-S02,30,44,30,24.470246734397676
FL-S02,30,45,22,24.470246734397676
FL-S02,30,46,28,24.470246734397676
FL-S02,30,47,17,24.470246734397676
FL-S02,30,48,25,24.470246734397676
FL-S02,30,49,34,24.470246734397676
FL-S02,30,50,18,24.470246734397676
FL-S02,30,51,31,24.470246734397676
FL-S02,30,52,28,24.470246734397676
FL-S02,30,53,25,24.470246734397676
FL-S02,31,32,27,24.470246734397676
FL-S02,31,33,32,24.470246734397676
FL-S02,31,34,28,24.470246734397676
FL-S02,31,35,16,24.470246734397676
FL-S02,31,36,27,24.470246734397676
FL-S02,31,37,25,24.470246734397676
FL-S02,31,38,27,24.470246734397676
FL-S02,31,39,25,24.470246734397676
FL-S02,31,40,18,24.470246734397676
FL-S02,31,41,18,24.470246734397676
FL-S02,31,42,24,24.470246734397676
FL-S02,31,43,28,24.470246734397676
FL-S02,31,44,26,24.470246734397676
FL-S02,31,45,23,24.470246734397676
FL-S02,31,46,21,24.470246734397676
FL-S02,31,47,24,24.470246734397676
FL-S02,31,48,22,24.470246734397676
FL-S02,31,49,21,24.470246734397676
FL-S02,31,50,29,24.470246734397676
FL-S02,31,51,24,24.470246734397676
FL-S02,31,52,39,24.470246734397676
FL-S02,31,53,20,24.470246734397676
FL-S02,32,33,21,24.470246734397676
FL-S02,32,34,23,24.470246734397676
FL-S02,32,35,20,24.470246734397676
FL-S02,32,36,19,24.470246734397676
FL-S02,32,37,18,24.470246734397676
FL-S02,32,38,26,24.470246734397676
FL-S02,32,39,17,24.470246734397676
FL-S02,32,40,25,24.470246734397676
FL-S02,32,41,30,24.470246734397676
FL-S02,32,42,21,24.470246734397676
FL-S02,32,43,26,24.470246734397676
FL-S02,32,44,27,24.470246734397676
FL-S02,32,45,27,24.470246734397676
FL-S02,32,46,22,24.470246734397676
FL-S02,32,47,21,24.470246734397676
FL-S02,32,48,29,24.470246734397676
FL-S02,32,49,23,24.470246734397676
FL-S02,32,50,19,24.470246734397676
FL-S02,32,51,22,24.470246734397676
FL-S02,32,52,28,24.470246734397676
FL-S02,32,53,20,24.470246734397676
FL-S02,33,34,27,24.470246734397676
FL-S02,33,35,19,24.470246734397676
FL-S02,33,36,18,24.470246734397676
FL-S02,33,37,28,24.470246734397676
FL-S02,33,38,28,24.470246734397676
FL-S02,33,39,21,24.470246734397676
FL-S02,33,40,31,24.470246734397676
FL-S02,33,41,15,24.470246734397676
FL-S02,33,42,20,24.470246734397676
FL-S02,33,43,26,24.470246734397676
FL-S02,33,44,19,24.470246734397676
FL-S02,33,45,15,24.470246734397676
FL-S02,33,46,30,24.470246734397676
FL-S02,33,47,12,24.470246734397676
FL-S02,33,48,21,24.470246734397676
FL-S02,33,49,17,24.470246734397676
FL-S02,33,50,24,24.470246734397676
FL-S02,33,51,27,24.470246734397676
FL-S02,33,52,25,24.470246734397676
FL-S02,33,53,20,24.470246734397676
FL-S02,34,35,20,24.470246734397676
FL-S02,34,36,21,24.470246734397676
FL-S02,34,37,21,24.470246734397676
FL-S02,34,38,22,24.470246734397676
FL-S02,34,39,18,24.470246734397676
FL-S02,34,40,25,24.470246734397676
FL-S02,34,41,26,24.470246734397676
FL-S02,34,42,23,24.470246734397676
FL-S02,34,43,23,24.470246734397676
FL-S02,34,44,21,24.470246734397676
FL-S02,34,45,23,24.470246734397676
FL-S02,34,46,17,24.470246734397676
FL-S02,34,47,30,24.470246734397676
FL-S02,34,48,22,24.470246734397676
FL-S02,34,49,25,24.470246734397676
FL-S02,34,50,15,24.470246734397676
FL-S02,34,51,16,24.470246734397676
FL-S02,34,52,32,24.470246734397676
FL-S02,34,53,22,24.470246734397676
FL-S02,35,36,22,24.470246734397676
FL-S02,35,37,24,24.470246734397676
FL-S02,35,38,29,24.470246734397676
FL-S02,35,39,17,24.470246734397676
FL-S02,35,40,23,24.470246734397676
FL-S02,35,41,26,24.470246734397676
FL-S02,35,42,19,24.470246734397676
FL-S02,35,43,23,24.470246734397676
FL-S02,35,44,19,24.470246734397676
FL-S02,35,45,23,24.470246734397676
FL-S02,35,46,28,24.470246734397676
FL-S02,35,47,16,24.470246734397676
FL-S02,35,48,21,24.470246734397676
FL-S02,35,49,18,24.470246734397676
FL-S02,35,50,22,24.470246734397676
FL-S02,35,51,24,24.470246734397676
FL-S02,35,52,22,24.470246734397676
FL-S02,35,53,28,24.470246734397676
FL-S02,36,37,35,24.470246734397676
FL-S02,36,38,26,24.470246734397676
FL-S02,36,39,27,24.470246734397676
FL-S02,36,40,26,24.470246734397676
FL-S02,36,41,23,24.470246734397676
FL-S02,36,42,30,24.470246734397676
FL-S02,36,43,36,24.470246734397676
FL-S02,36,44,33,24.470246734397676
FL-S02,36,45,25,24.470246734397676
FL-S02,36,46,24,24.470246734397676
FL-S02,36,47,22,24.470246734397676
FL-S02,36,48,34,24.470246734397676
FL-S02,36,49,15,24.470246734397676
FL-S02,36,50,23,24.470246734397676
FL-S02,36,51,24,24.470246734397676
FL-S02,36,52,28,24.470246734397676
FL-S02,36,53,17,24.470246734397676
FL-S02,37,38,27,24.470246734397676
FL-S02,37,39,24,24.470246734397676
FL-S02,37,40,24,24.470246734397676
FL-S02,37,41,24,24.470246734397676
FL-S02,37,42,25,24.470246734397676
FL-S02,37,43,21,24.470246734397676
FL-S02,37,44,23,24.470246734397676
FL-S02,37,45,30,24.470246734397676
FL-S02,37,46,26,24.470246734397676
FL-S02,37,47,27,24.470246734397676
FL-S02,37,48,23,24.470246734397676
FL-S02,37,49,19,24.470246734397676
FL-S02,37,50,20,24.470246734397676
FL-S02,37,51,37,24.470246734397676
FL-S02,37,52,23,24.470246734397676
FL-S02,37,53,19,24.470246734397676
FL-S02,38,39,31,24.470246734397676
FL-S02,38,40,28,24.470246734397676
FL-S02,38,41,20,24.470246734397676
FL-S02,38,42,29,24.470246734397676
FL-S02,38,43,32,24.470246734397676
FL-S02,38,44,31,24.470246734397676
FL-S02,38,45,27,24.470246734397676
FL-S02,38,46,16,24.470246734397676
FL-S02,38,47,24,24.470246734397676
FL-S02,38,48,23,24.470246734397676
FL-S02,38,49,31,24.470246734397676
FL-S02,38,50,29,24.470246734397676
FL-S02,38,51,22,24.470246734397676
FL-S02,38,52,32,24.470246734397676
FL-S02,38,53,33,24.470246734397676
FL-S02,39,40,21,24.470246734397676
FL-S02,39,41,22,24.470246734397676
FL-S02,39,42,21,24.470246734397676
FL-S02,39,43,25,24.470246734397676
FL-S02,39,44,31,24.470246734397676
FL-S02,39,45,27,24.470246734397676
FL-S02,39,46,24,24.470246734397676
FL-S02,39,47,26,24.470246734397676
FL-S02,39,48,29,24.470246734397676
FL-S02,39,49,28,24.470246734397676
FL-S02,39,50,20,24.470246734397676
FL-S02,39,51,22,24.470246734397676
FL-S02,39,52,21,24.470246734397676
FL-S02,39,53,21,24.470246734397676
FL-S02,40,41,32,24.470246734397676
FL-S02,40,42,29,24.470246734397676
FL-S02,40,43,27,24.470246734397676
FL-S02,40,44,21,24.470246734397676
FL-S02,40,45,20,24.470246734397676
FL-S02,40,46,30,24.470246734397676
FL-S02,40,47,24,24.470246734397676
FL-S02,40,48,19,24.470246734397676
FL-S02,40,49,22,24.470246734397676
FL-S02,40,50,22,24.470246734397676
FL-S02,40,51,22,24.470246734397676
FL-S02,40,52,29,24.470246734397676
FL-S02,40,53,23,24.470246734397676
FL-S02,41,42,23,24.470246734397676
FL-S02,41,43,24,24.470246734397676
FL-S02,41,44,31,24.470246734397676
FL-S02,41,45,31,24.470246734397676
FL-S02,41,46,31,24.470246734397676
FL-S02,41,47,23,24.470246734397676
FL-S02,41,48,26,24.470246734397676
FL-S02,41,49,27,24.470246734397676
FL-S02,41,50,28,24.470246734397676
FL-S02,41,51,26,24.470246734397676
FL-S02,41,52,27,24.470246734397676
FL-S02,41,53,27,24.470246734397676
FL-S02,42,43,19,24.470246734397676
FL-S02,42,44,31,24.470246734397676
FL-S02,42,45,29,24.470246734397676
FL-S02,42,46,23,24.470246734397676
FL-S02,42,47,29,24.470246734397676
FL-S02,42,48,22,24.470246734397676
FL-S02,42,49,25,24.470246734397676
FL-S02,42,50,16,24.470246734397676
FL-S02,42,51,17,24.470246734397676
FL-S02,42,52,26,24.470246734397676
FL-S02,42,53,23,24.470246734397676
FL-S02,43,44,20,24.470246734397676
FL-S02,43,45,22,24.470246734397676
FL-S02,43,46,20,24.470246734397676
FL-S02,43,47,24,24.470246734397676
FL-S02,43,48,30,24.470246734397676
FL-S02,43,49,26,24.470246734397676
FL-S02,43,50,24,24.470246734397676
FL-S02,43,51,19,24.470246734397676
FL-S02,43,52,23,24.470246734397676
FL-S02,43,53,23,24.470246734397676
FL-S02,44,45,24,24.470246734397676
FL-S02,44,46,29,24.470246734397676
FL-S02,44,47,29,24.470246734397676
FL-S02,44,48,29,24.470246734397676
FL-S02,44,49,26,24.470246734397676
FL-S02,44,50,25,24.470246734397676
FL-S02,44,51,28,24.470246734397676
FL-S02,44,52,24,24.470246734397676
FL-S02,44,53,23,24.470246734397676
FL-S02,45,46,22,24.470246734397676
FL-S02,45,47,27,24.470246734397676
FL-S02,45,48,24,24.470246734397676
FL-S02,45,49,23,24.470246734397676
FL-S02,45,50,28,24.470246734397676
FL-S02,45,51,22,24.470246734397676
FL-S02,45,52,29,24.470246734397676
FL-S02,45,53,19,24.470246734397676
FL-S02,46,47,23,24.470246734397676
FL-S02,46,48,39,24.470246734397676
FL-S02,46,49,21,24.470246734397676
FL-S02,46,50,28,24.470246734397676
FL-S02,46,51,23,24.470246734397676
FL-S02,46,52,34,24.470246734397676
FL-S02,46,53,31,24.470246734397676
FL-S02,47,48,28,24.470246734397676
FL-S02,47,49,24,24.470246734397676
FL-S02,47,50,20,24.470246734397676
FL-S02,47,51,22,24.470246734397676
FL-S02,47,52,31,24.470246734397676
FL-S02,47,53,23,24.470246734397676
FL-S02,48,49,24,24.470246734397676
FL-S02,48,50,24,24.470246734397676
FL-S02,48,51,29,24.470246734397676
FL-S02,48,52,34,24.470246734397676
FL-S02,48,53,29,24.470246734397676
FL-S02,49,50,17,24.470246734397676
FL-S02,49,51,29,24.470246734397676
FL-S02,49,52,25,24.470246734397676
FL-S02,49,53,30,24.470246734397676
FL-S02,50,51,24,24.470246734397676
FL-S02,50,52,23,24.470246734397676
FL-S02,50,53,19,24.470246734397676
FL-S02,51,52,24,24.470246734397676
FL-S02,51,53,28,24.470246734397676
FL-S02,52,53,27,24.470246734397676
MM-S01,1,2,0,1.0938775510204082
MM-S01,1,3,2,1.0938775510204082
MM-S01,1,4,0,1.0938775510204082
MM-S01,1,5,0,1.0938775510204082
MM-S01,1,6,1,1.0938775510204082
MM-S01,1,7,0,1.0938775510204082
MM-S01,1,8,1,1.0938775510204082
MM-S01,1,9,0,1.0938775510204082
MM-S01,1,10,0,1.0938775510204082
MM-S01,1,11,2,1.0938775510204082
MM-S01,1,12,0,1.0938775510204082
MM-S01,1,13,2,1.0938775510204082
MM-S01,1,14,2,1.0938775510204082
MM-S01,1,15,0,1.0938775510204082
MM-S01,1,16,0,1.0938775510204082
MM-S01,1,17,0,1.0938775510204082
MM-S01,1,18,1,1.0938775510204082
MM-S01,1,19,0,1.0938775510204082
MM-S01,1,20,0,1.0938775510204082
MM-S01,1,21,1,1.0938775510204082
MM-S01,1,22,1,1.0938775510204082
MM-S01,1,23,3,1.0938775510204082
MM-S01,1,24,1,1.0938775510204082
MM-S01,1,25,2,1.0938775510204082
MM-S01,1,26,1,1.0938775510204082
MM-S01,1,27,0,1.0938775510204082
MM-S01,1,28,1,1.0938775510204082
MM-S01,1,29,1,1.0938775510204082
MM-S01,1,30,0,1.0938775510204082
MM-S01,1,31,2,1.0938775510204082
MM-S01,1,32,0,1.0938775510204082
MM-S01,1,33,0,1.0938775510204082
MM-S01,1,34,0,1.0938775510204082
MM-S01,1,35,1,1.0938775510204082
MM-S01,1,36,0,1.0938775510204082
MM-S01,1,37,1,1.0938775510204082
MM-S01,1,38,0,1.0938775510204082
MM-S01,1,39,1,1.0938775510204082
MM-S01,1,40,1,1.0938775510204082
MM-S01,1,41,1,1.0938775510204082
MM-S01,1,42,1,1.0938775510204082
MM-S01,1,43,3,1.0938775510204082
MM-S01,1,44,0,1.0938775510204082
MM-S01,1,45,2,1.0938775510204082
MM-S01,1,46,1,1.0938775510204082
MM-S01,1,47,3,1.0938775510204082
MM-S01,1,48,2,1.0938775510204082
MM-S01,1,49,1,1.0938775510204082
MM-S01,1,50,2,1.0938775510204082
MM-S01,2,3,1,1.0938775510204082
MM-S01,2,4,2,1.0938775510204082
MM-S01,2,5,3,1.0938775510204082
MM-S01,2,6,0,1.0938775510204082
MM-S01,2,7,2,1.0938775510204082
MM-S01,2,8,1,1.0938775510204082
MM-S01,2,9,0,1.0938775510204082
MM-S01,2,10,1,1.0938775510204082
MM-S01,2,11,1,1.0938775510204082
MM-S01,2,12,1,1.0938775510204082
MM-S01,2,13,2,1.0938775510204082
MM-S01,2,14,1,1.0938775510204082
MM-S01,2,15,0,1.0938775510204082
MM-S01,2,16,1,1.0938775510204082
MM-S01,2,17,3,1.0938775510204082
MM-S01,2,18,2,1.0938775510204082
MM-S01,2,19,0,1.0938775510204082
MM-S01,2,20,1,1.0938775510204082
MM-S01,2,21,0,1.0938775510204082
MM-S01,2,22,1,1.0938775510204082
MM-S01,2,23,2,1.0938775510204082
MM-S01,2,24,1,1.0938775510204082
MM-S01,2,25,3,1.0938775510204082
MM-S01,2,26,1,1.0938775510204082
MM-S01,2,27,2,1.0938775510204082
MM-S01,2,28,1,1.0938775510204082
MM-S01,2,29,3,1.0938775510204082
MM-S01,2,30,0,1.0938775510204082
MM-S01,2,31,1,1.0938775510204082
MM-S01,2,32,2,1.0938775510204082
MM-S01,2,33,3,1.0938775510204082
MM-S01,2,34,1,1.0938775510204082
MM-S01,2,35,2,1.0938775510204082
MM-S01,2,36,1,1.0938775510204082
MM-S01,2,37,3,1.0938775510204082
MM-S01,2,38,0,1.0938775510204082
MM-S01,2,39,1,1.0938775510204082
MM-S01,2,40,4,1.0938775510204082
MM-S01,2,41,1,1.0938775510204082
MM-S01,2,42,3,1.0938775510204082
MM-S01,2,43,0,1.0938775510204082
MM-S01,2,44,1,1.0938775510204082
MM-S01,2,45,1,1.0938775510204082
MM-S01,2,46,1,1.0938775510204082
MM-S01,2,47,2,1.0938775510204082
MM-S01,2,48,1,1.0938775510204082
MM-S01,2,49,3,1.0938775510204082
MM-S01,2,50,1,1.0938775510204082
MM-S01,3,4,4,1.0938775510204082
MM-S01,3,5,2,1.0938775510204082
MM-S01,3,6,2,1.0938775510204082
MM-S01,3,7,1,1.0938775510204082
MM-S01,3,8,4,1.0938775510204082
MM-S01,3,9,1,1.0938775510204082
MM-S01,3,10,2,1.0938775510204082
MM-S01,3,11,1,1.0938775510204082
MM-S01,3,12,0,1.0938775510204082
MM-S01,3,13,0,1.0938775510204082
MM-S01,3,14,0,1.0938775510204082
MM-S01,3,15,0,1.0938775510204082
MM-S01,3,16,0,1.0938775510204082
MM-S01,3,17,1,1.0938775510204082
MM-S01,3,18,0,1.0938775510204082
MM-S01,3,19,1,1.0938775510204082
MM-S01,3,20,2,1.0938775510204082
MM-S01,3,21,0,1.0938775510204082
MM-S01,3,22,1,1.0938775510204082
MM-S01,3,23,2,1.0938775510204082
MM-S01,3,24,0,1.0938775510204082
MM-S01,3,25,0,1.0938775510204082
MM-S01,3,26,1,1.0938775510204082
MM-S01,3,27,0,1.0938775510204082
MM-S01,3,28,1,1.0938775510204082
MM-S01,3,29,1,1.0938775510204082
MM-S01,3,30,2,1.0938775510204082
MM-S01,3,31,1,1.0938775510204082
MM-S01,3,32,0,1.0938775510204082
MM-S01,3,33,1,1.0938775510204082
MM-S01,3,34,1,1.0938775510204082
MM-S01,3,35,3,1.0938775510204082
MM-S01,3,36,3,1.0938775510204082
MM-S01,3,37,2,1.0938775510204082
MM-S01,3,38,0,1.0938775510204082
MM-S01,3,39,0,1.0938775510204082
MM-S01,3,40,2,1.0938775510204082
MM-S01,3,41,1,1.0938775510204082
MM-S01,3,42,3,1.0938775510204082
MM-S01,3,43,1,1.0938775510204082
MM-S01,3,44,0,1.0938775510204082
MM-S01,3,45,1,1.0938775510204082
MM-S01,3,46,3,1.0938775510204082
MM-S01,3,47,4,1.0938775510204082
MM-S01,3,48,1,1.0938775510204082
MM-S01,3,49,1,1.0938775510204082
MM-S01,3,50,0,1.0938775510204082
MM-S01,4,5,2,1.0938775510204082
MM-S01,4,6,2,1.0938775510204082
MM-S01,4,7,1,1.0938775510204082
MM-S01,4,8,0,1.0938775510204082
MM-S01,4,9,2,1.0938775510204082
MM-S01,4,10,3,1.0938775510204082
MM-S01,4,11,2,1.0938775510204082
MM-S01,4,12,0,1.0938775510204082
MM-S01,4,13,4,1.0938775510204082
MM-S01,4,14,0,1.0938775510204082
MM-S01,4,15,1,1.0938775510204082
MM-S01,4,16,0,1.0938775510204082
MM-S01,4,17,1,1.0938775510204082
MM-S01,4,18,0,1.0938775510204082
MM-S01,4,19,0,1.0938775510204082
MM-S01,4,20,2,1.0938775510204082
MM-S01,4,21,0,1.0938775510204082
MM-S01,4,22,1,1.0938775510204082
MM-S01,4,23,1,1.0938775510204082
MM-S01,4,24,2,1.0938775510204082
MM-S01,4,25,2,1.0938775510204082
MM-S01,4,26,1,1.0938775510204082
MM-S01,4,27,2,1.0938775510204082
MM-S01,4,28,0,1.0938775510204082
MM-S01,4,29,4,1.0938775510204082
MM-S01,4,30,3,1.0938775510204082
MM-S01,4,31,0,1.0938775510204082
MM-S01,4,32,0,1.0938775510204082
MM-S01,4,33,5,1.0938775510204082
MM-S01,4,34,0,1.0938775510204082
MM-S01,4,35,2,1.0938775510204082
MM-S01,4,36,1,1.0938775510204082
MM-S01,4,37,0,1.0938775510204082
MM-S01,4,38,1,1.0938775510204082
MM-S01,4,39,1,1.0938775510204082
MM-S01,4,40,1,1.0938775510204082
MM-S01,4,41,0,1.0938775510204082
MM-S01,4,42,2,1.0938775510204082
MM-S01,4,43,2,1.0938775510204082
MM-S01,4,44,1,1.0938775510204082
MM-S01,4,45,1,1.0938775510204082
MM-S01,4,46,1,1.0938775510204082
MM-S01,4,47,3,1.0938775510204082
MM-S01,4,48,0,1.0938775510204082
MM-S01,4,49,1,1.0938775510204082
MM-S01,4,50,0,1.0938775510204082
MM-S01,5,6,1,1.0938775510204082
MM-S01,5,7,1,1.0938775510204082
MM-S01,5,8,1,1.0938775510204082
MM-S01,5,9,1,1.0938775510204082
MM-S01,5,10,2,1.0938775510204082
MM-S01,5,11,2,1.0938775510204082
MM-S01,5,12,0,1.0938775510204082
MM-S01,5,13,1,1.0938775510204082
MM-S01,5,14,3,1.0938775510204082
MM-S01,5,15,1,1.0938775510204082
MM-S01,5,16,1,1.0938775510204082
MM-S01,5,17,0,1.0938775510204082
MM-S01,5,18,3,1.0938775510204082
MM-S01,5,19,2,1.0938775510204082
MM-S01,5,20,1,1.0938775510204082
MM-S01,5,21,1,1.0938775510204082
MM-S01,5,22,1,1.0938775510204082
MM-S01,5,23,2,1.0938775510204082
MM-S01,5,24,2,1.0938775510204082
MM-S01,5,25,0,1.0938775510204082
MM-S01,5,26,0,1.0938775510204082
MM-S01,5,27,1,1.0938775510204082
MM-S01,5,28,1,1.0938775510204082
MM-S01,5,29,2,1.0938775510204082
MM-S01,5,30,1,1.0938775510204082
MM-S01,5,31,1,1.0938775510204082
MM-S01,5,32,0,1.0938775510204082
MM-S01,5,33,3,1.0938775510204082
MM-S01,5,34,3,1.0938775510204082
MM-S01,5,35,1,1.0938775510204082
MM-S01,5,36,3,1.0938775510204082
MM-S01,5,37,0,1.0938775510204082
MM-S01,5,38,3,1.0938775510204082
MM-S01,5,39,2,1.0938775510204082
MM-S01,5,40,2,1.0938775510204082
MM-S01,5,41,2,1.0938775510204082
MM-S01,5,42,1,1.0938775510204082
MM-S01,5,43,2,1.0938775510204082
MM-S01,5,44,0,1.0938775510204082
MM-S01,5,45,1,1.0938775510204082
MM-S01,5,46,1,1.0938775510204082
MM-S01,5,47,3,1.0938775510204082
MM-S01,5,48,5,1.0938775510204082
MM-S01,5,49,3,1.0938775510204082
MM-S01,5,50,2,1.0938775510204082
MM-S01,6,7,1,1.0938775510204082
MM-S01,6,8,3,1.0938775510204082
MM-S01,6,9,0,1.0938775510204082
MM-S01,6,10,2,1.0938775510204082
MM-S01,6,11,2,1.0938775510204082
MM-S01,6,12,0,1.0938775510204082
MM-S01,6,13,0,1.0938775510204082
MM-S01,6,14,2,1.0938775510204082
MM-S01,6,15,0,1.0938775510204082
MM-S01,6,16,1,1.0938775510204082
MM-S01,6,17,1,1.0938775510204082
MM-S01,6,18,2,1.0938775510204082
MM-S01,6,19,1,1.0938775510204082
MM-S01,6,20,3,1.0938775510204082
MM-S01,6,21,0,1.0938775510204082
MM-S01,6,22,2,1.0938775510204082
MM-S01,6,23,1,1.0938775510204082
MM-S01,6,24,1,1.0938775510204082
MM-S01,6,25,2,1.0938775510204082
MM-S01,6,26,2,1.0938775510204082
MM-S01,6,27,0,1.0938775510204082
MM-S01,6,28,1,1.0938775510204082
MM-S01,6,29,0,1.0938775510204082
MM-S01,6,30,2,1.0938775510204082
MM-S01,6,31,1,1.0938775510204082
MM-S01,6,32,3,1.0938775510204082
MM-S01,6,33,1,1.0938775510204082
MM-S01,6,34,1,1.0938775510204082
MM-S01,6,35,2,1.0938775510204082
MM-S01,6,36,0,1.0938775510204082
MM-S01,6,37,0,1.0938775510204082
MM-S01,6,38,1,1.0938775510204082
MM-S01,6,39,0,1.0938775510204082
MM-S01,6,40,2,1.0938775510204082
MM-S01,6,41,0,1.0938775510204082
MM-S01,6,42,0,1.0938775510204082
MM-S01,6,43,2,1.0938775510204082
MM-S01,6,44,0,1.0938775510204082
MM-S01,6,45,0,1.0938775510204082
MM-S01,6,46,0,1.0938775510204082
MM-S01,6,47,0,1.0938775510204082
MM-S01,6,48,2,1.0938775510204082
MM-S01,6,49,0,1.0938775510204082
MM-S01,6,50,2,1.0938775510204082
MM-S01,7,8,1,1.0938775510204082
MM-S01,7,9,0,1.0938775510204082
MM-S01,7,10,1,1.0938775510204082
MM-S01,7,11,2,1.0938775510204082
MM-S01,7,12,0,1.0938775510204082
MM-S01,7,13,2,1.0938775510204082
MM-S01,7,14,0,1.0938775510204082
MM-S01,7,15,4,1.0938775510204082
MM-S01,7,16,0,1.0938775510204082
MM-S01,7,17,1,1.0938775510204082
MM-S01,7,18,2,1.0938775510204082
MM-S01,7,19,1,1.0938775510204082
MM-S01,7,20,1,1.0938775510204082
MM-S01,7,21,1,1.0938775510204082
MM-S01,7,22,1,1.0938775510204082
MM-S01,7,23,0,1.0938775510204082
MM-S01,7,24,1,1.0938775510204082
MM-S01,7,25,1,1.0938775510204082
MM-S01,7,26,2,1.0938775510204082
MM-S01,7,27,0,1.0938775510204082
MM-S01,7,28,1,1.0938775510204082
MM-S01,7,29,0,1.0938775510204082
MM-S01,7,30,0,1.0938775510204082
MM-S01,7,31,3,1.0938775510204082
MM-S01,7,32,4,1.0938775510204082
MM-S01,7,33,3,1.0938775510204082
MM-S01,7,34,0,1.0938775510204082
MM-S01,7,35,2,1.0938775510204082
MM-S01,7,36,2,1.0938775510204082
MM-S01,7,37,0,1.0938775510204082
MM-S01,7,38,0,1.0938775510204082
MM-S01,7,39,0,1.0938775510204082
MM-S01,7,40,0,1.0938775510204082
MM-S01,7,41,0,1.0938775510204082
MM-S01,7,42,1,1.0938775510204082
MM-S01,7,43,1,1.0938775510204082
MM-S01,7,44,4,1.0938775510204082
MM-S01,7,45,1,1.0938775510204082
MM-S01,7,46,1,1.0938775510204082
MM-S01,7,47,0,1.0938775510204082
MM-S01,7,48,2,1.0938775510204082
MM-S01,7,49,0,1.0938775510204082
MM-S01,7,50,0,1.0938775510204082
MM-S01,8,9,0,1.0938775510204082
MM-S01,8,10,0,1.0938775510204082
MM-S01,8,11,3,1.0938775510204082
MM-S01,8,12,1,1.0938775510204082
MM-S01,8,13,1,1.0938775510204082
MM-S01,8,14,1,1.0938775510204082
MM-S01,8,15,0,1.0938775510204082
MM-S01,8,16,1,1.0938775510204082
MM-S01,8,17,0,1.0938775510204082
MM-S01,8,18,2,1.0938775510204082
MM-S01,8,19,2,1.0938775510204082
MM-S01,8,20,5,1.0938775510204082
MM-S01,8,21,2,1.0938775510204082
MM-S01,8,22,3,1.0938775510204082
MM-S01,8,23,1,1.0938775510204082
MM-S01,8,24,1,1.0938775510204082
MM-S01,8,25,1,1.0938775510204082
MM-S01,8,26,0,1.0938775510204082
MM-S01,8,27,0,1.0938775510204082
MM-S01,8,28,1,1.0938775510204082
MM-S01,8,29,1,1.0938775510204082
MM-S01,8,30,2,1.0938775510204082
MM-S01,8,31,1,1.0938775510204082
MM-S01,8,32,3,1.0938775510204082
MM-S01,8,33,0,1.0938775510204082
MM-S01,8,34,0,1.0938775510204082
MM-S01,8,35,4,1.0938775510204082
MM-S01,8,36,2,1.0938775510204082
MM-S01,8,37,2,1.0938775510204082
MM-S01,8,38,2,1.0938775510204082
MM-S01,8,39,0,1.0938775510204082
MM-S01,8,40,0,1.0938775510204082
MM-S01,8,41,0,1.0938775510204082
MM-S01,8,42,0,1.0938775510204082
MM-S01,8,43,0,1.0938775510204082
MM-S01,8,44,1,1.0938775510204082
MM-S01,8,45,1,1.0938775510204082
MM-S01,8,46,0,1.0938775510204082
MM-S01,8,47,3,1.0938775510204082
MM-S01,8,48,3,1.0938775510204082
MM-S01,8,49,0,1.0938775510204082
MM-S01,8,50,3,1.0938775510204082
MM-S01,9,10,1,1.0938775510204082
MM-S01,9,11,3,1.0938775510204082
MM-S01,9,12,2,1.0938775510204082
MM-S01,9,13,0,1.0938775510204082
MM-S01,9,14,0,1.0938775510204082
MM-S01,9,15,1,1.0938775510204082
MM-S01,9,16,0,1.0938775510204082
MM-S01,9,17,1,1.0938775510204082
MM-S01,9,18,2,1.0938775510204082
MM-S01,9,19,2,1.0938775510204082
MM-S01,9,20,0,1.0938775510204082
MM-S01,9,21,0,1.0938775510204082
MM-S01,9,22,0,1.0938775510204082
MM-S01,9,23,2,1.0938775510204082
MM-S01,9,24,3,1.0938775510204082
MM-S01,9,25,0,1.0938775510204082
MM-S01,9,26,1,1.0938775510204082
MM-S01,9,27,1,1.0938775510204082
MM-S01,9,28,1,1.0938775510204082
MM-S01,9,29,1,1.0938775510204082
MM-S01,9,30,2,1.0938775510204082
MM-S01,9,31,1,1.0938775510204082
MM-S01,9,32,0,1.0938775510204082
MM-S01,9,33,1,1.0938775510204082
MM-S01,9,34,0,1.0938775510204082
MM-S01,9,35,1,1.0938775510204082
MM-S01,9,36,0,1.0938775510204082
MM-S01,9,37,2,1.0938775510204082
MM-S01,9,38,0,1.0938775510204082
MM-S01,9,39,1,1.0938775510204082
MM-S01,9,40,1,1.0938775510204082
MM-S01,9,41,0,1.0938775510204082
MM-S01,9,42,1,1.0938775510204082
MM-S01,9,43,0,1.0938775510204082
MM-S01,9,44,1,1.0938775510204082
MM-S01,9,45,0,1.0938775510204082
MM-S01,9,46,1,1.0938775510204082
MM-S01,9,47,1,1.0938775510204082
MM-S01,9,48,2,1.0938775510204082
MM-S01,9,49,0,1.0938775510204082
MM-S01,9,50,0,1.0938775510204082
MM-S01,10,11,1,1.0938775510204082
MM-S01,10,12,1,1.0938775510204082
MM-S01,10,13,2,1.0938775510204082
MM-S01,10,14,3,1.0938775510204082
MM-S01,10,15,1,1.0938775510204082
MM-S01,10,16,1,1.0938775510204082
MM-S01,10,17,2,1.0938775510204082
MM-S01,10,18,1,1.0938775510204082
MM-S01,10,19,1,1.0938775510204082
MM-S01,10,20,0,1.0938775510204082
MM-S01,10,21,0,1.0938775510204082
MM-S01,10,22,2,1.0938775510204082
MM-S01,10,23,2,1.0938775510204082
MM-S01,10,24,0,1.0938775510204082
MM-S01,10,25,1,1.0938775510204082
MM-S01,10,26,1,1.0938775510204082
MM-S01,10,27,1,1.0938775510204082
MM-S01,10,28,1,1.0938775510204082
MM-S01,10,29,1,1.0938775510204082
MM-S01,10,30,2,1.0938775510204082
MM-S01,10,31,0,1.0938775510204082
MM-S01,10,32,1,1.0938775510204082
MM-S01,10,33,2,1.0938775510204082
MM-S01,10,34,0,1.0938775510204082
MM-S01,10,35,1,1.0938775510204082
MM-S01,10,36,1,1.0938775510204082
MM-S01,10,37,0,1.0938775510204082
MM-S01,10,38,2,1.0938775510204082
MM-S01,10,39,1,1.0938775510204082
MM-S01,10,40,1,1.0938775510204082
MM-S01,10,41,1,1.0938775510204082
MM-S01,10,42,2,1.0938775510204082
MM-S01,10,43,0,1.0938775510204082
MM-S01,10,44,0,1.0938775510204082
MM-S01,10,45,1,1.0938775510204082
MM-S01,10,46,2,1.0938775510204082
MM-S01,10,47,0,1.0938775510204082
MM-S01,10,48,1,1.0938775510204082
MM-S01,10,49,3,1.0938775510204082
MM-S01,10,50,1,1.0938775510204082
MM-S01,11,12,2,1.0938775510204082
MM-S01,11,13,2,1.0938775510204082
MM-S01,11,14,2,1.0938775510204082
MM-S01,11,15,0,1.0938775510204082
MM-S01,11,16,0,1.0938775510204082
MM-S01,11,17,2,1.0938775510204082
MM-S01,11,18,0,1.0938775510204082
MM-S01,11,19,3,1.0938775510204082
MM-S01,11,20,3,1.0938775510204082
MM-S01,11,21,0,1.0938775510204082
MM-S01,11,22,1,1.0938775510204082
MM-S01,11,23,4,1.0938775510204082
MM-S01,11,24,1,1.0938775510204082
MM-S01,11,25,4,1.0938775510204082
MM-S01,11,26,0,1.0938775510204082
MM-S01,11,27,0,1.0938775510204082
MM-S01,11,28,0,1.0938775510204082
MM-S01,11,29,1,1.0938775510204082
MM-S01,11,30,1,1.0938775510204082
MM-S01,11,31,0,1.0938775510204082
MM-S01,11,32,1,1.0938775510204082
MM-S01,11,33,2,1.0938775510204082
MM-S01,11,34,1,1.0938775510204082
MM-S01,11,35,3,1.0938775510204082
MM-S01,11,36,1,1.0938775510204082
MM-S01,11,37,1,1.0938775510204082
MM-S01,11,38,1,1.0938775510204082
MM-S01,11,39,0,1.0938775510204082
MM-S01,11,40,2,1.0938775510204082
MM-S01,11,41,0,1.0938775510204082
MM-S01,11,42,1,1.0938775510204082
MM-S01,11,43,2,1.0938775510204082
MM-S01,11,44,1,1.0938775510204082
MM-S01,11,45,1,1.0938775510204082
MM-S01,11,46,3,1.0938775510204082
MM-S01,11,47,4,1.0938775510204082
MM-S01,11,48,1,1.0938775510204082
MM-S01,11,49,1,1.0938775510204082
MM-S01,11,50,1,1.0938775510204082
MM-S01,12,13,1,1.0938775510204082
MM-S01,12,14,1,1.0938775510204082
MM-S01,12,15,0,1.0938775510204082
MM-S01,12,16,2,1.0938775510204082
MM-S01,12,17,2,1.0938775510204082
MM-S01,12,18,0,1.0938775510204082
MM-S01,12,19,1,1.0938775510204082
MM-S01,12,20,0,1.0938775510204082
MM-S01,12,21,3,1.0938775510204082
MM-S01,12,22,1,1.0938775510204082
MM-S01,12,23,0,1.0938775510204082
MM-S01,12,24,1,1.0938775510204082
MM-S01,12,25,0,1.0938775510204082
MM-S01,12,26,0,1.0938775510204082
MM-S01,12,27,2,1.0938775510204082
MM-S01,12,28,0,1.0938775510204082
MM-S01,12,29,1,1.0938775510204082
MM-S01,12,30,1,1.0938775510204082
MM-S01,12,31,3,1.0938775510204082
MM-S01,12,32,2,1.0938775510204082
MM-S01,12,33,0,1.0938775510204082
MM-S01,12,34,1,1.0938775510204082
MM-S01,12,35,0,1.0938775510204082
MM-S01,12,36,1,1.0938775510204082
MM-S01,12,37,1,1.0938775510204082
MM-S01,12,38,0,1.0938775510204082
MM-S01,12,39,1,1.0938775510204082
MM-S01,12,40,0,1.0938775510204082
MM-S01,12,41,0,1.0938775510204082
MM-S01,12,42,0,1.0938775510204082
MM-S01,12,43,1,1.0938775510204082
MM-S01,12,44,0,1.0938775510204082
MM-S01,12,45,2,1.0938775510204082
MM-S01,12,46,0,1.0938775510204082
MM-S01,12,47,2,1.0938775510204082
MM-S01,12,48,1,1.0938775510204082
MM-S01,12,49,0,1.0938775510204082
MM-S01,12,50,2,1.0938775510204082
MM-S01,13,14,2,1.0938775510204082
MM-S01,13,15,2,1.0938775510204082
MM-S01,13,16,1,1.0938775510204082
MM-S01,13,17,2,1.0938775510204082
MM-S01,13,18,0,1.0938775510204082
MM-S01,13,19,0,1.0938775510204082
MM-S01,13,20,2,1.0938775510204082
MM-S01,13,21,0,1.0938775510204082
MM-S01,13,22,2,1.0938775510204082
MM-S01,13,23,2,1.0938775510204082
MM-S01,13,24,5,1.0938775510204082
MM-S01,13,25,0,1.0938775510204082
MM-S01,13,26,2,1.0938775510204082
MM-S01,13,27,0,1.0938775510204082
MM-S01,13,28,0,1.0938775510204082
MM-S01,13,29,5,1.0938775510204082
MM-S01,13,30,0,1.0938775510204082
MM-S01,13,31,0,1.0938775510204082
MM-S01,13,32,1,1.0938775510204082
MM-S01,13,33,2,1.0938775510204082
MM-S01,13,34,0,1.0938775510204082
MM-S01,13,35,2,1.0938775510204082
MM-S01,13,36,3,1.0938775510204082
MM-S01,13,37,1,1.0938775510204082
MM-S01,13,38,0,1.0938775510204082
MM-S01,13,39,2,1.0938775510204082
MM-S01,13,40,0,1.0938775510204082
MM-S01,13,41,0,1.0938775510204082
MM-S01,13,42,1,1.0938775510204082
MM-S01,13,43,0,1.0938775510204082
MM-S01,13,44,2,1.0938775510204082
MM-S01,13,45,1,1.0938775510204082
MM-S01,13,46,0,1.0938775510204082
MM-S01,13,47,1,1.0938775510204082
MM-S01,13,48,0,1.0938775510204082
MM-S01,13,49,1,1.0938775510204082
MM-S01,13,50,1,1.0938775510204082
MM-S01,14,15,1,1.0938775510204082
MM-S01,14,16,0,1.0938775510204082
MM-S01,14,17,1,1.0938775510204082
MM-S01,14,18,1,1.0938775510204082
MM-S01,14,19,0,1.0938775510204082
MM-S01,14,20,1,1.0938775510204082
MM-S01,14,21,0,1.0938775510204082
MM-S01,14,22,1,1.0938775510204082
MM-S01,14,23,2,1.0938775510204082
MM-S01,14,24,1,1.0938775510204082
MM-S01,14,25,2,1.0938775510204082
MM-S01,14,26,2,1.0938775510204082
MM-S01,14,27,1,1.0938775510204082
MM-S01,14,28,1,1.0938775510204082
MM-S01,14,29,1,1.0938775510204082
MM-S01,14,30,0,1.0938775510204082
MM-S01,14,31,0,1.0938775510204082
MM-S01,14,32,1,1.0938775510204082
MM-S01,14,33,0,1.0938775510204082
MM-S01,14,34,1,1.0938775510204082
MM-S01,14,35,1,1.0938775510204082
MM-S01,14,36,0,1.0938775510204082
MM-S01,14,37,1,1.0938775510204082
MM-S01,14,38,0,1.0938775510204082
MM-S01,14,39,1,1.0938775510204082
MM-S01,14,40,0,1.0938775510204082
MM-S01,14,41,0,1.0938775510204082
MM-S01,14,42,1,1.0938775510204082
MM-S01,14,43,0,1.0938775510204082
MM-S01,14,44,0,1.0938775510204082
MM-S01,14,45,1,1.0938775510204082
MM-S01,14,46,0,1.0938775510204082
MM-S01,14,47,2,1.0938775510204082
MM-S01,14,48,0,1.0938775510204082
MM-S01,14,49,2,1.0938775510204082
MM-S01,14,50,1,1.0938775510204082
MM-S01,15,16,2,1.0938775510204082
MM-S01,15,17,2,1.0938775510204082
MM-S01,15,18,2,1.0938775510204082
MM-S01,15,19,1,1.0938775510204082
MM-S01,15,20,2,1.0938775510204082
MM-S01,15,21,0,1.0938775510204082
MM-S01,15,22,1,1.0938775510204082
MM-S01,15,23,1,1.0938775510204082
MM-S01,15,24,0,1.0938775510204082
MM-S01,15,25,2,1.0938775510204082
MM-S01,15,26,2,1.0938775510204082
MM-S01,15,27,1,1.0938775510204082
MM-S01,15,28,0,1.0938775510204082
MM-S01,15,29,3,1.0938775510204082
MM-S01,15,30,0,1.0938775510204082
MM-S01,15,31,1,1.0938775510204082
MM-S01,15,32,1,1.0938775510204082
MM-S01,15,33,1,1.0938775510204082
MM-S01,15,34,0,1.0938775510204082
MM-S01,15,35,1,1.0938775510204082
MM-S01,15,36,3,1.0938775510204082
MM-S01,15,37,1,1.0938775510204082
MM-S01,15,38,0,1.0938775510204082
MM-S01,15,39,1,1.0938775510204082
MM-S01,15,40,0,1.0938775510204082
MM-S01,15,41,0,1.0938775510204082
MM-S01,15,42,2,1.0938775510204082
MM-S01,15,43,1,1.0938775510204082
MM-S01,15,44,1,1.0938775510204082
MM-S01,15,45,1,1.0938775510204082
MM-S01,15,46,0,1.0938775510204082
MM-S01,15,47,2,1.0938775510204082
MM-S01,15,48,1,1.0938775510204082
MM-S01,15,49,0,1.0938775510204082
MM-S01,15,50,1,1.0938775510204082
MM-S01,16,17,1,1.0938775510204082
MM-S01,16,18,2,1.0938775510204082
MM-S01,16,19,1,1.0938775510204082
MM-S01,16,20,0,1.0938775510204082
MM-S01,16,21,0,1.0938775510204082
MM-S01,16,22,2,1.0938775510204082
MM-S01,16,23,0,1.0938775510204082
MM-S01,16,24,1,1.0938775510204082
MM-S01,16,25,0,1.0938775510204082
MM-S01,16,26,0,1.0938775510204082
MM-S01,16,27,1,1.0938775510204082
MM-S01,16,28,1,1.0938775510204082
MM-S01,16,29,1,1.0938775510204082
MM-S01,16,30,0,1.0938775510204082
MM-S01,16,31,0,1.0938775510204082
MM-S01,16,32,0,1.0938775510204082
MM-S01,16,33,0,1.0938775510204082
MM-S01,16,34,0,1.0938775510204082
MM-S01,16,35,1,1.0938775510204082
MM-S01,16,36,3,1.0938775510204082
MM-S01,16,37,0,1.0938775510204082
MM-S01,16,38,1,1.0938775510204082
MM-S01,16,39,1,1.0938775510204082
MM-S01,16,40,0,1.0938775510204082
MM-S01,16,41,0,1.0938775510204082
MM-S01,16,42,1,1.0938775510204082
MM-S01,16,43,0,1.0938775510204082
MM-S01,16,44,1,1.0938775510204082
MM-S01,16,45,2,1.0938775510204082
MM-S01,16,46,0,1.0938775510204082
MM-S01,16,47,0,1.0938775510204082
MM-S01,16,48,1,1.0938775510204082
MM-S01,16,49,0,1.0938775510204082
MM-S01,16,50,1,1.0938775510204082
MM-S01,17,18,0,1.0938775510204082
MM-S01,17,19,1,1.0938775510204082
MM-S01,17,20,2,1.0938775510204082
MM-S01,17,21,1,1.0938775510204082
MM-S01,17,22,2,1.0938775510204082
MM-S01,17,23,2,1.0938775510204082
MM-S01,17,24,0,1.0938775510204082
MM-S01,17,25,2,1.0938775510204082
MM-S01,17,26,0,1.0938775510204082
MM-S01,17,27,2,1.0938775510204082
MM-S01,17,28,0,1.0938775510204082
MM-S01,17,29,3,1.0938775510204082
MM-S01,17,30,1,1.0938775510204082
MM-S01,17,31,0,1.0938775510204082
MM-S01,17,32,0,1.0938775510204082
MM-S01,17,33,1,1.0938775510204082
MM-S01,17,34,1,1.0938775510204082
MM-S01,17,35,1,1.0938775510204082
MM-S01,17,36,2,1.0938775510204082
MM-S01,17,37,0,1.0938775510204082
MM-S01,17,38,1,1.0938775510204082
MM-S01,17,39,2,1.0938775510204082
MM-S01,17,40,0,1.0938775510204082
MM-S01,17,41,0,1.0938775510204082
MM-S01,17,42,1,1.0938775510204082
MM-S01,17,43,0,1.0938775510204082
MM-S01,17,44,2,1.0938775510204082
MM-S01,17,45,0,1.0938775510204082
MM-S01,17,46,2,1.0938775510204082
MM-S01,17,47,1,1.0938775510204082
MM-S01,17,48,1,1.0938775510204082
MM-S01,17,49,0,1.0938775510204082
MM-S01,17,50,1,1.0938775510204082
MM-S01,18,19,3,1.0938775510204082
MM-S01,18,20,3,1.0938775510204082
MM-S01,18,21,0,1.0938775510204082
MM-S01,18,22,0,1.0938775510204082
MM-S01,18,23,0,1.0938775510204082
MM-S01,18,24,3,1.0938775510204082
MM-S01,18,25,3,1.0938775510204082
MM-S01,18,26,1,1.0938775510204082
MM-S01,18,27,0,1.0938775510204082
MM-S01,18,28,0,1.0938775510204082
MM-S01,18,29,1,1.0938775510204082
MM-S01,18,30,1,1.0938775510204082
MM-S01,18,31,1,1.0938775510204082
MM-S01,18,32,2,1.0938775510204082
MM-S01,18,33,1,1.0938775510204082
MM-S01,18,34,0,1.0938775510204082
MM-S01,18,35,1,1.0938775510204082
MM-S01,18,36,4,1.0938775510204082
MM-S01,18,37,2,1.0938775510204082
MM-S01,18,38,1,1.0938775510204082
MM-S01,18,39,1,1.0938775510204082
MM-S01,18,40,1,1.0938775510204082
MM-S01,18,41,1,1.0938775510204082
MM-S01,18,42,3,1.0938775510204082
MM-S01,18,43,0,1.0938775510204082
MM-S01,18,44,1,1.0938775510204082
MM-S01,18,45,0,1.0938775510204082
MM-S01,18,46,2,1.0938775510204082
MM-S01,18,47,1,1.0938775510204082
MM-S01,18,48,0,1.0938775510204082
MM-S01,18,49,2,1.0938775510204082
MM-S01,18,50,1,1.0938775510204082
MM-S01,19,20,0,1.0938775510204082
MM-S01,19,21,0,1.0938775510204082
MM-S01,19,22,0,1.0938775510204082
MM-S01,19,23,0,1.0938775510204082
MM-S01,19,24,3,1.0938775510204082
MM-S01,19,25,1,1.0938775510204082
MM-S01,19,26,0,1.0938775510204082
MM-S01,19,27,0,1.0938775510204082
MM-S01,19,28,6,1.0938775510204082
MM-S01,19,29,3,1.0938775510204082
MM-S01,19,30,1,1.0938775510204082
MM-S01,19,31,1,1.0938775510204082
MM-S01,19,32,1,1.0938775510204082
MM-S01,19,33,0,1.0938775510204082
MM-S01,19,34,1,1.0938775510204082
MM-S01,19,35,0,1.0938775510204082
MM-S01,19,36,2,1.0938775510204082
MM-S01,19,37,1,1.0938775510204082
MM-S01,19,38,3,1.0938775510204082
MM-S01,19,39,1,1.0938775510204082
MM-S01,19,40,1,1.0938775510204082
MM-S01,19,41,1,1.0938775510204082
MM-S01,19,42,1,1.0938775510204082
MM-S01,19,43,0,1.0938775510204082
MM-S01,19,44,1,1.0938775510204082
MM-S01,19,45,0,1.0938775510204082
MM-S01,19,46,1,1.0938775510204082
MM-S01,19,47,2,1.0938775510204082
MM-S01,19,48,1,1.0938775510204082
MM-S01,19,49,0,1.0938775510204082
MM-S01,19,50,0,1.0938775510204082
MM-S01,20,21,0,1.0938775510204082
MM-S01,20,22,2,1.0938775510204082
MM-S01,20,23,1,1.0938775510204082
MM-S01,20,24,1,1.0938775510204082
MM-S01,20,25,4,1.0938775510204082
MM-S01,20,26,0,1.0938775510204082
MM-S01,20,27,1,1.0938775510204082
MM-S01,20,28,1,1.0938775510204082
MM-S01,20,29,2,1.0938775510204082
MM-S01,20,30,3,1.0938775510204082
MM-S01,20,31,0,1.0938775510204082
MM-S01,20,32,3,1.0938775510204082
MM-S01,20,33,1,1.0938775510204082
MM-S01,20,34,0,1.0938775510204082
MM-S01,20,35,1,1.0938775510204082
MM-S01,20,36,2,1.0938775510204082
MM-S01,20,37,2,1.0938775510204082
MM-S01,20,38,0,1.0938775510204082
MM-S01,20,39,2,1.0938775510204082
MM-S01,20,40,0,1.0938775510204082
MM-S01,20,41,1,1.0938775510204082
MM-S01,20,42,1,1.0938775510204082
MM-S01,20,43,0,1.0938775510204082
MM-S01,20,44,0,1.0938775510204082
MM-S01,20,45,0,1.0938775510204082
MM-S01,20,46,0,1.0938775510204082
MM-S01,20,47,2,1.0938775510204082
MM-S01,20,48,0,1.0938775510204082
MM-S01,20,49,0,1.0938775510204082
MM-S01,20,50,2,1.0938775510204082
MM-S01,21,22,1,1.0938775510204082
MM-S01,21,23,0,1.0938775510204082
MM-S01,21,24,0,1.0938775510204082
MM-S01,21,25,0,1.0938775510204082
MM-S01,21,26,0,1.0938775510204082
MM-S01,21,27,1,1.0938775510204082
MM-S01,21,28,1,1.0938775510204082
MM-S01,21,29,0,1.0938775510204082
MM-S01,21,30,0,1.0938775510204082
MM-S01,21,31,5,1.0938775510204082
MM-S01,21,32,2,1.0938775510204082
MM-S01,21,33,1,1.0938775510204082
MM-S01,21,34,1,1.0938775510204082
MM-S01,21,35,2,1.0938775510204082
MM-S01,21,36,0,1.0938775510204082
MM-S01,21,37,1,1.0938775510204082
MM-S01,21,38,0,1.0938775510204082
MM-S01,21,39,0,1.0938775510204082
MM-S01,21,40,0,1.0938775510204082
MM-S01,21,41,1,1.0938775510204082
MM-S01,21,42,2,1.0938775510204082
MM-S01,21,43,4,1.0938775510204082
MM-S01,21,44,0,1.0938775510204082
MM-S01,21,45,3,1.0938775510204082
MM-S01,21,46,0,1.0938775510204082
MM-S01,21,47,2,1.0938775510204082
MM-S01,21,48,2,1.0938775510204082
MM-S01,21,49,0,1.0938775510204082
MM-S01,21,50,2,1.0938775510204082
MM-S01,22,23,1,1.0938775510204082
MM-S01,22,24,1,1.0938775510204082
MM-S01,22,25,0,1.0938775510204082
MM-S01,22,26,1,1.0938775510204082
MM-S01,22,27,0,1.0938775510204082
MM-S01,22,28,0,1.0938775510204082
MM-S01,22,29,0,1.0938775510204082
MM-S01,22,30,0,1.0938775510204082
MM-S01,22,31,0,1.0938775510204082
MM-S01,22,32,1,1.0938775510204082
MM-S01,22,33,0,1.0938775510204082
MM-S01,22,34,1,1.0938775510204082
MM-S01,22,35,4,1.0938775510204082
MM-S01,22,36,1,1.0938775510204082
MM-S01,22,37,1,1.0938775510204082
MM-S01,22,38,1,1.0938775510204082
MM-S01,22,39,1,1.0938775510204082
MM-S01,22,40,0,1.0938775510204082
MM-S01,22,41,0,1.0938775510204082
MM-S01,22,42,0,1.0938775510204082
MM-S01,22,43,1,1.0938775510204082
MM-S01,22,44,1,1.0938775510204082
MM-S01,22,45,3,1.0938775510204082
MM-S01,22,46,0,1.0938775510204082
MM-S01,22,47,1,1.0938775510204082
MM-S01,22,48,1,1.0938775510204082
MM-S01,22,49,1,1.0938775510204082
MM-S01,22,50,1,1.0938775510204082
MM-S01,23,24,3,1.0938775510204082
MM-S01,23,25,4,1.0938775510204082
MM-S01,23,26,0,1.0938775510204082
MM-S01,23,27,0,1.0938775510204082
MM-S01,23,28,1,1.0938775510204082
MM-S01,23,29,2,1.0938775510204082
MM-S01,23,30,1,1.0938775510204082
MM-S01,23,31,1,1.0938775510204082
MM-S01,23,32,0,1.0938775510204082
MM-S01,23,33,1,1.0938775510204082
MM-S01,23,34,0,1.0938775510204082
MM-S01,23,35,2,1.0938775510204082
MM-S01,23,36,1,1.0938775510204082
MM-S01,23,37,2,1.0938775510204082
MM-S01,23,38,0,1.0938775510204082
MM-S01,23,39,2,1.0938775510204082
MM-S01,23,40,2,1.0938775510204082
MM-S01,23,41,0,1.0938775510204082
MM-S01,23,42,2,1.0938775510204082
MM-S01,23,43,2,1.0938775510204082
MM-S01,23,44,1,1.0938775510204082
MM-S01,23,45,1,1.0938775510204082
MM-S01,23,46,2,1.0938775510204082
MM-S01,23,47,1,1.0938775510204082
MM-S01,23,48,3,1.0938775510204082
MM-S01,23,49,0,1.0938775510204082
MM-S01,23,50,1,1.0938775510204082
MM-S01,24,25,1,1.0938775510204082
MM-S01,24,26,4,1.0938775510204082
MM-S01,24,27,0,1.0938775510204082
MM-S01,24,28,3,1.0938775510204082
MM-S01,24,29,4,1.0938775510204082
MM-S01,24,30,1,1.0938775510204082
MM-S01,24,31,1,1.0938775510204082
MM-S01,24,32,2,1.0938775510204082
MM-S01,24,33,1,1.0938775510204082
MM-S01,24,34,1,1.0938775510204082
MM-S01,24,35,1,1.0938775510204082
MM-S01,24,36,1,1.0938775510204082
MM-S01,24,37,2,1.0938775510204082
MM-S01,24,38,1,1.0938775510204082
MM-S01,24,39,2,1.0938775510204082
MM-S01,24,40,0,1.0938775510204082
MM-S01,24,41,0,1.0938775510204082
MM-S01,24,42,4,1.0938775510204082
MM-S01,24,43,0,1.0938775510204082
MM-S01,24,44,3,1.0938775510204082
MM-S01,24,45,1,1.0938775510204082
MM-S01,24,46,1,1.0938775510204082
MM-S01,24,47,0,1.0938775510204082
MM-S01,24,48,2,1.0938775510204082
MM-S01,24,49,0,1.0938775510204082
MM-S01,24,50,0,1.0938775510204082
MM-S01,25,26,3,1.0938775510204082
MM-S01,25,27,0,1.0938775510204082
MM-S01,25,28,0,1.0938775510204082
MM-S01,25,29,1,1.0938775510204082
MM-S01,25,30,2,1.0938775510204082
MM-S01,25,31,1,1.0938775510204082
MM-S01,25,32,2,1.0938775510204082
MM-S01,25,33,3,1.0938775510204082
MM-S01,25,34,1,1.0938775510204082
MM-S01,25,35,4,1.0938775510204082
MM-S01,25,36,1,1.0938775510204082
MM-S01,25,37,1,1.0938775510204082
MM-S01,25,38,0,1.0938775510204082
MM-S01,25,39,1,1.0938775510204082
MM-S01,25,40,3,1.0938775510204082
MM-S01,25,41,1,1.0938775510204082
MM-S01,25,42,2,1.0938775510204082
MM-S01,25,43,2,1.0938775510204082
MM-S01,25,44,0,1.0938775510204082
MM-S01,25,45,2,1.0938775510204082
MM-S01,25,46,2,1.0938775510204082
MM-S01,25,47,4,1.0938775510204082
MM-S01,25,48,1,1.0938775510204082
MM-S01,25,49,0,1.0938775510204082
MM-S01,25,50,0,1.0938775510204082
MM-S01,26,27,0,1.0938775510204082
MM-S01,26,28,1,1.0938775510204082
MM-S01,26,29,1,1.0938775510204082
MM-S01,26,30,0,1.0938775510204082
MM-S01,26,31,1,1.0938775510204082
MM-S01,26,32,3,1.0938775510204082
MM-S01,26,33,0,1.0938775510204082
MM-S01,26,34,0,1.0938775510204082
MM-S01,26,35,1,1.0938775510204082
MM-S01,26,36,0,1.0938775510204082
MM-S01,26,37,0,1.0938775510204082
MM-S01,26,38,0,1.0938775510204082
MM-S01,26,39,0,1.0938775510204082
MM-S01,26,40,2,1.0938775510204082
MM-S01,26,41,0,1.0938775510204082
MM-S01,26,42,2,1.0938775510204082
MM-S01,26,43,1,1.0938775510204082
MM-S01,26,44,1,1.0938775510204082
MM-S01,26,45,0,1.0938775510204082
MM-S01,26,46,2,1.0938775510204082
MM-S01,26,47,0,1.0938775510204082
MM-S01,26,48,0,1.0938775510204082
MM-S01,26,49,0,1.0938775510204082
MM-S01,26,50,0,1.0938775510204082
MM-S01,27,28,0,1.0938775510204082
MM-S01,27,29,1,1.0938775510204082
MM-S01,27,30,2,1.0938775510204082
MM-S01,27,31,0,1.0938775510204082
MM-S01,27,32,1,1.0938775510204082
MM-S01,27,33,1,1.0938775510204082
MM-S01,27,34,0,1.0938775510204082
MM-S01,27,35,0,1.0938775510204082
MM-S01,27,36,1,1.0938775510204082
MM-S01,27,37,1,1.0938775510204082
MM-S01,27,38,1,1.0938775510204082
MM-S01,27,39,3,1.0938775510204082
MM-S01,27,40,0,1.0938775510204082
MM-S01,27,41,0,1.0938775510204082
MM-S01,27,42,1,1.0938775510204082
MM-S01,27,43,0,1.0938775510204082
MM-S01,27,44,1,1.0938775510204082
MM-S01,27,45,1,1.0938775510204082
MM-S01,27,46,1,1.0938775510204082
MM-S01,27,47,3,1.0938775510204082
MM-S01,27,48,1,1.0938775510204082
MM-S01,27,49,1,1.0938775510204082
MM-S01,27,50,0,1.0938775510204082
MM-S01,28,29,3,1.0938775510204082
MM-S01,28,30,2,1.0938775510204082
MM-S01,28,31,1,1.0938775510204082
MM-S01,28,32,1,1.0938775510204082
MM-S01,28,33,0,1.0938775510204082
MM-S01,28,34,0,1.0938775510204082
MM-S01,28,35,1,1.0938775510204082
MM-S01,28,36,0,1.0938775510204082
MM-S01,28,37,1,1.0938775510204082
MM-S01,28,38,1,1.0938775510204082
MM-S01,28,39,2,1.0938775510204082
MM-S01,28,40,1,1.0938775510204082
MM-S01,28,41,0,1.0938775510204082
MM-S01,28,42,1,1.0938775510204082
MM-S01,28,43,2,1.0938775510204082
MM-S01,28,44,0,1.0938775510204082
MM-S01,28,45,1,1.0938775510204082
MM-S01,28,46,0,1.0938775510204082
MM-S01,28,47,1,1.0938775510204082
MM-S01,28,48,1,1.0938775510204082
MM-S01,28,49,1,1.0938775510204082
MM-S01,28,50,0,1.0938775510204082
MM-S01,29,30,0,1.0938775510204082
MM-S01,29,31,0,1.0938775510204082
MM-S01,29,32,0,1.0938775510204082
MM-S01,29,33,0,1.0938775510204082
MM-S01,29,34,0,1.0938775510204082
MM-S01,29,35,3,1.0938775510204082
MM-S01,29,36,2,1.0938775510204082
MM-S01,29,37,0,1.0938775510204082
MM-S01,29,38,2,1.0938775510204082
MM-S01,29,39,1,1.0938775510204082
MM-S01,29,40,1,1.0938775510204082
MM-S01,29,41,0,1.0938775510204082
MM-S01,29,42,2,1.0938775510204082
MM-S01,29,43,0,1.0938775510204082
MM-S01,29,44,0,1.0938775510204082
MM-S01,29,45,2,1.0938775510204082
MM-S01,29,46,1,1.0938775510204082
MM-S01,29,47,3,1.0938775510204082
MM-S01,29,48,1,1.0938775510204082
MM-S01,29,49,0,1.0938775510204082
MM-S01,29,50,3,1.0938775510204082
MM-S01,30,31,1,1.0938775510204082
MM-S01,30,32,0,1.0938775510204082
MM-S01,30,33,2,1.0938775510204082
MM-S01,30,34,0,1.0938775510204082
MM-S01,30,35,2,1.0938775510204082
MM-S01,30,36,2,1.0938775510204082
MM-S01,30,37,0,1.0938775510204082
MM-S01,30,38,1,1.0938775510204082
MM-S01,30,39,1,1.0938775510204082
MM-S01,30,40,0,1.0938775510204082
MM-S01,30,41,1,1.0938775510204082
MM-S01,30,42,0,1.0938775510204082
MM-S01,30,43,1,1.0938775510204082
MM-S01,30,44,0,1.0938775510204082
MM-S01,30,45,0,1.0938775510204082
MM-S01,30,46,0,1.0938775510204082
MM-S01,30,47,3,1.0938775510204082
MM-S01,30,48,0,1.0938775510204082
MM-S01,30,49,0,1.0938775510204082
MM-S01,30,50,0,1.0938775510204082
MM-S01,31,32,4,1.0938775510204082
MM-S01,31,33,1,1.0938775510204082
MM-S01,31,34,3,1.0938775510204082
MM-S01,31,35,3,1.0938775510204082
MM-S01,31,36,0,1.0938775510204082
MM-S01,31,37,2,1.0938775510204082
MM-S01,31,38,0,1.0938775510204082
MM-S01,31,39,0,1.0938775510204082
MM-S01,31,40,0,1.0938775510204082
MM-S01,31,41,0,1.0938775510204082
MM-S01,31,42,1,1.0938775510204082
MM-S01,31,43,3,1.0938775510204082
MM-S01,31,44,1,1.0938775510204082
MM-S01,31,45,3,1.0938775510204082
MM-S01,31,46,1,1.0938775510204082
MM-S01,31,47,2,1.0938775510204082
MM-S01,31,48,3,1.0938775510204082
MM-S01,31,49,0,1.0938775510204082
MM-S01,31,50,1,1.0938775510204082
MM-S01,32,33,0,1.0938775510204082
MM-S01,32,34,1,1.0938775510204082
MM-S01,32,35,1,1.0938775510204082
MM-S01,32,36,0,1.0938775510204082
MM-S01,32,37,1,1.0938775510204082
MM-S01,32,38,0,1.0938775510204082
MM-S01,32,39,0,1.0938775510204082
MM-S01,32,40,0,1.0938775510204082
MM-S01,32,41,0,1.0938775510204082
MM-S01,32,42,1,1.0938775510204082
MM-S01,32,43,1,1.0938775510204082
MM-S01,32,44,2,1.0938775510204082
MM-S01,32,45,2,1.0938775510204082
MM-S01,32,46,4,1.0938775510204082
MM-S01,32,47,3,1.0938775510204082
MM-S01,32,48,0,1.0938775510204082
MM-S01,32,49,1,1.0938775510204082
MM-S01,32,50,2,1.0938775510204082
MM-S01,33,34,0,1.0938775510204082
MM-S01,33,35,4,1.0938775510204082
MM-S01,33,36,1,1.0938775510204082
MM-S01,33,37,2,1.0938775510204082
MM-S01,33,38,0,1.0938775510204082
MM-S01,33,39,0,1.0938775510204082
MM-S01,33,40,2,1.0938775510204082
MM-S01,33,41,0,1.0938775510204082
MM-S01,33,42,2,1.0938775510204082
MM-S01,33,43,1,1.0938775510204082
MM-S01,33,44,2,1.0938775510204082
MM-S01,33,45,1,1.0938775510204082
MM-S01,33,46,1,1.0938775510204082
MM-S01,33,47,2,1.0938775510204082
MM-S01,33,48,1,1.0938775510204082
MM-S01,33,49,0,1.0938775510204082
MM-S01,33,50,0,1.0938775510204082
MM-S01,34,35,4,1.0938775510204082
MM-S01,34,36,1,1.0938775510204082
MM-S01,34,37,3,1.0938775510204082
MM-S01,34,38,1,1.0938775510204082
MM-S01,34,39,1,1.0938775510204082
MM-S01,34,40,1,1.0938775510204082
MM-S01,34,41,1,1.0938775510204082
MM-S01,34,42,1,1.0938775510204082
MM-S01,34,43,1,1.0938775510204082
MM-S01,34,44,1,1.0938775510204082
MM-S01,34,45,1,1.0938775510204082
MM-S01,34,46,0,1.0938775510204082
MM-S01,34,47,1,1.0938775510204082
MM-S01,34,48,1,1.0938775510204082
MM-S01,34,49,1,1.0938775510204082
MM-S01,34,50,2,1.0938775510204082
MM-S01,35,36,3,1.0938775510204082
MM-S01,35,37,2,1.0938775510204082
MM-S01,35,38,0,1.0938775510204082
MM-S01,35,39,2,1.0938775510204082
MM-S01,35,40,4,1.0938775510204082
MM-S01,35,41,0,1.0938775510204082
MM-S01,35,42,0,1.0938775510204082
MM-S01,35,43,4,1.0938775510204082
MM-S01,35,44,3,1.0938775510204082
MM-S01,35,45,3,1.0938775510204082
MM-S01,35,46,2,1.0938775510204082
MM-S01,35,47,1,1.0938775510204082
MM-S01,35,48,3,1.0938775510204082
MM-S01,35,49,0,1.0938775510204082
MM-S01,35,50,3,1.0938775510204082
MM-S01,36,37,0,1.0938775510204082
MM-S01,36,38,3,1.0938775510204082
MM-S01,36,39,1,1.0938775510204082
MM-S01,36,40,0,1.0938775510204082
MM-S01,36,41,0,1.0938775510204082
MM-S01,36,42,0,1.0938775510204082
MM-S01,36,43,2,1.0938775510204082
MM-S01,36,44,3,1.0938775510204082
MM-S01,36,45,1,1.0938775510204082
MM-S01,36,46,3,1.0938775510204082
MM-S01,36,47,2,1.0938775510204082
MM-S01,36,48,1,1.0938775510204082
MM-S01,36,49,0,1.0938775510204082
MM-S01,36,50,0,1.0938775510204082
MM-S01,37,38,0,1.0938775510204082
MM-S01,37,39,2,1.0938775510204082
MM-S01,37,40,1,1.0938775510204082
MM-S01,37,41,2,1.0938775510204082
MM-S01,37,42,5,1.0938775510204082
MM-S01,37,43,0,1.0938775510204082
MM-S01,37,44,2,1.0938775510204082
MM-S01,37,45,1,1.0938775510204082
MM-S01,37,46,1,1.0938775510204082
MM-S01,37,47,0,1.0938775510204082
MM-S01,37,48,2,1.0938775510204082
MM-S01,37,49,0,1.0938775510204082
MM-S01,37,50,1,1.0938775510204082
MM-S01,38,39,2,1.0938775510204082
MM-S01,38,40,0,1.0938775510204082
MM-S01,38,41,1,1.0938775510204082
MM-S01,38,42,0,1.0938775510204082
MM-S01,38,43,1,1.0938775510204082
MM-S01,38,44,1,1.0938775510204082
MM-S01,38,45,0,1.0938775510204082
MM-S01,38,46,2,1.0938775510204082
MM-S01,38,47,1,1.0938775510204082
MM-S01,38,48,0,1.0938775510204082
MM-S01,38,49,0,1.0938775510204082
MM-S01,38,50,1,1.0938775510204082
MM-S01,39,40,0,1.0938775510204082
MM-S01,39,41,0,1.0938775510204082
MM-S01,39,42,1,1.0938775510204082
MM-S01,39,43,1,1.0938775510204082
MM-S01,39,44,3,1.0938775510204082
MM-S01,39,45,0,1.0938775510204082
MM-S01,39,46,1,1.0938775510204082
MM-S01,39,47,0,1.0938775510204082
MM-S01,39,48,1,1.0938775510204082
MM-S01,39,49,1,1.0938775510204082
MM-S01,39,50,0,1.0938775510204082
MM-S01,40,41,1,1.0938775510204082
MM-S01,40,42,2,1.0938775510204082
MM-S01,40,43,0,1.0938775510204082
MM-S01,40,44,0,1.0938775510204082
MM-S01,40,45,1,1.0938775510204082
MM-S01,40,46,0,1.0938775510204082
MM-S01,40,47,0,1.0938775510204082
MM-S01,40,48,0,1.0938775510204082
MM-S01,40,49,3,1.0938775510204082
MM-S01,40,50,2,1.0938775510204082
MM-S01,41,42,2,1.0938775510204082
MM-S01,41,43,1,1.0938775510204082
MM-S01,41,44,0,1.0938775510204082
MM-S01,41,45,0,1.0938775510204082
MM-S01,41,46,0,1.0938775510204082
MM-S01,41,47,1,1.0938775510204082
MM-S01,41,48,2,1.0938775510204082
MM-S01,41,49,1,1.0938775510204082
MM-S01,41,50,0,1.0938775510204082
MM-S01,42,43,0,1.0938775510204082
MM-S01,42,44,1,1.0938775510204082
MM-S01,42,45,0,1.0938775510204082
MM-S01,42,46,2,1.0938775510204082
MM-S01,42,47,2,1.0938775510204082
MM-S01,42,48,1,1.0938775510204082
MM-S01,42,49,1,1.0938775510204082
MM-S01,42,50,0,1.0938775510204082
MM-S01,43,44,1,1.0938775510204082
MM-S01,43,45,2,1.0938775510204082
MM-S01,43,46,1,1.0938775510204082
MM-S01,43,47,2,1.0938775510204082
MM-S01,43,48,2,1.0938775510204082
MM-S01,43,49,0,1.0938775510204082
MM-S01,43,50,1,1.0938775510204082
MM-S01,44,45,0,1.0938775510204082
MM-S01,44,46,2,1.0938775510204082
MM-S01,44,47,0,1.0938775510204082
MM-S01,44,48,2,1.0938775510204082
MM-S01,44,49,0,1.0938775510204082
MM-S01,44,50,0,1.0938775510204082
MM-S01,45,46,0,1.0938775510204082
MM-S01,45,47,1,1.0938775510204082
MM-S01,45,48,1,1.0938775510204082
MM-S01,45,49,0,1.0938775510204082
MM-S01,45,50,0,1.0938775510204082
MM-S01,46,47,2,1.0938775510204082
MM-S01,46,48,1,1.0938775510204082
MM-S01,46,49,1,1.0938775510204082
MM-S01,46,50,0,1.0938775510204082
MM-S01,47,48,1,1.0938775510204082
MM-S01,47,49,1,1.0938775510204082
MM-S01,47,50,4,1.0938775510204082
MM-S01,48,49,0,1.0938775510204082
MM-S01,48,50,1,1.0938775510204082
MM-S01,49,50,1,1.0938775510204082
MM-S02,1,2,4,2.2285714285714286
MM-S02,1,3,2,2.2285714285714286
MM-S02,1,4,2,2.2285714285714286
MM-S02,1,5,3,2.2285714285714286
MM-S02,1,6,4,2.2285714285714286
MM-S02,1,7,3,2.2285714285714286
MM-S02,1,8,3,2.2285714285714286
MM-S02,1,9,7,2.2285714285714286
MM-S02,1,10,2,2.2285714285714286
MM-S02,1,11,1,2.2285714285714286
MM-S02,1,12,4,2.2285714285714286
MM-S02,1,13,3,2.2285714285714286
MM-S02,1,14,3,2.2285714285714286
MM-S02,1,15,3,2.2285714285714286
MM-S02,1,16,5,2.2285714285714286
MM-S02,1,17,2,2.2285714285714286
MM-S02,1,18,1,2.2285714285714286
MM-S02,1,19,2,2.2285714285714286
MM-S02,1,20,0,2.2285714285714286
MM-S02,1,21,1,2.2285714285714286
MM-S02,1,22,9,2.2285714285714286
MM-S02,1,23,2,2.2285714285714286
MM-S02,1,24,0,2.2285714285714286
MM-S02,1,25,2,2.2285714285714286
MM-S02,1,26,3,2.2285714285714286
MM-S02,1,27,4,2.2285714285714286
MM-S02,1,28,5,2.2285714285714286
MM-S02,1,29,2,2.2285714285714286
MM-S02,1,30,2,2.2285714285714286
MM-S02,1,31,2,2.2285714285714286
MM-S02,1,32,0,2.2285714285714286
MM-S02,1,33,2,2.2285714285714286
MM-S02,1,34,3,2.2285714285714286
MM-S02,1,35,1,2.2285714285714286
MM-S02,1,36,3,2.2285714285714286
MM-S02,1,37,7,2.2285714285714286
MM-S02,1,38,5,2.2285714285714286
MM-S02,1,39,3,2.2285714285714286
MM-S02,1,40,3,2.2285714285714286
MM-S02,1,41,4,2.2285714285714286
MM-S02,1,42,7,2.2285714285714286
MM-S02,1,43,2,2.2285714285714286
MM-S02,1,44,1,2.2285714285714286
MM-S02,1,45,2,2.2285714285714286
MM-S02,1,46,2,2.2285714285714286
MM-S02,1,47,3,2.2285714285714286
MM-S02,1,48,0,2.2285714285714286
MM-S02,1,49,1,2.2285714285714286
MM-S02,1,50,1,2.2285714285714286
MM-S02,2,3,1,2.2285714285714286
MM-S02,2,4,0,2.2285714285714286
MM-S02,2,5,5,2.2285714285714286
MM-S02,2,6,4,2.2285714285714286
MM-S02,2,7,4,2.2285714285714286
MM-S02,2,8,1,2.2285714285714286
MM-S02,2,9,0,2.2285714285714286
MM-S02,2,10,3,2.2285714285714286
MM-S02,2,11,1,2.2285714285714286
MM-S02,2,12,2,2.2285714285714286
MM-S02,2,13,3,2.2285714285714286
MM-S02,2,14,4,2.2285714285714286
MM-S02,2,15,2,2.2285714285714286
MM-S02,2,16,1,2.2285714285714286
MM-S02,2,17,2,2.2285714285714286
MM-S02,2,18,2,2.2285714285714286
MM-S02,2,19,2,2.2285714285714286
MM-S02,2,20,1,2.2285714285714286
MM-S02,2,21,2,2.2285714285714286
MM-S02,2,22,2,2.2285714285714286
MM-S02,2,23,1,2.2285714285714286
MM-S02,2,24,4,2.2285714285714286
MM-S02,2,25,1,2.2285714285714286
MM-S02,2,26,5,2.2285714285714286
MM-S02,2,27,2,2.2285714285714286
MM-S02,2,28,2,2.2285714285714286
MM-S02,2,29,1,2.2285714285714286
MM-S02,2,30,1,2.2285714285714286
MM-S02,2,31,2,2.2285714285714286
MM-S02,2,32,1,2.2285714285714286
MM-S02,2,33,2,2.2285714285714286
MM-S02,2,34,2,2.2285714285714286
MM-S02,2,35,1,2.2285714285714286
MM-S02,2,36,3,2.2285714285714286
MM-S02,2,37,1,2.2285714285714286
MM-S02,2,38,3,2.2285714285714286
MM-S02,2,39,5,2.2285714285714286
MM-S02,2,40,3,2.2285714285714286
MM-S02,2,41,2,2.2285714285714286
MM-S02,2,42,0,2.2285714285714286
MM-S02,2,43,3,2.2285714285714286
MM-S02,2,44,2,2.2285714285714286
MM-S02,2,45,3,2.2285714285714286
MM-S02,2,46,2,2.2285714285714286
MM-S02,2,47,2,2.2285714285714286
MM-S02,2,48,2,2.2285714285714286
MM-S02,2,49,2,2.2285714285714286
MM-S02,2,50,0,2.2285714285714286
MM-S02,3,4,2,2.2285714285714286
MM-S02,3,5,1,2.2285714285714286
MM-S02,3,6,3,2.2285714285714286
MM-S02,3,7,1,2.2285714285714286
MM-S02,3,8,1,2.2285714285714286
MM-S02,3,9,1,2.2285714285714286
MM-S02,3,10,2,2.2285714285714286
MM-S02,3,11,0,2.2285714285714286
MM-S02,3,12,2,2.2285714285714286
MM-S02,3,13,3,2.2285714285714286
MM-S02,3,14,1,2.2285714285714286
MM-S02,3,15,0,2.2285714285714286
MM-S02,3,16,0,2.2285714285714286
MM-S02,3,17,2,2.2285714285714286
MM-S02,3,18,1,2.2285714285714286
MM-S02,3,19,0,2.2285714285714286
MM-S02,3,20,1,2.2285714285714286
MM-S02,3,21,3,2.2285714285714286
MM-S02,3,22,2,2.2285714285714286
MM-S02,3,23,0,2.2285714285714286
MM-S02,3,24,1,2.2285714285714286
MM-S02,3,25,2,2.2285714285714286
MM-S02,3,26,2,2.2285714285714286
MM-S02,3,27,3,2.2285714285714286
MM-S02,3,28,1,2.2285714285714286
MM-S02,3,29,3,2.2285714285714286
MM-S02,3,30,3,2.2285714285714286
MM-S02,3,31,2,2.2285714285714286
MM-S02,3,32,1,2.2285714285714286
MM-S02,3,33,3,2.2285714285714286
MM-S02,3,34,0,2.2285714285714286
MM-S02,3,35,2,2.2285714285714286
MM-S02,3,36,5,2.2285714285714286
MM-S02,3,37,2,2.2285714285714286
MM-S02,3,38,2,2.2285714285714286
MM-S02,3,39,2,2.2285714285714286
MM-S02,3,40,3,2.2285714285714286
MM-S02,3,41,0,2.2285714285714286
MM-S02,3,42,4,2.2285714285714286
MM-S02,3,43,3,2.2285714285714286
MM-S02,3,44,2,2.2285714285714286
MM-S02,3,45,0,2.2285714285714286
MM-S02,3,46,3,2.2285714285714286
MM-S02,3,47,1,2.2285714285714286
MM-S02,3,48,2,2.2285714285714286
MM-S02,3,49,1,2.2285714285714286
MM-S02,3,50,2,2.2285714285714286
MM-S02,4,5,5,2.2285714285714286
MM-S02,4,6,4,2.2285714285714286
MM-S02,4,7,1,2.2285714285714286
MM-S02,4,8,4,2.2285714285714286
MM-S02,4,9,3,2.2285714285714286
MM-S02,4,10,2,2.2285714285714286
MM-S02,4,11,5,2.2285714285714286
MM-S02,4,12,5,2.2285714285714286
MM-S02,4,13,1,2.2285714285714286
MM-S02,4,14,2,2.2285714285714286
MM-S02,4,15,1,2.2285714285714286
MM-S02,4,16,4,2.2285714285714286
MM-S02,4,17,5,2.2285714285714286
MM-S02,4,18,1,2.2285714285714286
MM-S02,4,19,0,2.2285714285714286
MM-S02,4,20,0,2.2285714285714286
MM-S02,4,21,2,2.2285714285714286
MM-S02,4,22,3,2.2285714285714286
MM-S02,4,23,2,2.2285714285714286
MM-S02,4,24,2,2.2285714285714286
MM-S02,4,25,3,2.2285714285714286
MM-S02,4,26,1,2.2285714285714286
MM-S02,4,27,3,2.2285714285714286
MM-S02,4,28,1,2.2285714285714286
MM-S02,4,29,2,2.2285714285714286
MM-S02,4,30,4,2.2285714285714286
MM-S02,4,31,6,2.2285714285714286
MM-S02,4,32,3,2.2285714285714286
MM-S02,4,33,1,2.2285714285714286
MM-S02,4,34,0,2.2285714285714286
MM-S02,4,35,4,2.2285714285714286
MM-S02,4,36,3,2.2285714285714286
MM-S02,4,37,3,2.2285714285714286
MM-S02,4,38,4,2.2285714285714286
MM-S02,4,39,3,2.2285714285714286
MM-S02,4,40,3,2.2285714285714286
MM-S02,4,41,2,2.2285714285714286
MM-S02,4,42,5,2.2285714285714286
MM-S02,4,43,3,2.2285714285714286
MM-S02,4,44,7,2.2285714285714286
MM-S02,4,45,6,2.2285714285714286
MM-S02,4,46,3,2.2285714285714286
MM-S02,4,47,3,2.2285714285714286
MM-S02,4,48,8,2.2285714285714286
MM-S02,4,49,2,2.2285714285714286
MM-S02,4,50,1,2.2285714285714286
MM-S02,5,6,4,2.2285714285714286
MM-S02,5,7,1,2.2285714285714286
MM-S02,5,8,2,2.2285714285714286
MM-S02,5,9,4,2.2285714285714286
MM-S02,5,10,2,2.2285714285714286
MM-S02,5,11,2,2.2285714285714286
MM-S02,5,12,1,2.2285714285714286
MM-S02,5,13,3,2.2285714285714286
MM-S02,5,14,4,2.2285714285714286
MM-S02,5,15,2,2.2285714285714286
MM-S02,5,16,0,2.2285714285714286
MM-S02,5,17,4,2.2285714285714286
MM-S02,5,18,1,2.2285714285714286
MM-S02,5,19,1,2.2285714285714286
MM-S02,5,20,3,2.2285714285714286
MM-S02,5,21,2,2.2285714285714286
MM-S02,5,22,5,2.2285714285714286
MM-S02,5,23,6,2.2285714285714286
MM-S02,5,24,4,2.2285714285714286
MM-S02,5,25,3,2.2285714285714286
MM-S02,5,26,2,2.2285714285714286
MM-S02,5,27,6,2.2285714285714286
MM-S02,5,28,3,2.2285714285714286
MM-S02,5,29,2,2.2285714285714286
MM-S02,5,30,1,2.2285714285714286
MM-S02,5,31,2,2.2285714285714286
MM-S02,5,32,4,2.2285714285714286
MM-S02,5,33,4,2.2285714285714286
MM-S02,5,34,2,2.2285714285714286
MM-S02,5,35,2,2.2285714285714286
MM-S02,5,36,5,2.2285714285714286
MM-S02,5,37,3,2.2285714285714286
MM-S02,5,38,3,2.2285714285714286
MM-S02,5,39,6,2.2285714285714286
MM-S02,5,40,5,2.2285714285714286
MM-S02,5,41,3,2.2285714285714286
MM-S02,5,42,3,2.2285714285714286
MM-S02,5,43,3,2.2285714285714286
MM-S02,5,44,4,2.2285714285714286
MM-S02,5,45,2,2.2285714285714286
MM-S02,5,46,4,2.2285714285714286
MM-S02,5,47,6,2.2285714285714286
MM-S02,5,48,2,2.2285714285714286
MM-S02,5,49,3,2.2285714285714286
MM-S02,5,50,4,2.2285714285714286
MM-S02,6,7,5,2.2285714285714286
MM-S02,6,8,2,2.2285714285714286
MM-S02,6,9,2,2.2285714285714286
MM-S02,6,10,6,2.2285714285714286
MM-S02,6,11,2,2.2285714285714286
MM-S02,6,12,1,2.2285714285714286
MM-S02,6,13,2,2.2285714285714286
MM-S02,6,14,2,2.2285714285714286
MM-S02,6,15,2,2.2285714285714286
MM-S02,6,16,3,2.2285714285714286
MM-S02,6,17,4,2.2285714285714286
MM-S02,6,18,2,2.2285714285714286
MM-S02,6,19,3,2.2285714285714286
MM-S02,6,20,1,2.2285714285714286
MM-S02,6,21,2,2.2285714285714286
MM-S02,6,22,1,2.2285714285714286
MM-S02,6,23,5,2.2285714285714286
MM-S02,6,24,3,2.2285714285714286
MM-S02,6,25,3,2.2285714285714286
MM-S02,6,26,8,2.2285714285714286
MM-S02,6,27,3,2.2285714285714286
MM-S02,6,28,2,2.2285714285714286
MM-S02,6,29,0,2.2285714285714286
MM-S02,6,30,4,2.2285714285714286
MM-S02,6,31,5,2.2285714285714286
MM-S02,6,32,1,2.2285714285714286
MM-S02,6,33,2,2.2285714285714286
MM-S02,6,34,3,2.2285714285714286
MM-S02,6,35,1,2.2285714285714286
MM-S02,6,36,2,2.2285714285714286
MM-S02,6,37,2,2.2285714285714286
MM-S02,6,38,3,2.2285714285714286
MM-S02,6,39,4,2.2285714285714286
MM-S02,6,40,3,2.2285714285714286
MM-S02,6,41,1,2.2285714285714286
MM-S02,6,42,2,2.2285714285714286
MM-S02,6,43,3,2.2285714285714286
MM-S02,6,44,2,2.2285714285714286
MM-S02,6,45,1,2.2285714285714286
MM-S02,6,46,1,2.2285714285714286
MM-S02,6,47,1,2.2285714285714286
MM-S02,6,48,1,2.2285714285714286
MM-S02,6,49,1,2.2285714285714286
MM-S02,6,50,2,2.2285714285714286
MM-S02,7,8,3,2.2285714285714286
MM-S02,7,9,0,2.2285714285714286
MM-S02,7,10,1,2.2285714285714286
MM-S02,7,11,1,2.2285714285714286
MM-S02,7,12,3,2.2285714285714286
MM-S02,7,13,4,2.2285714285714286
MM-S02,7,14,1,2.2285714285714286
MM-S02,7,15,0,2.2285714285714286
MM-S02,7,16,6,2.2285714285714286
MM-S02,7,17,3,2.2285714285714286
MM-S02,7,18,2,2.2285714285714286
MM-S02,7,19,2,2.2285714285714286
MM-S02,7,20,2,2.2285714285714286
MM-S02,7,21,1,2.2285714285714286
MM-S02,7,22,2,2.2285714285714286
MM-S02,7,23,3,2.2285714285714286
MM-S02,7,24,1,2.2285714285714286
MM-S02,7,25,1,2.2285714285714286
MM-S02,7,26,2,2.2285714285714286
MM-S02,7,27,0,2.2285714285714286
MM-S02,7,28,0,2.2285714285714286
MM-S02,7,29,0,2.2285714285714286
MM-S02,7,30,1,2.2285714285714286
MM-S02,7,31,0,2.2285714285714286
MM-S02,7,32,0,2.2285714285714286
MM-S02,7,33,1,2.2285714285714286
MM-S02,7,34,2,2.2285714285714286
MM-S02,7,35,2,2.2285714285714286
MM-S02,7,36,4,2.2285714285714286
MM-S02,7,37,0,2.2285714285714286
MM-S02,7,38,2,2.2285714285714286
MM-S02,7,39,0,2.2285714285714286
MM-S02,7,40,1,2.2285714285714286
MM-S02,7,41,1,2.2285714285714286
MM-S02,7,42,0,2.2285714285714286
MM-S02,7,43,4,2.2285714285714286
MM-S02,7,44,1,2.2285714285714286
MM-S02,7,45,2,2.2285714285714286
MM-S02,7,46,0,2.2285714285714286
MM-S02,7,47,1,2.2285714285714286
MM-S02,7,48,0,2.2285714285714286
MM-S02,7,49,0,2.2285714285714286
MM-S02,7,50,1,2.2285714285714286
MM-S02,8,9,3,2.2285714285714286
MM-S02,8,10,7,2.2285714285714286
MM-S02,8,11,3,2.2285714285714286
MM-S02,8,12,3,2.2285714285714286
MM-S02,8,13,4,2.2285714285714286
MM-S02,8,14,2,2.2285714285714286
MM-S02,8,15,2,2.2285714285714286
MM-S02,8,16,2,2.2285714285714286
MM-S02,8,17,1,2.2285714285714286
MM-S02,8,18,1,2.2285714285714286
MM-S02,8,19,0,2.2285714285714286
MM-S02,8,20,2,2.2285714285714286
MM-S02,8,21,2,2.2285714285714286
MM-S02,8,22,3,2.2285714285714286
MM-S02,8,23,0,2.2285714285714286
MM-S02,8,24,1,2.2285714285714286
MM-S02,8,25,1,2.2285714285714286
MM-S02,8,26,1,2.2285714285714286
MM-S02,8,27,2,2.2285714285714286
MM-S02,8,28,5,2.2285714285714286
MM-S02,8,29,1,2.2285714285714286
MM-S02,8,30,4,2.2285714285714286
MM-S02,8,31,1,2.2285714285714286
MM-S02,8,32,2,2.2285714285714286
MM-S02,8,33,0,2.2285714285714286
MM-S02,8,34,3,2.2285714285714286
MM-S02,8,35,3,2.2285714285714286
MM-S02,8,36,0,2.2285714285714286
MM-S02,8,37,2,2.2285714285714286
MM-S02,8,38,3,2.2285714285714286
MM-S02,8,39,0,2.2285714285714286
MM-S02,8,40,3,2.2285714285714286
MM-S02,8,41,1,2.2285714285714286
MM-S02,8,42,1,2.2285714285714286
MM-S02,8,43,1,2.2285714285714286
MM-S02,8,44,3,2.2285714285714286
MM-S02,8,45,1,2.2285714285714286
MM-S02,8,46,2,2.2285714285714286
MM-S02,8,47,2,2.2285714285714286
MM-S02,8,48,2,2.2285714285714286
MM-S02,8,49,1,2.2285714285714286
MM-S02,8,50,3,2.2285714285714286
MM-S02,9,10,3,2.2285714285714286
MM-S02,9,11,3,2.2285714285714286
MM-S02,9,12,2,2.2285714285714286
MM-S02,9,13,4,2.2285714285714286
MM-S02,9,14,2,2.2285714285714286
MM-S02,9,15,2,2.2285714285714286
MM-S02,9,16,4,2.2285714285714286
MM-S02,9,17,1,2.2285714285714286
MM-S02,9,18,1,2.2285714285714286
MM-S02,9,19,1,2.2285714285714286
MM-S02,9,20,0,2.2285714285714286
MM-S02,9,21,3,2.2285714285714286
MM-S02,9,22,2,2.2285714285714286
MM-S02,9,23,3,2.2285714285714286
MM-S02,9,24,2,2.2285714285714286
MM-S02,9,25,1,2.2285714285714286
MM-S02,9,26,1,2.2285714285714286
MM-S02,9,27,2,2.2285714285714286
MM-S02,9,28,3,2.2285714285714286
MM-S02,9,29,1,2.2285714285714286
MM-S02,9,30,2,2.2285714285714286
MM-S02,9,31,4,2.2285714285714286
MM-S02,9,32,3,2.2285714285714286
MM-S02,9,33,0,2.2285714285714286
MM-S02,9,34,3,2.2285714285714286
MM-S02,9,35,0,2.2285714285714286
MM-S02,9,36,0,2.2285714285714286
MM-S02,9,37,1,2.2285714285714286
MM-S02,9,38,1,2.2285714285714286
MM-S02,9,39,2,2.2285714285714286
MM-S02,9,40,2,2.2285714285714286
MM-S02,9,41,6,2.2285714285714286
MM-S02,9,42,3,2.2285714285714286
MM-S02,9,43,1,2.2285714285714286
MM-S02,9,44,0,2.2285714285714286
MM-S02,9,45,2,2.2285714285714286
MM-S02,9,46,4,2.2285714285714286
MM-S02,9,47,4,2.2285714285714286
MM-S02,9,48,3,2.2285714285714286
MM-S02,9,49,2,2.2285714285714286
MM-S02,9,50,4,2.2285714285714286
MM-S02,10,11,1,2.2285714285714286
MM-S02,10,12,2,2.2285714285714286
MM-S02,10,13,4,2.2285714285714286
MM-S02,10,14,0,2.2285714285714286
MM-S02,10,15,1,2.2285714285714286
MM-S02,10,16,3,2.2285714285714286
MM-S02,10,17,0,2.2285714285714286
MM-S02,10,18,1,2.2285714285714286
MM-S02,10,19,1,2.2285714285714286
MM-S02,10,20,2,2.2285714285714286
MM-S02,10,21,0,2.2285714285714286
MM-S02,10,22,1,2.2285714285714286
MM-S02,10,23,1,2.2285714285714286
MM-S02,10,24,3,2.2285714285714286
MM-S02,10,25,1,2.2285714285714286
MM-S02,10,26,5,2.2285714285714286
MM-S02,10,27,2,2.2285714285714286
MM-S02,10,28,1,2.2285714285714286
MM-S02,10,29,3,2.2285714285714286
MM-S02,10,30,3,2.2285714285714286
MM-S02,10,31,3,2.2285714285714286
MM-S02,10,32,1,2.2285714285714286
MM-S02,10,33,1,2.2285714285714286
MM-S02,10,34,1,2.2285714285714286
MM-S02,10,35,2,2.2285714285714286
MM-S02,10,36,2,2.2285714285714286
MM-S02,10,37,2,2.2285714285714286
MM-S02,10,38,3,2.2285714285714286
MM-S02,10,39,3,2.2285714285714286
MM-S02,10,40,4,2.2285714285714286
MM-S02,10,41,0,2.2285714285714286
MM-S02,10,42,1,2.2285714285714286
MM-S02,10,43,1,2.2285714285714286
MM-S02,10,44,1,2.2285714285714286
MM-S02,10,45,1,2.2285714285714286
MM-S02,10,46,1,2.2285714285714286
MM-S02,10,47,1,2.2285714285714286
MM-S02,10,48,1,2.2285714285714286
MM-S02,10,49,2,2.2285714285714286
MM-S02,10,50,2,2.2285714285714286
MM-S02,11,12,5,2.2285714285714286
MM-S02,11,13,3,2.2285714285714286
MM-S02,11,14,3,2.2285714285714286
MM-S02,11,15,1,2.2285714285714286
MM-S02,11,16,1,2.2285714285714286
MM-S02,11,17,3,2.2285714285714286
MM-S02,11,18,3,2.2285714285714286
MM-S02,11,19,2,2.2285714285714286
MM-S02,11,20,0,2.2285714285714286
MM-S02,11,21,3,2.2285714285714286
MM-S02,11,22,1,2.2285714285714286
MM-S02,11,23,2,2.2285714285714286
MM-S02,11,24,2,2.2285714285714286
MM-S02,11,25,0,2.2285714285714286
MM-S02,11,26,2,2.2285714285714286
MM-S02,11,27,6,2.2285714285714286
MM-S02,11,28,2,2.2285714285714286
MM-S02,11,29,3,2.2285714285714286
MM-S02,11,30,1,2.2285714285714286
MM-S02,11,31,4,2.2285714285714286
MM-S02,11,32,1,2.2285714285714286
MM-S02,11,33,2,2.2285714285714286
MM-S02,11,34,2,2.2285714285714286
MM-S02,11,35,3,2.2285714285714286
MM-S02,11,36,2,2.2285714285714286
MM-S02,11,37,1,2.2285714285714286
MM-S02,11,38,4,2.2285714285714286
MM-S02,11,39,2,2.2285714285714286
MM-S02,11,40,4,2.2285714285714286
MM-S02,11,41,7,2.2285714285714286
MM-S02,11,42,3,2.2285714285714286
MM-S02,11,43,1,2.2285714285714286
MM-S02,11,44,2,2.2285714285714286
MM-S02,11,45,4,2.2285714285714286
MM-S02,11,46,1,2.2285714285714286
MM-S02,11,47,1,2.2285714285714286
MM-S02,11,48,1,2.2285714285714286
MM-S02,11,49,2,2.2285714285714286
MM-S02,11,50,3,2.2285714285714286
MM-S02,12,13,3,2.2285714285714286
MM-S02,12,14,3,2.2285714285714286
MM-S02,12,15,2,2.2285714285714286
MM-S02,12,16,1,2.2285714285714286
MM-S02,12,17,5,2.2285714285714286
MM-S02,12,18,1,2.2285714285714286
MM-S02,12,19,2,2.2285714285714286
MM-S02,12,20,2,2.2285714285714286
MM-S02,12,21,3,2.2285714285714286
MM-S02,12,22,5,2.2285714285714286
MM-S02,12,23,1,2.2285714285714286
MM-S02,12,24,3,2.2285714285714286
MM-S02,12,25,1,2.2285714285714286
MM-S02,12,26,2,2.2285714285714286
MM-S02,12,27,3,2.2285714285714286
MM-S02,12,28,3,2.2285714285714286
MM-S02,12,29,1,2.2285714285714286
MM-S02,12,30,2,2.2285714285714286
MM-S02,12,31,1,2.2285714285714286
MM-S02,12,32,1,2.2285714285714286
MM-S02,12,33,4,2.2285714285714286
MM-S02,12,34,1,2.2285714285714286
MM-S02,12,35,4,2.2285714285714286
MM-S02,12,36,3,2.2285714285714286
MM-S02,12,37,3,2.2285714285714286
MM-S02,12,38,5,2.2285714285714286
MM-S02,12,39,3,2.2285714285714286
MM-S02,12,40,4,2.2285714285714286
MM-S02,12,41,3,2.2285714285714286
MM-S02,12,42,3,2.2285714285714286
MM-S02,12,43,1,2.2285714285714286
MM-S02,12,44,3,2.2285714285714286
MM-S02,12,45,2,2.2285714285714286
MM-S02,12,46,1,2.2285714285714286
MM-S02,12,47,1,2.2285714285714286
MM-S02,12,48,2,2.2285714285714286
MM-S02,12,49,2,2.2285714285714286
MM-S02,12,50,0,2.2285714285714286
MM-S02,13,14,0,2.2285714285714286
MM-S02,13,15,4,2.2285714285714286
MM-S02,13,16,2,2.2285714285714286
MM-S02,13,17,2,2.2285714285714286
MM-S02,13,18,0,2.2285714285714286
MM-S02,13,19,2,2.2285714285714286
MM-S02,13,20,4,2.2285714285714286
MM-S02,13,21,2,2.2285714285714286
MM-S02,13,22,1,2.2285714285714286
MM-S02,13,23,3,2.2285714285714286
MM-S02,13,24,1,2.2285714285714286
MM-S02,13,25,3,2.2285714285714286
MM-S02,13,26,3,2.2285714285714286
MM-S02,13,27,2,2.2285714285714286
MM-S02,13,28,0,2.2285714285714286
MM-S02,13,29,1,2.2285714285714286
MM-S02,13,30,1,2.2285714285714286
MM-S02,13,31,3,2.2285714285714286
MM-S02,13,32,1,2.2285714285714286
MM-S02,13,33,0,2.2285714285714286
MM-S02,13,34,2,2.2285714285714286
MM-S02,13,35,1,2.2285714285714286
MM-S02,13,36,1,2.2285714285714286
MM-S02,13,37,2,2.2285714285714286
MM-S02,13,38,1,2.2285714285714286
MM-S02,13,39,2,2.2285714285714286
MM-S02,13,40,2,2.2285714285714286
MM-S02,13,41,5,2.2285714285714286
MM-S02,13,42,3,2.2285714285714286
MM-S02,13,43,4,2.2285714285714286
MM-S02,13,44,3,2.2285714285714286
MM-S02,13,45,0,2.2285714285714286
MM-S02,13,46,0,2.2285714285714286
MM-S02,13,47,1,2.2285714285714286
MM-S02,13,48,0,2.2285714285714286
MM-S02,13,49,2,2.2285714285714286
MM-S02,13,50,3,2.2285714285714286
MM-S02,14,15,3,2.2285714285714286
MM-S02,14,16,1,2.2285714285714286
MM-S02,14,17,0,2.2285714285714286
MM-S02,14,18,0,2.2285714285714286
MM-S02,14,19,2,2.2285714285714286
MM-S02,14,20,1,2.2285714285714286
MM-S02,14,21,2,2.2285714285714286
MM-S02,14,22,2,2.2285714285714286
MM-S02,14,23,1,2.2285714285714286
MM-S02,14,24,5,2.2285714285714286
MM-S02,14,25,1,2.2285714285714286
MM-S02,14,26,0,2.2285714285714286
MM-S02,14,27,5,2.2285714285714286
MM-S02,14,28,2,2.2285714285714286
MM-S02,14,29,0,2.2285714285714286
MM-S02,14,30,0,2.2285714285714286
MM-S02,14,31,5,2.2285714285714286
MM-S02,14,32,0,2.2285714285714286
MM-S02,14,33,1,2.2285714285714286
MM-S02,14,34,2,2.2285714285714286
MM-S02,14,35,1,2.2285714285714286
MM-S02,14,36,0,2.2285714285714286
MM-S02,14,37,2,2.2285714285714286
MM-S02,14,38,4,2.2285714285714286
MM-S02,14,39,1,2.2285714285714286
MM-S02,14,40,1,2.2285714285714286
MM-S02,14,41,3,2.2285714285714286
MM-S02,14,42,4,2.2285714285714286
MM-S02,14,43,4,2.2285714285714286
MM-S02,14,44,3,2.2285714285714286
MM-S02,14,45,2,2.2285714285714286
MM-S02,14,46,1,2.2285714285714286
MM-S02,14,47,7,2.2285714285714286
MM-S02,14,48,1,2.2285714285714286
MM-S02,14,49,3,2.2285714285714286
MM-S02,14,50,3,2.2285714285714286
MM-S02,15,16,2,2.2285714285714286
MM-S02,15,17,1,2.2285714285714286
MM-S02,15,18,1,2.2285714285714286
MM-S02,15,19,2,2.2285714285714286
MM-S02,15,20,2,2.2285714285714286
MM-S02,15,21,2,2.2285714285714286
MM-S02,15,22,3,2.2285714285714286
MM-S02,15,23,3,2.2285714285714286
MM-S02,15,24,1,2.2285714285714286
MM-S02,15,25,3,2.2285714285714286
MM-S02,15,26,2,2.2285714285714286
MM-S02,15,27,2,2.2285714285714286
MM-S02,15,28,5,2.2285714285714286
MM-S02,15,29,3,2.2285714285714286
MM-S02,15,30,2,2.2285714285714286
MM-S02,15,31,2,2.2285714285714286
MM-S02,15,32,1,2.2285714285714286
MM-S02,15,33,2,2.2285714285714286
MM-S02,15,34,2,2.2285714285714286
MM-S02,15,35,0,2.2285714285714286
MM-S02,15,36,1,2.2285714285714286
MM-S02,15,37,3,2.2285714285714286
MM-S02,15,38,2,2.2285714285714286
MM-S02,15,39,1,2.2285714285714286
MM-S02,15,40,2,2.2285714285714286
MM-S02,15,41,5,2.2285714285714286
MM-S02,15,42,1,2.2285714285714286
MM-S02,15,43,1,2.2285714285714286
MM-S02,15,44,3,2.2285714285714286
MM-S02,15,45,1,2.2285714285714286
MM-S02,15,46,1,2.2285714285714286
MM-S02,15,47,6,2.2285714285714286
MM-S02,15,48,1,2.2285714285714286
MM-S02,15,49,4,2.2285714285714286
MM-S02,15,50,2,2.2285714285714286
MM-S02,16,17,0,2.2285714285714286
MM-S02,16,18,6,2.2285714285714286
MM-S02,16,19,0,2.2285714285714286
MM-S02,16,20,4,2.2285714285714286
MM-S02,16,21,2,2.2285714285714286
MM-S02,16,22,5,2.2285714285714286
MM-S02,16,23,1,2.2285714285714286
MM-S02,16,24,1,2.2285714285714286
MM-S02,16,25,3,2.2285714285714286
MM-S02,16,26,2,2.2285714285714286
MM-S02,16,27,2,2.2285714285714286
MM-S02,16,28,3,2.2285714285714286
MM-S02,16,29,1,2.2285714285714286
MM-S02,16,30,2,2.2285714285714286
MM-S02,16,31,2,2.2285714285714286
MM-S02,16,32,3,2.2285714285714286
MM-S02,16,33,2,2.2285714285714286
MM-S02,16,34,4,2.2285714285714286
MM-S02,16,35,1,2.2285714285714286
MM-S02,16,36,7,2.2285714285714286
MM-S02,16,37,2,2.2285714285714286
MM-S02,16,38,2,2.2285714285714286
MM-S02,16,39,4,2.2285714285714286
MM-S02,16,40,3,2.2285714285714286
MM-S02,16,41,2,2.2285714285714286
MM-S02,16,42,0,2.2285714285714286
MM-S02,16,43,2,2.2285714285714286
MM-S02,16,44,2,2.2285714285714286
MM-S02,16,45,2,2.2285714285714286
MM-S02,16,46,3,2.2285714285714286
MM-S02,16,47,4,2.2285714285714286
MM-S02,16,48,2,2.2285714285714286
MM-S02,16,49,1,2.2285714285714286
MM-S02,16,50,1,2.2285714285714286
MM-S02,17,18,3,2.2285714285714286
MM-S02,17,19,0,2.2285714285714286
MM-S02,17,20,2,2.2285714285714286
MM-S02,17,21,1,2.2285714285714286
MM-S02,17,22,7,2.2285714285714286
MM-S02,17,23,4,2.2285714285714286
MM-S02,17,24,1,2.2285714285714286
MM-S02,17,25,0,2.2285714285714286
MM-S02,17,26,0,2.2285714285714286
MM-S02,17,27,2,2.2285714285714286
MM-S02,17,28,2,2.2285714285714286
MM-S02,17,29,1,2.2285714285714286
MM-S02,17,30,0,2.2285714285714286
MM-S02,17,31,2,2.2285714285714286
MM-S02,17,32,3,2.2285714285714286
MM-S02,17,33,3,2.2285714285714286
MM-S02,17,34,2,2.2285714285714286
MM-S02,17,35,1,2.2285714285714286
MM-S02,17,36,2,2.2285714285714286
MM-S02,17,37,4,2.2285714285714286
MM-S02,17,38,4,2.2285714285714286
MM-S02,17,39,3,2.2285714285714286
MM-S02,17,40,2,2.2285714285714286
MM-S02,17,41,3,2.2285714285714286
MM-S02,17,42,3,2.2285714285714286
MM-S02,17,43,2,2.2285714285714286
MM-S02,17,44,3,2.2285714285714286
MM-S02,17,45,1,2.2285714285714286
MM-S02,17,46,2,2.2285714285714286
MM-S02,17,47,1,2.2285714285714286
MM-S02,17,48,2,2.2285714285714286
MM-S02,17,49,2,2.2285714285714286
MM-S02,17,50,1,2.2285714285714286
MM-S02,18,19,0,2.2285714285714286
MM-S02,18,20,1,2.2285714285714286
MM-S02,18,21,2,2.2285714285714286
MM-S02,18,22,0,2.2285714285714286
MM-S02,18,23,0,2.2285714285714286
MM-S02,18,24,1,2.2285714285714286
MM-S02,18,25,1,2.2285714285714286
MM-S02,18,26,1,2.2285714285714286
MM-S02,18,27,1,2.2285714285714286
MM-S02,18,28,3,2.2285714285714286
MM-S02,18,29,1,2.2285714285714286
MM-S02,18,30,1,2.2285714285714286
MM-S02,18,31,2,2.2285714285714286
MM-S02,18,32,1,2.2285714285714286
MM-S02,18,33,1,2.2285714285714286
MM-S02,18,34,1,2.2285714285714286
MM-S02,18,35,2,2.2285714285714286
MM-S02,18,36,3,2.2285714285714286
MM-S02,18,37,2,2.2285714285714286
MM-S02,18,38,2,2.2285714285714286
MM-S02,18,39,1,2.2285714285714286
MM-S02,18,40,0,2.2285714285714286
MM-S02,18,41,2,2.2285714285714286
MM-S02,18,42,2,2.2285714285714286
MM-S02,18,43,2,2.2285714285714286
MM-S02,18,44,2,2.2285714285714286
MM-S02,18,45,1,2.2285714285714286
MM-S02,18,46,2,2.2285714285714286
MM-S02,18,47,2,2.2285714285714286
MM-S02,18,48,3,2.2285714285714286
MM-S02,18,49,4,2.2285714285714286
MM-S02,18,50,2,2.2285714285714286
MM-S02,19,20,1,2.2285714285714286
MM-S02,19,21,3,2.2285714285714286
MM-S02,19,22,0,2.2285714285714286
MM-S02,19,23,0,2.2285714285714286
MM-S02,19,24,5,2.2285714285714286
MM-S02,19,25,0,2.2285714285714286
MM-S02,19,26,1,2.2285714285714286
MM-S02,19,27,1,2.2285714285714286
MM-S02,19,28,1,2.2285714285714286
MM-S02,19,29,2,2.2285714285714286
MM-S02,19,30,2,2.2285714285714286
MM-S02,19,31,1,2.2285714285714286
MM-S02,19,32,0,2.2285714285714286
MM-S02,19,33,1,2.2285714285714286
MM-S02,19,34,0,2.2285714285714286
MM-S02,19,35,0,2.2285714285714286
MM-S02,19,36,1,2.2285714285714286
MM-S02,19,37,0,2.2285714285714286
MM-S02,19,38,3,2.2285714285714286
MM-S02,19,39,1,2.2285714285714286
MM-S02,19,40,3,2.2285714285714286
MM-S02,19,41,2,2.2285714285714286
MM-S02,19,42,1,2.2285714285714286
MM-S02,19,43,1,2.2285714285714286
MM-S02,19,44,0,2.2285714285714286
MM-S02,19,45,1,2.2285714285714286
MM-S02,19,46,1,2.2285714285714286
MM-S02,19,47,0,2.2285714285714286
MM-S02,19,48,0,2.2285714285714286
MM-S02,19,49,1,2.2285714285714286
MM-S02,19,50,1,2.2285714285714286
MM-S02,20,21,2,2.2285714285714286
MM-S02,20,22,2,2.2285714285714286
MM-S02,20,23,4,2.2285714285714286
MM-S02,20,24,2,2.2285714285714286
MM-S02,20,25,1,2.2285714285714286
MM-S02,20,26,3,2.2285714285714286
MM-S02,20,27,2,2.2285714285714286
MM-S02,20,28,0,2.2285714285714286
MM-S02,20,29,3,2.2285714285714286
MM-S02,20,30,0,2.2285714285714286
MM-S02,20,31,1,2.2285714285714286
MM-S02,20,32,4,2.2285714285714286
MM-S02,20,33,4,2.2285714285714286
MM-S02,20,34,1,2.2285714285714286
MM-S02,20,35,0,2.2285714285714286
MM-S02,20,36,4,2.2285714285714286
MM-S02,20,37,0,2.2285714285714286
MM-S02,20,38,2,2.2285714285714286
MM-S02,20,39,2,2.2285714285714286
MM-S02,20,40,2,2.2285714285714286
MM-S02,20,41,0,2.2285714285714286
MM-S02,20,42,3,2.2285714285714286
MM-S02,20,43,1,2.2285714285714286
MM-S02,20,44,2,2.2285714285714286
MM-S02,20,45,1,2.2285714285714286
MM-S02,20,46,3,2.2285714285714286
MM-S02,20,47,3,2.2285714285714286
MM-S02,20,48,1,2.2285714285714286
MM-S02,20,49,0,2.2285714285714286
MM-S02,20,50,2,2.2285714285714286
MM-S02,21,22,3,2.2285714285714286
MM-S02,21,23,1,2.2285714285714286
MM-S02,21,24,1,2.2285714285714286
MM-S02,21,25,1,2.2285714285714286
MM-S02,21,26,3,2.2285714285714286
MM-S02,21,27,4,2.2285714285714286
MM-S02,21,28,1,2.2285714285714286
MM-S02,21,29,3,2.2285714285714286
MM-S02,21,30,1,2.2285714285714286
MM-S02,21,31,1,2.2285714285714286
MM-S02,21,32,1,2.2285714285714286
MM-S02,21,33,3,2.2285714285714286
MM-S02,21,34,1,2.2285714285714286
MM-S02,21,35,2,2.2285714285714286
MM-S02,21,36,1,2.2285714285714286
MM-S02,21,37,2,2.2285714285714286
MM-S02,21,38,2,2.2285714285714286
MM-S02,21,39,3,2.2285714285714286
MM-S02,21,40,5,2.2285714285714286
MM-S02,21,41,3,2.2285714285714286
MM-S02,21,42,2,2.2285714285714286
MM-S02,21,43,2,2.2285714285714286
MM-S02,21,44,3,2.2285714285714286
MM-S02,21,45,1,2.2285714285714286
MM-S02,21,46,2,2.2285714285714286
MM-S02,21,47,0,2.2285714285714286
MM-S02,21,48,1,2.2285714285714286
MM-S02,21,49,2,2.2285714285714286
MM-S02,21,50,5,2.2285714285714286
MM-S02,22,23,2,2.2285714285714286
MM-S02,22,24,1,2.2285714285714286
MM-S02,22,25,1,2.2285714285714286
MM-S02,22,26,2,2.2285714285714286
MM-S02,22,27,5,2.2285714285714286
MM-S02,22,28,4,2.2285714285714286
MM-S02,22,29,4,2.2285714285714286
MM-S02,22,30,1,2.2285714285714286
MM-S02,22,31,0,2.2285714285714286
MM-S02,22,32,2,2.2285714285714286
MM-S02,22,33,3,2.2285714285714286
MM-S02,22,34,4,2.2285714285714286
MM-S02,22,35,4,2.2285714285714286
MM-S02,22,36,3,2.2285714285714286
MM-S02,22,37,2,2.2285714285714286
MM-S02,22,38,6,2.2285714285714286
MM-S02,22,39,3,2.2285714285714286
MM-S02,22,40,4,2.2285714285714286
MM-S02,22,41,3,2.2285714285714286
MM-S02,22,42,3,2.2285714285714286
MM-S02,22,43,3,2.2285714285714286
MM-S02,22,44,3,2.2285714285714286
MM-S02,22,45,1,2.2285714285714286
MM-S02,22,46,2,2.2285714285714286
MM-S02,22,47,4,2.2285714285714286
MM-S02,22,48,2,2.2285714285714286
MM-S02,22,49,1,2.2285714285714286
MM-S02,22,50,0,2.2285714285714286
MM-S02,23,24,2,2.2285714285714286
MM-S02,23,25,5,2.2285714285714286
MM-S02,23,26,3,2.2285714285714286
MM-S02,23,27,4,2.2285714285714286
MM-S02,23,28,1,2.2285714285714286
MM-S02,23,29,4,2.2285714285714286
MM-S02,23,30,2,2.2285714285714286
MM-S02,23,31,2,2.2285714285714286
MM-S02,23,32,1,2.2285714285714286
MM-S02,23,33,4,2.2285714285714286
MM-S02,23,34,0,2.2285714285714286
MM-S02,23,35,2,2.2285714285714286
MM-S02,23,36,2,2.2285714285714286
MM-S02,23,37,1,2.2285714285714286
MM-S02,23,38,4,2.2285714285714286
MM-S02,23,39,4,2.2285714285714286
MM-S02,23,40,0,2.2285714285714286
MM-S02,23,41,2,2.2285714285714286
MM-S02,23,42,2,2.2285714285714286
MM-S02,23,43,3,2.2285714285714286
MM-S02,23,44,0,2.2285714285714286
MM-S02,23,45,3,2.2285714285714286
MM-S02,23,46,1,2.2285714285714286
MM-S02,23,47,2,2.2285714285714286
MM-S02,23,48,1,2.2285714285714286
MM-S02,23,49,4,2.2285714285714286
MM-S02,23,50,4,2.2285714285714286
MM-S02,24,25,2,2.2285714285714286
MM-S02,24,26,5,2.2285714285714286
MM-S02,24,27,1,2.2285714285714286
MM-S02,24,28,1,2.2285714285714286
MM-S02,24,29,3,2.2285714285714286
MM-S02,24,30,1,2.2285714285714286
MM-S02,24,31,2,2.2285714285714286
MM-S02,24,32,3,2.2285714285714286
MM-S02,24,33,2,2.2285714285714286
MM-S02,24,34,0,2.2285714285714286
MM-S02,24,35,5,2.2285714285714286
MM-S02,24,36,1,2.2285714285714286
MM-S02,24,37,5,2.2285714285714286
MM-S02,24,38,3,2.2285714285714286
MM-S02,24,39,3,2.2285714285714286
MM-S02,24,40,3,2.2285714285714286
MM-S02,24,41,3,2.2285714285714286
MM-S02,24,42,2,2.2285714285714286
MM-S02,24,43,1,2.2285714285714286
MM-S02,24,44,4,2.2285714285714286
MM-S02,24,45,1,2.2285714285714286
MM-S02,24,46,0,2.2285714285714286
MM-S02,24,47,4,2.2285714285714286
MM-S02,24,48,3,2.2285714285714286
MM-S02,24,49,2,2.2285714285714286
MM-S02,24,50,1,2.2285714285714286
MM-S02,25,26,4,2.2285714285714286
MM-S02,25,27,2,2.2285714285714286
MM-S02,25,28,3,2.2285714285714286
MM-S02,25,29,4,2.2285714285714286
MM-S02,25,30,3,2.2285714285714286
MM-S02,25,31,4,2.2285714285714286
MM-S02,25,32,3,2.2285714285714286
MM-S02,25,33,2,2.2285714285714286
MM-S02,25,34,2,2.2285714285714286
MM-S02,25,35,2,2.2285714285714286
MM-S02,25,36,0,2.2285714285714286
MM-S02,25,37,2,2.2285714285714286
MM-S02,25,38,1,2.2285714285714286
MM-S02,25,39,3,2.2285714285714286
MM-S02,25,40,4,2.2285714285714286
MM-S02,25,41,0,2.2285714285714286
MM-S02,25,42,4,2.2285714285714286
MM-S02,25,43,1,2.2285714285714286
MM-S02,25,44,0,2.2285714285714286
MM-S02,25,45,3,2.2285714285714286
MM-S02,25,46,1,2.2285714285714286
MM-S02,25,47,4,2.2285714285714286
MM-S02,25,48,1,2.2285714285714286
MM-S02,25,49,2,2.2285714285714286
MM-S02,25,50,1,2.2285714285714286
MM-S02,26,27,3,2.2285714285714286
MM-S02,26,28,3,2.2285714285714286
MM-S02,26,29,2,2.2285714285714286
MM-S02,26,30,1,2.2285714285714286
MM-S02,26,31,3,2.2285714285714286
MM-S02,26,32,3,2.2285714285714286
MM-S02,26,33,2,2.2285714285714286
MM-S02,26,34,0,2.2285714285714286
MM-S02,26,35,2,2.2285714285714286
MM-S02,26,36,2,2.2285714285714286
MM-S02,26,37,3,2.2285714285714286
MM-S02,26,38,3,2.2285714285714286
MM-S02,26,39,7,2.2285714285714286
MM-S02,26,40,7,2.2285714285714286
MM-S02,26,41,3,2.2285714285714286
MM-S02,26,42,2,2.2285714285714286
MM-S02,26,43,2,2.2285714285714286
MM-S02,26,44,4,2.2285714285714286
MM-S02,26,45,1,2.2285714285714286
MM-S02,26,46,1,2.2285714285714286
MM-S02,26,47,1,2.2285714285714286
MM-S02,26,48,2,2.2285714285714286
MM-S02,26,49,2,2.2285714285714286
MM-S02,26,50,2,2.2285714285714286
MM-S02,27,28,3,2.2285714285714286
MM-S02,27,29,3,2.2285714285714286
MM-S02,27,30,1,2.2285714285714286
MM-S02,27,31,2,2.2285714285714286
MM-S02,27,32,3,2.2285714285714286
MM-S02,27,33,1,2.2285714285714286
MM-S02,27,34,1,2.2285714285714286
MM-S02,27,35,2,2.2285714285714286
MM-S02,27,36,3,2.2285714285714286
MM-S02,27,37,4,2.2285714285714286
MM-S02,27,38,5,2.2285714285714286
MM-S02,27,39,3,2.2285714285714286
MM-S02,27,40,3,2.2285714285714286
MM-S02,27,41,3,2.2285714285714286
MM-S02,27,42,6,2.2285714285714286
MM-S02,27,43,3,2.2285714285714286
MM-S02,27,44,4,2.2285714285714286
MM-S02,27,45,3,2.2285714285714286
MM-S02,27,46,1,2.2285714285714286
MM-S02,27,47,4,2.2285714285714286
MM-S02,27,48,1,2.2285714285714286
MM-S02,27,49,2,2.2285714285714286
MM-S02,27,50,3,2.2285714285714286
MM-S02,28,29,3,2.2285714285714286
MM-S02,28,30,1,2.2285714285714286
MM-S02,28,31,1,2.2285714285714286
MM-S02,28,32,1,2.2285714285714286
MM-S02,28,33,1,2.2285714285714286
MM-S02,28,34,2,2.2285714285714286
MM-S02,28,35,4,2.2285714285714286
MM-S02,28,36,3,2.2285714285714286
MM-S02,28,37,2,2.2285714285714286
MM-S02,28,38,2,2.2285714285714286
MM-S02,28,39,3,2.2285714285714286
MM-S02,28,40,2,2.2285714285714286
MM-S02,28,41,1,2.2285714285714286
MM-S02,28,42,3,2.2285714285714286
MM-S02,28,43,1,2.2285714285714286
MM-S02,28,44,2,2.2285714285714286
MM-S02,28,45,2,2.2285714285714286
MM-S02,28,46,3,2.2285714285714286
MM-S02,28,47,5,2.2285714285714286
MM-S02,28,48,4,2.2285714285714286
MM-S02,28,49,1,2.2285714285714286
MM-S02,28,50,1,2.2285714285714286
MM-S02,29,30,2,2.2285714285714286
MM-S02,29,31,3,2.2285714285714286
MM-S02,29,32,4,2.2285714285714286
MM-S02,29,33,4,2.2285714285714286
MM-S02,29,34,1,2.2285714285714286
MM-S02,29,35,3,2.2285714285714286
MM-S02,29,36,1,2.2285714285714286
MM-S02,29,37,2,2.2285714285714286
MM-S02,29,38,1,2.2285714285714286
MM-S02,29,39,4,2.2285714285714286
MM-S02,29,40,2,2.2285714285714286
MM-S02,29,41,3,2.2285714285714286
MM-S02,29,42,2,2.2285714285714286
MM-S02,29,43,3,2.2285714285714286
MM-S02,29,44,4,2.2285714285714286
MM-S02,29,45,3,2.2285714285714286
MM-S02,29,46,3,2.2285714285714286
MM-S02,29,47,9,2.2285714285714286
MM-S02,29,48,1,2.2285714285714286
MM-S02,29,49,2,2.2285714285714286
MM-S02,29,50,2,2.2285714285714286
MM-S02,30,31,5,2.2285714285714286
MM-S02,30,32,3,2.2285714285714286
MM-S02,30,33,0,2.2285714285714286
MM-S02,30,34,1,2.2285714285714286
MM-S02,30,35,4,2.2285714285714286
MM-S02,30,36,2,2.2285714285714286
MM-S02,30,37,3,2.2285714285714286
MM-S02,30,38,3,2.2285714285714286
MM-S02,30,39,3,2.2285714285714286
MM-S02,30,40,2,2.2285714285714286
MM-S02,30,41,2,2.2285714285714286
MM-S02,30,42,4,2.2285714285714286
MM-S02,30,43,1,2.2285714285714286
MM-S02,30,44,4,2.2285714285714286
MM-S02,30,45,1,2.2285714285714286
MM-S02,30,46,5,2.2285714285714286
MM-S02,30,47,2,2.2285714285714286
MM-S02,30,48,2,2.2285714285714286
MM-S02,30,49,3,2.2285714285714286
MM-S02,30,50,1,2.2285714285714286
MM-S02,31,32,2,2.2285714285714286
MM-S02,31,33,2,2.2285714285714286
MM-S02,31,34,0,2.2285714285714286
MM-S02,31,35,4,2.2285714285714286
MM-S02,31,36,1,2.2285714285714286
MM-S02,31,37,3,2.2285714285714286
MM-S02,31,38,2,2.2285714285714286
MM-S02,31,39,1,2.2285714285714286
MM-S02,31,40,0,2.2285714285714286
MM-S02,31,41,3,2.2285714285714286
MM-S02,31,42,2,2.2285714285714286
MM-S02,31,43,2,2.2285714285714286
MM-S02,31,44,3,2.2285714285714286
MM-S02,31,45,4,2.2285714285714286
MM-S02,31,46,4,2.2285714285714286
MM-S02,31,47,5,2.2285714285714286
MM-S02,31,48,5,2.2285714285714286
MM-S02,31,49,2,2.2285714285714286
MM-S02,31,50,2,2.2285714285714286
MM-S02,32,33,3,2.2285714285714286
MM-S02,32,34,1,2.2285714285714286
MM-S02,32,35,2,2.2285714285714286
MM-S02,32,36,1,2.2285714285714286
MM-S02,32,37,4,2.2285714285714286
MM-S02,32,38,4,2.2285714285714286
MM-S02,32,39,2,2.2285714285714286
MM-S02,32,40,4,2.2285714285714286
MM-S02,32,41,1,2.2285714285714286
MM-S02,32,42,3,2.2285714285714286
MM-S02,32,43,2,2.2285714285714286
MM-S02,32,44,2,2.2285714285714286
MM-S02,32,45,0,2.2285714285714286
MM-S02,32,46,5,2.2285714285714286
MM-S02,32,47,4,2.2285714285714286
MM-S02,32,48,4,2.2285714285714286
MM-S02,32,49,2,2.2285714285714286
MM-S02,32,50,3,2.2285714285714286
MM-S02,33,34,0,2.2285714285714286
MM-S02,33,35,2,2.2285714285714286
MM-S02,33,36,3,2.2285714285714286
MM-S02,33,37,1,2.2285714285714286
MM-S02,33,38,1,2.2285714285714286
MM-S02,33,39,2,2.2285714285714286
MM-S02,33,40,6,2.2285714285714286
MM-S02,33,41,1,2.2285714285714286
MM-S02,33,42,2,2.2285714285714286
MM-S02,33,43,5,2.2285714285714286
MM-S02,33,44,2,2.2285714285714286
MM-S02,33,45,0,2.2285714285714286
MM-S02,33,46,2,2.2285714285714286
MM-S02,33,47,2,2.2285714285714286
MM-S02,33,48,0,2.2285714285714286
MM-S02,33,49,0,2.2285714285714286
MM-S02,33,50,0,2.2285714285714286
MM-S02,34,35,2,2.2285714285714286
MM-S02,34,36,3,2.2285714285714286
MM-S02,34,37,2,2.2285714285714286
MM-S02,34,38,1,2.2285714285714286
MM-S02,34,39,0,2.2285714285714286
MM-S02,34,40,3,2.2285714285714286
MM-S02,34,41,3,2.2285714285714286
MM-S02,34,42,2,2.2285714285714286
MM-S02,34,43,1,2.2285714285714286
MM-S02,34,44,1,2.2285714285714286
MM-S02,34,45,1,2.2285714285714286
MM-S02,34,46,2,2.2285714285714286
MM-S02,34,47,2,2.2285714285714286
MM-S02,34,48,5,2.2285714285714286
MM-S02,34,49,0,2.2285714285714286
MM-S02,34,50,3,2.2285714285714286
MM-S02,35,36,3,2.2285714285714286
MM-S02,35,37,3,2.2285714285714286
MM-S02,35,38,3,2.2285714285714286
MM-S02,35,39,2,2.2285714285714286
MM-S02,35,40,2,2.2285714285714286
MM-S02,35,41,1,2.2285714285714286
MM-S02,35,42,2,2.2285714285714286
MM-S02,35,43,3,2.2285714285714286
MM-S02,35,44,2,2.2285714285714286
MM-S02,35,45,1,2.2285714285714286
MM-S02,35,46,2,2.2285714285714286
MM-S02,35,47,6,2.2285714285714286
MM-S02,35,48,2,2.2285714285714286
MM-S02,35,49,2,2.2285714285714286
MM-S02,35,50,3,2.2285714285714286
MM-S02,36,37,4,2.2285714285714286
MM-S02,36,38,3,2.2285714285714286
MM-S02,36,39,2,2.2285714285714286
MM-S02,36,40,4,2.2285714285714286
MM-S02,36,41,0,2.2285714285714286
MM-S02,36,42,6,2.2285714285714286
MM-S02,36,43,2,2.2285714285714286
MM-S02,36,44,2,2.2285714285714286
MM-S02,36,45,1,2.2285714285714286
MM-S02,36,46,1,2.2285714285714286
MM-S02,36,47,1,2.2285714285714286
MM-S02,36,48,1,2.2285714285714286
MM-S02,36,49,3,2.2285714285714286
MM-S02,36,50,2,2.2285714285714286
MM-S02,37,38,2,2.2285714285714286
MM-S02,37,39,2,2.2285714285714286
MM-S02,37,40,1,2.2285714285714286
MM-S02,37,41,2,2.2285714285714286
MM-S02,37,42,6,2.2285714285714286
MM-S02,37,43,1,2.2285714285714286
MM-S02,37,44,1,2.2285714285714286
MM-S02,37,45,3,2.2285714285714286
MM-S02,37,46,5,2.2285714285714286
MM-S02,37,47,4,2.2285714285714286
MM-S02,37,48,3,2.2285714285714286
MM-S02,37,49,2,2.2285714285714286
MM-S02,37,50,3,2.2285714285714286
MM-S02,38,39,2,2.2285714285714286
MM-S02,38,40,2,2.2285714285714286
MM-S02,38,41,4,2.2285714285714286
MM-S02,38,42,4,2.2285714285714286
MM-S02,38,43,4,2.2285714285714286
MM-S02,38,44,4,2.2285714285714286
MM-S02,38,45,4,2.2285714285714286
MM-S02,38,46,2,2.2285714285714286
MM-S02,38,47,5,2.2285714285714286
MM-S02,38,48,2,2.2285714285714286
MM-S02,38,49,0,2.2285714285714286
MM-S02,38,50,3,2.2285714285714286
MM-S02,39,40,7,2.2285714285714286
MM-S02,39,41,2,2.2285714285714286
MM-S02,39,42,1,2.2285714285714286
MM-S02,39,43,4,2.2285714285714286
MM-S02,39,44,3,2.2285714285714286
MM-S02,39,45,2,2.2285714285714286
MM-S02,39,46,5,2.2285714285714286
MM-S02,39,47,4,2.2285714285714286
MM-S02,39,48,1,2.2285714285714286
MM-S02,39,49,0,2.2285714285714286
MM-S02,39,50,2,2.2285714285714286
MM-S02,40,41,3,2.2285714285714286
MM-S02,40,42,4,2.2285714285714286
MM-S02,40,43,4,2.2285714285714286
MM-S02,40,44,2,2.2285714285714286
MM-S02,40,45,1,2.2285714285714286
MM-S02,40,46,2,2.2285714285714286
MM-S02,40,47,1,2.2285714285714286
MM-S02,40,48,4,2.2285714285714286
MM-S02,40,49,0,2.2285714285714286
MM-S02,40,50,5,2.2285714285714286
MM-S02,41,42,1,2.2285714285714286
MM-S02,41,43,2,2.2285714285714286
MM-S02,41,44,3,2.2285714285714286
MM-S02,41,45,1,2.2285714285714286
MM-S02,41,46,0,2.2285714285714286
MM-S02,41,47,1,2.2285714285714286
MM-S02,41,48,1,2.2285714285714286
MM-S02,41,49,0,2.2285714285714286
MM-S02,41,50,0,2.2285714285714286
MM-S02,42,43,4,2.2285714285714286
MM-S02,42,44,2,2.2285714285714286
MM-S02,42,45,1,2.2285714285714286
MM-S02,42,46,7,2.2285714285714286
MM-S02,42,47,1,2.2285714285714286
MM-S02,42,48,4,2.2285714285714286
MM-S02,42,49,1,2.2285714285714286
MM-S02,42,50,4,2.2285714285714286
MM-S02,43,44,0,2.2285714285714286
MM-S02,43,45,3,2.2285714285714286
MM-S02,43,46,2,2.2285714285714286
MM-S02,43,47,2,2.2285714285714286
MM-S02,43,48,5,2.2285714285714286
MM-S02,43,49,0,2.2285714285714286
MM-S02,43,50,3,2.2285714285714286
MM-S02,44,45,0,2.2285714285714286
MM-S02,44,46,0,2.2285714285714286
MM-S02,44,47,4,2.2285714285714286
MM-S02,44,48,3,2.2285714285714286
MM-S02,44,49,2,2.2285714285714286
MM-S02,44,50,2,2.2285714285714286
MM-S02,45,46,1,2.2285714285714286
MM-S02,45,47,1,2.2285714285714286
MM-S02,45,48,5,2.2285714285714286
MM-S02,45,49,3,2.2285714285714286
MM-S02,45,50,2,2.2285714285714286
MM-S02,46,47,4,2.2285714285714286
MM-S02,46,48,1,2.2285714285714286
MM-S02,46,49,1,2.2285714285714286
MM-S02,46,50,2,2.2285714285714286
MM-S02,47,48,3,2.2285714285714286
MM-S02,47,49,3,2.2285714285714286
MM-S02,47,50,2,2.2285714285714286
MM-S02,48,49,4,2.2285714285714286
MM-S02,48,50,3,2.2285714285714286
MM-S02,49,50,2,2.2285714285714286
MM-S03,1,2,4,1.9230769230769231
MM-S03,1,3,2,1.9230769230769231
MM-S03,1,4,2,1.9230769230769231
MM-S03,1,5,2,1.9230769230769231
MM-S03,1,6,1,1.9230769230769231
MM-S03,1,7,0,1.9230769230769231
MM-S03,1,8,1,1.9230769230769231
MM-S03,1,9,1,1.9230769230769231
MM-S03,1,10,4,1.9230769230769231
MM-S03,1,11,0,1.9230769230769231
MM-S03,1,12,3,1.9230769230769231
MM-S03,1,13,2,1.9230769230769231
MM-S03,1,14,1,1.9230769230769231
MM-S03,1,15,3,1.9230769230769231
MM-S03,1,16,4,1.9230769230769231
MM-S03,1,17,3,1.9230769230769231
MM-S03,1,18,3,1.9230769230769231
MM-S03,1,19,4,1.9230769230769231
MM-S03,1,20,5,1.9230769230769231
MM-S03,1,21,2,1.9230769230769231
MM-S03,1,22,4,1.9230769230769231
MM-S03,1,23,1,1.9230769230769231
MM-S03,1,24,0,1.9230769230769231
MM-S03,1,25,0,1.9230769230769231
MM-S03,1,26,1,1.9230769230769231
MM-S03,1,27,0,1.9230769230769231
MM-S03,1,28,2,1.9230769230769231
MM-S03,1,29,2,1.9230769230769231
MM-S03,1,30,2,1.9230769230769231
MM-S03,1,31,2,1.9230769230769231
MM-S03,1,32,2,1.9230769230769231
MM-S03,1,33,2,1.9230769230769231
MM-S03,1,34,0,1.9230769230769231
MM-S03,1,35,1,1.9230769230769231
MM-S03,1,36,0,1.9230769230769231
MM-S03,1,37,1,1.9230769230769231
MM-S03,1,38,1,1.9230769230769231
MM-S03,1,39,1,1.9230769230769231
MM-S03,1,40,3,1.9230769230769231
MM-S03,1,41,2,1.9230769230769231
MM-S03,1,42,2,1.9230769230769231
MM-S03,1,43,1,1.9230769230769231
MM-S03,1,44,1,1.9230769230769231
MM-S03,1,45,0,1.9230769230769231
MM-S03,1,46,1,1.9230769230769231
MM-S03,1,47,1,1.9230769230769231
MM-S03,1,48,2,1.9230769230769231
MM-S03,1,49,1,1.9230769230769231
MM-S03,1,50,1,1.9230769230769231
MM-S03,1,51,3,1.9230769230769231
MM-S03,1,52,1,1.9230769230769231
MM-S03,2,3,1,1.9230769230769231
MM-S03,2,4,3,1.9230769230769231
MM-S03,2,5,5,1.9230769230769231
MM-S03,2,6,3,1.9230769230769231
MM-S03,2,7,1,1.9230769230769231
MM-S03,2,8,2,1.9230769230769231
MM-S03,2,9,2,1.9230769230769231
MM-S03,2,10,1,1.9230769230769231
MM-S03,2,11,3,1.9230769230769231
MM-S03,2,12,1,1.9230769230769231
MM-S03,2,13,4,1.9230769230769231
MM-S03,2,14,1,1.9230769230769231
MM-S03,2,15,0,1.9230769230769231
MM-S03,2,16,3,1.9230769230769231
MM-S03,2,17,1,1.9230769230769231
MM-S03,2,18,1,1.9230769230769231
MM-S03,2,19,1,1.9230769230769231
MM-S03,2,20,1,1.9230769230769231
MM-S03,2,21,3,1.9230769230769231
MM-S03,2,22,5,1.9230769230769231
MM-S03,2,23,2,1.9230769230769231
MM-S03,2,24,2,1.9230769230769231
MM-S03,2,25,0,1.9230769230769231
MM-S03,2,26,3,1.9230769230769231
MM-S03,2,27,3,1.9230769230769231
MM-S03,2,28,1,1.9230769230769231
MM-S03,2,29,1,1.9230769230769231
MM-S03,2,30,1,1.9230769230769231
MM-S03,2,31,0,1.9230769230769231
MM-S03,2,32,2,1.9230769230769231
MM-S03,2,33,1,1.9230769230769231
MM-S03,2,34,2,1.9230769230769231
MM-S03,2,35,1,1.9230769230769231
MM-S03,2,36,6,1.9230769230769231
MM-S03,2,37,4,1.9230769230769231
MM-S03,2,38,1,1.9230769230769231
MM-S03,2,39,0,1.9230769230769231
MM-S03,2,40,3,1.9230769230769231
MM-S03,2,41,2,1.9230769230769231
MM-S03,2,42,0,1.9230769230769231
MM-S03,2,43,2,1.9230769230769231
MM-S03,2,44,5,1.9230769230769231
MM-S03,2,45,1,1.9230769230769231
MM-S03,2,46,4,1.9230769230769231
MM-S03,2,47,3,1.9230769230769231
MM-S03,2,48,0,1.9230769230769231
MM-S03,2,49,2,1.9230769230769231
MM-S03,2,50,2,1.9230769230769231
MM-S03,2,51,1,1.9230769230769231
MM-S03,2,52,3,1.9230769230769231
MM-S03,3,4,0,1.9230769230769231
MM-S03,3,5,1,1.9230769230769231
MM-S03,3,6,1,1.9230769230769231
MM-S03,3,7,3,1.9230769230769231
MM-S03,3,8,0,1.9230769230769231
MM-S03,3,9,3,1.9230769230769231
MM-S03,3,10,2,1.9230769230769231
MM-S03,3,11,0,1.9230769230769231
MM-S03,3,12,1,1.9230769230769231
MM-S03,3,13,1,1.9230769230769231
MM-S03,3,14,1,1.9230769230769231
MM-S03,3,15,4,1.9230769230769231
MM-S03,3,16,2,1.9230769230769231
MM-S03,3,17,1,1.9230769230769231
MM-S03,3,18,2,1.9230769230769231
MM-S03,3,19,1,1.9230769230769231
MM-S03,3,20,2,1.9230769230769231
MM-S03,3,21,3,1.9230769230769231
MM-S03,3,22,1,1.9230769230769231
MM-S03,3,23,0,1.9230769230769231
MM-S03,3,24,1,1.9230769230769231
MM-S03,3,25,3,1.9230769230769231
MM-S03,3,26,1,1.9230769230769231
MM-S03,3,27,3,1.9230769230769231
MM-S03,3,28,3,1.9230769230769231
MM-S03,3,29,4,1.9230769230769231
MM-S03,3,30,1,1.9230769230769231
MM-S03,3,31,5,1.9230769230769231
MM-S03,3,32,1,1.9230769230769231
MM-S03,3,33,1,1.9230769230769231
MM-S03,3,34,0,1.9230769230769231
MM-S03,3,35,0,1.9230769230769231
MM-S03,3,36,0,1.9230769230769231
MM-S03,3,37,2,1.9230769230769231
MM-S03,3,38,1,1.9230769230769231
MM-S03,3,39,1,1.9230769230769231
MM-S03,3,40,0,1.9230769230769231
MM-S03,3,41,2,1.9230769230769231
MM-S03,3,42,1,1.9230769230769231
MM-S03,3,43,2,1.9230769230769231
MM-S03,3,44,0,1.9230769230769231
MM-S03,3,45,4,1.9230769230769231
MM-S03,3,46,0,1.9230769230769231
MM-S03,3,47,0,1.9230769230769231
MM-S03,3,48,2,1.9230769230769231
MM-S03,3,49,3,1.9230769230769231
MM-S03,3,50,1,1.9230769230769231
MM-S03,3,51,1,1.9230769230769231
MM-S03,3,52,1,1.9230769230769231
MM-S03,4,5,1,1.9230769230769231
MM-S03,4,6,2,1.9230769230769231
MM-S03,4,7,0,1.9230769230769231
MM-S03,4,8,3,1.9230769230769231
MM-S03,4,9,0,1.9230769230769231
MM-S03,4,10,2,1.9230769230769231
MM-S03,4,11,1,1.9230769230769231
MM-S03,4,12,0,1.9230769230769231
MM-S03,4,13,0,1.9230769230769231
MM-S03,4,14,2,1.9230769230769231
MM-S03,4,15,1,1.9230769230769231
MM-S03,4,16,2,1.9230769230769231
MM-S03,4,17,0,1.9230769230769231
MM-S03,4,18,4,1.9230769230769231
MM-S03,4,19,3,1.9230769230769231
MM-S03,4,20,2,1.9230769230769231
MM-S03,4,21,2,1.9230769230769231
MM-S03,4,22,0,1.9230769230769231
MM-S03,4,23,1,1.9230769230769231
MM-S03,4,24,2,1.9230769230769231
MM-S03,4,25,3,1.9230769230769231
MM-S03,4,26,0,1.9230769230769231
MM-S03,4,27,2,1.9230769230769231
MM-S03,4,28,1,1.9230769230769231
MM-S03,4,29,2,1.9230769230769231
MM-S03,4,30,3,1.9230769230769231
MM-S03,4,31,1,1.9230769230769231
MM-S03,4,32,5,1.9230769230769231
MM-S03,4,33,1,1.9230769230769231
MM-S03,4,34,1,1.9230769230769231
MM-S03,4,35,1,1.9230769230769231
MM-S03,4,36,4,1.9230769230769231
MM-S03,4,37,2,1.9230769230769231
MM-S03,4,38,3,1.9230769230769231
MM-S03,4,39,2,1.9230769230769231
MM-S03,4,40,0,1.9230769230769231
MM-S03,4,41,4,1.9230769230769231
MM-S03,4,42,1,1.9230769230769231
MM-S03,4,43,1,1.9230769230769231
MM-S03,4,44,3,1.9230769230769231
MM-S03,4,45,0,1.9230769230769231
MM-S03,4,46,1,1.9230769230769231
MM-S03,4,47,2,1.9230769230769231
MM-S03,4,48,3,1.9230769230769231
MM-S03,4,49,2,1.9230769230769231
MM-S03,4,50,1,1.9230769230769231
MM-S03,4,51,3,1.9230769230769231
MM-S03,4,52,3,1.9230769230769231
MM-S03,5,6,1,1.9230769230769231
MM-S03,5,7,1,1.9230769230769231
MM-S03,5,8,0,1.9230769230769231
MM-S03,5,9,2,1.9230769230769231
MM-S03,5,10,3,1.9230769230769231
MM-S03,5,11,1,1.9230769230769231
MM-S03,5,12,2,1.9230769230769231
MM-S03,5,13,0,1.9230769230769231
MM-S03,5,14,2,1.9230769230769231
MM-S03,5,15,1,1.9230769230769231
MM-S03,5,16,4,1.9230769230769231
MM-S03,5,17,2,1.9230769230769231
MM-S03,5,18,2,1.9230769230769231
MM-S03,5,19,2,1.9230769230769231
MM-S03,5,20,1,1.9230769230769231
MM-S03,5,21,3,1.9230769230769231
MM-S03,5,22,3,1.9230769230769231
MM-S03,5,23,1,1.9230769230769231
MM-S03,5,24,3,1.9230769230769231
MM-S03,5,25,2,1.9230769230769231
MM-S03,5,26,1,1.9230769230769231
MM-S03,5,27,0,1.9230769230769231
MM-S03,5,28,0,1.9230769230769231
MM-S03,5,29,1,1.9230769230769231
MM-S03,5,30,0,1.9230769230769231
MM-S03,5,31,2,1.9230769230769231
MM-S03,5,32,3,1.9230769230769231
MM-S03,5,33,1,1.9230769230769231
MM-S03,5,34,2,1.9230769230769231
MM-S03,5,35,2,1.9230769230769231
MM-S03,5,36,1,1.9230769230769231
MM-S03,5,37,1,1.9230769230769231
MM-S03,5,38,2,1.9230769230769231
MM-S03,5,39,3,1.9230769230769231
MM-S03,5,40,0,1.9230769230769231
MM-S03,5,41,0,1.9230769230769231
MM-S03,5,42,0,1.9230769230769231
MM-S03,5,43,1,1.9230769230769231
MM-S03,5,44,2,1.9230769230769231
MM-S03,5,45,4,1.9230769230769231
MM-S03,5,46,2,1.9230769230769231
MM-S03,5,47,3,1.9230769230769231
MM-S03,5,48,1,1.9230769230769231
MM-S03,5,49,1,1.9230769230769231
MM-S03,5,50,2,1.9230769230769231
MM-S03,5,51,1,1.9230769230769231
MM-S03,5,52,3,1.9230769230769231
MM-S03,6,7,2,1.9230769230769231
MM-S03,6,8,2,1.9230769230769231
MM-S03,6,9,5,1.9230769230769231
MM-S03,6,10,2,1.9230769230769231
MM-S03,6,11,1,1.9230769230769231
MM-S03,6,12,1,1.9230769230769231
MM-S03,6,13,3,1.9230769230769231
MM-S03,6,14,3,1.9230769230769231
MM-S03,6,15,1,1.9230769230769231
MM-S03,6,16,1,1.9230769230769231
MM-S03,6,17,2,1.9230769230769231
MM-S03,6,18,3,1.9230769230769231
MM-S03,6,19,1,1.9230769230769231
MM-S03,6,20,3,1.9230769230769231
MM-S03,6,21,3,1.9230769230769231
MM-S03,6,22,4,1.9230769230769231
MM-S03,6,23,1,1.9230769230769231
MM-S03,6,24,1,1.9230769230769231
MM-S03,6,25,1,1.9230769230769231
MM-S03,6,26,1,1.9230769230769231
MM-S03,6,27,3,1.9230769230769231
MM-S03,6,28,2,1.9230769230769231
MM-S03,6,29,2,1.9230769230769231
MM-S03,6,30,2,1.9230769230769231
MM-S03,6,31,4,1.9230769230769231
MM-S03,6,32,4,1.9230769230769231
MM-S03,6,33,3,1.9230769230769231
MM-S03,6,34,2,1.9230769230769231
MM-S03,6,35,2,1.9230769230769231
MM-S03,6,36,1,1.9230769230769231
MM-S03,6,37,3,1.9230769230769231
MM-S03,6,38,2,1.9230769230769231
MM-S03,6,39,0,1.9230769230769231
MM-S03,6,40,5,1.9230769230769231
MM-S03,6,41,0,1.9230769230769231
MM-S03,6,42,2,1.9230769230769231
MM-S03,6,43,2,1.9230769230769231
MM-S03,6,44,4,1.9230769230769231
MM-S03,6,45,1,1.9230769230769231
MM-S03,6,46,3,1.9230769230769231
MM-S03,6,47,2,1.9230769230769231
MM-S03,6,48,1,1.9230769230769231
MM-S03,6,49,3,1.9230769230769231
MM-S03,6,50,5,1.9230769230769231
MM-S03,6,51,4,1.9230769230769231
MM-S03,6,52,1,1.9230769230769231
MM-S03,7,8,2,1.9230769230769231
MM-S03,7,9,1,1.9230769230769231
MM-S03,7,10,4,1.9230769230769231
MM-S03,7,11,2,1.9230769230769231
MM-S03,7,12,1,1.9230769230769231
MM-S03,7,13,1,1.9230769230769231
MM-S03,7,14,1,1.9230769230769231
MM-S03,7,15,3,1.9230769230769231
MM-S03,7,16,3,1.9230769230769231
MM-S03,7,17,3,1.9230769230769231
MM-S03,7,18,1,1.9230769230769231
MM-S03,7,19,1,1.9230769230769231
MM-S03,7,20,2,1.9230769230769231
MM-S03,7,21,3,1.9230769230769231
MM-S03,7,22,2,1.9230769230769231
MM-S03,7,23,1,1.9230769230769231
MM-S03,7,24,3,1.9230769230769231
MM-S03,7,25,1,1.9230769230769231
MM-S03,7,26,3,1.9230769230769231
MM-S03,7,27,0,1.9230769230769231
MM-S03,7,28,3,1.9230769230769231
MM-S03,7,29,1,1.9230769230769231
MM-S03,7,30,1,1.9230769230769231
MM-S03,7,31,1,1.9230769230769231
MM-S03,7,32,5,1.9230769230769231
MM-S03,7,33,0,1.9230769230769231
MM-S03,7,34,2,1.9230769230769231
MM-S03,7,35,0,1.9230769230769231
MM-S03,7,36,3,1.9230769230769231
MM-S03,7,37,3,1.9230769230769231
MM-S03,7,38,1,1.9230769230769231
MM-S03,7,39,0,1.9230769230769231
MM-S03,7,40,1,1.9230769230769231
MM-S03,7,41,2,1.9230769230769231
MM-S03,7,42,1,1.9230769230769231
MM-S03,7,43,2,1.9230769230769231
MM-S03,7,44,4,1.9230769230769231
MM-S03,7,45,2,1.9230769230769231
MM-S03,7,46,2,1.9230769230769231
MM-S03,7,47,1,1.9230769230769231
MM-S03,7,48,3,1.9230769230769231
MM-S03,7,49,1,1.9230769230769231
MM-S03,7,50,1,1.9230769230769231
MM-S03,7,51,1,1.9230769230769231
MM-S03,7,52,2,1.9230769230769231
MM-S03,8,9,3,1.9230769230769231
MM-S03,8,10,5,1.9230769230769231
MM-S03,8,11,4,1.9230769230769231
MM-S03,8,12,1,1.9230769230769231
MM-S03,8,13,1,1.9230769230769231
MM-S03,8,14,0,1.9230769230769231
MM-S03,8,15,1,1.9230769230769231
MM-S03,8,16,1,1.9230769230769231
MM-S03,8,17,5,1.9230769230769231
MM-S03,8,18,1,1.9230769230769231
MM-S03,8,19,1,1.9230769230769231
MM-S03,8,20,0,1.9230769230769231
MM-S03,8,21,2,1.9230769230769231
MM-S03,8,22,2,1.9230769230769231
MM-S03,8,23,2,1.9230769230769231
MM-S03,8,24,5,1.9230769230769231
MM-S03,8,25,3,1.9230769230769231
MM-S03,8,26,0,1.9230769230769231
MM-S03,8,27,1,1.9230769230769231
MM-S03,8,28,0,1.9230769230769231
MM-S03,8,29,3,1.9230769230769231
MM-S03,8,30,3,1.9230769230769231
MM-S03,8,31,2,1.9230769230769231
MM-S03,8,32,3,1.9230769230769231
MM-S03,8,33,2,1.9230769230769231
MM-S03,8,34,4,1.9230769230769231
MM-S03,8,35,2,1.9230769230769231
MM-S03,8,36,5,1.9230769230769231
MM-S03,8,37,2,1.9230769230769231
MM-S03,8,38,1,1.9230769230769231
MM-S03,8,39,5,1.9230769230769231
MM-S03,8,40,0,1.9230769230769231
MM-S03,8,41,0,1.9230769230769231
MM-S03,8,42,4,1.9230769230769231
MM-S03,8,43,2,1.9230769230769231
MM-S03,8,44,1,1.9230769230769231
MM-S03,8,45,1,1.9230769230769231
MM-S03,8,46,1,1.9230769230769231
MM-S03,8,47,3,1.9230769230769231
MM-S03,8,48,4,1.9230769230769231
MM-S03,8,49,4,1.9230769230769231
MM-S03,8,50,1,1.9230769230769231
MM-S03,8,51,3,1.9230769230769231
MM-S03,8,52,4,1.9230769230769231
MM-S03,9,10,2,1.9230769230769231
MM-S03,9,11,1,1.9230769230769231
MM-S03,9,12,0,1.9230769230769231
MM-S03,9,13,0,1.9230769230769231
MM-S03,9,14,2,1.9230769230769231
MM-S03,9,15,1,1.9230769230769231
MM-S03,9,16,3,1.9230769230769231
MM-S03,9,17,2,1.9230769230769231
MM-S03,9,18,0,1.9230769230769231
MM-S03,9,19,1,1.9230769230769231
MM-S03,9,20,2,1.9230769230769231
MM-S03,9,21,1,1.9230769230769231
MM-S03,9,22,1,1.9230769230769231
MM-S03,9,23,0,1.9230769230769231
MM-S03,9,24,1,1.9230769230769231
MM-S03,9,25,1,1.9230769230769231
MM-S03,9,26,3,1.9230769230769231
MM-S03,9,27,2,1.9230769230769231
MM-S03,9,28,3,1.9230769230769231
MM-S03,9,29,1,1.9230769230769231
MM-S03,9,30,2,1.9230769230769231
MM-S03,9,31,2,1.9230769230769231
MM-S03,9,32,2,1.9230769230769231
MM-S03,9,33,2,1.9230769230769231
MM-S03,9,34,1,1.9230769230769231
MM-S03,9,35,4,1.9230769230769231
MM-S03,9,36,1,1.9230769230769231
MM-S03,9,37,1,1.9230769230769231
MM-S03,9,38,0,1.9230769230769231
MM-S03,9,39,0,1.9230769230769231
MM-S03,9,40,2,1.9230769230769231
MM-S03,9,41,5,1.9230769230769231
MM-S03,9,42,2,1.9230769230769231
MM-S03,9,43,1,1.9230769230769231
MM-S03,9,44,2,1.9230769230769231
MM-S03,9,45,1,1.9230769230769231
MM-S03,9,46,1,1.9230769230769231
MM-S03,9,47,1,1.9230769230769231
MM-S03,9,48,0,1.9230769230769231
MM-S03,9,49,2,1.9230769230769231
MM-S03,9,50,1,1.9230769230769231
MM-S03,9,51,0,1.9230769230769231
MM-S03,9,52,3,1.9230769230769231
MM-S03,10,11,4,1.9230769230769231
MM-S03,10,12,1,1.9230769230769231
MM-S03,10,13,3,1.9230769230769231
MM-S03,10,14,3,1.9230769230769231
MM-S03,10,15,3,1.9230769230769231
MM-S03,10,16,3,1.9230769230769231
MM-S03,10,17,7,1.9230769230769231
MM-S03,10,18,4,1.9230769230769231
MM-S03,10,19,3,1.9230769230769231
MM-S03,10,20,4,1.9230769230769231
MM-S03,10,21,1,1.9230769230769231
MM-S03,10,22,3,1.9230769230769231
MM-S03,10,23,4,1.9230769230769231
MM-S03,10,24,5,1.9230769230769231
MM-S03,10,25,3,1.9230769230769231
MM-S03,10,26,5,1.9230769230769231
MM-S03,10,27,0,1.9230769230769231
MM-S03,10,28,5,1.9230769230769231
MM-S03,10,29,2,1.9230769230769231
MM-S03,10,30,0,1.9230769230769231
MM-S03,10,31,3,1.9230769230769231
MM-S03,10,32,4,1.9230769230769231
MM-S03,10,33,1,1.9230769230769231
MM-S03,10,34,1,1.9230769230769231
MM-S03,10,35,3,1.9230769230769231
MM-S03,10,36,2,1.9230769230769231
MM-S03,10,37,1,1.9230769230769231
MM-S03,10,38,5,1.9230769230769231
MM-S03,10,39,6,1.9230769230769231
MM-S03,10,40,2,1.9230769230769231
MM-S03,10,41,5,1.9230769230769231
MM-S03,10,42,1,1.9230769230769231
MM-S03,10,43,2,1.9230769230769231
MM-S03,10,44,1,1.9230769230769231
MM-S03,10,45,2,1.9230769230769231
MM-S03,10,46,3,1.9230769230769231
MM-S03,10,47,0,1.9230769230769231
MM-S03,10,48,1,1.9230769230769231
MM-S03,10,49,5,1.9230769230769231
MM-S03,10,50,2,1.9230769230769231
MM-S03,10,51,4,1.9230769230769231
MM-S03,10,52,2,1.9230769230769231
MM-S03,11,12,0,1.9230769230769231
MM-S03,11,13,2,1.9230769230769231
MM-S03,11,14,1,1.9230769230769231
MM-S03,11,15,1,1.9230769230769231
MM-S03,11,16,2,1.9230769230769231
MM-S03,11,17,4,1.9230769230769231
MM-S03,11,18,2,1.9230769230769231
MM-S03,11,19,2,1.9230769230769231
MM-S03,11,20,2,1.9230769230769231
MM-S03,11,21,0,1.9230769230769231
MM-S03,11,22,1,1.9230769230769231
MM-S03,11,23,2,1.9230769230769231
MM-S03,11,24,2,1.9230769230769231
MM-S03,11,25,2,1.9230769230769231
MM-S03,11,26,6,1.9230769230769231
MM-S03,11,27,2,1.9230769230769231
MM-S03,11,28,1,1.9230769230769231
MM-S03,11,29,2,1.9230769230769231
MM-S03,11,30,4,1.9230769230769231
MM-S03,11,31,0,1.9230769230769231
MM-S03,11,32,1,1.9230769230769231
MM-S03,11,33,1,1.9230769230769231
MM-S03,11,34,0,1.9230769230769231
MM-S03,11,35,1,1.9230769230769231
MM-S03,11,36,0,1.9230769230769231
MM-S03,11,37,0,1.9230769230769231
MM-S03,11,38,0,1.9230769230769231
MM-S03,11,39,1,1.9230769230769231
MM-S03,11,40,0,1.9230769230769231
MM-S03,11,41,2,1.9230769230769231
MM-S03,11,42,1,1.9230769230769231
MM-S03,11,43,1,1.9230769230769231
MM-S03,11,44,0,1.9230769230769231
MM-S03,11,45,3,1.9230769230769231
MM-S03,11,46,1,1.9230769230769231
MM-S03,11,47,1,1.9230769230769231
MM-S03,11,48,1,1.9230769230769231
MM-S03,11,49,3,1.9230769230769231
MM-S03,11,50,1,1.9230769230769231
MM-S03,11,51,2,1.9230769230769231
MM-S03,11,52,5,1.9230769230769231
MM-S03,12,13,1,1.9230769230769231
MM-S03,12,14,0,1.9230769230769231
MM-S03,12,15,2,1.9230769230769231
MM-S03,12,16,2,1.9230769230769231
MM-S03,12,17,1,1.9230769230769231
MM-S03,12,18,2,1.9230769230769231
MM-S03,12,19,0,1.9230769230769231
MM-S03,12,20,2,1.9230769230769231
MM-S03,12,21,2,1.9230769230769231
MM-S03,12,22,4,1.9230769230769231
MM-S03,12,23,0,1.9230769230769231
MM-S03,12,24,1,1.9230769230769231
MM-S03,12,25,1,1.9230769230769231
MM-S03,12,26,2,1.9230769230769231
MM-S03,12,27,1,1.9230769230769231
MM-S03,12,28,2,1.9230769230769231
MM-S03,12,29,3,1.9230769230769231
MM-S03,12,30,0,1.9230769230769231
MM-S03,12,31,1,1.9230769230769231
MM-S03,12,32,3,1.9230769230769231
MM-S03,12,33,1,1.9230769230769231
MM-S03,12,34,1,1.9230769230769231
MM-S03,12,35,3,1.9230769230769231
MM-S03,12,36,2,1.9230769230769231
MM-S03,12,37,5,1.9230769230769231
MM-S03,12,38,2,1.9230769230769231
MM-S03,12,39,3,1.9230769230769231
MM-S03,12,40,0,1.9230769230769231
MM-S03,12,41,1,1.9230769230769231
MM-S03,12,42,1,1.9230769230769231
MM-S03,12,43,0,1.9230769230769231
MM-S03,12,44,2,1.9230769230769231
MM-S03,12,45,2,1.9230769230769231
MM-S03,12,46,5,1.9230769230769231
MM-S03,12,47,1,1.9230769230769231
MM-S03,12,48,2,1.9230769230769231
MM-S03,12,49,1,1.9230769230769231
MM-S03,12,50,3,1.9230769230769231
MM-S03,12,51,2,1.9230769230769231
MM-S03,12,52,2,1.9230769230769231
MM-S03,13,14,2,1.9230769230769231
MM-S03,13,15,1,1.9230769230769231
MM-S03,13,16,1,1.9230769230769231
MM-S03,13,17,0,1.9230769230769231
MM-S03,13,18,2,1.9230769230769231
MM-S03,13,19,4,1.9230769230769231
MM-S03,13,20,2,1.9230769230769231
MM-S03,13,21,2,1.9230769230769231
MM-S03,13,22,2,1.9230769230769231
MM-S03,13,23,2,1.9230769230769231
MM-S03,13,24,5,1.9230769230769231
MM-S03,13,25,1,1.9230769230769231
MM-S03,13,26,1,1.9230769230769231
MM-S03,13,27,2,1.9230769230769231
MM-S03,13,28,1,1.9230769230769231
MM-S03,13,29,0,1.9230769230769231
MM-S03,13,30,2,1.9230769230769231
MM-S03,13,31,2,1.9230769230769231
MM-S03,13,32,4,1.9230769230769231
MM-S03,13,33,0,1.9230769230769231
MM-S03,13,34,3,1.9230769230769231
MM-S03,13,35,0,1.9230769230769231
MM-S03,13,36,4,1.9230769230769231
MM-S03,13,37,1,1.9230769230769231
MM-S03,13,38,3,1.9230769230769231
MM-S03,13,39,4,1.9230769230769231
MM-S03,13,40,0,1.9230769230769231
MM-S03,13,41,1,1.9230769230769231
MM-S03,13,42,1,1.9230769230769231
MM-S03,13,43,1,1.9230769230769231
MM-S03,13,44,0,1.9230769230769231
MM-S03,13,45,1,1.9230769230769231
MM-S03,13,46,2,1.9230769230769231
MM-S03,13,47,4,1.9230769230769231
MM-S03,13,48,0,1.9230769230769231
MM-S03,13,49,3,1.9230769230769231
MM-S03,13,50,2,1.9230769230769231
MM-S03,13,51,3,1.9230769230769231
MM-S03,13,52,1,1.9230769230769231
MM-S03,14,15,4,1.9230769230769231
MM-S03,14,16,0,1.9230769230769231
MM-S03,14,17,1,1.9230769230769231
MM-S03,14,18,0,1.9230769230769231
MM-S03,14,19,1,1.9230769230769231
MM-S03,14,20,2,1.9230769230769231
MM-S03,14,21,1,1.9230769230769231
MM-S03,14,22,2,1.9230769230769231
MM-S03,14,23,1,1.9230769230769231
MM-S03,14,24,3,1.9230769230769231
MM-S03,14,25,2,1.9230769230769231
MM-S03,14,26,2,1.9230769230769231
MM-S03,14,27,1,1.9230769230769231
MM-S03,14,28,4,1.9230769230769231
MM-S03,14,29,0,1.9230769230769231
MM-S03,14,30,3,1.9230769230769231
MM-S03,14,31,4,1.9230769230769231
MM-S03,14,32,4,1.9230769230769231
MM-S03,14,33,1,1.9230769230769231
MM-S03,14,34,2,1.9230769230769231
MM-S03,14,35,1,1.9230769230769231
MM-S03,14,36,1,1.9230769230769231
MM-S03,14,37,1,1.9230769230769231
MM-S03,14,38,1,1.9230769230769231
MM-S03,14,39,4,1.9230769230769231
MM-S03,14,40,2,1.9230769230769231
MM-S03,14,41,3,1.9230769230769231
MM-S03,14,42,4,1.9230769230769231
MM-S03,14,43,2,1.9230769230769231
MM-S03,14,44,5,1.9230769230769231
MM-S03,14,45,3,1.9230769230769231
MM-S03,14,46,5,1.9230769230769231
MM-S03,14,47,1,1.9230769230769231
MM-S03,14,48,3,1.9230769230769231
MM-S03,14,49,3,1.9230769230769231
MM-S03,14,50,2,1.9230769230769231
MM-S03,14,51,0,1.9230769230769231
MM-S03,14,52,2,1.9230769230769231
MM-S03,15,16,2,1.9230769230769231
MM-S03,15,17,0,1.9230769230769231
MM-S03,15,18,3,1.9230769230769231
MM-S03,15,19,2,1.9230769230769231
MM-S03,15,20,2,1.9230769230769231
MM-S03,15,21,3,1.9230769230769231
MM-S03,15,22,0,1.9230769230769231
MM-S03,15,23,1,1.9230769230769231
MM-S03,15,24,4,1.9230769230769231
MM-S03,15,25,4,1.9230769230769231
MM-S03,15,26,2,1.9230769230769231
MM-S03,15,27,1,1.9230769230769231
MM-S03,15,28,3,1.9230769230769231
MM-S03,15,29,2,1.9230769230769231
MM-S03,15,30,2,1.9230769230769231
MM-S03,15,31,0,1.9230769230769231
MM-S03,15,32,4,1.9230769230769231
MM-S03,15,33,1,1.9230769230769231
MM-S03,15,34,2,1.9230769230769231
MM-S03,15,35,0,1.9230769230769231
MM-S03,15,36,0,1.9230769230769231
MM-S03,15,37,3,1.9230769230769231
MM-S03,15,38,1,1.9230769230769231
MM-S03,15,39,6,1.9230769230769231
MM-S03,15,40,2,1.9230769230769231
MM-S03,15,41,0,1.9230769230769231
MM-S03,15,42,2,1.9230769230769231
MM-S03,15,43,0,1.9230769230769231
MM-S03,15,44,3,1.9230769230769231
MM-S03,15,45,0,1.9230769230769231
MM-S03,15,46,3,1.9230769230769231
MM-S03,15,47,2,1.9230769230769231
MM-S03,15,48,1,1.9230769230769231
MM-S03,15,49,0,1.9230769230769231
MM-S03,15,50,2,1.9230769230769231
MM-S03,15,51,4,1.9230769230769231
MM-S03,15,52,3,1.9230769230769231
MM-S03,16,17,2,1.9230769230769231
MM-S03,16,18,2,1.9230769230769231
MM-S03,16,19,2,1.9230769230769231
MM-S03,16,20,4,1.9230769230769231
MM-S03,16,21,2,1.9230769230769231
MM-S03,16,22,4,1.9230769230769231
MM-S03,16,23,3,1.9230769230769231
MM-S03,16,24,4,1.9230769230769231
MM-S03,16,25,1,1.9230769230769231
MM-S03,16,26,4,1.9230769230769231
MM-S03,16,27,0,1.9230769230769231
MM-S03,16,28,3,1.9230769230769231
MM-S03,16,29,2,1.9230769230769231
MM-S03,16,30,2,1.9230769230769231
MM-S03,16,31,6,1.9230769230769231
MM-S03,16,32,1,1.9230769230769231
MM-S03,16,33,1,1.9230769230769231
MM-S03,16,34,2,1.9230769230769231
MM-S03,16,35,1,1.9230769230769231
MM-S03,16,36,4,1.9230769230769231
MM-S03,16,37,1,1.9230769230769231
MM-S03,16,38,2,1.9230769230769231
MM-S03,16,39,2,1.9230769230769231
MM-S03,16,40,2,1.9230769230769231
MM-S03,16,41,4,1.9230769230769231
MM-S03,16,42,0,1.9230769230769231
MM-S03,16,43,1,1.9230769230769231
MM-S03,16,44,2,1.9230769230769231
MM-S03,16,45,2,1.9230769230769231
MM-S03,16,46,4,1.9230769230769231
MM-S03,16,47,2,1.9230769230769231
MM-S03,16,48,3,1.9230769230769231
MM-S03,16,49,5,1.9230769230769231
MM-S03,16,50,0,1.9230769230769231
MM-S03,16,51,4,1.9230769230769231
MM-S03,16,52,3,1.9230769230769231
MM-S03,17,18,3,1.9230769230769231
MM-S03,17,19,3,1.9230769230769231
MM-S03,17,20,3,1.9230769230769231
MM-S03,17,21,3,1.9230769230769231
MM-S03,17,22,1,1.9230769230769231
MM-S03,17,23,2,1.9230769230769231
MM-S03,17,24,2,1.9230769230769231
MM-S03,17,25,1,1.9230769230769231
MM-S03,17,26,3,1.9230769230769231
MM-S03,17,27,1,1.9230769230769231
MM-S03,17,28,1,1.9230769230769231
MM-S03,17,29,3,1.9230769230769231
MM-S03,17,30,1,1.9230769230769231
MM-S03,17,31,0,1.9230769230769231
MM-S03,17,32,2,1.9230769230769231
MM-S03,17,33,1,1.9230769230769231
MM-S03,17,34,2,1.9230769230769231
MM-S03,17,35,2,1.9230769230769231
MM-S03,17,36,0,1.9230769230769231
MM-S03,17,37,4,1.9230769230769231
MM-S03,17,38,0,1.9230769230769231
MM-S03,17,39,4,1.9230769230769231
MM-S03,17,40,2,1.9230769230769231
MM-S03,17,41,3,1.9230769230769231
MM-S03,17,42,2,1.9230769230769231
MM-S03,17,43,1,1.9230769230769231
MM-S03,17,44,3,1.9230769230769231
MM-S03,17,45,3,1.9230769230769231
MM-S03,17,46,1,1.9230769230769231
MM-S03,17,47,3,1.9230769230769231
MM-S03,17,48,2,1.9230769230769231
MM-S03,17,49,3,1.9230769230769231
MM-S03,17,50,4,1.9230769230769231
MM-S03,17,51,2,1.9230769230769231
MM-S03,17,52,3,1.9230769230769231
MM-S03,18,19,3,1.9230769230769231
MM-S03,18,20,1,1.9230769230769231
MM-S03,18,21,4,1.9230769230769231
MM-S03,18,22,0,1.9230769230769231
MM-S03,18,23,2,1.9230769230769231
MM-S03,18,24,0,1.9230769230769231
MM-S03,18,25,3,1.9230769230769231
MM-S03,18,26,2,1.9230769230769231
MM-S03,18,27,2,1.9230769230769231
MM-S03,18,28,0,1.9230769230769231
MM-S03,18,29,2,1.9230769230769231
MM-S03,18,30,1,1.9230769230769231
MM-S03,18,31,3,1.9230769230769231
MM-S03,18,32,3,1.9230769230769231
MM-S03,18,33,3,1.9230769230769231
MM-S03,18,34,4,1.9230769230769231
MM-S03,18,35,1,1.9230769230769231
MM-S03,18,36,1,1.9230769230769231
MM-S03,18,37,0,1.9230769230769231
MM-S03,18,38,0,1.9230769230769231
MM-S03,18,39,4,1.9230769230769231
MM-S03,18,40,2,1.9230769230769231
MM-S03,18,41,3,1.9230769230769231
MM-S03,18,42,2,1.9230769230769231
MM-S03,18,43,1,1.9230769230769231
MM-S03,18,44,2,1.9230769230769231
MM-S03,18,45,3,1.9230769230769231
MM-S03,18,46,3,1.9230769230769231
MM-S03,18,47,3,1.9230769230769231
MM-S03,18,48,1,1.9230769230769231
MM-S03,18,49,3,1.9230769230769231
MM-S03,18,50,5,1.9230769230769231
MM-S03,18,51,5,1.9230769230769231
MM-S03,18,52,1,1.9230769230769231
MM-S03,19,20,1,1.9230769230769231
MM-S03,19,21,3,1.9230769230769231
MM-S03,19,22,2,1.9230769230769231
MM-S03,19,23,1,1.9230769230769231
MM-S03,19,24,0,1.9230769230769231
MM-S03,19,25,0,1.9230769230769231
MM-S03,19,26,2,1.9230769230769231
MM-S03,19,27,0,1.9230769230769231
MM-S03,19,28,1,1.9230769230769231
MM-S03,19,29,2,1.9230769230769231
MM-S03,19,30,1,1.9230769230769231
MM-S03,19,31,3,1.9230769230769231
MM-S03,19,32,6,1.9230769230769231
MM-S03,19,33,1,1.9230769230769231
MM-S03,19,34,3,1.9230769230769231
MM-S03,19,35,1,1.9230769230769231
MM-S03,19,36,2,1.9230769230769231
MM-S03,19,37,1,1.9230769230769231
MM-S03,19,38,2,1.9230769230769231
MM-S03,19,39,1,1.9230769230769231
MM-S03,19,40,2,1.9230769230769231
MM-S03,19,41,0,1.9230769230769231
MM-S03,19,42,3,1.9230769230769231
MM-S03,19,43,0,1.9230769230769231
MM-S03,19,44,3,1.9230769230769231
MM-S03,19,45,1,1.9230769230769231
MM-S03,19,46,2,1.9230769230769231
MM-S03,19,47,3,1.9230769230769231
MM-S03,19,48,3,1.9230769230769231
MM-S03,19,49,0,1.9230769230769231
MM-S03,19,50,3,1.9230769230769231
MM-S03,19,51,3,1.9230769230769231
MM-S03,19,52,1,1.9230769230769231
MM-S03,20,21,1,1.9230769230769231
MM-S03,20,22,1,1.9230769230769231
MM-S03,20,23,2,1.9230769230769231
MM-S03,20,24,2,1.9230769230769231
MM-S03,20,25,1,1.9230769230769231
MM-S03,20,26,4,1.9230769230769231
MM-S03,20,27,4,1.9230769230769231
MM-S03,20,28,2,1.9230769230769231
MM-S03,20,29,3,1.9230769230769231
MM-S03,20,30,2,1.9230769230769231
MM-S03,20,31,3,1.9230769230769231
MM-S03,20,32,1,1.9230769230769231
MM-S03,20,33,1,1.9230769230769231
MM-S03,20,34,1,1.9230769230769231
MM-S03,20,35,0,1.9230769230769231
MM-S03,20,36,1,1.9230769230769231
MM-S03,20,37,1,1.9230769230769231
MM-S03,20,38,2,1.9230769230769231
MM-S03,20,39,0,1.9230769230769231
MM-S03,20,40,3,1.9230769230769231
MM-S03,20,41,2,1.9230769230769231
MM-S03,20,42,0,1.9230769230769231
MM-S03,20,43,2,1.9230769230769231
MM-S03,20,44,0,1.9230769230769231
MM-S03,20,45,1,1.9230769230769231
MM-S03,20,46,2,1.9230769230769231
MM-S03,20,47,2,1.9230769230769231
MM-S03,20,48,4,1.9230769230769231
MM-S03,20,49,4,1.9230769230769231
MM-S03,20,50,3,1.9230769230769231
MM-S03,20,51,2,1.9230769230769231
MM-S03,20,52,2,1.9230769230769231
MM-S03,21,22,3,1.9230769230769231
MM-S03,21,23,0,1.9230769230769231
MM-S03,21,24,0,1.9230769230769231
MM-S03,21,25,1,1.9230769230769231
MM-S03,21,26,1,1.9230769230769231
MM-S03,21,27,3,1.9230769230769231
MM-S03,21,28,2,1.9230769230769231
MM-S03,21,29,5,1.9230769230769231
MM-S03,21,30,3,1.9230769230769231
MM-S03,21,31,2,1.9230769230769231
MM-S03,21,32,5,1.9230769230769231
MM-S03,21,33,3,1.9230769230769231
MM-S03,21,34,1,1.9230769230769231
MM-S03,21,35,2,1.9230769230769231
MM-S03,21,36,0,1.9230769230769231
MM-S03,21,37,2,1.9230769230769231
MM-S03,21,38,0,1.9230769230769231
MM-S03,21,39,1,1.9230769230769231
MM-S03,21,40,3,1.9230769230769231
MM-S03,21,41,3,1.9230769230769231
MM-S03,21,42,2,1.9230769230769231
MM-S03,21,43,1,1.9230769230769231
MM-S03,21,44,1,1.9230769230769231
MM-S03,21,45,2,1.9230769230769231
MM-S03,21,46,1,1.9230769230769231
MM-S03,21,47,1,1.9230769230769231
MM-S03,21,48,0,1.9230769230769231
MM-S03,21,49,2,1.9230769230769231
MM-S03,21,50,2,1.9230769230769231
MM-S03,21,51,3,1.9230769230769231
MM-S03,21,52,1,1.9230769230769231
MM-S03,22,23,3,1.9230769230769231
MM-S03,22,24,1,1.9230769230769231
MM-S03,22,25,1,1.9230769230769231
MM-S03,22,26,2,1.9230769230769231
MM-S03,22,27,3,1.9230769230769231
MM-S03,22,28,4,1.9230769230769231
MM-S03,22,29,2,1.9230769230769231
MM-S03,22,30,0,1.9230769230769231
MM-S03,22,31,2,1.9230769230769231
MM-S03,22,32,5,1.9230769230769231
MM-S03,22,33,1,1.9230769230769231
MM-S03,22,34,0,1.9230769230769231
MM-S03,22,35,2,1.9230769230769231
MM-S03,22,36,1,1.9230769230769231
MM-S03,22,37,3,1.9230769230769231
MM-S03,22,38,1,1.9230769230769231
MM-S03,22,39,2,1.9230769230769231
MM-S03,22,40,3,1.9230769230769231
MM-S03,22,41,2,1.9230769230769231
MM-S03,22,42,2,1.9230769230769231
MM-S03,22,43,1,1.9230769230769231
MM-S03,22,44,3,1.9230769230769231
MM-S03,22,45,0,1.9230769230769231
MM-S03,22,46,5,1.9230769230769231
MM-S03,22,47,1,1.9230769230769231
MM-S03,22,48,2,1.9230769230769231
MM-S03,22,49,1,1.9230769230769231
MM-S03,22,50,1,1.9230769230769231
MM-S03,22,51,0,1.9230769230769231
MM-S03,22,52,1,1.9230769230769231
MM-S03,23,24,0,1.9230769230769231
MM-S03,23,25,1,1.9230769230769231
MM-S03,23,26,2,1.9230769230769231
MM-S03,23,27,1,1.9230769230769231
MM-S03,23,28,2,1.9230769230769231
MM-S03,23,29,2,1.9230769230769231
MM-S03,23,30,2,1.9230769230769231
MM-S03,23,31,1,1.9230769230769231
MM-S03,23,32,1,1.9230769230769231
MM-S03,23,33,2,1.9230769230769231
MM-S03,23,34,0,1.9230769230769231
MM-S03,23,35,1,1.9230769230769231
MM-S03,23,36,4,1.9230769230769231
MM-S03,23,37,0,1.9230769230769231
MM-S03,23,38,3,1.9230769230769231
MM-S03,23,39,0,1.9230769230769231
MM-S03,23,40,0,1.9230769230769231
MM-S03,23,41,0,1.9230769230769231
MM-S03,23,42,0,1.9230769230769231
MM-S03,23,43,3,1.9230769230769231
MM-S03,23,44,1,1.9230769230769231
MM-S03,23,45,1,1.9230769230769231
MM-S03,23,46,1,1.9230769230769231
MM-S03,23,47,1,1.9230769230769231
MM-S03,23,48,1,1.9230769230769231
MM-S03,23,49,3,1.9230769230769231
MM-S03,23,50,0,1.9230769230769231
MM-S03,23,51,2,1.9230769230769231
MM-S03,23,52,1,1.9230769230769231
MM-S03,24,25,0,1.9230769230769231
MM-S03,24,26,1,1.9230769230769231
MM-S03,24,27,0,1.9230769230769231
MM-S03,24,28,1,1.9230769230769231
MM-S03,24,29,2,1.9230769230769231
MM-S03,24,30,2,1.9230769230769231
MM-S03,24,31,1,1.9230769230769231
MM-S03,24,32,4,1.9230769230769231
MM-S03,24,33,0,1.9230769230769231
MM-S03,24,34,2,1.9230769230769231
MM-S03,24,35,1,1.9230769230769231
MM-S03,24,36,2,1.9230769230769231
MM-S03,24,37,3,1.9230769230769231
MM-S03,24,38,2,1.9230769230769231
MM-S03,24,39,2,1.9230769230769231
MM-S03,24,40,1,1.9230769230769231
MM-S03,24,41,0,1.9230769230769231
MM-S03,24,42,2,1.9230769230769231
MM-S03,24,43,3,1.9230769230769231
MM-S03,24,44,1,1.9230769230769231
MM-S03,24,45,3,1.9230769230769231
MM-S03,24,46,4,1.9230769230769231
MM-S03,24,47,4,1.9230769230769231
MM-S03,24,48,1,1.9230769230769231
MM-S03,24,49,5,1.9230769230769231
MM-S03,24,50,2,1.9230769230769231
MM-S03,24,51,3,1.9230769230769231
MM-S03,24,52,5,1.9230769230769231
MM-S03,25,26,1,1.9230769230769231
MM-S03,25,27,0,1.9230769230769231
MM-S03,25,28,0,1.9230769230769231
MM-S03,25,29,4,1.9230769230769231
MM-S03,25,30,4,1.9230769230769231
MM-S03,25,31,1,1.9230769230769231
MM-S03,25,32,2,1.9230769230769231
MM-S03,25,33,2,1.9230769230769231
MM-S03,25,34,1,1.9230769230769231
MM-S03,25,35,2,1.9230769230769231
MM-S03,25,36,0,1.9230769230769231
MM-S03,25,37,2,1.9230769230769231
MM-S03,25,38,4,1.9230769230769231
MM-S03,25,39,2,1.9230769230769231
MM-S03,25,40,1,1.9230769230769231
MM-S03,25,41,0,1.9230769230769231
MM-S03,25,42,3,1.9230769230769231
MM-S03,25,43,1,1.9230769230769231
MM-S03,25,44,2,1.9230769230769231
MM-S03,25,45,1,1.9230769230769231
MM-S03,25,46,3,1.9230769230769231
MM-S03,25,47,4,1.9230769230769231
MM-S03,25,48,2,1.9230769230769231
MM-S03,25,49,3,1.9230769230769231
MM-S03,25,50,2,1.9230769230769231
MM-S03,25,51,0,1.9230769230769231
MM-S03,25,52,1,1.9230769230769231
MM-S03,26,27,3,1.9230769230769231
MM-S03,26,28,3,1.9230769230769231
MM-S03,26,29,2,1.9230769230769231
MM-S03,26,30,3,1.9230769230769231
MM-S03,26,31,3,1.9230769230769231
MM-S03,26,32,2,1.9230769230769231
MM-S03,26,33,1,1.9230769230769231
MM-S03,26,34,0,1.9230769230769231
MM-S03,26,35,1,1.9230769230769231
MM-S03,26,36,4,1.9230769230769231
MM-S03,26,37,2,1.9230769230769231
MM-S03,26,38,2,1.9230769230769231
MM-S03,26,39,5,1.9230769230769231
MM-S03,26,40,1,1.9230769230769231
MM-S03,26,41,6,1.9230769230769231
MM-S03,26,42,2,1.9230769230769231
MM-S03,26,43,2,1.9230769230769231
MM-S03,26,44,5,1.9230769230769231
MM-S03,26,45,1,1.9230769230769231
MM-S03,26,46,2,1.9230769230769231
MM-S03,26,47,3,1.9230769230769231
MM-S03,26,48,5,1.9230769230769231
MM-S03,26,49,3,1.9230769230769231
MM-S03,26,50,2,1.9230769230769231
MM-S03,26,51,0,1.9230769230769231
MM-S03,26,52,0,1.9230769230769231
MM-S03,27,28,2,1.9230769230769231
MM-S03,27,29,2,1.9230769230769231
MM-S03,27,30,2,1.9230769230769231
MM-S03,27,31,3,1.9230769230769231
MM-S03,27,32,1,1.9230769230769231
MM-S03,27,33,2,1.9230769230769231
MM-S03,27,34,2,1.9230769230769231
MM-S03,27,35,1,1.9230769230769231
MM-S03,27,36,2,1.9230769230769231
MM-S03,27,37,1,1.9230769230769231
MM-S03,27,38,2,1.9230769230769231
MM-S03,27,39,3,1.9230769230769231
MM-S03,27,40,1,1.9230769230769231
MM-S03,27,41,2,1.9230769230769231
MM-S03,27,42,1,1.9230769230769231
MM-S03,27,43,1,1.9230769230769231
MM-S03,27,44,1,1.9230769230769231
MM-S03,27,45,3,1.9230769230769231
MM-S03,27,46,0,1.9230769230769231
MM-S03,27,47,0,1.9230769230769231
MM-S03,27,48,0,1.9230769230769231
MM-S03,27,49,2,1.9230769230769231
MM-S03,27,50,0,1.9230769230769231
MM-S03,27,51,2,1.9230769230769231
MM-S03,27,52,2,1.9230769230769231
MM-S03,28,29,1,1.9230769230769231
MM-S03,28,30,1,1.9230769230769231
MM-S03,28,31,2,1.9230769230769231
MM-S03,28,32,1,1.9230769230769231
MM-S03,28,33,1,1.9230769230769231
MM-S03,28,34,1,1.9230769230769231
MM-S03,28,35,0,1.9230769230769231
MM-S03,28,36,4,1.9230769230769231
MM-S03,28,37,2,1.9230769230769231
MM-S03,28,38,1,1.9230769230769231
MM-S03,28,39,5,1.9230769230769231
MM-S03,28,40,4,1.9230769230769231
MM-S03,28,41,2,1.9230769230769231
MM-S03,28,42,4,1.9230769230769231
MM-S03,28,43,0,1.9230769230769231
MM-S03,28,44,2,1.9230769230769231
MM-S03,28,45,4,1.9230769230769231
MM-S03,28,46,2,1.9230769230769231
MM-S03,28,47,0,1.9230769230769231
MM-S03,28,48,2,1.9230769230769231
MM-S03,28,49,3,1.9230769230769231
MM-S03,28,50,1,1.9230769230769231
MM-S03,28,51,5,1.9230769230769231
MM-S03,28,52,4,1.9230769230769231
MM-S03,29,30,2,1.9230769230769231
MM-S03,29,31,3,1.9230769230769231
MM-S03,29,32,7,1.9230769230769231
MM-S03,29,33,0,1.9230769230769231
MM-S03,29,34,1,1.9230769230769231
MM-S03,29,35,2,1.9230769230769231
MM-S03,29,36,2,1.9230769230769231
MM-S03,29,37,2,1.9230769230769231
MM-S03,29,38,2,1.9230769230769231
MM-S03,29,39,3,1.9230769230769231
MM-S03,29,40,1,1.9230769230769231
MM-S03,29,41,1,1.9230769230769231
MM-S03,29,42,4,1.9230769230769231
MM-S03,29,43,0,1.9230769230769231
MM-S03,29,44,3,1.9230769230769231
MM-S03,29,45,3,1.9230769230769231
MM-S03,29,46,0,1.9230769230769231
MM-S03,29,47,0,1.9230769230769231
MM-S03,29,48,2,1.9230769230769231
MM-S03,29,49,1,1.9230769230769231
MM-S03,29,50,1,1.9230769230769231
MM-S03,29,51,4,1.9230769230769231
MM-S03,29,52,2,1.9230769230769231
MM-S03,30,31,2,1.9230769230769231
MM-S03,30,32,1,1.9230769230769231
MM-S03,30,33,2,1.9230769230769231
MM-S03,30,34,2,1.9230769230769231
MM-S03,30,35,1,1.9230769230769231
MM-S03,30,36,4,1.9230769230769231
MM-S03,30,37,2,1.9230769230769231
MM-S03,30,38,2,1.9230769230769231
MM-S03,30,39,3,1.9230769230769231
MM-S03,30,40,3,1.9230769230769231
MM-S03,30,41,1,1.9230769230769231
MM-S03,30,42,1,1.9230769230769231
MM-S03,30,43,1,1.9230769230769231
MM-S03,30,44,1,1.9230769230769231
MM-S03,30,45,1,1.9230769230769231
MM-S03,30,46,2,1.9230769230769231
MM-S03,30,47,2,1.9230769230769231
MM-S03,30,48,1,1.9230769230769231
MM-S03,30,49,3,1.9230769230769231
MM-S03,30,50,2,1.9230769230769231
MM-S03,30,51,2,1.9230769230769231
MM-S03,30,52,5,1.9230769230769231
MM-S03,31,32,2,1.9230769230769231
MM-S03,31,33,3,1.9230769230769231
MM-S03,31,34,1,1.9230769230769231
MM-S03,31,35,0,1.9230769230769231
MM-S03,31,36,0,1.9230769230769231
MM-S03,31,37,2,1.9230769230769231
MM-S03,31,38,1,1.9230769230769231
MM-S03,31,39,3,1.9230769230769231
MM-S03,31,40,5,1.9230769230769231
MM-S03,31,41,5,1.9230769230769231
MM-S03,31,42,3,1.9230769230769231
MM-S03,31,43,1,1.9230769230769231
MM-S03,31,44,4,1.9230769230769231
MM-S03,31,45,2,1.9230769230769231
MM-S03,31,46,2,1.9230769230769231
MM-S03,31,47,2,1.9230769230769231
MM-S03,31,48,5,1.9230769230769231
MM-S03,31,49,2,1.9230769230769231
MM-S03,31,50,3,1.9230769230769231
MM-S03,31,51,5,1.9230769230769231
MM-S03,31,52,5,1.9230769230769231
MM-S03,32,33,0,1.9230769230769231
MM-S03,32,34,3,1.9230769230769231
MM-S03,32,35,2,1.9230769230769231
MM-S03,32,36,3,1.9230769230769231
MM-S03,32,37,4,1.9230769230769231
MM-S03,32,38,3,1.9230769230769231
MM-S03,32,39,5,1.9230769230769231
MM-S03,32,40,2,1.9230769230769231
MM-S03,32,41,2,1.9230769230769231
MM-S03,32,42,5,1.9230769230769231
MM-S03,32,43,1,1.9230769230769231
MM-S03,32,44,5,1.9230769230769231
MM-S03,32,45,3,1.9230769230769231
MM-S03,32,46,3,1.9230769230769231
MM-S03,32,47,3,1.9230769230769231
MM-S03,32,48,2,1.9230769230769231
MM-S03,32,49,3,1.9230769230769231
MM-S03,32,50,4,1.9230769230769231
MM-S03,32,51,4,1.9230769230769231
MM-S03,32,52,4,1.9230769230769231
MM-S03,33,34,0,1.9230769230769231
MM-S03,33,35,1,1.9230769230769231
MM-S03,33,36,1,1.9230769230769231
MM-S03,33,37,0,1.9230769230769231
MM-S03,33,38,1,1.9230769230769231
MM-S03,33,39,0,1.9230769230769231
MM-S03,33,40,1,1.9230769230769231
MM-S03,33,41,1,1.9230769230769231
MM-S03,33,42,1,1.9230769230769231
MM-S03,33,43,1,1.9230769230769231
MM-S03,33,44,2,1.9230769230769231
MM-S03,33,45,0,1.9230769230769231
MM-S03,33,46,2,1.9230769230769231
MM-S03,33,47,2,1.9230769230769231
MM-S03,33,48,1,1.9230769230769231
MM-S03,33,49,2,1.9230769230769231
MM-S03,33,50,2,1.9230769230769231
MM-S03,33,51,3,1.9230769230769231
MM-S03,33,52,1,1.9230769230769231
MM-S03,34,35,1,1.9230769230769231
MM-S03,34,36,2,1.9230769230769231
MM-S03,34,37,2,1.9230769230769231
MM-S03,34,38,3,1.9230769230769231
MM-S03,34,39,4,1.9230769230769231
MM-S03,34,40,1,1.9230769230769231
MM-S03,34,41,0,1.9230769230769231
MM-S03,34,42,1,1.9230769230769231
MM-S03,34,43,1,1.9230769230769231
MM-S03,34,44,3,1.9230769230769231
MM-S03,34,45,0,1.9230769230769231
MM-S03,34,46,1,1.9230769230769231
MM-S03,34,47,3,1.9230769230769231
MM-S03,34,48,1,1.9230769230769231
MM-S03,34,49,2,1.9230769230769231
MM-S03,34,50,4,1.9230769230769231
MM-S03,34,51,3,1.9230769230769231
MM-S03,34,52,3,1.9230769230769231
MM-S03,35,36,1,1.9230769230769231
MM-S03,35,37,2,1.9230769230769231
MM-S03,35,38,1,1.9230769230769231
MM-S03,35,39,2,1.9230769230769231
MM-S03,35,40,2,1.9230769230769231
MM-S03,35,41,1,1.9230769230769231
MM-S03,35,42,0,1.9230769230769231
MM-S03,35,43,1,1.9230769230769231
MM-S03,35,44,1,1.9230769230769231
MM-S03,35,45,0,1.9230769230769231
MM-S03,35,46,1,1.9230769230769231
MM-S03,35,47,0,1.9230769230769231
MM-S03,35,48,0,1.9230769230769231
MM-S03,35,49,1,1.9230769230769231
MM-S03,35,50,2,1.9230769230769231
MM-S03,35,51,1,1.9230769230769231
MM-S03,35,52,1,1.9230769230769231
MM-S03,36,37,1,1.9230769230769231
MM-S03,36,38,1,1.9230769230769231
MM-S03,36,39,4,1.9230769230769231
MM-S03,36,40,0,1.9230769230769231
MM-S03,36,41,2,1.9230769230769231
MM-S03,36,42,2,1.9230769230769231
MM-S03,36,43,0,1.9230769230769231
MM-S03,36,44,3,1.9230769230769231
MM-S03,36,45,0,1.9230769230769231
MM-S03,36,46,3,1.9230769230769231
MM-S03,36,47,0,1.9230769230769231
MM-S03,36,48,3,1.9230769230769231
MM-S03,36,49,2,1.9230769230769231
MM-S03,36,50,1,1.9230769230769231
MM-S03,36,51,6,1.9230769230769231
MM-S03,36,52,4,1.9230769230769231
MM-S03,37,38,1,1.9230769230769231
MM-S03,37,39,3,1.9230769230769231
MM-S03,37,40,5,1.9230769230769231
MM-S03,37,41,3,1.9230769230769231
MM-S03,37,42,1,1.9230769230769231
MM-S03,37,43,1,1.9230769230769231
MM-S03,37,44,0,1.9230769230769231
MM-S03,37,45,1,1.9230769230769231
MM-S03,37,46,5,1.9230769230769231
MM-S03,37,47,2,1.9230769230769231
MM-S03,37,48,2,1.9230769230769231
MM-S03,37,49,2,1.9230769230769231
MM-S03,37,50,1,1.9230769230769231
MM-S03,37,51,1,1.9230769230769231
MM-S03,37,52,1,1.9230769230769231
MM-S03,38,39,2,1.9230769230769231
MM-S03,38,40,1,1.9230769230769231
MM-S03,38,41,0,1.9230769230769231
MM-S03,38,42,1,1.9230769230769231
MM-S03,38,43,0,1.9230769230769231
MM-S03,38,44,3,1.9230769230769231
MM-S03,38,45,1,1.9230769230769231
MM-S03,38,46,3,1.9230769230769231
MM-S03,38,47,4,1.9230769230769231
MM-S03,38,48,0,1.9230769230769231
MM-S03,38,49,4,1.9230769230769231
MM-S03,38,50,4,1.9230769230769231
MM-S03,38,51,1,1.9230769230769231
MM-S03,38,52,0,1.9230769230769231
MM-S03,39,40,1,1.9230769230769231
MM-S03,39,41,2,1.9230769230769231
MM-S03,39,42,2,1.9230769230769231
MM-S03,39,43,2,1.9230769230769231
MM-S03,39,44,1,1.9230769230769231
MM-S03,39,45,1,1.9230769230769231
MM-S03,39,46,2,1.9230769230769231
MM-S03,39,47,2,1.9230769230769231
MM-S03,39,48,2,1.9230769230769231
MM-S03,39,49,4,1.9230769230769231
MM-S03,39,50,4,1.9230769230769231
MM-S03,39,51,4,1.9230769230769231
MM-S03,39,52,5,1.9230769230769231
MM-S03,40,41,3,1.9230769230769231
MM-S03,40,42,1,1.9230769230769231
MM-S03,40,43,1,1.9230769230769231
MM-S03,40,44,0,1.9230769230769231
MM-S03,40,45,0,1.9230769230769231
MM-S03,40,46,1,1.9230769230769231
MM-S03,40,47,2,1.9230769230769231
MM-S03,40,48,1,1.9230769230769231
MM-S03,40,49,1,1.9230769230769231
MM-S03,40,50,3,1.9230769230769231
MM-S03,40,51,5,1.9230769230769231
MM-S03,40,52,3,1.9230769230769231
MM-S03,41,42,2,1.9230769230769231
MM-S03,41,43,0,1.9230769230769231
MM-S03,41,44,2,1.9230769230769231
MM-S03,41,45,2,1.9230769230769231
MM-S03,41,46,1,1.9230769230769231
MM-S03,41,47,2,1.9230769230769231
MM-S03,41,48,2,1.9230769230769231
MM-S03,41,49,3,1.9230769230769231
MM-S03,41,50,1,1.9230769230769231
MM-S03,41,51,1,1.9230769230769231
MM-S03,41,52,3,1.9230769230769231
MM-S03,42,43,2,1.9230769230769231
MM-S03,42,44,2,1.9230769230769231
MM-S03,42,45,2,1.9230769230769231
MM-S03,42,46,1,1.9230769230769231
MM-S03,42,47,0,1.9230769230769231
MM-S03,42,48,1,1.9230769230769231
MM-S03,42,49,4,1.9230769230769231
MM-S03,42,50,4,1.9230769230769231
MM-S03,42,51,5,1.9230769230769231
MM-S03,42,52,1,1.9230769230769231
MM-S03,43,44,3,1.9230769230769231
MM-S03,43,45,3,1.9230769230769231
MM-S03,43,46,0,1.9230769230769231
MM-S03,43,47,2,1.9230769230769231
MM-S03,43,48,1,1.9230769230769231
MM-S03,43,49,2,1.9230769230769231
MM-S03,43,50,1,1.9230769230769231
MM-S03,43,51,1,1.9230769230769231
MM-S03,43,52,2,1.9230769230769231
MM-S03,44,45,1,1.9230769230769231
MM-S03,44,46,1,1.9230769230769231
MM-S03,44,47,1,1.9230769230769231
MM-S03,44,48,2,1.9230769230769231
MM-S03,44,49,4,1.9230769230769231
MM-S03,44,50,2,1.9230769230769231
MM-S03,44,51,2,1.9230769230769231
MM-S03,44,52,3,1.9230769230769231
MM-S03,45,46,2,1.9230769230769231
MM-S03,45,47,1,1.9230769230769231
MM-S03,45,48,4,1.9230769230769231
MM-S03,45,49,1,1.9230769230769231
MM-S03,45,50,1,1.9230769230769231
MM-S03,45,51,2,1.9230769230769231
MM-S03,45,52,3,1.9230769230769231
MM-S03,46,47,4,1.9230769230769231
MM-S03,46,48,2,1.9230769230769231
MM-S03,46,49,1,1.9230769230769231
MM-S03,46,50,1,1.9230769230769231
MM-S03,46,51,4,1.9230769230769231
MM-S03,46,52,2,1.9230769230769231
MM-S03,47,48,2,1.9230769230769231
MM-S03,47,49,3,1.9230769230769231
MM-S03,47,50,4,1.9230769230769231
MM-S03,47,51,1,1.9230769230769231
MM-S03,47,52,2,1.9230769230769231
MM-S03,48,49,3,1.9230769230769231
MM-S03,48,50,2,1.9230769230769231
MM-S03,48,51,3,1.9230769230769231
MM-S03,48,52,0,1.9230769230769231
MM-S03,49,50,4,1.9230769230769231
MM-S03,49,51,6,1.9230769230769231
MM-S03,49,52,3,1.9230769230769231
MM-S03,50,51,4,1.9230769230769231
MM-S03,50,52,1,1.9230769230769231
MM-S03,51,52,1,1.9230769230769231
MM-S04,1,2,5,4.512987012987013
MM-S04,1,3,4,4.512987012987013
MM-S04,1,4,3,4.512987012987013
MM-S04,1,5,3,4.512987012987013
MM-S04,1,6,1,4.512987012987013
MM-S04,1,7,0,4.512987012987013
MM-S04,1,8,2,4.512987012987013
MM-S04,1,9,5,4.512987012987013
MM-S04,1,10,7,4.512987012987013
MM-S04,1,11,4,4.512987012987013
MM-S04,1,12,5,4.512987012987013
MM-S04,1,13,4,4.512987012987013
MM-S04,1,14,4,4.512987012987013
MM-S04,1,15,2,4.512987012987013
MM-S04,1,16,4,4.512987012987013
MM-S04,1,17,5,4.512987012987013
MM-S04,1,18,4,4.512987012987013
MM-S04,1,19,4,4.512987012987013
MM-S04,1,20,7,4.512987012987013
MM-S04,1,21,1,4.512987012987013
MM-S04,1,22,7,4.512987012987013
MM-S04,1,23,4,4.512987012987013
MM-S04,1,24,2,4.512987012987013
MM-S04,1,25,2,4.512987012987013
MM-S04,1,26,3,4.512987012987013
MM-S04,1,27,7,4.512987012987013
MM-S04,1,28,3,4.512987012987013
MM-S04,1,29,5,4.512987012987013
MM-S04,1,30,2,4.512987012987013
MM-S04,1,31,6,4.512987012987013
MM-S04,1,32,5,4.512987012987013
MM-S04,1,33,5,4.512987012987013
MM-S04,1,34,3,4.512987012987013
MM-S04,1,35,5,4.512987012987013
MM-S04,1,36,5,4.512987012987013
MM-S04,1,37,3,4.512987012987013
MM-S04,1,38,5,4.512987012987013
MM-S04,1,39,3,4.512987012987013
MM-S04,1,40,2,4.512987012987013
MM-S04,1,41,3,4.512987012987013
MM-S04,1,42,5,4.512987012987013
MM-S04,1,43,1,4.512987012987013
MM-S04,1,44,3,4.512987012987013
MM-S04,1,45,3,4.512987012987013
MM-S04,1,46,8,4.512987012987013
MM-S04,1,47,4,4.512987012987013
MM-S04,1,48,1,4.512987012987013
MM-S04,1,49,3,4.512987012987013
MM-S04,1,50,6,4.512987012987013
MM-S04,1,51,3,4.512987012987013
MM-S04,1,52,7,4.512987012987013
MM-S04,1,53,6,4.512987012987013
MM-S04,1,54,3,4.512987012987013
MM-S04,1,55,2,4.512987012987013
MM-S04,1,56,3,4.512987012987013
MM-S04,2,3,2,4.512987012987013
MM-S04,2,4,9,4.512987012987013
MM-S04,2,5,3,4.512987012987013
MM-S04,2,6,2,4.512987012987013
MM-S04,2,7,9,4.512987012987013
MM-S04,2,8,3,4.512987012987013
MM-S04,2,9,5,4.512987012987013
MM-S04,2,10,3,4.512987012987013
MM-S04,2,11,3,4.512987012987013
MM-S04,2,12,4,4.512987012987013
MM-S04,2,13,6,4.512987012987013
MM-S04,2,14,4,4.512987012987013
MM-S04,2,15,5,4.512987012987013
MM-S04,2,16,6,4.512987012987013
MM-S04,2,17,9,4.512987012987013
MM-S04,2,18,5,4.512987012987013
MM-S04,2,19,6,4.512987012987013
MM-S04,2,20,7,4.512987012987013
MM-S04,2,21,5,4.512987012987013
MM-S04,2,22,9,4.512987012987013
MM-S04,2,23,5,4.512987012987013
MM-S04,2,24,2,4.512987012987013
MM-S04,2,25,6,4.512987012987013
MM-S04,2,26,4,4.512987012987013
MM-S04,2,27,7,4.512987012987013
MM-S04,2,28,8,4.512987012987013
MM-S04,2,29,7,4.512987012987013
MM-S04,2,30,3,4.512987012987013
MM-S04,2,31,4,4.512987012987013
MM-S04,2,32,5,4.512987012987013
MM-S04,2,33,2,4.512987012987013
MM-S04,2,34,5,4.512987012987013
MM-S04,2,35,8,4.512987012987013
MM-S04,2,36,9,4.512987012987013
MM-S04,2,37,3,4.512987012987013
MM-S04,2,38,5,4.512987012987013
MM-S04,2,39,4,4.512987012987013
MM-S04,2,40,3,4.512987012987013
MM-S04,2,41,4,4.512987012987013
MM-S04,2,42,4,4.512987012987013
MM-S04,2,43,1,4.512987012987013
MM-S04,2,44,8,4.512987012987013
MM-S04,2,45,6,4.512987012987013
MM-S04,2,46,5,4.512987012987013
MM-S04,2,47,4,4.512987012987013
MM-S04,2,48,7,4.512987012987013
MM-S04,2,49,1,4.512987012987013
MM-S04,2,50,7,4.512987012987013
MM-S04,2,51,9,4.512987012987013
MM-S04,2,52,3,4.512987012987013
MM-S04,2,53,5,4.512987012987013
MM-S04,2,54,3,4.512987012987013
MM-S04,2,55,2,4.512987012987013
MM-S04,2,56,3,4.512987012987013
MM-S04,3,4,6,4.512987012987013
MM-S04,3,5,9,4.512987012987013
MM-S04,3,6,4,4.512987012987013
MM-S04,3,7,2,4.512987012987013
MM-S04,3,8,3,4.512987012987013
MM-S04,3,9,3,4.512987012987013
MM-S04,3,10,3,4.512987012987013
MM-S04,3,11,5,4.512987012987013
MM-S04,3,12,11,4.512987012987013
MM-S04,3,13,2,4.512987012987013
MM-S04,3,14,5,4.512987012987013
MM-S04,3,15,5,4.512987012987013
MM-S04,3,16,6,4.512987012987013
MM-S04,3,17,2,4.512987012987013
MM-S04,3,18,8,4.512987012987013
MM-S04,3,19,7,4.512987012987013
MM-S04,3,20,3,4.512987012987013
MM-S04,3,21,7,4.512987012987013
MM-S04,3,22,4,4.512987012987013
MM-S04,3,23,1,4.512987012987013
MM-S04,3,24,3,4.512987012987013
MM-S04,3,25,5,4.512987012987013
MM-S04,3,26,3,4.512987012987013
MM-S04,3,27,5,4.512987012987013
MM-S04,3,28,2,4.512987012987013
MM-S04,3,29,6,4.512987012987013
MM-S04,3,30,7,4.512987012987013
MM-S04,3,31,3,4.512987012987013
MM-S04,3,32,1,4.512987012987013
MM-S04,3,33,5,4.512987012987013
MM-S04,3,34,4,4.512987012987013
MM-S04,3,35,1,4.512987012987013
MM-S04,3,36,5,4.512987012987013
MM-S04,3,37,1,4.512987012987013
MM-S04,3,38,4,4.512987012987013
MM-S04,3,39,6,4.512987012987013
MM-S04,3,40,4,4.512987012987013
MM-S04,3,41,2,4.512987012987013
MM-S04,3,42,3,4.512987012987013
MM-S04,3,43,5,4.512987012987013
MM-S04,3,44,5,4.512987012987013
MM-S04,3,45,6,4.512987012987013
MM-S04,3,46,4,4.512987012987013
MM-S04,3,47,6,4.512987012987013
MM-S04,3,48,5,4.512987012987013
MM-S04,3,49,5,4.512987012987013
MM-S04,3,50,6,4.512987012987013
MM-S04,3,51,4,4.512987012987013
MM-S04,3,52,9,4.512987012987013
MM-S04,3,53,5,4.512987012987013
MM-S04,3,54,3,4.512987012987013
MM-S04,3,55,2,4.512987012987013
MM-S04,3,56,3,4.512987012987013
MM-S04,4,5,6,4.512987012987013
MM-S04,4,6,1,4.512987012987013
MM-S04,4,7,6,4.512987012987013
MM-S04,4,8,4,4.512987012987013
MM-S04,4,9,3,4.512987012987013
MM-S04,4,10,6,4.512987012987013
MM-S04,4,11,4,4.512987012987013
MM-S04,4,12,4,4.512987012987013
MM-S04,4,13,7,4.512987012987013
MM-S04,4,14,4,4.512987012987013
MM-S04,4,15,6,4.512987012987013
MM-S04,4,16,9,4.512987012987013
MM-S04,4,17,9,4.512987012987013
MM-S04,4,18,4,4.512987012987013
MM-S04,4,19,5,4.512987012987013
MM-S04,4,20,5,4.512987012987013
MM-S04,4,21,6,4.512987012987013
MM-S04,4,22,4,4.512987012987013
MM-S04,4,23,4,4.512987012987013
MM-S04,4,24,4,4.512987012987013
MM-S04,4,25,5,4.512987012987013
MM-S04,4,26,5,4.512987012987013
MM-S04,4,27,6,4.512987012987013
MM-S04,4,28,5,4.512987012987013
MM-S04,4,29,8,4.512987012987013
MM-S04,4,30,3,4.512987012987013
MM-S04,4,31,3,4.512987012987013
MM-S04,4,32,3,4.512987012987013
MM-S04,4,33,5,4.512987012987013
MM-S04,4,34,2,4.512987012987013
MM-S04,4,35,3,4.512987012987013
MM-S04,4,36,6,4.512987012987013
MM-S04,4,37,2,4.512987012987013
MM-S04,4,38,7,4.512987012987013
MM-S04,4,39,5,4.512987012987013
MM-S04,4,40,4,4.512987012987013
MM-S04,4,41,6,4.512987012987013
MM-S04,4,42,3,4.512987012987013
MM-S04,4,43,3,4.512987012987013
MM-S04,4,44,3,4.512987012987013
MM-S04,4,45,7,4.512987012987013
MM-S04,4,46,6,4.512987012987013
MM-S04,4,47,3,4.512987012987013
MM-S04,4,48,7,4.512987012987013
MM-S04,4,49,1,4.512987012987013
MM-S04,4,50,6,4.512987012987013
MM-S04,4,51,7,4.512987012987013
MM-S04,4,52,4,4.512987012987013
MM-S04,4,53,6,4.512987012987013
MM-S04,4,54,6,4.512987012987013
MM-S04,4,55,2,4.512987012987013
MM-S04,4,56,7,4.512987012987013
MM-S04,5,6,5,4.512987012987013
MM-S04,5,7,5,4.512987012987013
MM-S04,5,8,5,4.512987012987013
MM-S04,5,9,5,4.512987012987013
MM-S04,5,10,3,4.512987012987013
MM-S04,5,11,1,4.512987012987013
MM-S04,5,12,7,4.512987012987013
MM-S04,5,13,3,4.512987012987013
MM-S04,5,14,5,4.512987012987013
MM-S04,5,15,6,4.512987012987013
MM-S04,5,16,5,4.512987012987013
MM-S04,5,17,7,4.512987012987013
MM-S04,5,18,6,4.512987012987013
MM-S04,5,19,5,4.512987012987013
MM-S04,5,20,2,4.512987012987013
MM-S04,5,21,4,4.512987012987013
MM-S04,5,22,3,4.512987012987013
MM-S04,5,23,5,4.512987012987013
MM-S04,5,24,3,4.512987012987013
MM-S04,5,25,6,4.512987012987013
MM-S04,5,26,10,4.512987012987013
MM-S04,5,27,4,4.512987012987013
MM-S04,5,28,3,4.512987012987013
MM-S04,5,29,3,4.512987012987013
MM-S04,5,30,4,4.512987012987013
MM-S04,5,31,8,4.512987012987013
MM-S04,5,32,1,4.512987012987013
MM-S04,5,33,5,4.512987012987013
MM-S04,5,34,10,4.512987012987013
MM-S04,5,35,4,4.512987012987013
MM-S04,5,36,5,4.512987012987013
MM-S04,5,37,4,4.512987012987013
MM-S04,5,38,10,4.512987012987013
MM-S04,5,39,4,4.512987012987013
MM-S04,5,40,5,4.512987012987013
MM-S04,5,41,7,4.512987012987013
MM-S04,5,42,2,4.512987012987013
MM-S04,5,43,3,4.512987012987013
MM-S04,5,44,2,4.512987012987013
MM-S04,5,45,6,4.512987012987013
MM-S04,5,46,5,4.512987012987013
MM-S04,5,47,6,4.512987012987013
MM-S04,5,48,4,4.512987012987013
MM-S04,5,49,3,4.512987012987013
MM-S04,5,50,6,4.512987012987013
MM-S04,5,51,8,4.512987012987013
MM-S04,5,52,5,4.512987012987013
MM-S04,5,53,7,4.512987012987013
MM-S04,5,54,5,4.512987012987013
MM-S04,5,55,3,4.512987012987013
MM-S04,5,56,8,4.512987012987013
MM-S04,6,7,6,4.512987012987013
MM-S04,6,8,2,4.512987012987013
MM-S04,6,9,1,4.512987012987013
MM-S04,6,10,1,4.512987012987013
MM-S04,6,11,5,4.512987012987013
MM-S04,6,12,4,4.512987012987013
MM-S04,6,13,6,4.512987012987013
MM-S04,6,14,2,4.512987012987013
MM-S04,6,15,3,4.512987012987013
MM-S04,6,16,1,4.512987012987013
MM-S04,6,17,2,4.512987012987013
MM-S04,6,18,4,4.512987012987013
MM-S04,6,19,2,4.512987012987013
MM-S04,6,20,6,4.512987012987013
MM-S04,6,21,2,4.512987012987013
MM-S04,6,22,1,4.512987012987013
MM-S04,6,23,3,4.512987012987013
MM-S04,6,24,5,4.512987012987013
MM-S04,6,25,3,4.512987012987013
MM-S04,6,26,7,4.512987012987013
MM-S04,6,27,4,4.512987012987013
MM-S04,6,28,3,4.512987012987013
MM-S04,6,29,4,4.512987012987013
MM-S04,6,30,5,4.512987012987013
MM-S04,6,31,2,4.512987012987013
MM-S04,6,32,3,4.512987012987013
MM-S04,6,33,7,4.512987012987013
MM-S04,6,34,5,4.512987012987013
MM-S04,6,35,2,4.512987012987013
MM-S04,6,36,4,4.512987012987013
MM-S04,6,37,3,4.512987012987013
MM-S04,6,38,5,4.512987012987013
MM-S04,6,39,5,4.512987012987013
MM-S04,6,40,7,4.512987012987013
MM-S04,6,41,6,4.512987012987013
MM-S04,6,42,6,4.512987012987013
MM-S04,6,43,3,4.512987012987013
MM-S04,6,44,2,4.512987012987013
MM-S04,6,45,7,4.512987012987013
MM-S04,6,46,6,4.512987012987013
MM-S04,6,47,1,4.512987012987013
MM-S04,6,48,2,4.512987012987013
MM-S04,6,49,2,4.512987012987013
MM-S04,6,50,3,4.512987012987013
MM-S04,6,51,5,4.512987012987013
MM-S04,6,52,3,4.512987012987013
MM-S04,6,53,1,4.512987012987013
MM-S04,6,54,0,4.512987012987013
MM-S04,6,55,5,4.512987012987013
MM-S04,6,56,6,4.512987012987013
MM-S04,7,8,4,4.512987012987013
MM-S04,7,9,1,4.512987012987013
MM-S04,7,10,1,4.512987012987013
MM-S04,7,11,8,4.512987012987013
MM-S04,7,12,8,4.512987012987013
MM-S04,7,13,6,4.512987012987013
MM-S04,7,14,4,4.512987012987013
MM-S04,7,15,6,4.512987012987013
MM-S04,7,16,4,4.512987012987013
MM-S04,7,17,4,4.512987012987013
MM-S04,7,18,5,4.512987012987013
MM-S04,7,19,6,4.512987012987013
MM-S04,7,20,3,4.512987012987013
MM-S04,7,21,5,4.512987012987013
MM-S04,7,22,4,4.512987012987013
MM-S04,7,23,2,4.512987012987013
MM-S04,7,24,5,4.512987012987013
MM-S04,7,25,2,4.512987012987013
MM-S04,7,26,5,4.512987012987013
MM-S04,7,27,10,4.512987012987013
MM-S04,7,28,4,4.512987012987013
MM-S04,7,29,4,4.512987012987013
MM-S04,7,30,5,4.512987012987013
MM-S04,7,31,5,4.512987012987013
MM-S04,7,32,2,4.512987012987013
MM-S04,7,33,2,4.512987012987013
MM-S04,7,34,3,4.512987012987013
MM-S04,7,35,4,4.512987012987013
MM-S04,7,36,3,4.512987012987013
MM-S04,7,37,2,4.512987012987013
MM-S04,7,38,7,4.512987012987013
MM-S04,7,39,2,4.512987012987013
MM-S04,7,40,6,4.512987012987013
MM-S04,7,41,6,4.512987012987013
MM-S04,7,42,2,4.512987012987013
MM-S04,7,43,3,4.512987012987013
MM-S04,7,44,2,4.512987012987013
MM-S04,7,45,3,4.512987012987013
MM-S04,7,46,4,4.512987012987013
MM-S04,7,47,3,4.512987012987013
MM-S04,7,48,5,4.512987012987013
MM-S04,7,49,7,4.512987012987013
MM-S04,7,50,3,4.512987012987013
MM-S04,7,51,6,4.512987012987013
MM-S04,7,52,4,4.512987012987013
MM-S04,7,53,7,4.512987012987013
MM-S04,7,54,8,4.512987012987013
MM-S04,7,55,4,4.512987012987013
MM-S04,7,56,7,4.512987012987013
MM-S04,8,9,5,4.512987012987013
MM-S04,8,10,7,4.512987012987013
MM-S04,8,11,4,4.512987012987013
MM-S04,8,12,1,4.512987012987013
MM-S04,8,13,3,4.512987012987013
MM-S04,8,14,3,4.512987012987013
MM-S04,8,15,3,4.512987012987013
MM-S04,8,16,1,4.512987012987013
MM-S04,8,17,6,4.512987012987013
MM-S04,8,18,8,4.512987012987013
MM-S04,8,19,1,4.512987012987013
MM-S04,8,20,2,4.512987012987013
MM-S04,8,21,5,4.512987012987013
MM-S04,8,22,8,4.512987012987013
MM-S04,8,23,5,4.512987012987013
MM-S04,8,24,2,4.512987012987013
MM-S04,8,25,5,4.512987012987013
MM-S04,8,26,2,4.512987012987013
MM-S04,8,27,6,4.512987012987013
MM-S04,8,28,6,4.512987012987013
MM-S04,8,29,5,4.512987012987013
MM-S04,8,30,2,4.512987012987013
MM-S04,8,31,4,4.512987012987013
MM-S04,8,32,2,4.512987012987013
MM-S04,8,33,5,4.512987012987013
MM-S04,8,34,4,4.512987012987013
MM-S04,8,35,2,4.512987012987013
MM-S04,8,36,1,4.512987012987013
MM-S04,8,37,5,4.512987012987013
MM-S04,8,38,6,4.512987012987013
MM-S04,8,39,4,4.512987012987013
MM-S04,8,40,5,4.512987012987013
MM-S04,8,41,4,4.512987012987013
MM-S04,8,42,3,4.512987012987013
MM-S04,8,43,2,4.512987012987013
MM-S04,8,44,5,4.512987012987013
MM-S04,8,45,2,4.512987012987013
MM-S04,8,46,3,4.512987012987013
MM-S04,8,47,6,4.512987012987013
MM-S04,8,48,3,4.512987012987013
MM-S04,8,49,1,4.512987012987013
MM-S04,8,50,8,4.512987012987013
MM-S04,8,51,3,4.512987012987013
MM-S04,8,52,6,4.512987012987013
MM-S04,8,53,7,4.512987012987013
MM-S04,8,54,3,4.512987012987013
MM-S04,8,55,4,4.512987012987013
MM-S04,8,56,1,4.512987012987013
MM-S04,9,10,10,4.512987012987013
MM-S04,9,11,2,4.512987012987013
MM-S04,9,12,7,4.512987012987013
MM-S04,9,13,6,4.512987012987013
MM-S04,9,14,3,4.512987012987013
MM-S04,9,15,5,4.512987012987013
MM-S04,9,16,3,4.512987012987013
MM-S04,9,17,6,4.512987012987013
MM-S04,9,18,4,4.512987012987013
MM-S04,9,19,1,4.512987012987013
MM-S04,9,20,5,4.512987012987013
MM-S04,9,21,8,4.512987012987013
MM-S04,9,22,2,4.512987012987013
MM-S04,9,23,4,4.512987012987013
MM-S04,9,24,6,4.512987012987013
MM-S04,9,25,4,4.512987012987013
MM-S04,9,26,6,4.512987012987013
MM-S04,9,27,1,4.512987012987013
MM-S04,9,28,6,4.512987012987013
MM-S04,9,29,3,4.512987012987013
MM-S04,9,30,3,4.512987012987013
MM-S04,9,31,6,4.512987012987013
MM-S04,9,32,3,4.512987012987013
MM-S04,9,33,4,4.512987012987013
MM-S04,9,34,7,4.512987012987013
MM-S04,9,35,7,4.512987012987013
MM-S04,9,36,5,4.512987012987013
MM-S04,9,37,6,4.512987012987013
MM-S04,9,38,7,4.512987012987013
MM-S04,9,39,2,4.512987012987013
MM-S04,9,40,3,4.512987012987013
MM-S04,9,41,5,4.512987012987013
MM-S04,9,42,5,4.512987012987013
MM-S04,9,43,10,4.512987012987013
MM-S04,9,44,5,4.512987012987013
MM-S04,9,45,4,4.512987012987013
MM-S04,9,46,4,4.512987012987013
MM-S04,9,47,4,4.512987012987013
MM-S04,9,48,9,4.512987012987013
MM-S04,9,49,4,4.512987012987013
MM-S04,9,50,3,4.512987012987013
MM-S04,9,51,10,4.512987012987013
MM-S04,9,52,2,4.512987012987013
MM-S04,9,53,7,4.512987012987013
MM-S04,9,54,4,4.512987012987013
MM-S04,9,55,6,4.512987012987013
MM-S04,9,56,5,4.512987012987013
MM-S04,10,11,3,4.512987012987013
MM-S04,10,12,6,4.512987012987013
MM-S04,10,13,7,4.512987012987013
MM-S04,10,14,4,4.512987012987013
MM-S04,10,15,3,4.512987012987013
MM-S04,10,16,6,4.512987012987013
MM-S04,10,17,3,4.512987012987013
MM-S04,10,18,6,4.512987012987013
MM-S04,10,19,4,4.512987012987013
MM-S04,10,20,7,4.512987012987013
MM-S04,10,21,2,4.512987012987013
MM-S04,10,22,9,4.512987012987013
MM-S04,10,23,5,4.512987012987013
MM-S04,10,24,3,4.512987012987013
MM-S04,10,25,2,4.512987012987013
MM-S04,10,26,6,4.512987012987013
MM-S04,10,27,4,4.512987012987013
MM-S04,10,28,5,4.512987012987013
MM-S04,10,29,8,4.512987012987013
MM-S04,10,30,3,4.512987012987013
MM-S04,10,31,4,4.512987012987013
MM-S04,10,32,4,4.512987012987013
MM-S04,10,33,5,4.512987012987013
MM-S04,10,34,1,4.512987012987013
MM-S04,10,35,6,4.512987012987013
MM-S04,10,36,8,4.512987012987013
MM-S04,10,37,6,4.512987012987013
MM-S04,10,38,6,4.512987012987013
MM-S04,10,39,4,4.512987012987013
MM-S04,10,40,3,4.512987012987013
MM-S04,10,41,5,4.512987012987013
MM-S04,10,42,3,4.512987012987013
MM-S04,10,43,5,4.512987012987013
MM-S04,10,44,4,4.512987012987013
MM-S04,10,45,6,4.512987012987013
MM-S04,10,46,4,4.512987012987013
MM-S04,10,47,2,4.512987012987013
MM-S04,10,48,9,4.512987012987013
MM-S04,10,49,4,4.512987012987013
MM-S04,10,50,9,4.512987012987013
MM-S04,10,51,9,4.512987012987013
MM-S04,10,52,2,4.512987012987013
MM-S04,10,53,6,4.512987012987013
MM-S04,10,54,4,4.512987012987013
MM-S04,10,55,3,4.512987012987013
MM-S04,10,56,1,4.512987012987013
MM-S04,11,12,8,4.512987012987013
MM-S04,11,13,2,4.512987012987013
MM-S04,11,14,4,4.512987012987013
MM-S04,11,15,2,4.512987012987013
MM-S04,11,16,5,4.512987012987013
MM-S04,11,17,5,4.512987012987013
MM-S04,11,18,2,4.512987012987013
MM-S04,11,19,6,4.512987012987013
MM-S04,11,20,5,4.512987012987013
MM-S04,11,21,9,4.512987012987013
MM-S04,11,22,5,4.512987012987013
MM-S04,11,23,2,4.512987012987013
MM-S04,11,24,4,4.512987012987013
MM-S04,11,25,4,4.512987012987013
MM-S04,11,26,5,4.512987012987013
MM-S04,11,27,3,4.512987012987013
MM-S04,11,28,4,4.512987012987013
MM-S04,11,29,4,4.512987012987013
MM-S04,11,30,4,4.512987012987013
MM-S04,11,31,8,4.512987012987013
MM-S04,11,32,3,4.512987012987013
MM-S04,11,33,4,4.512987012987013
MM-S04,11,34,4,4.512987012987013
MM-S04,11,35,1,4.512987012987013
MM-S04,11,36,4,4.512987012987013
MM-S04,11,37,6,4.512987012987013
MM-S04,11,38,3,4.512987012987013
MM-S04,11,39,3,4.512987012987013
MM-S04,11,40,5,4.512987012987013
MM-S04,11,41,2,4.512987012987013
MM-S04,11,42,5,4.512987012987013
MM-S04,11,43,2,4.512987012987013
MM-S04,11,44,6,4.512987012987013
MM-S04,11,45,3,4.512987012987013
MM-S04,11,46,9,4.512987012987013
MM-S04,11,47,3,4.512987012987013
MM-S04,11,48,4,4.512987012987013
MM-S04,11,49,4,4.512987012987013
MM-S04,11,50,3,4.512987012987013
MM-S04,11,51,3,4.512987012987013
MM-S04,11,52,6,4.512987012987013
MM-S04,11,53,7,4.512987012987013
MM-S04,11,54,3,4.512987012987013
MM-S04,11,55,4,4.512987012987013
MM-S04,11,56,1,4.512987012987013
MM-S04,12,13,9,4.512987012987013
MM-S04,12,14,5,4.512987012987013
MM-S04,12,15,5,4.512987012987013
MM-S04,12,16,5,4.512987012987013
MM-S04,12,17,7,4.512987012987013
MM-S04,12,18,7,4.512987012987013
MM-S04,12,19,7,4.512987012987013
MM-S04,12,20,4,4.512987012987013
MM-S04,12,21,7,4.512987012987013
MM-S04,12,22,8,4.512987012987013
MM-S04,12,23,3,4.512987012987013
MM-S04,12,24,3,4.512987012987013
MM-S04,12,25,7,4.512987012987013
MM-S04,12,26,5,4.512987012987013
MM-S04,12,27,6,4.512987012987013
MM-S04,12,28,6,4.512987012987013
MM-S04,12,29,7,4.512987012987013
MM-S04,12,30,5,4.512987012987013
MM-S04,12,31,8,4.512987012987013
MM-S04,12,32,6,4.512987012987013
MM-S04,12,33,6,4.512987012987013
MM-S04,12,34,4,4.512987012987013
MM-S04,12,35,5,4.512987012987013
MM-S04,12,36,5,4.512987012987013
MM-S04,12,37,1,4.512987012987013
MM-S04,12,38,3,4.512987012987013
MM-S04,12,39,3,4.512987012987013
MM-S04,12,40,3,4.512987012987013
MM-S04,12,41,2,4.512987012987013
MM-S04,12,42,4,4.512987012987013
MM-S04,12,43,5,4.512987012987013
MM-S04,12,44,6,4.512987012987013
MM-S04,12,45,4,4.512987012987013
MM-S04,12,46,6,4.512987012987013
MM-S04,12,47,8,4.512987012987013
MM-S04,12,48,8,4.512987012987013
MM-S04,12,49,2,4.512987012987013
MM-S04,12,50,5,4.512987012987013
MM-S04,12,51,8,4.512987012987013
MM-S04,12,52,2,4.512987012987013
MM-S04,12,53,1,4.512987012987013
MM-S04,12,54,3,4.512987012987013
MM-S04,12,55,3,4.512987012987013
MM-S04,12,56,6,4.512987012987013
MM-S04,13,14,3,4.512987012987013
MM-S04,13,15,3,4.512987012987013
MM-S04,13,16,3,4.512987012987013
MM-S04,13,17,5,4.512987012987013
MM-S04,13,18,5,4.512987012987013
MM-S04,13,19,5,4.512987012987013
MM-S04,13,20,7,4.512987012987013
MM-S04,13,21,1,4.512987012987013
MM-S04,13,22,3,4.512987012987013
MM-S04,13,23,3,4.512987012987013
MM-S04,13,24,4,4.512987012987013
MM-S04,13,25,8,4.512987012987013
MM-S04,13,26,3,4.512987012987013
MM-S04,13,27,5,4.512987012987013
MM-S04,13,28,6,4.512987012987013
MM-S04,13,29,3,4.512987012987013
MM-S04,13,30,7,4.512987012987013
MM-S04,13,31,5,4.512987012987013
MM-S04,13,32,2,4.512987012987013
MM-S04,13,33,8,4.512987012987013
MM-S04,13,34,4,4.512987012987013
MM-S04,13,35,8,4.512987012987013
MM-S04,13,36,8,4.512987012987013
MM-S04,13,37,2,4.512987012987013
MM-S04,13,38,1,4.512987012987013
MM-S04,13,39,5,4.512987012987013
MM-S04,13,40,3,4.512987012987013
MM-S04,13,41,5,4.512987012987013
MM-S04,13,42,7,4.512987012987013
MM-S04,13,43,3,4.512987012987013
MM-S04,13,44,4,4.512987012987013
MM-S04,13,45,4,4.512987012987013
MM-S04,13,46,7,4.512987012987013
MM-S04,13,47,2,4.512987012987013
MM-S04,13,48,5,4.512987012987013
MM-S04,13,49,2,4.512987012987013
MM-S04,13,50,7,4.512987012987013
MM-S04,13,51,5,4.512987012987013
MM-S04,13,52,9,4.512987012987013
MM-S04,13,53,2,4.512987012987013
MM-S04,13,54,6,4.512987012987013
MM-S04,13,55,4,4.512987012987013
MM-S04,13,56,7,4.512987012987013
MM-S04,14,15,3,4.512987012987013
MM-S04,14,16,6,4.512987012987013
MM-S04,14,17,4,4.512987012987013
MM-S04,14,18,5,4.512987012987013
MM-S04,14,19,6,4.512987012987013
MM-S04,14,20,7,4.512987012987013
MM-S04,14,21,6,4.512987012987013
MM-S04,14,22,2,4.512987012987013
MM-S04,14,23,3,4.512987012987013
MM-S04,14,24,6,4.512987012987013
MM-S04,14,25,7,4.512987012987013
MM-S04,14,26,6,4.512987012987013
MM-S04,14,27,6,4.512987012987013
MM-S04,14,28,2,4.512987012987013
MM-S04,14,29,5,4.512987012987013
MM-S04,14,30,3,4.512987012987013
MM-S04,14,31,7,4.512987012987013
MM-S04,14,32,6,4.512987012987013
MM-S04,14,33,4,4.512987012987013
MM-S04,14,34,6,4.512987012987013
MM-S04,14,35,8,4.512987012987013
MM-S04,14,36,4,4.512987012987013
MM-S04,14,37,1,4.512987012987013
MM-S04,14,38,2,4.512987012987013
MM-S04,14,39,5,4.512987012987013
MM-S04,14,40,7,4.512987012987013
MM-S04,14,41,5,4.512987012987013
MM-S04,14,42,8,4.512987012987013
MM-S04,14,43,10,4.512987012987013
MM-S04,14,44,8,4.512987012987013
MM-S04,14,45,4,4.512987012987013
MM-S04,14,46,1,4.512987012987013
MM-S04,14,47,7,4.512987012987013
MM-S04,14,48,6,4.512987012987013
MM-S04,14,49,7,4.512987012987013
MM-S04,14,50,11,4.512987012987013
MM-S04,14,51,8,4.512987012987013
MM-S04,14,52,3,4.512987012987013
MM-S04,14,53,6,4.512987012987013
MM-S04,14,54,4,4.512987012987013
MM-S04,14,55,1,4.512987012987013
MM-S04,14,56,10,4.512987012987013
MM-S04,15,16,3,4.512987012987013
MM-S04,15,17,4,4.512987012987013
MM-S04,15,18,3,4.512987012987013
MM-S04,15,19,3,4.512987012987013
MM-S04,15,20,7,4.512987012987013
MM-S04,15,21,2,4.512987012987013
MM-S04,15,22,5,4.512987012987013
MM-S04,15,23,7,4.512987012987013
MM-S04,15,24,6,4.512987012987013
MM-S04,15,25,6,4.512987012987013
MM-S04,15,26,5,4.512987012987013
MM-S04,15,27,6,4.512987012987013
MM-S04,15,28,4,4.512987012987013
MM-S04,15,29,4,4.512987012987013
MM-S04,15,30,4,4.512987012987013
MM-S04,15,31,6,4.512987012987013
MM-S04,15,32,6,4.512987012987013
MM-S04,15,33,4,4.512987012987013
MM-S04,15,34,3,4.512987012987013
MM-S04,15,35,1,4.512987012987013
MM-S04,15,36,5,4.512987012987013
MM-S04,15,37,3,4.512987012987013
MM-S04,15,38,7,4.512987012987013
MM-S04,15,39,4,4.512987012987013
MM-S04,15,40,3,4.512987012987013
MM-S04,15,41,2,4.512987012987013
MM-S04,15,42,5,4.512987012987013
MM-S04,15,43,6,4.512987012987013
MM-S04,15,44,3,4.512987012987013
MM-S04,15,45,3,4.512987012987013
MM-S04,15,46,5,4.512987012987013
MM-S04,15,47,1,4.512987012987013
MM-S04,15,48,5,4.512987012987013
MM-S04,15,49,0,4.512987012987013
MM-S04,15,50,2,4.512987012987013
MM-S04,15,51,3,4.512987012987013
MM-S04,15,52,5,4.512987012987013
MM-S04,15,53,8,4.512987012987013
MM-S04,15,54,1,4.512987012987013
MM-S04,15,55,3,4.512987012987013
MM-S04,15,56,4,4.512987012987013
MM-S04,16,17,3,4.512987012987013
MM-S04,16,18,1,4.512987012987013
MM-S04,16,19,8,4.512987012987013
MM-S04,16,20,1,4.512987012987013
MM-S04,16,21,2,4.512987012987013
MM-S04,16,22,5,4.512987012987013
MM-S04,16,23,5,4.512987012987013
MM-S04,16,24,3,4.512987012987013
MM-S04,16,25,7,4.512987012987013
MM-S04,16,26,3,4.512987012987013
MM-S04,16,27,5,4.512987012987013
MM-S04,16,28,3,4.512987012987013
MM-S04,16,29,10,4.512987012987013
MM-S04,16,30,7,4.512987012987013
MM-S04,16,31,7,4.512987012987013
MM-S04,16,32,4,4.512987012987013
MM-S04,16,33,4,4.512987012987013
MM-S04,16,34,4,4.512987012987013
MM-S04,16,35,4,4.512987012987013
MM-S04,16,36,6,4.512987012987013
MM-S04,16,37,1,4.512987012987013
MM-S04,16,38,5,4.512987012987013
MM-S04,16,39,7,4.512987012987013
MM-S04,16,40,9,4.512987012987013
MM-S04,16,41,2,4.512987012987013
MM-S04,16,42,3,4.512987012987013
MM-S04,16,43,5,4.512987012987013
MM-S04,16,44,5,4.512987012987013
MM-S04,16,45,2,4.512987012987013
MM-S04,16,46,9,4.512987012987013
MM-S04,16,47,2,4.512987012987013
MM-S04,16,48,7,4.512987012987013
MM-S04,16,49,6,4.512987012987013
MM-S04,16,50,5,4.512987012987013
MM-S04,16,51,4,4.512987012987013
MM-S04,16,52,5,4.512987012987013
MM-S04,16,53,6,4.512987012987013
MM-S04,16,54,8,4.512987012987013
MM-S04,16,55,2,4.512987012987013
MM-S04,16,56,4,4.512987012987013
MM-S04,17,18,5,4.512987012987013
MM-S04,17,19,6,4.512987012987013
MM-S04,17,20,4,4.512987012987013
MM-S04,17,21,4,4.512987012987013
MM-S04,17,22,5,4.512987012987013
MM-S04,17,23,4,4.512987012987013
MM-S04,17,24,6,4.512987012987013
MM-S04,17,25,6,4.512987012987013
MM-S04,17,26,5,4.512987012987013
MM-S04,17,27,3,4.512987012987013
MM-S04,17,28,10,4.512987012987013
MM-S04,17,29,6,4.512987012987013
MM-S04,17,30,6,4.512987012987013
MM-S04,17,31,5,4.512987012987013
MM-S04,17,32,6,4.512987012987013
MM-S04,17,33,2,4.512987012987013
MM-S04,17,34,5,4.512987012987013
MM-S04,17,35,7,4.512987012987013
MM-S04,17,36,7,4.512987012987013
MM-S04,17,37,2,4.512987012987013
MM-S04,17,38,1,4.512987012987013
MM-S04,17,39,4,4.512987012987013
MM-S04,17,40,6,4.512987012987013
MM-S04,17,41,2,4.512987012987013
MM-S04,17,42,1,4.512987012987013
MM-S04,17,43,6,4.512987012987013
MM-S04,17,44,1,4.512987012987013
MM-S04,17,45,4,4.512987012987013
MM-S04,17,46,5,4.512987012987013
MM-S04,17,47,8,4.512987012987013
MM-S04,17,48,9,4.512987012987013
MM-S04,17,49,2,4.512987012987013
MM-S04,17,50,6,4.512987012987013
MM-S04,17,51,6,4.512987012987013
MM-S04,17,52,6,4.512987012987013
MM-S04,17,53,5,4.512987012987013
MM-S04,17,54,5,4.512987012987013
MM-S04,17,55,5,4.512987012987013
MM-S04,17,56,5,4.512987012987013
MM-S04,18,19,3,4.512987012987013
MM-S04,18,20,3,4.512987012987013
MM-S04,18,21,7,4.512987012987013
MM-S04,18,22,4,4.512987012987013
MM-S04,18,23,2,4.512987012987013
MM-S04,18,24,2,4.512987012987013
MM-S04,18,25,4,4.512987012987013
MM-S04,18,26,5,4.512987012987013
MM-S04,18,27,5,4.512987012987013
MM-S04,18,28,9,4.512987012987013
MM-S04,18,29,7,4.512987012987013
MM-S04,18,30,1,4.512987012987013
MM-S04,18,31,9,4.512987012987013
MM-S04,18,32,1,4.512987012987013
MM-S04,18,33,4,4.512987012987013
MM-S04,18,34,2,4.512987012987013
MM-S04,18,35,7,4.512987012987013
MM-S04,18,36,9,4.512987012987013
MM-S04,18,37,5,4.512987012987013
MM-S04,18,38,8,4.512987012987013
MM-S04,18,39,5,4.512987012987013
MM-S04,18,40,3,4.512987012987013
MM-S04,18,41,1,4.512987012987013
MM-S04,18,42,5,4.512987012987013
MM-S04,18,43,6,4.512987012987013
MM-S04,18,44,4,4.512987012987013
MM-S04,18,45,3,4.512987012987013
MM-S04,18,46,7,4.512987012987013
MM-S04,18,47,3,4.512987012987013
MM-S04,18,48,3,4.512987012987013
MM-S04,18,49,2,4.512987012987013
MM-S04,18,50,4,4.512987012987013
MM-S04,18,51,6,4.512987012987013
MM-S04,18,52,4,4.512987012987013
MM-S04,18,53,5,4.512987012987013
MM-S04,18,54,3,4.512987012987013
MM-S04,18,55,4,4.512987012987013
MM-S04,18,56,5,4.512987012987013
MM-S04,19,20,6,4.512987012987013
MM-S04,19,21,5,4.512987012987013
MM-S04,19,22,3,4.512987012987013
MM-S04,19,23,3,4.512987012987013
MM-S04,19,24,6,4.512987012987013
MM-S04,19,25,2,4.512987012987013
MM-S04,19,26,3,4.512987012987013
MM-S04,19,27,3,4.512987012987013
MM-S04,19,28,4,4.512987012987013
MM-S04,19,29,4,4.512987012987013
MM-S04,19,30,3,4.512987012987013
MM-S04,19,31,3,4.512987012987013
MM-S04,19,32,9,4.512987012987013
MM-S04,19,33,4,4.512987012987013
MM-S04,19,34,6,4.512987012987013
MM-S04,19,35,2,4.512987012987013
MM-S04,19,36,2,4.512987012987013
MM-S04,19,37,7,4.512987012987013
MM-S04,19,38,4,4.512987012987013
MM-S04,19,39,4,4.512987012987013
MM-S04,19,40,6,4.512987012987013
MM-S04,19,41,3,4.512987012987013
MM-S04,19,42,3,4.512987012987013
MM-S04,19,43,2,4.512987012987013
MM-S04,19,44,7,4.512987012987013
MM-S04,19,45,7,4.512987012987013
MM-S04,19,46,1,4.512987012987013
MM-S04,19,47,3,4.512987012987013
MM-S04,19,48,7,4.512987012987013
MM-S04,19,49,3,4.512987012987013
MM-S04,19,50,4,4.512987012987013
MM-S04,19,51,2,4.512987012987013
MM-S04,19,52,5,4.512987012987013
MM-S04,19,53,5,4.512987012987013
MM-S04,19,54,4,4.512987012987013
MM-S04,19,55,3,4.512987012987013
MM-S04,19,56,3,4.512987012987013
MM-S04,20,21,3,4.512987012987013
MM-S04,20,22,2,4.512987012987013
MM-S04,20,23,7,4.512987012987013
MM-S04,20,24,10,4.512987012987013
MM-S04,20,25,6,4.512987012987013
MM-S04,20,26,3,4.512987012987013
MM-S04,20,27,3,4.512987012987013
MM-S04,20,28,5,4.512987012987013
MM-S04,20,29,8,4.512987012987013
MM-S04,20,30,5,4.512987012987013
MM-S04,20,31,5,4.512987012987013
MM-S04,20,32,6,4.512987012987013
MM-S04,20,33,3,4.512987012987013
MM-S04,20,34,3,4.512987012987013
MM-S04,20,35,3,4.512987012987013
MM-S04,20,36,6,4.512987012987013
MM-S04,20,37,2,4.512987012987013
MM-S04,20,38,5,4.512987012987013
MM-S04,20,39,5,4.512987012987013
MM-S04,20,40,5,4.512987012987013
MM-S04,20,41,5,4.512987012987013
MM-S04,20,42,3,4.512987012987013
MM-S04,20,43,5,4.512987012987013
MM-S04,20,44,6,4.512987012987013
MM-S04,20,45,7,4.512987012987013
MM-S04,20,46,5,4.512987012987013
MM-S04,20,47,9,4.512987012987013
MM-S04,20,48,7,4.512987012987013
MM-S04,20,49,5,4.512987012987013
MM-S04,20,50,2,4.512987012987013
MM-S04,20,51,6,4.512987012987013
MM-S04,20,52,3,4.512987012987013
MM-S04,20,53,8,4.512987012987013
MM-S04,20,54,3,4.512987012987013
MM-S04,20,55,5,4.512987012987013
MM-S04,20,56,3,4.512987012987013
MM-S04,21,22,0,4.512987012987013
MM-S04,21,23,4,4.512987012987013
MM-S04,21,24,3,4.512987012987013
MM-S04,21,25,4,4.512987012987013
MM-S04,21,26,4,4.512987012987013
MM-S04,21,27,7,4.512987012987013
MM-S04,21,28,4,4.512987012987013
MM-S04,21,29,3,4.512987012987013
MM-S04,21,30,4,4.512987012987013
MM-S04,21,31,3,4.512987012987013
MM-S04,21,32,2,4.512987012987013
MM-S04,21,33,3,4.512987012987013
MM-S04,21,34,4,4.512987012987013
MM-S04,21,35,8,4.512987012987013
MM-S04,21,36,4,4.512987012987013
MM-S04,21,37,6,4.512987012987013
MM-S04,21,38,7,4.512987012987013
MM-S04,21,39,2,4.512987012987013
MM-S04,21,40,3,4.512987012987013
MM-S04,21,41,3,4.512987012987013
MM-S04,21,42,5,4.512987012987013
MM-S04,21,43,3,4.512987012987013
MM-S04,21,44,8,4.512987012987013
MM-S04,21,45,7,4.512987012987013
MM-S04,21,46,8,4.512987012987013
MM-S04,21,47,1,4.512987012987013
MM-S04,21,48,3,4.512987012987013
MM-S04,21,49,5,4.512987012987013
MM-S04,21,50,6,4.512987012987013
MM-S04,21,51,7,4.512987012987013
MM-S04,21,52,4,4.512987012987013
MM-S04,21,53,6,4.512987012987013
MM-S04,21,54,4,4.512987012987013
MM-S04,21,55,6,4.512987012987013
MM-S04,21,56,2,4.512987012987013
MM-S04,22,23,6,4.512987012987013
MM-S04,22,24,3,4.512987012987013
MM-S04,22,25,6,4.512987012987013
MM-S04,22,26,4,4.512987012987013
MM-S04,22,27,2,4.512987012987013
MM-S04,22,28,5,4.512987012987013
MM-S04,22,29,4,4.512987012987013
MM-S04,22,30,3,4.512987012987013
MM-S04,22,31,6,4.512987012987013
MM-S04,22,32,2,4.512987012987013
MM-S04,22,33,8,4.512987012987013
MM-S04,22,34,0,4.512987012987013
MM-S04,22,35,3,4.512987012987013
MM-S04,22,36,6,4.512987012987013
MM-S04,22,37,3,4.512987012987013
MM-S04,22,38,6,4.512987012987013
MM-S04,22,39,6,4.512987012987013
MM-S04,22,40,3,4.512987012987013
MM-S04,22,41,4,4.512987012987013
MM-S04,22,42,6,4.512987012987013
MM-S04,22,43,6,4.512987012987013
MM-S04,22,44,5,4.512987012987013
MM-S04,22,45,1,4.512987012987013
MM-S04,22,46,2,4.512987012987013
MM-S04,22,47,1,4.512987012987013
MM-S04,22,48,11,4.512987012987013
MM-S04,22,49,4,4.512987012987013
MM-S04,22,50,9,4.512987012987013
MM-S04,22,51,3,4.512987012987013
MM-S04,22,52,10,4.512987012987013
MM-S04,22,53,7,4.512987012987013
MM-S04,22,54,4,4.512987012987013
MM-S04,22,55,5,4.512987012987013
MM-S04,22,56,5,4.512987012987013
MM-S04,23,24,3,4.512987012987013
MM-S04,23,25,2,4.512987012987013
MM-S04,23,26,2,4.512987012987013
MM-S04,23,27,4,4.512987012987013
MM-S04,23,28,3,4.512987012987013
MM-S04,23,29,3,4.512987012987013
MM-S04,23,30,8,4.512987012987013
MM-S04,23,31,3,4.512987012987013
MM-S04,23,32,5,4.512987012987013
MM-S04,23,33,7,4.512987012987013
MM-S04,23,34,1,4.512987012987013
MM-S04,23,35,2,4.512987012987013
MM-S04,23,36,3,4.512987012987013
MM-S04,23,37,4,4.512987012987013
MM-S04,23,38,6,4.512987012987013
MM-S04,23,39,7,4.512987012987013
MM-S04,23,40,4,4.512987012987013
MM-S04,23,41,7,4.512987012987013
MM-S04,23,42,2,4.512987012987013
MM-S04,23,43,3,4.512987012987013
MM-S04,23,44,3,4.512987012987013
MM-S04,23,45,7,4.512987012987013
MM-S04,23,46,5,4.512987012987013
MM-S04,23,47,2,4.512987012987013
MM-S04,23,48,8,4.512987012987013
MM-S04,23,49,3,4.512987012987013
MM-S04,23,50,4,4.512987012987013
MM-S04,23,51,0,4.512987012987013
MM-S04,23,52,3,4.512987012987013
MM-S04,23,53,5,4.512987012987013
MM-S04,23,54,4,4.512987012987013
MM-S04,23,55,3,4.512987012987013
MM-S04,23,56,3,4.512987012987013
MM-S04,24,25,5,4.512987012987013
MM-S04,24,26,0,4.512987012987013
MM-S04,24,27,4,4.512987012987013
MM-S04,24,28,5,4.512987012987013
MM-S04,24,29,3,4.512987012987013
MM-S04,24,30,5,4.512987012987013
MM-S04,24,31,8,4.512987012987013
MM-S04,24,32,7,4.512987012987013
MM-S04,24,33,3,4.512987012987013
MM-S04,24,34,8,4.512987012987013
MM-S04,24,35,3,4.512987012987013
MM-S04,24,36,8,4.512987012987013
MM-S04,24,37,5,4.512987012987013
MM-S04,24,38,4,4.512987012987013
MM-S04,24,39,6,4.512987012987013
MM-S04,24,40,5,4.512987012987013
MM-S04,24,41,4,4.512987012987013
MM-S04,24,42,3,4.512987012987013
MM-S04,24,43,6,4.512987012987013
MM-S04,24,44,10,4.512987012987013
MM-S04,24,45,6,4.512987012987013
MM-S04,24,46,4,4.512987012987013
MM-S04,24,47,4,4.512987012987013
MM-S04,24,48,6,4.512987012987013
MM-S04,24,49,4,4.512987012987013
MM-S04,24,50,7,4.512987012987013
MM-S04,24,51,11,4.512987012987013
MM-S04,24,52,5,4.512987012987013
MM-S04,24,53,4,4.512987012987013
MM-S04,24,54,6,4.512987012987013
MM-S04,24,55,5,4.512987012987013
MM-S04,24,56,6,4.512987012987013
MM-S04,25,26,4,4.512987012987013
MM-S04,25,27,3,4.512987012987013
MM-S04,25,28,5,4.512987012987013
MM-S04,25,29,2,4.512987012987013
MM-S04,25,30,6,4.512987012987013
MM-S04,25,31,5,4.512987012987013
MM-S04,25,32,1,4.512987012987013
MM-S04,25,33,5,4.512987012987013
MM-S04,25,34,8,4.512987012987013
MM-S04,25,35,7,4.512987012987013
MM-S04,25,36,8,4.512987012987013
MM-S04,25,37,3,4.512987012987013
MM-S04,25,38,6,4.512987012987013
MM-S04,25,39,3,4.512987012987013
MM-S04,25,40,6,4.512987012987013
MM-S04,25,41,2,4.512987012987013
MM-S04,25,42,6,4.512987012987013
MM-S04,25,43,5,4.512987012987013
MM-S04,25,44,7,4.512987012987013
MM-S04,25,45,7,4.512987012987013
MM-S04,25,46,4,4.512987012987013
MM-S04,25,47,5,4.512987012987013
MM-S04,25,48,10,4.512987012987013
MM-S04,25,49,2,4.512987012987013
MM-S04,25,50,7,4.512987012987013
MM-S04,25,51,5,4.512987012987013
MM-S04,25,52,3,4.512987012987013
MM-S04,25,53,5,4.512987012987013
MM-S04,25,54,1,4.512987012987013
MM-S04,25,55,5,4.512987012987013
MM-S04,25,56,4,4.512987012987013
MM-S04,26,27,6,4.512987012987013
MM-S04,26,28,8,4.512987012987013
MM-S04,26,29,3,4.512987012987013
MM-S04,26,30,7,4.512987012987013
MM-S04,26,31,3,4.512987012987013
MM-S04,26,32,5,4.512987012987013
MM-S04,26,33,8,4.512987012987013
MM-S04,26,34,2,4.512987012987013
MM-S04,26,35,6,4.512987012987013
MM-S04,26,36,3,4.512987012987013
MM-S04,26,37,3,4.512987012987013
MM-S04,26,38,3,4.512987012987013
MM-S04,26,39,8,4.512987012987013
MM-S04,26,40,5,4.512987012987013
MM-S04,26,41,4,4.512987012987013
MM-S04,26,42,1,4.512987012987013
MM-S04,26,43,4,4.512987012987013
MM-S04,26,44,2,4.512987012987013
MM-S04,26,45,3,4.512987012987013
MM-S04,26,46,8,4.512987012987013
MM-S04,26,47,1,4.512987012987013
MM-S04,26,48,1,4.512987012987013
MM-S04,26,49,1,4.512987012987013
MM-S04,26,50,3,4.512987012987013
MM-S04,26,51,4,4.512987012987013
MM-S04,26,52,3,4.512987012987013
MM-S04,26,53,4,4.512987012987013
MM-S04,26,54,3,4.512987012987013
MM-S04,26,55,2,4.512987012987013
MM-S04,26,56,6,4.512987012987013
MM-S04,27,28,8,4.512987012987013
MM-S04,27,29,2,4.512987012987013
MM-S04,27,30,5,4.512987012987013
MM-S04,27,31,9,4.512987012987013
MM-S04,27,32,4,4.512987012987013
MM-S04,27,33,2,4.512987012987013
MM-S04,27,34,3,4.512987012987013
MM-S04,27,35,4,4.512987012987013
MM-S04,27,36,7,4.512987012987013
MM-S04,27,37,4,4.512987012987013
MM-S04,27,38,8,4.512987012987013
MM-S04,27,39,6,4.512987012987013
MM-S04,27,40,8,4.512987012987013
MM-S04,27,41,3,4.512987012987013
MM-S04,27,42,6,4.512987012987013
MM-S04,27,43,3,4.512987012987013
MM-S04,27,44,4,4.512987012987013
MM-S04,27,45,9,4.512987012987013
MM-S04,27,46,7,4.512987012987013
MM-S04,27,47,7,4.512987012987013
MM-S04,27,48,6,4.512987012987013
MM-S04,27,49,8,4.512987012987013
MM-S04,27,50,6,4.512987012987013
MM-S04,27,51,3,4.512987012987013
MM-S04,27,52,6,4.512987012987013
MM-S04,27,53,2,4.512987012987013
MM-S04,27,54,5,4.512987012987013
MM-S04,27,55,3,4.512987012987013
MM-S04,27,56,3,4.512987012987013
MM-S04,28,29,3,4.512987012987013
MM-S04,28,30,5,4.512987012987013
MM-S04,28,31,6,4.512987012987013
MM-S04,28,32,4,4.512987012987013
MM-S04,28,33,3,4.512987012987013
MM-S04,28,34,3,4.512987012987013
MM-S04,28,35,3,4.512987012987013
MM-S04,28,36,7,4.512987012987013
MM-S04,28,37,6,4.512987012987013
MM-S04,28,38,4,4.512987012987013
MM-S04,28,39,2,4.512987012987013
MM-S04,28,40,5,4.512987012987013
MM-S04,28,41,2,4.512987012987013
MM-S04,28,42,5,4.512987012987013
MM-S04,28,43,5,4.512987012987013
MM-S04,28,44,2,4.512987012987013
MM-S04,28,45,3,4.512987012987013
MM-S04,28,46,1,4.512987012987013
MM-S04,28,47,1,4.512987012987013
MM-S04,28,48,4,4.512987012987013
MM-S04,28,49,2,4.512987012987013
MM-S04,28,50,7,4.512987012987013
MM-S04,28,51,4,4.512987012987013
MM-S04,28,52,6,4.512987012987013
MM-S04,28,53,7,4.512987012987013
MM-S04,28,54,5,4.512987012987013
MM-S04,28,55,5,4.512987012987013
MM-S04,28,56,2,4.512987012987013
MM-S04,29,30,3,4.512987012987013
MM-S04,29,31,2,4.512987012987013
MM-S04,29,32,10,4.512987012987013
MM-S04,29,33,3,4.512987012987013
MM-S04,29,34,3,4.512987012987013
MM-S04,29,35,6,4.512987012987013
MM-S04,29,36,5,4.512987012987013
MM-S04,29,37,3,4.512987012987013
MM-S04,29,38,6,4.512987012987013
MM-S04,29,39,6,4.512987012987013
MM-S04,29,40,2,4.512987012987013
MM-S04,29,41,4,4.512987012987013
MM-S04,29,42,3,4.512987012987013
MM-S04,29,43,4,4.512987012987013
MM-S04,29,44,2,4.512987012987013
MM-S04,29,45,6,4.512987012987013
MM-S04,29,46,6,4.512987012987013
MM-S04,29,47,5,4.512987012987013
MM-S04,29,48,6,4.512987012987013
MM-S04,29,49,5,4.512987012987013
MM-S04,29,50,5,4.512987012987013
MM-S04,29,51,5,4.512987012987013
MM-S04,29,52,7,4.512987012987013
MM-S04,29,53,4,4.512987012987013
MM-S04,29,54,3,4.512987012987013
MM-S04,29,55,5,4.512987012987013
MM-S04,29,56,3,4.512987012987013
MM-S04,30,31,6,4.512987012987013
MM-S04,30,32,4,4.512987012987013
MM-S04,30,33,6,4.512987012987013
MM-S04,30,34,2,4.512987012987013
MM-S04,30,35,7,4.512987012987013
MM-S04,30,36,4,4.512987012987013
MM-S04,30,37,2,4.512987012987013
MM-S04,30,38,2,4.512987012987013
MM-S04,30,39,4,4.512987012987013
MM-S04,30,40,2,4.512987012987013
MM-S04,30,41,2,4.512987012987013
MM-S04,30,42,4,4.512987012987013
MM-S04,30,43,2,4.512987012987013
MM-S04,30,44,7,4.512987012987013
MM-S04,30,45,6,4.512987012987013
MM-S04,30,46,5,4.512987012987013
MM-S04,30,47,2,4.512987012987013
MM-S04,30,48,7,4.512987012987013
MM-S04,30,49,3,4.512987012987013
MM-S04,30,50,5,4.512987012987013
MM-S04,30,51,2,4.512987012987013
MM-S04,30,52,4,4.512987012987013
MM-S04,30,53,5,4.512987012987013
MM-S04,30,54,4,4.512987012987013
MM-S04,30,55,2,4.512987012987013
MM-S04,30,56,5,4.512987012987013
MM-S04,31,32,6,4.512987012987013
MM-S04,31,33,3,4.512987012987013
MM-S04,31,34,6,4.512987012987013
MM-S04,31,35,2,4.512987012987013
MM-S04,31,36,10,4.512987012987013
MM-S04,31,37,5,4.512987012987013
MM-S04,31,38,2,4.512987012987013
MM-S04,31,39,6,4.512987012987013
MM-S04,31,40,3,4.512987012987013
MM-S04,31,41,1,4.512987012987013
MM-S04,31,42,2,4.512987012987013
MM-S04,31,43,7,4.512987012987013
MM-S04,31,44,3,4.512987012987013
MM-S04,31,45,5,4.512987012987013
MM-S04,31,46,6,4.512987012987013
MM-S04,31,47,4,4.512987012987013
MM-S04,31,48,4,4.512987012987013
MM-S04,31,49,4,4.512987012987013
MM-S04,31,50,9,4.512987012987013
MM-S04,31,51,4,4.512987012987013
MM-S04,31,52,7,4.512987012987013
MM-S04,31,53,2,4.512987012987013
MM-S04,31,54,7,4.512987012987013
MM-S04,31,55,4,4.512987012987013
MM-S04,31,56,9,4.512987012987013
MM-S04,32,33,6,4.512987012987013
MM-S04,32,34,4,4.512987012987013
MM-S04,32,35,4,4.512987012987013
MM-S04,32,36,5,4.512987012987013
MM-S04,32,37,5,4.512987012987013
MM-S04,32,38,3,4.512987012987013
MM-S04,32,39,7,4.512987012987013
MM-S04,32,40,4,4.512987012987013
MM-S04,32,41,6,4.512987012987013
MM-S04,32,42,4,4.512987012987013
MM-S04,32,43,6,4.512987012987013
MM-S04,32,44,3,4.512987012987013
MM-S04,32,45,4,4.512987012987013
MM-S04,32,46,1,4.512987012987013
MM-S04,32,47,2,4.512987012987013
MM-S04,32,48,4,4.512987012987013
MM-S04,32,49,4,4.512987012987013
MM-S04,32,50,1,4.512987012987013
MM-S04,32,51,3,4.512987012987013
MM-S04,32,52,7,4.512987012987013
MM-S04,32,53,3,4.512987012987013
MM-S04,32,54,2,4.512987012987013
MM-S04,32,55,2,4.512987012987013
MM-S04,32,56,2,4.512987012987013
MM-S04,33,34,6,4.512987012987013
MM-S04,33,35,5,4.512987012987013
MM-S04,33,36,1,4.512987012987013
MM-S04,33,37,1,4.512987012987013
MM-S04,33,38,1,4.512987012987013
MM-S04,33,39,7,4.512987012987013
MM-S04,33,40,4,4.512987012987013
MM-S04,33,41,3,4.512987012987013
MM-S04,33,42,4,4.512987012987013
MM-S04,33,43,4,4.512987012987013
MM-S04,33,44,4,4.512987012987013
MM-S04,33,45,2,4.512987012987013
MM-S04,33,46,6,4.512987012987013
MM-S04,33,47,3,4.512987012987013
MM-S04,33,48,6,4.512987012987013
MM-S04,33,49,1,4.512987012987013
MM-S04,33,50,2,4.512987012987013
MM-S04,33,51,6,4.512987012987013
MM-S04,33,52,4,4.512987012987013
MM-S04,33,53,5,4.512987012987013
MM-S04,33,54,5,4.512987012987013
MM-S04,33,55,2,4.512987012987013
MM-S04,33,56,5,4.512987012987013
MM-S04,34,35,2,4.512987012987013
MM-S04,34,36,4,4.512987012987013
MM-S04,34,37,1,4.512987012987013
MM-S04,34,38,3,4.512987012987013
MM-S04,34,39,1,4.512987012987013
MM-S04,34,40,2,4.512987012987013
MM-S04,34,41,1,4.512987012987013
MM-S04,34,42,5,4.512987012987013
MM-S04,34,43,3,4.512987012987013
MM-S04,34,44,5,4.512987012987013
MM-S04,34,45,4,4.512987012987013
MM-S04,34,46,3,4.512987012987013
MM-S04,34,47,2,4.512987012987013
MM-S04,34,48,2,4.512987012987013
MM-S04,34,49,4,4.512987012987013
MM-S04,34,50,5,4.512987012987013
MM-S04,34,51,5,4.512987012987013
MM-S04,34,52,6,4.512987012987013
MM-S04,34,53,2,4.512987012987013
MM-S04,34,54,3,4.512987012987013
MM-S04,34,55,2,4.512987012987013
MM-S04,34,56,4,4.512987012987013
MM-S04,35,36,8,4.512987012987013
MM-S04,35,37,3,4.512987012987013
MM-S04,35,38,6,4.512987012987013
MM-S04,35,39,6,4.512987012987013
MM-S04,35,40,7,4.512987012987013
MM-S04,35,41,3,4.512987012987013
MM-S04,35,42,5,4.512987012987013
MM-S04,35,43,5,4.512987012987013
MM-S04,35,44,2,4.512987012987013
MM-S04,35,45,5,4.512987012987013
MM-S04,35,46,4,4.512987012987013
MM-S04,35,47,5,4.512987012987013
MM-S04,35,48,4,4.512987012987013
MM-S04,35,49,5,4.512987012987013
MM-S04,35,50,2,4.512987012987013
MM-S04,35,51,5,4.512987012987013
MM-S04,35,52,8,4.512987012987013
MM-S04,35,53,7,4.512987012987013
MM-S04,35,54,5,4.512987012987013
MM-S04,35,55,2,4.512987012987013
MM-S04,35,56,5,4.512987012987013
MM-S04,36,37,4,4.512987012987013
MM-S04,36,38,6,4.512987012987013
MM-S04,36,39,5,4.512987012987013
MM-S04,36,40,6,4.512987012987013
MM-S04,36,41,2,4.512987012987013
MM-S04,36,42,7,4.512987012987013
MM-S04,36,43,9,4.512987012987013
MM-S04,36,44,1,4.512987012987013
MM-S04,36,45,5,4.512987012987013
MM-S04,36,46,2,4.512987012987013
MM-S04,36,47,2,4.512987012987013
MM-S04,36,48,8,4.512987012987013
MM-S04,36,49,5,4.512987012987013
MM-S04,36,50,4,4.512987012987013
MM-S04,36,51,3,4.512987012987013
MM-S04,36,52,6,4.512987012987013
MM-S04,36,53,7,4.512987012987013
MM-S04,36,54,2,4.512987012987013
MM-S04,36,55,8,4.512987012987013
MM-S04,36,56,2,4.512987012987013
MM-S04,37,38,5,4.512987012987013
MM-S04,37,39,6,4.512987012987013
MM-S04,37,40,7,4.512987012987013
MM-S04,37,41,4,4.512987012987013
MM-S04,37,42,2,4.512987012987013
MM-S04,37,43,5,4.512987012987013
MM-S04,37,44,4,4.512987012987013
MM-S04,37,45,4,4.512987012987013
MM-S04,37,46,3,4.512987012987013
MM-S04,37,47,1,4.512987012987013
MM-S04,37,48,6,4.512987012987013
MM-S04,37,49,1,4.512987012987013
MM-S04,37,50,5,4.512987012987013
MM-S04,37,51,3,4.512987012987013
MM-S04,37,52,5,4.512987012987013
MM-S04,37,53,6,4.512987012987013
MM-S04,37,54,4,4.512987012987013
MM-S04,37,55,6,4.512987012987013
MM-S04,37,56,4,4.512987012987013
MM-S04,38,39,5,4.512987012987013
MM-S04,38,40,2,4.512987012987013
MM-S04,38,41,3,4.512987012987013
MM-S04,38,42,9,4.512987012987013
MM-S04,38,43,3,4.512987012987013
MM-S04,38,44,5,4.512987012987013
MM-S04,38,45,5,4.512987012987013
MM-S04,38,46,2,4.512987012987013
MM-S04,38,47,3,4.512987012987013
MM-S04,38,48,6,4.512987012987013
MM-S04,38,49,5,4.512987012987013
MM-S04,38,50,4,4.512987012987013
MM-S04,38,51,4,4.512987012987013
MM-S04,38,52,2,4.512987012987013
MM-S04,38,53,4,4.512987012987013
MM-S04,38,54,6,4.512987012987013
MM-S04,38,55,7,4.512987012987013
MM-S04,38,56,6,4.512987012987013
MM-S04,39,40,10,4.512987012987013
MM-S04,39,41,2,4.512987012987013
MM-S04,39,42,4,4.512987012987013
MM-S04,39,43,3,4.512987012987013
MM-S04,39,44,2,4.512987012987013
MM-S04,39,45,6,4.512987012987013
MM-S04,39,46,9,4.512987012987013
MM-S04,39,47,6,4.512987012987013
MM-S04,39,48,9,4.512987012987013
MM-S04,39,49,5,4.512987012987013
MM-S04,39,50,5,4.512987012987013
MM-S04,39,51,3,4.512987012987013
MM-S04,39,52,4,4.512987012987013
MM-S04,39,53,8,4.512987012987013
MM-S04,39,54,4,4.512987012987013
MM-S04,39,55,5,4.512987012987013
MM-S04,39,56,2,4.512987012987013
MM-S04,40,41,1,4.512987012987013
MM-S04,40,42,3,4.512987012987013
MM-S04,40,43,7,4.512987012987013
MM-S04,40,44,5,4.512987012987013
MM-S04,40,45,4,4.512987012987013
MM-S04,40,46,7,4.512987012987013
MM-S04,40,47,4,4.512987012987013
MM-S04,40,48,8,4.512987012987013
MM-S04,40,49,4,4.512987012987013
MM-S04,40,50,3,4.512987012987013
MM-S04,40,51,5,4.512987012987013
MM-S04,40,52,6,4.512987012987013
MM-S04,40,53,4,4.512987012987013
MM-S04,40,54,1,4.512987012987013
MM-S04,40,55,1,4.512987012987013
MM-S04,40,56,5,4.512987012987013
MM-S04,41,42,5,4.512987012987013
MM-S04,41,43,3,4.512987012987013
MM-S04,41,44,1,4.512987012987013
MM-S04,41,45,3,4.512987012987013
MM-S04,41,46,3,4.512987012987013
MM-S04,41,47,3,4.512987012987013
MM-S04,41,48,4,4.512987012987013
MM-S04,41,49,1,4.512987012987013
MM-S04,41,50,4,4.512987012987013
MM-S04,41,51,6,4.512987012987013
MM-S04,41,52,5,4.512987012987013
MM-S04,41,53,4,4.512987012987013
MM-S04,41,54,2,4.512987012987013
MM-S04,41,55,6,4.512987012987013
MM-S04,41,56,4,4.512987012987013
MM-S04,42,43,6,4.512987012987013
MM-S04,42,44,2,4.512987012987013
MM-S04,42,45,5,4.512987012987013
MM-S04,42,46,7,4.512987012987013
MM-S04,42,47,2,4.512987012987013
MM-S04,42,48,2,4.512987012987013
MM-S04,42,49,5,4.512987012987013
MM-S04,42,50,5,4.512987012987013
MM-S04,42,51,3,4.512987012987013
MM-S04,42,52,3,4.512987012987013
MM-S04,42,53,5,4.512987012987013
MM-S04,42,54,3,4.512987012987013
MM-S04,42,55,5,4.512987012987013
MM-S04,42,56,4,4.512987012987013
MM-S04,43,44,10,4.512987012987013
MM-S04,43,45,2,4.512987012987013
MM-S04,43,46,9,4.512987012987013
MM-S04,43,47,4,4.512987012987013
MM-S04,43,48,4,4.512987012987013
MM-S04,43,49,3,4.512987012987013
MM-S04,43,50,2,4.512987012987013
MM-S04,43,51,4,4.512987012987013
MM-S04,43,52,9,4.512987012987013
MM-S04,43,53,2,4.512987012987013
MM-S04,43,54,7,4.512987012987013
MM-S04,43,55,3,4.512987012987013
MM-S04,43,56,5,4.512987012987013
MM-S04,44,45,4,4.512987012987013
MM-S04,44,46,5,4.512987012987013
MM-S04,44,47,0,4.512987012987013
MM-S04,44,48,7,4.512987012987013
MM-S04,44,49,6,4.512987012987013
MM-S04,44,50,3,4.512987012987013
MM-S04,44,51,5,4.512987012987013
MM-S04,44,52,7,4.512987012987013
MM-S04,44,53,3,4.512987012987013
MM-S04,44,54,5,4.512987012987013
MM-S04,44,55,1,4.512987012987013
MM-S04,44,56,8,4.512987012987013
MM-S04,45,46,4,4.512987012987013
MM-S04,45,47,3,4.512987012987013
MM-S04,45,48,5,4.512987012987013
MM-S04,45,49,3,4.512987012987013
MM-S04,45,50,6,4.512987012987013
MM-S04,45,51,6,4.512987012987013
MM-S04,45,52,6,4.512987012987013
MM-S04,45,53,7,4.512987012987013
MM-S04,45,54,9,4.512987012987013
MM-S04,45,55,5,4.512987012987013
MM-S04,45,56,6,4.512987012987013
MM-S04,46,47,4,4.512987012987013
MM-S04,46,48,7,4.512987012987013
MM-S04,46,49,3,4.512987012987013
MM-S04,46,50,5,4.512987012987013
MM-S04,46,51,9,4.512987012987013
MM-S04,46,52,4,4.512987012987013
MM-S04,46,53,6,4.512987012987013
MM-S04,46,54,4,4.512987012987013
MM-S04,46,55,3,4.512987012987013
MM-S04,46,56,6,4.512987012987013
MM-S04,47,48,8,4.512987012987013
MM-S04,47,49,2,4.512987012987013
MM-S04,47,50,4,4.512987012987013
MM-S04,47,51,2,4.512987012987013
MM-S04,47,52,6,4.512987012987013
MM-S04,47,53,6,4.512987012987013
MM-S04,47,54,3,4.512987012987013
MM-S04,47,55,1,4.512987012987013
MM-S04,47,56,2,4.512987012987013
MM-S04,48,49,8,4.512987012987013
MM-S04,48,50,9,4.512987012987013
MM-S04,48,51,5,4.512987012987013
MM-S04,48,52,6,4.512987012987013
MM-S04,48,53,8,4.512987012987013
MM-S04,48,54,8,4.512987012987013
MM-S04,48,55,4,4.512987012987013
MM-S04,48,56,7,4.512987012987013
MM-S04,49,50,2,4.512987012987013
MM-S04,49,51,2,4.512987012987013
MM-S04,49,52,5,4.512987012987013
MM-S04,49,53,2,4.512987012987013
MM-S04,49,54,8,4.512987012987013
MM-S04,49,55,4,4.512987012987013
MM-S04,49,56,3,4.512987012987013
MM-S04,50,51,3,4.512987012987013
MM-S04,50,52,3,4.512987012987013
MM-S04,50,53,4,4.512987012987013
MM-S04,50,54,1,4.512987012987013
MM-S04,50,55,6,4.512987012987013
MM-S04,50,56,6,4.512987012987013
MM-S04,51,52,7,4.512987012987013
MM-S04,51,53,10,4.512987012987013
MM-S04,51,54,5,4.512987012987013
MM-S04,51,55,4,4.512987012987013
MM-S04,51,56,5,4.512987012987013
MM-S04,52,53,8,4.512987012987013
MM-S04,52,54,3,4.512987012987013
MM-S04,52,55,3,4.512987012987013
MM-S04,52,56,6,4.512987012987013
MM-S04,53,54,7,4.512987012987013
MM-S04,53,55,8,4.512987012987013
MM-S04,53,56,5,4.512987012987013
MM-S04,54,55,4,4.512987012987013
MM-S04,54,56,6,4.512987012987013
MM-S04,55,56,4,4.512987012987013
MM-S05,1,2,0,1.2036036036036035
MM-S05,1,3,0,1.2036036036036035
MM-S05,1,4,2,1.2036036036036035
MM-S05,1,5,1,1.2036036036036035
MM-S05,1,6,1,1.2036036036036035
MM-S05,1,7,1,1.2036036036036035
MM-S05,1,8,3,1.2036036036036035
MM-S05,1,9,0,1.2036036036036035
MM-S05,1,10,3,1.2036036036036035
MM-S05,1,11,0,1.2036036036036035
MM-S05,1,12,1,1.2036036036036035
MM-S05,1,13,0,1.2036036036036035
MM-S05,1,14,1,1.2036036036036035
MM-S05,1,15,2,1.2036036036036035
MM-S05,1,16,0,1.2036036036036035
MM-S05,1,17,0,1.2036036036036035
MM-S05,1,18,1,1.2036036036036035
MM-S05,1,19,0,1.2036036036036035
MM-S05,1,20,0,1.2036036036036035
MM-S05,1,21,0,1.2036036036036035
MM-S05,1,22,1,1.2036036036036035
MM-S05,1,23,0,1.2036036036036035
MM-S05,1,24,0,1.2036036036036035
MM-S05,1,25,2,1.2036036036036035
MM-S05,1,26,2,1.2036036036036035
MM-S05,1,27,0,1.2036036036036035
MM-S05,1,28,0,1.2036036036036035
MM-S05,1,29,2,1.2036036036036035
MM-S05,1,30,0,1.2036036036036035
MM-S05,1,31,2,1.2036036036036035
MM-S05,1,32,0,1.2036036036036035
MM-S05,1,33,1,1.2036036036036035
MM-S05,1,34,2,1.2036036036036035
MM-S05,1,35,1,1.2036036036036035
MM-S05,1,36,3,1.2036036036036035
MM-S05,1,37,0,1.2036036036036035
MM-S05,1,38,1,1.2036036036036035
MM-S05,1,39,1,1.2036036036036035
MM-S05,1,40,2,1.2036036036036035
MM-S05,1,41,1,1.2036036036036035
MM-S05,1,42,1,1.2036036036036035
MM-S05,1,43,3,1.2036036036036035
MM-S05,1,44,2,1.2036036036036035
MM-S05,1,45,1,1.2036036036036035
MM-S05,1,46,1,1.2036036036036035
MM-S05,1,47,0,1.2036036036036035
MM-S05,1,48,2,1.2036036036036035
MM-S05,1,49,0,1.2036036036036035
MM-S05,1,50,0,1.2036036036036035
MM-S05,1,51,1,1.2036036036036035
MM-S05,1,52,1,1.2036036036036035
MM-S05,1,53,1,1.2036036036036035
MM-S05,1,54,3,1.2036036036036035
MM-S05,1,55,1,1.2036036036036035
MM-S05,1,56,2,1.2036036036036035
MM-S05,1,57,1,1.2036036036036035
MM-S05,1,58,1,1.2036036036036035
MM-S05,1,59,0,1.2036036036036035
MM-S05,1,60,0,1.2036036036036035
MM-S05,1,61,0,1.2036036036036035
MM-S05,1,62,2,1.2036036036036035
MM-S05,1,63,2,1.2036036036036035
MM-S05,1,64,0,1.2036036036036035
MM-S05,1,65,1,1.2036036036036035
MM-S05,1,66,2,1.2036036036036035
MM-S05,1,67,0,1.2036036036036035
MM-S05,1,68,1,1.2036036036036035
MM-S05,1,69,3,1.2036036036036035
MM-S05,1,70,0,1.2036036036036035
MM-S05,1,71,0,1.2036036036036035
MM-S05,1,72,2,1.2036036036036035
MM-S05,1,73,1,1.2036036036036035
MM-S05,1,74,0,1.2036036036036035
MM-S05,1,75,0,1.2036036036036035
MM-S05,2,3,2,1.2036036036036035
MM-S05,2,4,1,1.2036036036036035
MM-S05,2,5,2,1.2036036036036035
MM-S05,2,6,1,1.2036036036036035
MM-S05,2,7,2,1.2036036036036035
MM-S05,2,8,2,1.2036036036036035
MM-S05,2,9,2,1.2036036036036035
MM-S05,2,10,2,1.2036036036036035
MM-S05,2,11,2,1.2036036036036035
MM-S05,2,12,0,1.2036036036036035
MM-S05,2,13,0,1.2036036036036035
MM-S05,2,14,1,1.2036036036036035
MM-S05,2,15,1,1.2036036036036035
MM-S05,2,16,1,1.2036036036036035
MM-S05,2,17,2,1.2036036036036035
MM-S05,2,18,1,1.2036036036036035
MM-S05,2,19,5,1.2036036036036035
MM-S05,2,20,1,1.2036036036036035
MM-S05,2,21,2,1.2036036036036035
MM-S05,2,22,2,1.2036036036036035
MM-S05,2,23,3,1.2036036036036035
MM-S05,2,24,1,1.2036036036036035
MM-S05,2,25,0,1.2036036036036035
MM-S05,2,26,2,1.2036036036036035
MM-S05,2,27,1,1.2036036036036035
MM-S05,2,28,2,1.2036036036036035
MM-S05,2,29,0,1.2036036036036035
MM-S05,2,30,3,1.2036036036036035
MM-S05,2,31,2,1.2036036036036035
MM-S05,2,32,2,1.2036036036036035
MM-S05,2,33,1,1.2036036036036035
MM-S05,2,34,2,1.2036036036036035
MM-S05,2,35,3,1.2036036036036035
MM-S05,2,36,1,1.2036036036036035
MM-S05,2,37,0,1.2036036036036035
MM-S05,2,38,4,1.2036036036036035
MM-S05,2,39,3,1.2036036036036035
MM-S05,2,40,2,1.2036036036036035
MM-S05,2,41,2,1.2036036036036035
MM-S05,2,42,2,1.2036036036036035
MM-S05,2,43,2,1.2036036036036035
MM-S05,2,44,1,1.2036036036036035
MM-S05,2,45,1,1.2036036036036035
MM-S05,2,46,2,1.2036036036036035
MM-S05,2,47,1,1.2036036036036035
MM-S05,2,48,1,1.2036036036036035
MM-S05,2,49,1,1.2036036036036035
MM-S05,2,50,4,1.2036036036036035
MM-S05,2,51,1,1.2036036036036035
MM-S05,2,52,3,1.2036036036036035
MM-S05,2,53,2,1.2036036036036035
MM-S05,2,54,1,1.2036036036036035
MM-S05,2,55,2,1.2036036036036035
MM-S05,2,56,0,1.2036036036036035
MM-S05,2,57,1,1.2036036036036035
MM-S05,2,58,1,1.2036036036036035
MM-S05,2,59,1,1.2036036036036035
MM-S05,2,60,1,1.2036036036036035
MM-S05,2,61,2,1.2036036036036035
MM-S05,2,62,2,1.2036036036036035
MM-S05,2,63,1,1.2036036036036035
MM-S05,2,64,1,1.2036036036036035
MM-S05,2,65,1,1.2036036036036035
MM-S05,2,66,2,1.2036036036036035
MM-S05,2,67,0,1.2036036036036035
MM-S05,2,68,1,1.2036036036036035
MM-S05,2,69,0,1.2036036036036035
MM-S05,2,70,1,1.2036036036036035
MM-S05,2,71,1,1.2036036036036035
MM-S05,2,72,1,1.2036036036036035
MM-S05,2,73,1,1.2036036036036035
MM-S05,2,74,3,1.2036036036036035
MM-S05,2,75,1,1.2036036036036035
MM-S05,3,4,1,1.2036036036036035
MM-S05,3,5,0,1.2036036036036035
MM-S05,3,6,0,1.2036036036036035
MM-S05,3,7,2,1.2036036036036035
MM-S05,3,8,2,1.2036036036036035
MM-S05,3,9,2,1.2036036036036035
MM-S05,3,10,0,1.2036036036036035
MM-S05,3,11,1,1.2036036036036035
MM-S05,3,12,2,1.2036036036036035
MM-S05,3,13,1,1.2036036036036035
MM-S05,3,14,1,1.2036036036036035
MM-S05,3,15,2,1.2036036036036035
MM-S05,3,16,1,1.2036036036036035
MM-S05,3,17,0,1.2036036036036035
MM-S05,3,18,1,1.2036036036036035
MM-S05,3,19,2,1.2036036036036035
MM-S05,3,20,2,1.2036036036036035
MM-S05,3,21,0,1.2036036036036035
MM-S05,3,22,0,1.2036036036036035
MM-S05,3,23,0,1.2036036036036035
MM-S05,3,24,0,1.2036036036036035
MM-S05,3,25,2,1.2036036036036035
MM-S05,3,26,1,1.2036036036036035
MM-S05,3,27,0,1.2036036036036035
MM-S05,3,28,0,1.2036036036036035
MM-S05,3,29,1,1.2036036036036035
MM-S05,3,30,0,1.2036036036036035
MM-S05,3,31,2,1.2036036036036035
MM-S05,3,32,0,1.2036036036036035
MM-S05,3,33,1,1.2036036036036035
MM-S05,3,34,2,1.2036036036036035
MM-S05,3,35,2,1.2036036036036035
MM-S05,3,36,1,1.2036036036036035
MM-S05,3,37,1,1.2036036036036035
MM-S05,3,38,1,1.2036036036036035
MM-S05,3,39,0,1.2036036036036035
MM-S05,3,40,0,1.2036036036036035
MM-S05,3,41,0,1.2036036036036035
MM-S05,3,42,2,1.2036036036036035
MM-S05,3,43,0,1.2036036036036035
MM-S05,3,44,2,1.2036036036036035
MM-S05,3,45,1,1.2036036036036035
MM-S05,3,46,1,1.2036036036036035
MM-S05,3,47,2,1.2036036036036035
MM-S05,3,48,1,1.2036036036036035
MM-S05,3,49,3,1.2036036036036035
MM-S05,3,50,3,1.2036036036036035
MM-S05,3,51,2,1.2036036036036035
MM-S05,3,52,3,1.2036036036036035
MM-S05,3,53,0,1.2036036036036035
MM-S05,3,54,3,1.2036036036036035
MM-S05,3,55,0,1.2036036036036035
MM-S05,3,56,1,1.2036036036036035
MM-S05,3,57,4,1.2036036036036035
MM-S05,3,58,4,1.2036036036036035
MM-S05,3,59,1,1.2036036036036035
MM-S05,3,60,1,1.2036036036036035
MM-S05,3,61,2,1.2036036036036035
MM-S05,3,62,2,1.2036036036036035
MM-S05,3,63,2,1.2036036036036035
MM-S05,3,64,1,1.2036036036036035
MM-S05,3,65,1,1.2036036036036035
MM-S05,3,66,2,1.2036036036036035
MM-S05,3,67,2,1.2036036036036035
MM-S05,3,68,3,1.2036036036036035
MM-S05,3,69,0,1.2036036036036035
MM-S05,3,70,1,1.2036036036036035
MM-S05,3,71,3,1.2036036036036035
MM-S05,3,72,0,1.2036036036036035
MM-S05,3,73,2,1.2036036036036035
MM-S05,3,74,1,1.2036036036036035
MM-S05,3,75,0,1.2036036036036035
MM-S05,4,5,1,1.2036036036036035
MM-S05,4,6,1,1.2036036036036035
MM-S05,4,7,0,1.2036036036036035
MM-S05,4,8,0,1.2036036036036035
MM-S05,4,9,0,1.2036036036036035
MM-S05,4,10,1,1.2036036036036035
MM-S05,4,11,2,1.2036036036036035
MM-S05,4,12,1,1.2036036036036035
MM-S05,4,13,0,1.2036036036036035
MM-S05,4,14,1,1.2036036036036035
MM-S05,4,15,1,1.2036036036036035
MM-S05,4,16,0,1.2036036036036035
MM-S05,4,17,1,1.2036036036036035
MM-S05,4,18,0,1.2036036036036035
MM-S05,4,19,0,1.2036036036036035
MM-S05,4,20,1,1.2036036036036035
MM-S05,4,21,0,1.2036036036036035
MM-S05,4,22,0,1.2036036036036035
MM-S05,4,23,2,1.2036036036036035
MM-S05,4,24,0,1.2036036036036035
MM-S05,4,25,0,1.2036036036036035
MM-S05,4,26,1,1.2036036036036035
MM-S05,4,27,0,1.2036036036036035
MM-S05,4,28,0,1.2036036036036035
MM-S05,4,29,1,1.2036036036036035
MM-S05,4,30,0,1.2036036036036035
MM-S05,4,31,4,1.2036036036036035
MM-S05,4,32,0,1.2036036036036035
MM-S05,4,33,0,1.2036036036036035
MM-S05,4,34,0,1.2036036036036035
MM-S05,4,35,3,1.2036036036036035
MM-S05,4,36,4,1.2036036036036035
MM-S05,4,37,0,1.2036036036036035
MM-S05,4,38,0,1.2036036036036035
MM-S05,4,39,1,1.2036036036036035
MM-S05,4,40,1,1.2036036036036035
MM-S05,4,41,1,1.2036036036036035
MM-S05,4,42,0,1.2036036036036035
MM-S05,4,43,0,1.2036036036036035
MM-S05,4,44,2,1.2036036036036035
MM-S05,4,45,0,1.2036036036036035
MM-S05,4,46,2,1.2036036036036035
MM-S05,4,47,2,1.2036036036036035
MM-S05,4,48,2,1.2036036036036035
MM-S05,4,49,2,1.2036036036036035
MM-S05,4,50,0,1.2036036036036035
MM-S05,4,51,1,1.2036036036036035
MM-S05,4,52,1,1.2036036036036035
MM-S05,4,53,0,1.2036036036036035
MM-S05,4,54,1,1.2036036036036035
MM-S05,4,55,1,1.2036036036036035
MM-S05,4,56,2,1.2036036036036035
MM-S05,4,57,2,1.2036036036036035
MM-S05,4,58,0,1.2036036036036035
MM-S05,4,59,1,1.2036036036036035
MM-S05,4,60,0,1.2036036036036035
MM-S05,4,61,0,1.2036036036036035
MM-S05,4,62,1,1.2036036036036035
MM-S05,4,63,0,1.2036036036036035
MM-S05,4,64,0,1.2036036036036035
MM-S05,4,65,1,1.2036036036036035
MM-S05,4,66,1,1.2036036036036035
MM-S05,4,67,0,1.2036036036036035
MM-S05,4,68,1,1.2036036036036035
MM-S05,4,69,2,1.2036036036036035
MM-S05,4,70,1,1.2036036036036035
MM-S05,4,71,0,1.2036036036036035
MM-S05,4,72,0,1.2036036036036035
MM-S05,4,73,0,1.2036036036036035
MM-S05,4,74,1,1.2036036036036035
MM-S05,4,75,1,1.2036036036036035
MM-S05,5,6,2,1.2036036036036035
MM-S05,5,7,1,1.2036036036036035
MM-S05,5,8,3,1.2036036036036035
MM-S05,5,9,0,1.2036036036036035
MM-S05,5,10,1,1.2036036036036035
MM-S05,5,11,2,1.2036036036036035
MM-S05,5,12,1,1.2036036036036035
MM-S05,5,13,0,1.2036036036036035
MM-S05,5,14,0,1.2036036036036035
MM-S05,5,15,1,1.2036036036036035
MM-S05,5,16,0,1.2036036036036035
MM-S05,5,17,1,1.2036036036036035
MM-S05,5,18,1,1.2036036036036035
MM-S05,5,19,0,1.2036036036036035
MM-S05,5,20,1,1.2036036036036035
MM-S05,5,21,0,1.2036036036036035
MM-S05,5,22,2,1.2036036036036035
MM-S05,5,23,0,1.2036036036036035
MM-S05,5,24,0,1.2036036036036035
MM-S05,5,25,2,1.2036036036036035
MM-S05,5,26,2,1.2036036036036035
MM-S05,5,27,1,1.2036036036036035
MM-S05,5,28,1,1.2036036036036035
MM-S05,5,29,0,1.2036036036036035
MM-S05,5,30,0,1.2036036036036035
MM-S05,5,31,2,1.2036036036036035
MM-S05,5,32,0,1.2036036036036035
MM-S05,5,33,1,1.2036036036036035
MM-S05,5,34,1,1.2036036036036035
MM-S05,5,35,2,1.2036036036036035
MM-S05,5,36,0,1.2036036036036035
MM-S05,5,37,2,1.2036036036036035
MM-S05,5,38,1,1.2036036036036035
MM-S05,5,39,0,1.2036036036036035
MM-S05,5,40,1,1.2036036036036035
MM-S05,5,41,3,1.2036036036036035
MM-S05,5,42,0,1.2036036036036035
MM-S05,5,43,0,1.2036036036036035
MM-S05,5,44,2,1.2036036036036035
MM-S05,5,45,0,1.2036036036036035
MM-S05,5,46,0,1.2036036036036035
MM-S05,5,47,0,1.2036036036036035
MM-S05,5,48,0,1.2036036036036035
MM-S05,5,49,0,1.2036036036036035
MM-S05,5,50,2,1.2036036036036035
MM-S05,5,51,1,1.2036036036036035
MM-S05,5,52,0,1.2036036036036035
MM-S05,5,53,0,1.2036036036036035
MM-S05,5,54,3,1.2036036036036035
MM-S05,5,55,1,1.2036036036036035
MM-S05,5,56,0,1.2036036036036035
MM-S05,5,57,2,1.2036036036036035
MM-S05,5,58,0,1.2036036036036035
MM-S05,5,59,5,1.2036036036036035
MM-S05,5,60,0,1.2036036036036035
MM-S05,5,61,0,1.2036036036036035
MM-S05,5,62,1,1.2036036036036035
MM-S05,5,63,1,1.2036036036036035
MM-S05,5,64,1,1.2036036036036035
MM-S05,5,65,2,1.2036036036036035
MM-S05,5,66,1,1.2036036036036035
MM-S05,5,67,1,1.2036036036036035
MM-S05,5,68,1,1.2036036036036035
MM-S05,5,69,0,1.2036036036036035
MM-S05,5,70,0,1.2036036036036035
MM-S05,5,71,0,1.2036036036036035
MM-S05,5,72,1,1.2036036036036035
MM-S05,5,73,1,1.2036036036036035
MM-S05,5,74,3,1.2036036036036035
MM-S05,5,75,0,1.2036036036036035
MM-S05,6,7,0,1.2036036036036035
MM-S05,6,8,2,1.2036036036036035
MM-S05,6,9,0,1.2036036036036035
MM-S05,6,10,1,1.2036036036036035
MM-S05,6,11,1,1.2036036036036035
MM-S05,6,12,0,1.2036036036036035
MM-S05,6,13,2,1.2036036036036035
MM-S05,6,14,0,1.2036036036036035
MM-S05,6,15,2,1.2036036036036035
MM-S05,6,16,3,1.2036036036036035
MM-S05,6,17,4,1.2036036036036035
MM-S05,6,18,0,1.2036036036036035
MM-S05,6,19,1,1.2036036036036035
MM-S05,6,20,0,1.2036036036036035
MM-S05,6,21,2,1.2036036036036035
MM-S05,6,22,1,1.2036036036036035
MM-S05,6,23,2,1.2036036036036035
MM-S05,6,24,1,1.2036036036036035
MM-S05,6,25,2,1.2036036036036035
MM-S05,6,26,0,1.2036036036036035
MM-S05,6,27,0,1.2036036036036035
MM-S05,6,28,2,1.2036036036036035
MM-S05,6,29,0,1.2036036036036035
MM-S05,6,30,1,1.2036036036036035
MM-S05,6,31,1,1.2036036036036035
MM-S05,6,32,1,1.2036036036036035
MM-S05,6,33,2,1.2036036036036035
MM-S05,6,34,1,1.2036036036036035
MM-S05,6,35,1,1.2036036036036035
MM-S05,6,36,1,1.2036036036036035
MM-S05,6,37,1,1.2036036036036035
MM-S05,6,38,3,1.2036036036036035
MM-S05,6,39,2,1.2036036036036035
MM-S05,6,40,0,1.2036036036036035
MM-S05,6,41,1,1.2036036036036035
MM-S05,6,42,0,1.2036036036036035
MM-S05,6,43,1,1.2036036036036035
MM-S05,6,44,0,1.2036036036036035
MM-S05,6,45,2,1.2036036036036035
MM-S05,6,46,3,1.2036036036036035
MM-S05,6,47,0,1.2036036036036035
MM-S05,6,48,0,1.2036036036036035
MM-S05,6,49,2,1.2036036036036035
MM-S05,6,50,2,1.2036036036036035
MM-S05,6,51,0,1.2036036036036035
MM-S05,6,52,2,1.2036036036036035
MM-S05,6,53,0,1.2036036036036035
MM-S05,6,54,1,1.2036036036036035
MM-S05,6,55,2,1.2036036036036035
MM-S05,6,56,2,1.2036036036036035
MM-S05,6,57,0,1.2036036036036035
MM-S05,6,58,1,1.2036036036036035
MM-S05,6,59,0,1.2036036036036035
MM-S05,6,60,1,1.2036036036036035
MM-S05,6,61,0,1.2036036036036035
MM-S05,6,62,1,1.2036036036036035
MM-S05,6,63,0,1.2036036036036035
MM-S05,6,64,0,1.2036036036036035
MM-S05,6,65,1,1.2036036036036035
MM-S05,6,66,2,1.2036036036036035
MM-S05,6,67,0,1.2036036036036035
MM-S05,6,68,3,1.2036036036036035
MM-S05,6,69,0,1.2036036036036035
MM-S05,6,70,2,1.2036036036036035
MM-S05,6,71,0,1.2036036036036035
MM-S05,6,72,0,1.2036036036036035
MM-S05,6,73,0,1.2036036036036035
MM-S05,6,74,1,1.2036036036036035
MM-S05,6,75,1,1.2036036036036035
MM-S05,7,8,0,1.2036036036036035
MM-S05,7,9,1,1.2036036036036035
MM-S05,7,10,0,1.2036036036036035
MM-S05,7,11,1,1.2036036036036035
MM-S05,7,12,2,1.2036036036036035
MM-S05,7,13,1,1.2036036036036035
MM-S05,7,14,0,1.2036036036036035
MM-S05,7,15,0,1.2036036036036035
MM-S05,7,16,1,1.2036036036036035
MM-S05,7,17,1,1.2036036036036035
MM-S05,7,18,1,1.2036036036036035
MM-S05,7,19,0,1.2036036036036035
MM-S05,7,20,3,1.2036036036036035
MM-S05,7,21,0,1.2036036036036035
MM-S05,7,22,1,1.2036036036036035
MM-S05,7,23,0,1.2036036036036035
MM-S05,7,24,3,1.2036036036036035
MM-S05,7,25,3,1.2036036036036035
MM-S05,7,26,0,1.2036036036036035
MM-S05,7,27,2,1.2036036036036035
MM-S05,7,28,2,1.2036036036036035
MM-S05,7,29,0,1.2036036036036035
MM-S05,7,30,0,1.2036036036036035
MM-S05,7,31,0,1.2036036036036035
MM-S05,7,32,0,1.2036036036036035
MM-S05,7,33,1,1.2036036036036035
MM-S05,7,34,0,1.2036036036036035
MM-S05,7,35,1,1.2036036036036035
MM-S05,7,36,0,1.2036036036036035
MM-S05,7,37,2,1.2036036036036035
MM-S05,7,38,4,1.2036036036036035
MM-S05,7,39,2,1.2036036036036035
MM-S05,7,40,1,1.2036036036036035
MM-S05,7,41,2,1.2036036036036035
MM-S05,7,42,1,1.2036036036036035
MM-S05,7,43,1,1.2036036036036035
MM-S05,7,44,3,1.2036036036036035
MM-S05,7,45,0,1.2036036036036035
MM-S05,7,46,3,1.2036036036036035
MM-S05,7,47,0,1.2036036036036035
MM-S05,7,48,0,1.2036036036036035
MM-S05,7,49,5,1.2036036036036035
MM-S05,7,50,2,1.2036036036036035
MM-S05,7,51,1,1.2036036036036035
MM-S05,7,52,1,1.2036036036036035
MM-S05,7,53,4,1.2036036036036035
MM-S05,7,54,2,1.2036036036036035
MM-S05,7,55,0,1.2036036036036035
MM-S05,7,56,2,1.2036036036036035
MM-S05,7,57,1,1.2036036036036035
MM-S05,7,58,1,1.2036036036036035
MM-S05,7,59,5,1.2036036036036035
MM-S05,7,60,3,1.2036036036036035
MM-S05,7,61,3,1.2036036036036035
MM-S05,7,62,1,1.2036036036036035
MM-S05,7,63,2,1.2036036036036035
MM-S05,7,64,2,1.2036036036036035
MM-S05,7,65,1,1.2036036036036035
MM-S05,7,66,3,1.2036036036036035
MM-S05,7,67,1,1.2036036036036035
MM-S05,7,68,2,1.2036036036036035
MM-S05,7,69,1,1.2036036036036035
MM-S05,7,70,1,1.2036036036036035
MM-S05,7,71,2,1.2036036036036035
MM-S05,7,72,0,1.2036036036036035
MM-S05,7,73,2,1.2036036036036035
MM-S05,7,74,2,1.2036036036036035
MM-S05,7,75,1,1.2036036036036035
MM-S05,8,9,2,1.2036036036036035
MM-S05,8,10,0,1.2036036036036035
MM-S05,8,11,0,1.2036036036036035
MM-S05,8,12,1,1.2036036036036035
MM-S05,8,13,0,1.2036036036036035
MM-S05,8,14,1,1.2036036036036035
MM-S05,8,15,1,1.2036036036036035
MM-S05,8,16,1,1.2036036036036035
MM-S05,8,17,2,1.2036036036036035
MM-S05,8,18,0,1.2036036036036035
MM-S05,8,19,2,1.2036036036036035
MM-S05,8,20,3,1.2036036036036035
MM-S05,8,21,2,1.2036036036036035
MM-S05,8,22,2,1.2036036036036035
MM-S05,8,23,1,1.2036036036036035
MM-S05,8,24,2,1.2036036036036035
MM-S05,8,25,2,1.2036036036036035
MM-S05,8,26,4,1.2036036036036035
MM-S05,8,27,0,1.2036036036036035
MM-S05,8,28,1,1.2036036036036035
MM-S05,8,29,2,1.2036036036036035
MM-S05,8,30,3,1.2036036036036035
MM-S05,8,31,0,1.2036036036036035
MM-S05,8,32,0,1.2036036036036035
MM-S05,8,33,1,1.2036036036036035
MM-S05,8,34,1,1.2036036036036035
MM-S05,8,35,1,1.2036036036036035
MM-S05,8,36,3,1.2036036036036035
MM-S05,8,37,1,1.2036036036036035
MM-S05,8,38,1,1.2036036036036035
MM-S05,8,39,1,1.2036036036036035
MM-S05,8,40,0,1.2036036036036035
MM-S05,8,41,1,1.2036036036036035
MM-S05,8,42,1,1.2036036036036035
MM-S05,8,43,2,1.2036036036036035
MM-S05,8,44,0,1.2036036036036035
MM-S05,8,45,3,1.2036036036036035
MM-S05,8,46,1,1.2036036036036035
MM-S05,8,47,1,1.2036036036036035
MM-S05,8,48,0,1.2036036036036035
MM-S05,8,49,1,1.2036036036036035
MM-S05,8,50,0,1.2036036036036035
MM-S05,8,51,1,1.2036036036036035
MM-S05,8,52,3,1.2036036036036035
MM-S05,8,53,0,1.2036036036036035
MM-S05,8,54,1,1.2036036036036035
MM-S05,8,55,1,1.2036036036036035
MM-S05,8,56,1,1.2036036036036035
MM-S05,8,57,3,1.2036036036036035
MM-S05,8,58,1,1.2036036036036035
MM-S05,8,59,2,1.2036036036036035
MM-S05,8,60,0,1.2036036036036035
MM-S05,8,61,3,1.2036036036036035
MM-S05,8,62,2,1.2036036036036035
MM-S05,8,63,1,1.2036036036036035
MM-S05,8,64,1,1.2036036036036035
MM-S05,8,65,1,1.2036036036036035
MM-S05,8,66,1,1.2036036036036035
MM-S05,8,67,2,1.2036036036036035
MM-S05,8,68,3,1.2036036036036035
MM-S05,8,69,1,1.2036036036036035
MM-S05,8,70,0,1.2036036036036035
MM-S05,8,71,1,1.2036036036036035
MM-S05,8,72,2,1.2036036036036035
MM-S05,8,73,3,1.2036036036036035
MM-S05,8,74,1,1.2036036036036035
MM-S05,8,75,2,1.2036036036036035
MM-S05,9,10,1,1.2036036036036035
MM-S05,9,11,2,1.2036036036036035
MM-S05,9,12,1,1.2036036036036035
MM-S05,9,13,2,1.2036036036036035
MM-S05,9,14,1,1.2036036036036035
MM-S05,9,15,1,1.2036036036036035
MM-S05,9,16,1,1.2036036036036035
MM-S05,9,17,1,1.2036036036036035
MM-S05,9,18,0,1.2036036036036035
MM-S05,9,19,0,1.2036036036036035
MM-S05,9,20,0,1.2036036036036035
MM-S05,9,21,2,1.2036036036036035
MM-S05,9,22,2,1.2036036036036035
MM-S05,9,23,2,1.2036036036036035
MM-S05,9,24,3,1.2036036036036035
MM-S05,9,25,1,1.2036036036036035
MM-S05,9,26,1,1.2036036036036035
MM-S05,9,27,1,1.2036036036036035
MM-S05,9,28,1,1.2036036036036035
MM-S05,9,29,2,1.2036036036036035
MM-S05,9,30,1,1.2036036036036035
MM-S05,9,31,2,1.2036036036036035
MM-S05,9,32,0,1.2036036036036035
MM-S05,9,33,1,1.2036036036036035
MM-S05,9,34,2,1.2036036036036035
MM-S05,9,35,1,1.2036036036036035
MM-S05,9,36,0,1.2036036036036035
MM-S05,9,37,2,1.2036036036036035
MM-S05,9,38,2,1.2036036036036035
MM-S05,9,39,1,1.2036036036036035
MM-S05,9,40,1,1.2036036036036035
MM-S05,9,41,3,1.2036036036036035
MM-S05,9,42,1,1.2036036036036035
MM-S05,9,43,1,1.2036036036036035
MM-S05,9,44,1,1.2036036036036035
MM-S05,9,45,0,1.2036036036036035
MM-S05,9,46,1,1.2036036036036035
MM-S05,9,47,3,1.2036036036036035
MM-S05,9,48,0,1.2036036036036035
MM-S05,9,49,3,1.2036036036036035
MM-S05,9,50,2,1.2036036036036035
MM-S05,9,51,0,1.2036036036036035
MM-S05,9,52,2,1.2036036036036035
MM-S05,9,53,0,1.2036036036036035
MM-S05,9,54,0,1.2036036036036035
MM-S05,9,55,0,1.2036036036036035
MM-S05,9,56,1,1.2036036036036035
MM-S05,9,57,4,1.2036036036036035
MM-S05,9,58,0,1.2036036036036035
MM-S05,9,59,0,1.2036036036036035
MM-S05,9,60,0,1.2036036036036035
MM-S05,9,61,1,1.2036036036036035
MM-S05,9,62,0,1.2036036036036035
MM-S05,9,63,1,1.2036036036036035
MM-S05,9,64,1,1.2036036036036035
MM-S05,9,65,1,1.2036036036036035
MM-S05,9,66,1,1.2036036036036035
MM-S05,9,67,2,1.2036036036036035
MM-S05,9,68,0,1.2036036036036035
MM-S05,9,69,2,1.2036036036036035
MM-S05,9,70,1,1.2036036036036035
MM-S05,9,71,1,1.2036036036036035
MM-S05,9,72,1,1.2036036036036035
MM-S05,9,73,2,1.2036036036036035
MM-S05,9,74,1,1.2036036036036035
MM-S05,9,75,2,1.2036036036036035
MM-S05,10,11,2,1.2036036036036035
MM-S05,10,12,2,1.2036036036036035
MM-S05,10,13,1,1.2036036036036035
MM-S05,10,14,2,1.2036036036036035
MM-S05,10,15,1,1.2036036036036035
MM-S05,10,16,0,1.2036036036036035
MM-S05,10,17,0,1.2036036036036035
MM-S05,10,18,0,1.2036036036036035
MM-S05,10,19,1,1.2036036036036035
MM-S05,10,20,1,1.2036036036036035
MM-S05,10,21,1,1.2036036036036035
MM-S05,10,22,0,1.2036036036036035
MM-S05,10,23,1,1.2036036036036035
MM-S05,10,24,2,1.2036036036036035
MM-S05,10,25,0,1.2036036036036035
MM-S05,10,26,3,1.2036036036036035
MM-S05,10,27,0,1.2036036036036035
MM-S05,10,28,1,1.2036036036036035
MM-S05,10,29,4,1.2036036036036035
MM-S05,10,30,1,1.2036036036036035
MM-S05,10,31,5,1.2036036036036035
MM-S05,10,32,1,1.2036036036036035
MM-S05,10,33,0,1.2036036036036035
MM-S05,10,34,1,1.2036036036036035
MM-S05,10,35,2,1.2036036036036035
MM-S05,10,36,1,1.2036036036036035
MM-S05,10,37,1,1.2036036036036035
MM-S05,10,38,1,1.2036036036036035
MM-S05,10,39,1,1.2036036036036035
MM-S05,10,40,1,1.2036036036036035
MM-S05,10,41,2,1.2036036036036035
MM-S05,10,42,1,1.2036036036036035
MM-S05,10,43,1,1.2036036036036035
MM-S05,10,44,2,1.2036036036036035
MM-S05,10,45,1,1.2036036036036035
MM-S05,10,46,2,1.2036036036036035
MM-S05,10,47,3,1.2036036036036035
MM-S05,10,48,0,1.2036036036036035
MM-S05,10,49,0,1.2036036036036035
MM-S05,10,50,1,1.2036036036036035
MM-S05,10,51,2,1.2036036036036035
MM-S05,10,52,0,1.2036036036036035
MM-S05,10,53,0,1.2036036036036035
MM-S05,10,54,1,1.2036036036036035
MM-S05,10,55,0,1.2036036036036035
MM-S05,10,56,2,1.2036036036036035
MM-S05,10,57,0,1.2036036036036035
MM-S05,10,58,1,1.2036036036036035
MM-S05,10,59,1,1.2036036036036035
MM-S05,10,60,2,1.2036036036036035
MM-S05,10,61,0,1.2036036036036035
MM-S05,10,62,2,1.2036036036036035
MM-S05,10,63,2,1.2036036036036035
MM-S05,10,64,1,1.2036036036036035
MM-S05,10,65,1,1.2036036036036035
MM-S05,10,66,1,1.2036036036036035
MM-S05,10,67,0,1.2036036036036035
MM-S05,10,68,1,1.2036036036036035
MM-S05,10,69,1,1.2036036036036035
MM-S05,10,70,0,1.2036036036036035
MM-S05,10,71,0,1.2036036036036035
MM-S05,10,72,1,1.2036036036036035
MM-S05,10,73,2,1.2036036036036035
MM-S05,10,74,3,1.2036036036036035
MM-S05,10,75,1,1.2036036036036035
MM-S05,11,12,1,1.2036036036036035
MM-S05,11,13,1,1.2036036036036035
MM-S05,11,14,1,1.2036036036036035
MM-S05,11,15,0,1.2036036036036035
MM-S05,11,16,1,1.2036036036036035
MM-S05,11,17,2,1.2036036036036035
MM-S05,11,18,1,1.2036036036036035
MM-S05,11,19,2,1.2036036036036035
MM-S05,11,20,1,1.2036036036036035
MM-S05,11,21,4,1.2036036036036035
MM-S05,11,22,2,1.2036036036036035
MM-S05,11,23,2,1.2036036036036035
MM-S05,11,24,1,1.2036036036036035
MM-S05,11,25,1,1.2036036036036035
MM-S05,11,26,0,1.2036036036036035
MM-S05,11,27,1,1.2036036036036035
MM-S05,11,28,0,1.2036036036036035
MM-S05,11,29,3,1.2036036036036035
MM-S05,11,30,0,1.2036036036036035
MM-S05,11,31,3,1.2036036036036035
MM-S05,11,32,1,1.2036036036036035
MM-S05,11,33,1,1.2036036036036035
MM-S05,11,34,1,1.2036036036036035
MM-S05,11,35,2,1.2036036036036035
MM-S05,11,36,2,1.2036036036036035
MM-S05,11,37,1,1.2036036036036035
MM-S05,11,38,0,1.2036036036036035
MM-S05,11,39,1,1.2036036036036035
MM-S05,11,40,1,1.2036036036036035
MM-S05,11,41,1,1.2036036036036035
MM-S05,11,42,3,1.2036036036036035
MM-S05,11,43,1,1.2036036036036035
MM-S05,11,44,4,1.2036036036036035
MM-S05,11,45,1,1.2036036036036035
MM-S05,11,46,3,1.2036036036036035
MM-S05,11,47,1,1.2036036036036035
MM-S05,11,48,1,1.2036036036036035
MM-S05,11,49,0,1.2036036036036035
MM-S05,11,50,5,1.2036036036036035
MM-S05,11,51,5,1.2036036036036035
MM-S05,11,52,0,1.2036036036036035
MM-S05,11,53,0,1.2036036036036035
MM-S05,11,54,1,1.2036036036036035
MM-S05,11,55,0,1.2036036036036035
MM-S05,11,56,1,1.2036036036036035
MM-S05,11,57,3,1.2036036036036035
MM-S05,11,58,3,1.2036036036036035
MM-S05,11,59,2,1.2036036036036035
MM-S05,11,60,0,1.2036036036036035
MM-S05,11,61,0,1.2036036036036035
MM-S05,11,62,2,1.2036036036036035
MM-S05,11,63,3,1.2036036036036035
MM-S05,11,64,4,1.2036036036036035
MM-S05,11,65,0,1.2036036036036035
MM-S05,11,66,1,1.2036036036036035
MM-S05,11,67,2,1.2036036036036035
MM-S05,11,68,2,1.2036036036036035
MM-S05,11,69,2,1.2036036036036035
MM-S05,11,70,2,1.2036036036036035
MM-S05,11,71,1,1.2036036036036035
MM-S05,11,72,0,1.2036036036036035
MM-S05,11,73,0,1.2036036036036035
MM-S05,11,74,2,1.2036036036036035
MM-S05,11,75,2,1.2036036036036035
MM-S05,12,13,0,1.2036036036036035
MM-S05,12,14,3,1.2036036036036035
MM-S05,12,15,1,1.2036036036036035
MM-S05,12,16,0,1.2036036036036035
MM-S05,12,17,0,1.2036036036036035
MM-S05,12,18,2,1.2036036036036035
MM-S05,12,19,1,1.2036036036036035
MM-S05,12,20,5,1.2036036036036035
MM-S05,12,21,2,1.2036036036036035
MM-S05,12,22,2,1.2036036036036035
MM-S05,12,23,1,1.2036036036036035
MM-S05,12,24,2,1.2036036036036035
MM-S05,12,25,2,1.2036036036036035
MM-S05,12,26,1,1.2036036036036035
MM-S05,12,27,1,1.2036036036036035
MM-S05,12,28,0,1.2036036036036035
MM-S05,12,29,3,1.2036036036036035
MM-S05,12,30,0,1.2036036036036035
MM-S05,12,31,0,1.2036036036036035
MM-S05,12,32,0,1.2036036036036035
MM-S05,12,33,1,1.2036036036036035
MM-S05,12,34,1,1.2036036036036035
MM-S05,12,35,3,1.2036036036036035
MM-S05,12,36,1,1.2036036036036035
MM-S05,12,37,3,1.2036036036036035
MM-S05,12,38,2,1.2036036036036035
MM-S05,12,39,0,1.2036036036036035
MM-S05,12,40,0,1.2036036036036035
MM-S05,12,41,2,1.2036036036036035
MM-S05,12,42,0,1.2036036036036035
MM-S05,12,43,1,1.2036036036036035
MM-S05,12,44,3,1.2036036036036035
MM-S05,12,45,0,1.2036036036036035
MM-S05,12,46,2,1.2036036036036035
MM-S05,12,47,1,1.2036036036036035
MM-S05,12,48,2,1.2036036036036035
MM-S05,12,49,1,1.2036036036036035
MM-S05,12,50,2,1.2036036036036035
MM-S05,12,51,1,1.2036036036036035
MM-S05,12,52,2,1.2036036036036035
MM-S05,12,53,0,1.2036036036036035
MM-S05,12,54,1,1.2036036036036035
MM-S05,12,55,0,1.2036036036036035
MM-S05,12,56,1,1.2036036036036035
MM-S05,12,57,0,1.2036036036036035
MM-S05,12,58,1,1.2036036036036035
MM-S05,12,59,2,1.2036036036036035
MM-S05,12,60,1,1.2036036036036035
MM-S05,12,61,1,1.2036036036036035
MM-S05,12,62,1,1.2036036036036035
MM-S05,12,63,1,1.2036036036036035
MM-S05,12,64,0,1.2036036036036035
MM-S05,12,65,3,1.2036036036036035
MM-S05,12,66,3,1.2036036036036035
MM-S05,12,67,1,1.2036036036036035
MM-S05,12,68,0,1.2036036036036035
MM-S05,12,69,0,1.2036036036036035
MM-S05,12,70,2,1.2036036036036035
MM-S05,12,71,1,1.2036036036036035
MM-S05,12,72,1,1.2036036036036035
MM-S05,12,73,0,1.2036036036036035
MM-S05,12,74,1,1.2036036036036035
MM-S05,12,75,1,1.2036036036036035
MM-S05,13,14,1,1.2036036036036035
MM-S05,13,15,2,1.2036036036036035
MM-S05,13,16,1,1.2036036036036035
MM-S05,13,17,1,1.2036036036036035
MM-S05,13,18,1,1.2036036036036035
MM-S05,13,19,0,1.2036036036036035
MM-S05,13,20,0,1.2036036036036035
MM-S05,13,21,3,1.2036036036036035
MM-S05,13,22,1,1.2036036036036035
MM-S05,13,23,0,1.2036036036036035
MM-S05,13,24,1,1.2036036036036035
MM-S05,13,25,1,1.2036036036036035
MM-S05,13,26,0,1.2036036036036035
MM-S05,13,27,0,1.2036036036036035
MM-S05,13,28,1,1.2036036036036035
MM-S05,13,29,1,1.2036036036036035
MM-S05,13,30,1,1.2036036036036035
MM-S05,13,31,0,1.2036036036036035
MM-S05,13,32,0,1.2036036036036035
MM-S05,13,33,0,1.2036036036036035
MM-S05,13,34,4,1.2036036036036035
MM-S05,13,35,3,1.2036036036036035
MM-S05,13,36,0,1.2036036036036035
MM-S05,13,37,1,1.2036036036036035
MM-S05,13,38,1,1.2036036036036035
MM-S05,13,39,0,1.2036036036036035
MM-S05,13,40,2,1.2036036036036035
MM-S05,13,41,1,1.2036036036036035
MM-S05,13,42,1,1.2036036036036035
MM-S05,13,43,1,1.2036036036036035
MM-S05,13,44,0,1.2036036036036035
MM-S05,13,45,1,1.2036036036036035
MM-S05,13,46,0,1.2036036036036035
MM-S05,13,47,2,1.2036036036036035
MM-S05,13,48,1,1.2036036036036035
MM-S05,13,49,2,1.2036036036036035
MM-S05,13,50,2,1.2036036036036035
MM-S05,13,51,2,1.2036036036036035
MM-S05,13,52,2,1.2036036036036035
MM-S05,13,53,2,1.2036036036036035
MM-S05,13,54,0,1.2036036036036035
MM-S05,13,55,0,1.2036036036036035
MM-S05,13,56,3,1.2036036036036035
MM-S05,13,57,2,1.2036036036036035
MM-S05,13,58,0,1.2036036036036035
MM-S05,13,59,0,1.2036036036036035
MM-S05,13,60,1,1.2036036036036035
MM-S05,13,61,0,1.2036036036036035
MM-S05,13,62,4,1.2036036036036035
MM-S05,13,63,1,1.2036036036036035
MM-S05,13,64,1,1.2036036036036035
MM-S05,13,65,1,1.2036036036036035
MM-S05,13,66,0,1.2036036036036035
MM-S05,13,67,0,1.2036036036036035
MM-S05,13,68,1,1.2036036036036035
MM-S05,13,69,2,1.2036036036036035
MM-S05,13,70,2,1.2036036036036035
MM-S05,13,71,0,1.2036036036036035
MM-S05,13,72,2,1.2036036036036035
MM-S05,13,73,0,1.2036036036036035
MM-S05,13,74,1,1.2036036036036035
MM-S05,13,75,0,1.2036036036036035
MM-S05,14,15,3,1.2036036036036035
MM-S05,14,16,3,1.2036036036036035
MM-S05,14,17,2,1.2036036036036035
MM-S05,14,18,4,1.2036036036036035
MM-S05,14,19,1,1.2036036036036035
MM-S05,14,20,2,1.2036036036036035
MM-S05,14,21,2,1.2036036036036035
MM-S05,14,22,1,1.2036036036036035
MM-S05,14,23,0,1.2036036036036035
MM-S05,14,24,2,1.2036036036036035
MM-S05,14,25,2,1.2036036036036035
MM-S05,14,26,2,1.2036036036036035
MM-S05,14,27,3,1.2036036036036035
MM-S05,14,28,2,1.2036036036036035
MM-S05,14,29,2,1.2036036036036035
MM-S05,14,30,2,1.2036036036036035
MM-S05,14,31,2,1.2036036036036035
MM-S05,14,32,2,1.2036036036036035
MM-S05,14,33,1,1.2036036036036035
MM-S05,14,34,0,1.2036036036036035
MM-S05,14,35,0,1.2036036036036035
MM-S05,14,36,2,1.2036036036036035
MM-S05,14,37,0,1.2036036036036035
MM-S05,14,38,1,1.2036036036036035
MM-S05,14,39,2,1.2036036036036035
MM-S05,14,40,0,1.2036036036036035
MM-S05,14,41,0,1.2036036036036035
MM-S05,14,42,0,1.2036036036036035
MM-S05,14,43,1,1.2036036036036035
MM-S05,14,44,1,1.2036036036036035
MM-S05,14,45,0,1.2036036036036035
MM-S05,14,46,0,1.2036036036036035
MM-S05,14,47,3,1.2036036036036035
MM-S05,14,48,5,1.2036036036036035
MM-S05,14,49,2,1.2036036036036035
MM-S05,14,50,2,1.2036036036036035
MM-S05,14,51,0,1.2036036036036035
MM-S05,14,52,0,1.2036036036036035
MM-S05,14,53,1,1.2036036036036035
MM-S05,14,54,3,1.2036036036036035
MM-S05,14,55,1,1.2036036036036035
MM-S05,14,56,2,1.2036036036036035
MM-S05,14,57,2,1.2036036036036035
MM-S05,14,58,1,1.2036036036036035
MM-S05,14,59,1,1.2036036036036035
MM-S05,14,60,1,1.2036036036036035
MM-S05,14,61,1,1.2036036036036035
MM-S05,14,62,0,1.2036036036036035
MM-S05,14,63,2,1.2036036036036035
MM-S05,14,64,0,1.2036036036036035
MM-S05,14,65,1,1.2036036036036035
MM-S05,14,66,0,1.2036036036036035
MM-S05,14,67,0,1.2036036036036035
MM-S05,14,68,2,1.2036036036036035
MM-S05,14,69,3,1.2036036036036035
MM-S05,14,70,1,1.2036036036036035
MM-S05,14,71,1,1.2036036036036035
MM-S05,14,72,2,1.2036036036036035
MM-S05,14,73,1,1.2036036036036035
MM-S05,14,74,0,1.2036036036036035
MM-S05,14,75,0,1.2036036036036035
MM-S05,15,16,1,1.2036036036036035
MM-S05,15,17,2,1.2036036036036035
MM-S05,15,18,1,1.2036036036036035
MM-S05,15,19,1,1.2036036036036035
MM-S05,15,20,2,1.2036036036036035
MM-S05,15,21,1,1.2036036036036035
MM-S05,15,22,1,1.2036036036036035
MM-S05,15,23,1,1.2036036036036035
MM-S05,15,24,1,1.2036036036036035
MM-S05,15,25,2,1.2036036036036035
MM-S05,15,26,3,1.2036036036036035
MM-S05,15,27,1,1.2036036036036035
MM-S05,15,28,1,1.2036036036036035
MM-S05,15,29,5,1.2036036036036035
MM-S05,15,30,0,1.2036036036036035
MM-S05,15,31,2,1.2036036036036035
MM-S05,15,32,1,1.2036036036036035
MM-S05,15,33,0,1.2036036036036035
MM-S05,15,34,1,1.2036036036036035
MM-S05,15,35,3,1.2036036036036035
MM-S05,15,36,1,1.2036036036036035
MM-S05,15,37,0,1.2036036036036035
MM-S05,15,38,0,1.2036036036036035
MM-S05,15,39,2,1.2036036036036035
MM-S05,15,40,0,1.2036036036036035
MM-S05,15,41,5,1.2036036036036035
MM-S05,15,42,0,1.2036036036036035
MM-S05,15,43,1,1.2036036036036035
MM-S05,15,44,1,1.2036036036036035
MM-S05,15,45,1,1.2036036036036035
MM-S05,15,46,1,1.2036036036036035
MM-S05,15,47,0,1.2036036036036035
MM-S05,15,48,3,1.2036036036036035
MM-S05,15,49,3,1.2036036036036035
MM-S05,15,50,1,1.2036036036036035
MM-S05,15,51,1,1.2036036036036035
MM-S05,15,52,1,1.2036036036036035
MM-S05,15,53,0,1.2036036036036035
MM-S05,15,54,1,1.2036036036036035
MM-S05,15,55,1,1.2036036036036035
MM-S05,15,56,1,1.2036036036036035
MM-S05,15,57,0,1.2036036036036035
MM-S05,15,58,0,1.2036036036036035
MM-S05,15,59,0,1.2036036036036035
MM-S05,15,60,0,1.2036036036036035
MM-S05,15,61,0,1.2036036036036035
MM-S05,15,62,2,1.2036036036036035
MM-S05,15,63,1,1.2036036036036035
MM-S05,15,64,2,1.2036036036036035
MM-S05,15,65,0,1.2036036036036035
MM-S05,15,66,1,1.2036036036036035
MM-S05,15,67,0,1.2036036036036035
MM-S05,15,68,1,1.2036036036036035
MM-S05,15,69,0,1.2036036036036035
MM-S05,15,70,0,1.2036036036036035
MM-S05,15,71,1,1.2036036036036035
MM-S05,15,72,2,1.2036036036036035
MM-S05,15,73,0,1.2036036036036035
MM-S05,15,74,2,1.2036036036036035
MM-S05,15,75,0,1.2036036036036035
MM-S05,16,17,2,1.2036036036036035
MM-S05,16,18,0,1.2036036036036035
MM-S05,16,19,2,1.2036036036036035
MM-S05,16,20,1,1.2036036036036035
MM-S05,16,21,0,1.2036036036036035
MM-S05,16,22,0,1.2036036036036035
MM-S05,16,23,0,1.2036036036036035
MM-S05,16,24,0,1.2036036036036035
MM-S05,16,25,2,1.2036036036036035
MM-S05,16,26,1,1.2036036036036035
MM-S05,16,27,1,1.2036036036036035
MM-S05,16,28,4,1.2036036036036035
MM-S05,16,29,4,1.2036036036036035
MM-S05,16,30,0,1.2036036036036035
MM-S05,16,31,1,1.2036036036036035
MM-S05,16,32,1,1.2036036036036035
MM-S05,16,33,1,1.2036036036036035
MM-S05,16,34,1,1.2036036036036035
MM-S05,16,35,0,1.2036036036036035
MM-S05,16,36,1,1.2036036036036035
MM-S05,16,37,0,1.2036036036036035
MM-S05,16,38,0,1.2036036036036035
MM-S05,16,39,3,1.2036036036036035
MM-S05,16,40,1,1.2036036036036035
MM-S05,16,41,0,1.2036036036036035
MM-S05,16,42,0,1.2036036036036035
MM-S05,16,43,1,1.2036036036036035
MM-S05,16,44,1,1.2036036036036035
MM-S05,16,45,1,1.2036036036036035
MM-S05,16,46,1,1.2036036036036035
MM-S05,16,47,1,1.2036036036036035
MM-S05,16,48,3,1.2036036036036035
MM-S05,16,49,1,1.2036036036036035
MM-S05,16,50,1,1.2036036036036035
MM-S05,16,51,1,1.2036036036036035
MM-S05,16,52,2,1.2036036036036035
MM-S05,16,53,4,1.2036036036036035
MM-S05,16,54,2,1.2036036036036035
MM-S05,16,55,1,1.2036036036036035
MM-S05,16,56,3,1.2036036036036035
MM-S05,16,57,1,1.2036036036036035
MM-S05,16,58,2,1.2036036036036035
MM-S05,16,59,2,1.2036036036036035
MM-S05,16,60,2,1.2036036036036035
MM-S05,16,61,2,1.2036036036036035
MM-S05,16,62,0,1.2036036036036035
MM-S05,16,63,0,1.2036036036036035
MM-S05,16,64,0,1.2036036036036035
MM-S05,16,65,0,1.2036036036036035
MM-S05,16,66,0,1.2036036036036035
MM-S05,16,67,0,1.2036036036036035
MM-S05,16,68,1,1.2036036036036035
MM-S05,16,69,2,1.2036036036036035
MM-S05,16,70,1,1.2036036036036035
MM-S05,16,71,0,1.2036036036036035
MM-S05,16,72,1,1.2036036036036035
MM-S05,16,73,0,1.2036036036036035
MM-S05,16,74,2,1.2036036036036035
MM-S05,16,75,1,1.2036036036036035
MM-S05,17,18,2,1.2036036036036035
MM-S05,17,19,0,1.2036036036036035
MM-S05,17,20,3,1.2036036036036035
MM-S05,17,21,3,1.2036036036036035
MM-S05,17,22,0,1.2036036036036035
MM-S05,17,23,2,1.2036036036036035
MM-S05,17,24,2,1.2036036036036035
MM-S05,17,25,1,1.2036036036036035
MM-S05,17,26,1,1.2036036036036035
MM-S05,17,27,1,1.2036036036036035
MM-S05,17,28,1,1.2036036036036035
MM-S05,17,29,0,1.2036036036036035
MM-S05,17,30,1,1.2036036036036035
MM-S05,17,31,3,1.2036036036036035
MM-S05,17,32,0,1.2036036036036035
MM-S05,17,33,1,1.2036036036036035
MM-S05,17,34,2,1.2036036036036035
MM-S05,17,35,5,1.2036036036036035
MM-S05,17,36,5,1.2036036036036035
MM-S05,17,37,1,1.2036036036036035
MM-S05,17,38,0,1.2036036036036035
MM-S05,17,39,4,1.2036036036036035
MM-S05,17,40,1,1.2036036036036035
MM-S05,17,41,2,1.2036036036036035
MM-S05,17,42,0,1.2036036036036035
MM-S05,17,43,1,1.2036036036036035
MM-S05,17,44,1,1.2036036036036035
MM-S05,17,45,1,1.2036036036036035
MM-S05,17,46,1,1.2036036036036035
MM-S05,17,47,2,1.2036036036036035
MM-S05,17,48,2,1.2036036036036035
MM-S05,17,49,1,1.2036036036036035
MM-S05,17,50,1,1.2036036036036035
MM-S05,17,51,2,1.2036036036036035
MM-S05,17,52,1,1.2036036036036035
MM-S05,17,53,1,1.2036036036036035
MM-S05,17,54,0,1.2036036036036035
MM-S05,17,55,1,1.2036036036036035
MM-S05,17,56,2,1.2036036036036035
MM-S05,17,57,2,1.2036036036036035
MM-S05,17,58,2,1.2036036036036035
MM-S05,17,59,1,1.2036036036036035
MM-S05,17,60,0,1.2036036036036035
MM-S05,17,61,1,1.2036036036036035
MM-S05,17,62,1,1.2036036036036035
MM-S05,17,63,1,1.2036036036036035
MM-S05,17,64,1,1.2036036036036035
MM-S05,17,65,2,1.2036036036036035
MM-S05,17,66,2,1.2036036036036035
MM-S05,17,67,0,1.2036036036036035
MM-S05,17,68,1,1.2036036036036035
MM-S05,17,69,0,1.2036036036036035
MM-S05,17,70,1,1.2036036036036035
MM-S05,17,71,2,1.2036036036036035
MM-S05,17,72,0,1.2036036036036035
MM-S05,17,73,1,1.2036036036036035
MM-S05,17,74,2,1.2036036036036035
MM-S05,17,75,1,1.2036036036036035
MM-S05,18,19,1,1.2036036036036035
MM-S05,18,20,2,1.2036036036036035
MM-S05,18,21,0,1.2036036036036035
MM-S05,18,22,2,1.2036036036036035
MM-S05,18,23,0,1.2036036036036035
MM-S05,18,24,1,1.2036036036036035
MM-S05,18,25,3,1.2036036036036035
MM-S05,18,26,2,1.2036036036036035
MM-S05,18,27,1,1.2036036036036035
MM-S05,18,28,2,1.2036036036036035
MM-S05,18,29,2,1.2036036036036035
MM-S05,18,30,2,1.2036036036036035
MM-S05,18,31,3,1.2036036036036035
MM-S05,18,32,0,1.2036036036036035
MM-S05,18,33,1,1.2036036036036035
MM-S05,18,34,0,1.2036036036036035
MM-S05,18,35,3,1.2036036036036035
MM-S05,18,36,1,1.2036036036036035
MM-S05,18,37,1,1.2036036036036035
MM-S05,18,38,2,1.2036036036036035
MM-S05,18,39,2,1.2036036036036035
MM-S05,18,40,1,1.2036036036036035
MM-S05,18,41,2,1.2036036036036035
MM-S05,18,42,1,1.2036036036036035
MM-S05,18,43,0,1.2036036036036035
MM-S05,18,44,1,1.2036036036036035
MM-S05,18,45,2,1.2036036036036035
MM-S05,18,46,0,1.2036036036036035
MM-S05,18,47,2,1.2036036036036035
MM-S05,18,48,2,1.2036036036036035
MM-S05,18,49,2,1.2036036036036035
MM-S05,18,50,3,1.2036036036036035
MM-S05,18,51,2,1.2036036036036035
MM-S05,18,52,0,1.2036036036036035
MM-S05,18,53,0,1.2036036036036035
MM-S05,18,54,3,1.2036036036036035
MM-S05,18,55,1,1.2036036036036035
MM-S05,18,56,0,1.2036036036036035
MM-S05,18,57,0,1.2036036036036035
MM-S05,18,58,1,1.2036036036036035
MM-S05,18,59,2,1.2036036036036035
MM-S05,18,60,0,1.2036036036036035
MM-S05,18,61,3,1.2036036036036035
MM-S05,18,62,1,1.2036036036036035
MM-S05,18,63,1,1.2036036036036035
MM-S05,18,64,0,1.2036036036036035
MM-S05,18,65,0,1.2036036036036035
MM-S05,18,66,4,1.2036036036036035
MM-S05,18,67,0,1.2036036036036035
MM-S05,18,68,3,1.2036036036036035
MM-S05,18,69,0,1.2036036036036035
MM-S05,18,70,1,1.2036036036036035
MM-S05,18,71,1,1.2036036036036035
MM-S05,18,72,0,1.2036036036036035
MM-S05,18,73,0,1.2036036036036035
MM-S05,18,74,2,1.2036036036036035
MM-S05,18,75,0,1.2036036036036035
MM-S05,19,20,3,1.2036036036036035
MM-S05,19,21,1,1.2036036036036035
MM-S05,19,22,0,1.2036036036036035
MM-S05,19,23,0,1.2036036036036035
MM-S05,19,24,5,1.2036036036036035
MM-S05,19,25,0,1.2036036036036035
MM-S05,19,26,4,1.2036036036036035
MM-S05,19,27,2,1.2036036036036035
MM-S05,19,28,2,1.2036036036036035
MM-S05,19,29,1,1.2036036036036035
MM-S05,19,30,3,1.2036036036036035
MM-S05,19,31,2,1.2036036036036035
MM-S05,19,32,0,1.2036036036036035
MM-S05,19,33,1,1.2036036036036035
MM-S05,19,34,1,1.2036036036036035
MM-S05,19,35,1,1.2036036036036035
MM-S05,19,36,1,1.2036036036036035
MM-S05,19,37,0,1.2036036036036035
MM-S05,19,38,2,1.2036036036036035
MM-S05,19,39,1,1.2036036036036035
MM-S05,19,40,1,1.2036036036036035
MM-S05,19,41,1,1.2036036036036035
MM-S05,19,42,1,1.2036036036036035
MM-S05,19,43,0,1.2036036036036035
MM-S05,19,44,2,1.2036036036036035
MM-S05,19,45,1,1.2036036036036035
MM-S05,19,46,1,1.2036036036036035
MM-S05,19,47,1,1.2036036036036035
MM-S05,19,48,1,1.2036036036036035
MM-S05,19,49,1,1.2036036036036035
MM-S05,19,50,1,1.2036036036036035
MM-S05,19,51,3,1.2036036036036035
MM-S05,19,52,1,1.2036036036036035
MM-S05,19,53,0,1.2036036036036035
MM-S05,19,54,0,1.2036036036036035
MM-S05,19,55,1,1.2036036036036035
MM-S05,19,56,1,1.2036036036036035
MM-S05,19,57,2,1.2036036036036035
MM-S05,19,58,0,1.2036036036036035
MM-S05,19,59,0,1.2036036036036035
MM-S05,19,60,1,1.2036036036036035
MM-S05,19,61,0,1.2036036036036035
MM-S05,19,62,2,1.2036036036036035
MM-S05,19,63,0,1.2036036036036035
MM-S05,19,64,0,1.2036036036036035
MM-S05,19,65,0,1.2036036036036035
MM-S05,19,66,2,1.2036036036036035
MM-S05,19,67,2,1.2036036036036035
MM-S05,19,68,3,1.2036036036036035
MM-S05,19,69,0,1.2036036036036035
MM-S05,19,70,3,1.2036036036036035
MM-S05,19,71,1,1.2036036036036035
MM-S05,19,72,1,1.2036036036036035
MM-S05,19,73,3,1.2036036036036035
MM-S05,19,74,2,1.2036036036036035
MM-S05,19,75,0,1.2036036036036035
MM-S05,20,21,1,1.2036036036036035
MM-S05,20,22,0,1.2036036036036035
MM-S05,20,23,1,1.2036036036036035
MM-S05,20,24,1,1.2036036036036035
MM-S05,20,25,2,1.2036036036036035
MM-S05,20,26,0,1.2036036036036035
MM-S05,20,27,3,1.2036036036036035
MM-S05,20,28,2,1.2036036036036035
MM-S05,20,29,0,1.2036036036036035
MM-S05,20,30,3,1.2036036036036035
MM-S05,20,31,0,1.2036036036036035
MM-S05,20,32,1,1.2036036036036035
MM-S05,20,33,1,1.2036036036036035
MM-S05,20,34,1,1.2036036036036035
MM-S05,20,35,3,1.2036036036036035
MM-S05,20,36,1,1.2036036036036035
MM-S05,20,37,0,1.2036036036036035
MM-S05,20,38,4,1.2036036036036035
MM-S05,20,39,2,1.2036036036036035
MM-S05,20,40,1,1.2036036036036035
MM-S05,20,41,2,1.2036036036036035
MM-S05,20,42,2,1.2036036036036035
MM-S05,20,43,1,1.2036036036036035
MM-S05,20,44,3,1.2036036036036035
MM-S05,20,45,2,1.2036036036036035
MM-S05,20,46,1,1.2036036036036035
MM-S05,20,47,0,1.2036036036036035
MM-S05,20,48,1,1.2036036036036035
MM-S05,20,49,4,1.2036036036036035
MM-S05,20,50,2,1.2036036036036035
MM-S05,20,51,3,1.2036036036036035
MM-S05,20,52,2,1.2036036036036035
MM-S05,20,53,1,1.2036036036036035
MM-S05,20,54,4,1.2036036036036035
MM-S05,20,55,3,1.2036036036036035
MM-S05,20,56,2,1.2036036036036035
MM-S05,20,57,0,1.2036036036036035
MM-S05,20,58,1,1.2036036036036035
MM-S05,20,59,3,1.2036036036036035
MM-S05,20,60,0,1.2036036036036035
MM-S05,20,61,0,1.2036036036036035
MM-S05,20,62,2,1.2036036036036035
MM-S05,20,63,0,1.2036036036036035
MM-S05,20,64,0,1.2036036036036035
MM-S05,20,65,2,1.2036036036036035
MM-S05,20,66,4,1.2036036036036035
MM-S05,20,67,1,1.2036036036036035
MM-S05,20,68,0,1.2036036036036035
MM-S05,20,69,2,1.2036036036036035
MM-S05,20,70,0,1.2036036036036035
MM-S05,20,71,4,1.2036036036036035
MM-S05,20,72,1,1.2036036036036035
MM-S05,20,73,1,1.2036036036036035
MM-S05,20,74,3,1.2036036036036035
MM-S05,20,75,1,1.2036036036036035
MM-S05,21,22,0,1.2036036036036035
MM-S05,21,23,1,1.2036036036036035
MM-S05,21,24,1,1.2036036036036035
MM-S05,21,25,3,1.2036036036036035
MM-S05,21,26,1,1.2036036036036035
MM-S05,21,27,0,1.2036036036036035
MM-S05,21,28,2,1.2036036036036035
MM-S05,21,29,1,1.2036036036036035
MM-S05,21,30,3,1.2036036036036035
MM-S05,21,31,1,1.2036036036036035
MM-S05,21,32,0,1.2036036036036035
MM-S05,21,33,2,1.2036036036036035
MM-S05,21,34,1,1.2036036036036035
MM-S05,21,35,1,1.2036036036036035
MM-S05,21,36,2,1.2036036036036035
MM-S05,21,37,0,1.2036036036036035
MM-S05,21,38,2,1.2036036036036035
MM-S05,21,39,3,1.2036036036036035
MM-S05,21,40,4,1.2036036036036035
MM-S05,21,41,1,1.2036036036036035
MM-S05,21,42,2,1.2036036036036035
MM-S05,21,43,3,1.2036036036036035
MM-S05,21,44,0,1.2036036036036035
MM-S05,21,45,0,1.2036036036036035
MM-S05,21,46,1,1.2036036036036035
MM-S05,21,47,1,1.2036036036036035
MM-S05,21,48,1,1.2036036036036035
MM-S05,21,49,1,1.2036036036036035
MM-S05,21,50,3,1.2036036036036035
MM-S05,21,51,0,1.2036036036036035
MM-S05,21,52,1,1.2036036036036035
MM-S05,21,53,0,1.2036036036036035
MM-S05,21,54,1,1.2036036036036035
MM-S05,21,55,1,1.2036036036036035
MM-S05,21,56,2,1.2036036036036035
MM-S05,21,57,2,1.2036036036036035
MM-S05,21,58,1,1.2036036036036035
MM-S05,21,59,0,1.2036036036036035
MM-S05,21,60,3,1.2036036036036035
MM-S05,21,61,1,1.2036036036036035
MM-S05,21,62,2,1.2036036036036035
MM-S05,21,63,1,1.2036036036036035
MM-S05,21,64,1,1.2036036036036035
MM-S05,21,65,1,1.2036036036036035
MM-S05,21,66,2,1.2036036036036035
MM-S05,21,67,0,1.2036036036036035
MM-S05,21,68,0,1.2036036036036035
MM-S05,21,69,1,1.2036036036036035
MM-S05,21,70,3,1.2036036036036035
MM-S05,21,71,1,1.2036036036036035
MM-S05,21,72,2,1.2036036036036035
MM-S05,21,73,1,1.2036036036036035
MM-S05,21,74,1,1.2036036036036035
MM-S05,21,75,1,1.2036036036036035
MM-S05,22,23,1,1.2036036036036035
MM-S05,22,24,1,1.2036036036036035
MM-S05,22,25,3,1.2036036036036035
MM-S05,22,26,1,1.2036036036036035
MM-S05,22,27,2,1.2036036036036035
MM-S05,22,28,1,1.2036036036036035
MM-S05,22,29,2,1.2036036036036035
MM-S05,22,30,1,1.2036036036036035
MM-S05,22,31,1,1.2036036036036035
MM-S05,22,32,0,1.2036036036036035
MM-S05,22,33,2,1.2036036036036035
MM-S05,22,34,1,1.2036036036036035
MM-S05,22,35,0,1.2036036036036035
MM-S05,22,36,0,1.2036036036036035
MM-S05,22,37,1,1.2036036036036035
MM-S05,22,38,1,1.2036036036036035
MM-S05,22,39,1,1.2036036036036035
MM-S05,22,40,1,1.2036036036036035
MM-S05,22,41,4,1.2036036036036035
MM-S05,22,42,1,1.2036036036036035
MM-S05,22,43,0,1.2036036036036035
MM-S05,22,44,0,1.2036036036036035
MM-S05,22,45,3,1.2036036036036035
MM-S05,22,46,4,1.2036036036036035
MM-S05,22,47,3,1.2036036036036035
MM-S05,22,48,0,1.2036036036036035
MM-S05,22,49,4,1.2036036036036035
MM-S05,22,50,0,1.2036036036036035
MM-S05,22,51,1,1.2036036036036035
MM-S05,22,52,0,1.2036036036036035
MM-S05,22,53,0,1.2036036036036035
MM-S05,22,54,0,1.2036036036036035
MM-S05,22,55,1,1.2036036036036035
MM-S05,22,56,3,1.2036036036036035
MM-S05,22,57,0,1.2036036036036035
MM-S05,22,58,2,1.2036036036036035
MM-S05,22,59,1,1.2036036036036035
MM-S05,22,60,1,1.2036036036036035
MM-S05,22,61,0,1.2036036036036035
MM-S05,22,62,2,1.2036036036036035
MM-S05,22,63,1,1.2036036036036035
MM-S05,22,64,1,1.2036036036036035
MM-S05,22,65,3,1.2036036036036035
MM-S05,22,66,0,1.2036036036036035
MM-S05,22,67,1,1.2036036036036035
MM-S05,22,68,2,1.2036036036036035
MM-S05,22,69,1,1.2036036036036035
MM-S05,22,70,1,1.2036036036036035
MM-S05,22,71,1,1.2036036036036035
MM-S05,22,72,1,1.2036036036036035
MM-S05,22,73,1,1.2036036036036035
MM-S05,22,74,1,1.2036036036036035
MM-S05,22,75,0,1.2036036036036035
MM-S05,23,24,1,1.2036036036036035
MM-S05,23,25,1,1.2036036036036035
MM-S05,23,26,2,1.2036036036036035
MM-S05,23,27,0,1.2036036036036035
MM-S05,23,28,2,1.2036036036036035
MM-S05,23,29,2,1.2036036036036035
MM-S05,23,30,3,1.2036036036036035
MM-S05,23,31,1,1.2036036036036035
MM-S05,23,32,2,1.2036036036036035
MM-S05,23,33,2,1.2036036036036035
MM-S05,23,34,1,1.2036036036036035
MM-S05,23,35,3,1.2036036036036035
MM-S05,23,36,1,1.2036036036036035
MM-S05,23,37,1,1.2036036036036035
MM-S05,23,38,0,1.2036036036036035
MM-S05,23,39,0,1.2036036036036035
MM-S05,23,40,0,1.2036036036036035
MM-S05,23,41,0,1.2036036036036035
MM-S05,23,42,0,1.2036036036036035
MM-S05,23,43,0,1.2036036036036035
MM-S05,23,44,2,1.2036036036036035
MM-S05,23,45,4,1.2036036036036035
MM-S05,23,46,1,1.2036036036036035
MM-S05,23,47,1,1.2036036036036035
MM-S05,23,48,0,1.2036036036036035
MM-S05,23,49,0,1.2036036036036035
MM-S05,23,50,1,1.2036036036036035
MM-S05,23,51,0,1.2036036036036035
MM-S05,23,52,1,1.2036036036036035
MM-S05,23,53,2,1.2036036036036035
MM-S05,23,54,0,1.2036036036036035
MM-S05,23,55,2,1.2036036036036035
MM-S05,23,56,0,1.2036036036036035
MM-S05,23,57,1,1.2036036036036035
MM-S05,23,58,1,1.2036036036036035
MM-S05,23,59,1,1.2036036036036035
MM-S05,23,60,0,1.2036036036036035
MM-S05,23,61,0,1.2036036036036035
MM-S05,23,62,2,1.2036036036036035
MM-S05,23,63,0,1.2036036036036035
MM-S05,23,64,1,1.2036036036036035
MM-S05,23,65,0,1.2036036036036035
MM-S05,23,66,1,1.2036036036036035
MM-S05,23,67,0,1.2036036036036035
MM-S05,23,68,1,1.2036036036036035
MM-S05,23,69,1,1.2036036036036035
MM-S05,23,70,1,1.2036036036036035
MM-S05,23,71,1,1.2036036036036035
MM-S05,23,72,0,1.2036036036036035
MM-S05,23,73,1,1.2036036036036035
MM-S05,23,74,1,1.2036036036036035
MM-S05,23,75,3,1.2036036036036035
MM-S05,24,25,4,1.2036036036036035
MM-S05,24,26,4,1.2036036036036035
MM-S05,24,27,3,1.2036036036036035
MM-S05,24,28,2,1.2036036036036035
MM-S05,24,29,1,1.2036036036036035
MM-S05,24,30,2,1.2036036036036035
MM-S05,24,31,1,1.2036036036036035
MM-S05,24,32,0,1.2036036036036035
MM-S05,24,33,1,1.2036036036036035
MM-S05,24,34,0,1.2036036036036035
MM-S05,24,35,1,1.2036036036036035
MM-S05,24,36,0,1.2036036036036035
MM-S05,24,37,1,1.2036036036036035
MM-S05,24,38,1,1.2036036036036035
MM-S05,24,39,2,1.2036036036036035
MM-S05,24,40,3,1.2036036036036035
MM-S05,24,41,1,1.2036036036036035
MM-S05,24,42,1,1.2036036036036035
MM-S05,24,43,1,1.2036036036036035
MM-S05,24,44,0,1.2036036036036035
MM-S05,24,45,2,1.2036036036036035
MM-S05,24,46,0,1.2036036036036035
MM-S05,24,47,3,1.2036036036036035
MM-S05,24,48,1,1.2036036036036035
MM-S05,24,49,1,1.2036036036036035
MM-S05,24,50,1,1.2036036036036035
MM-S05,24,51,2,1.2036036036036035
MM-S05,24,52,1,1.2036036036036035
MM-S05,24,53,0,1.2036036036036035
MM-S05,24,54,1,1.2036036036036035
MM-S05,24,55,0,1.2036036036036035
MM-S05,24,56,0,1.2036036036036035
MM-S05,24,57,0,1.2036036036036035
MM-S05,24,58,0,1.2036036036036035
MM-S05,24,59,1,1.2036036036036035
MM-S05,24,60,1,1.2036036036036035
MM-S05,24,61,1,1.2036036036036035
MM-S05,24,62,1,1.2036036036036035
MM-S05,24,63,0,1.2036036036036035
MM-S05,24,64,0,1.2036036036036035
MM-S05,24,65,3,1.2036036036036035
MM-S05,24,66,0,1.2036036036036035
MM-S05,24,67,2,1.2036036036036035
MM-S05,24,68,1,1.2036036036036035
MM-S05,24,69,0,1.2036036036036035
MM-S05,24,70,2,1.2036036036036035
MM-S05,24,71,0,1.2036036036036035
MM-S05,24,72,1,1.2036036036036035
MM-S05,24,73,0,1.2036036036036035
MM-S05,24,74,2,1.2036036036036035
MM-S05,24,75,1,1.2036036036036035
MM-S05,25,26,1,1.2036036036036035
MM-S05,25,27,2,1.2036036036036035
MM-S05,25,28,3,1.2036036036036035
MM-S05,25,29,4,1.2036036036036035
MM-S05,25,30,2,1.2036036036036035
MM-S05,25,31,0,1.2036036036036035
MM-S05,25,32,1,1.2036036036036035
MM-S05,25,33,1,1.2036036036036035
MM-S05,25,34,2,1.2036036036036035
MM-S05,25,35,2,1.2036036036036035
MM-S05,25,36,2,1.2036036036036035
MM-S05,25,37,2,1.2036036036036035
MM-S05,25,38,2,1.2036036036036035
MM-S05,25,39,0,1.2036036036036035
MM-S05,25,40,3,1.2036036036036035
MM-S05,25,41,1,1.2036036036036035
MM-S05,25,42,0,1.2036036036036035
MM-S05,25,43,1,1.2036036036036035
MM-S05,25,44,3,1.2036036036036035
MM-S05,25,45,4,1.2036036036036035
MM-S05,25,46,1,1.2036036036036035
MM-S05,25,47,2,1.2036036036036035
MM-S05,25,48,3,1.2036036036036035
MM-S05,25,49,3,1.2036036036036035
MM-S05,25,50,2,1.2036036036036035
MM-S05,25,51,6,1.2036036036036035
MM-S05,25,52,1,1.2036036036036035
MM-S05,25,53,2,1.2036036036036035
MM-S05,25,54,1,1.2036036036036035
MM-S05,25,55,2,1.2036036036036035
MM-S05,25,56,2,1.2036036036036035
MM-S05,25,57,0,1.2036036036036035
MM-S05,25,58,2,1.2036036036036035
MM-S05,25,59,1,1.2036036036036035
MM-S05,25,60,1,1.2036036036036035
MM-S05,25,61,1,1.2036036036036035
MM-S05,25,62,2,1.2036036036036035
MM-S05,25,63,2,1.2036036036036035
MM-S05,25,64,0,1.2036036036036035
MM-S05,25,65,1,1.2036036036036035
MM-S05,25,66,2,1.2036036036036035
MM-S05,25,67,1,1.2036036036036035
MM-S05,25,68,1,1.2036036036036035
MM-S05,25,69,3,1.2036036036036035
MM-S05,25,70,4,1.2036036036036035
MM-S05,25,71,2,1.2036036036036035
MM-S05,25,72,2,1.2036036036036035
MM-S05,25,73,2,1.2036036036036035
MM-S05,25,74,1,1.2036036036036035
MM-S05,25,75,2,1.2036036036036035
MM-S05,26,27,4,1.2036036036036035
MM-S05,26,28,0,1.2036036036036035
MM-S05,26,29,2,1.2036036036036035
MM-S05,26,30,2,1.2036036036036035
MM-S05,26,31,1,1.2036036036036035
MM-S05,26,32,2,1.2036036036036035
MM-S05,26,33,1,1.2036036036036035
MM-S05,26,34,1,1.2036036036036035
MM-S05,26,35,2,1.2036036036036035
MM-S05,26,36,2,1.2036036036036035
MM-S05,26,37,0,1.2036036036036035
MM-S05,26,38,0,1.2036036036036035
MM-S05,26,39,0,1.2036036036036035
MM-S05,26,40,2,1.2036036036036035
MM-S05,26,41,2,1.2036036036036035
MM-S05,26,42,1,1.2036036036036035
MM-S05,26,43,0,1.2036036036036035
MM-S05,26,44,3,1.2036036036036035
MM-S05,26,45,3,1.2036036036036035
MM-S05,26,46,1,1.2036036036036035
MM-S05,26,47,2,1.2036036036036035
MM-S05,26,48,1,1.2036036036036035
MM-S05,26,49,0,1.2036036036036035
MM-S05,26,50,0,1.2036036036036035
MM-S05,26,51,2,1.2036036036036035
MM-S05,26,52,0,1.2036036036036035
MM-S05,26,53,1,1.2036036036036035
MM-S05,26,54,0,1.2036036036036035
MM-S05,26,55,0,1.2036036036036035
MM-S05,26,56,1,1.2036036036036035
MM-S05,26,57,2,1.2036036036036035
MM-S05,26,58,2,1.2036036036036035
MM-S05,26,59,0,1.2036036036036035
MM-S05,26,60,1,1.2036036036036035
MM-S05,26,61,2,1.2036036036036035
MM-S05,26,62,3,1.2036036036036035
MM-S05,26,63,0,1.2036036036036035
MM-S05,26,64,1,1.2036036036036035
MM-S05,26,65,0,1.2036036036036035
MM-S05,26,66,1,1.2036036036036035
MM-S05,26,67,1,1.2036036036036035
MM-S05,26,68,2,1.2036036036036035
MM-S05,26,69,1,1.2036036036036035
MM-S05,26,70,1,1.2036036036036035
MM-S05,26,71,0,1.2036036036036035
MM-S05,26,72,1,1.2036036036036035
MM-S05,26,73,5,1.2036036036036035
MM-S05,26,74,2,1.2036036036036035
MM-S05,26,75,0,1.2036036036036035
MM-S05,27,28,0,1.2036036036036035
MM-S05,27,29,3,1.2036036036036035
MM-S05,27,30,0,1.2036036036036035
MM-S05,27,31,1,1.2036036036036035
MM-S05,27,32,1,1.2036036036036035
MM-S05,27,33,0,1.2036036036036035
MM-S05,27,34,1,1.2036036036036035
MM-S05,27,35,0,1.2036036036036035
MM-S05,27,36,1,1.2036036036036035
MM-S05,27,37,1,1.2036036036036035
MM-S05,27,38,2,1.2036036036036035
MM-S05,27,39,1,1.2036036036036035
MM-S05,27,40,0,1.2036036036036035
MM-S05,27,41,2,1.2036036036036035
MM-S05,27,42,0,1.2036036036036035
MM-S05,27,43,0,1.2036036036036035
MM-S05,27,44,3,1.2036036036036035
MM-S05,27,45,3,1.2036036036036035
MM-S05,27,46,0,1.2036036036036035
MM-S05,27,47,1,1.2036036036036035
MM-S05,27,48,4,1.2036036036036035
MM-S05,27,49,4,1.2036036036036035
MM-S05,27,50,2,1.2036036036036035
MM-S05,27,51,3,1.2036036036036035
MM-S05,27,52,1,1.2036036036036035
MM-S05,27,53,0,1.2036036036036035
MM-S05,27,54,2,1.2036036036036035
MM-S05,27,55,1,1.2036036036036035
MM-S05,27,56,0,1.2036036036036035
MM-S05,27,57,1,1.2036036036036035
MM-S05,27,58,2,1.2036036036036035
MM-S05,27,59,1,1.2036036036036035
MM-S05,27,60,1,1.2036036036036035
MM-S05,27,61,0,1.2036036036036035
MM-S05,27,62,0,1.2036036036036035
MM-S05,27,63,1,1.2036036036036035
MM-S05,27,64,1,1.2036036036036035
MM-S05,27,65,0,1.2036036036036035
MM-S05,27,66,2,1.2036036036036035
MM-S05,27,67,1,1.2036036036036035
MM-S05,27,68,1,1.2036036036036035
MM-S05,27,69,2,1.2036036036036035
MM-S05,27,70,1,1.2036036036036035
MM-S05,27,71,0,1.2036036036036035
MM-S05,27,72,0,1.2036036036036035
MM-S05,27,73,0,1.2036036036036035
MM-S05,27,74,3,1.2036036036036035
MM-S05,27,75,4,1.2036036036036035
MM-S05,28,29,2,1.2036036036036035
MM-S05,28,30,3,1.2036036036036035
MM-S05,28,31,0,1.2036036036036035
MM-S05,28,32,2,1.2036036036036035
MM-S05,28,33,4,1.2036036036036035
MM-S05,28,34,1,1.2036036036036035
MM-S05,28,35,1,1.2036036036036035
MM-S05,28,36,4,1.2036036036036035
MM-S05,28,37,1,1.2036036036036035
MM-S05,28,38,2,1.2036036036036035
MM-S05,28,39,2,1.2036036036036035
MM-S05,28,40,3,1.2036036036036035
MM-S05,28,41,3,1.2036036036036035
MM-S05,28,42,1,1.2036036036036035
MM-S05,28,43,0,1.2036036036036035
MM-S05,28,44,0,1.2036036036036035
MM-S05,28,45,3,1.2036036036036035
MM-S05,28,46,2,1.2036036036036035
MM-S05,28,47,0,1.2036036036036035
MM-S05,28,48,1,1.2036036036036035
MM-S05,28,49,2,1.2036036036036035
MM-S05,28,50,0,1.2036036036036035
MM-S05,28,51,4,1.2036036036036035
MM-S05,28,52,1,1.2036036036036035
MM-S05,28,53,2,1.2036036036036035
MM-S05,28,54,1,1.2036036036036035
MM-S05,28,55,1,1.2036036036036035
MM-S05,28,56,0,1.2036036036036035
MM-S05,28,57,2,1.2036036036036035
MM-S05,28,58,0,1.2036036036036035
MM-S05,28,59,1,1.2036036036036035
MM-S05,28,60,2,1.2036036036036035
MM-S05,28,61,0,1.2036036036036035
MM-S05,28,62,2,1.2036036036036035
MM-S05,28,63,0,1.2036036036036035
MM-S05,28,64,0,1.2036036036036035
MM-S05,28,65,2,1.2036036036036035
MM-S05,28,66,1,1.2036036036036035
MM-S05,28,67,0,1.2036036036036035
MM-S05,28,68,1,1.2036036036036035
MM-S05,28,69,1,1.2036036036036035
MM-S05,28,70,0,1.2036036036036035
MM-S05,28,71,2,1.2036036036036035
MM-S05,28,72,1,1.2036036036036035
MM-S05,28,73,0,1.2036036036036035
MM-S05,28,74,3,1.2036036036036035
MM-S05,28,75,1,1.2036036036036035
MM-S05,29,30,1,1.2036036036036035
MM-S05,29,31,6,1.2036036036036035
MM-S05,29,32,2,1.2036036036036035
MM-S05,29,33,3,1.2036036036036035
MM-S05,29,34,3,1.2036036036036035
MM-S05,29,35,1,1.2036036036036035
MM-S05,29,36,3,1.2036036036036035
MM-S05,29,37,4,1.2036036036036035
MM-S05,29,38,0,1.2036036036036035
MM-S05,29,39,0,1.2036036036036035
MM-S05,29,40,0,1.2036036036036035
MM-S05,29,41,3,1.2036036036036035
MM-S05,29,42,0,1.2036036036036035
MM-S05,29,43,0,1.2036036036036035
MM-S05,29,44,4,1.2036036036036035
MM-S05,29,45,3,1.2036036036036035
MM-S05,29,46,5,1.2036036036036035
MM-S05,29,47,4,1.2036036036036035
MM-S05,29,48,2,1.2036036036036035
MM-S05,29,49,2,1.2036036036036035
MM-S05,29,50,1,1.2036036036036035
MM-S05,29,51,2,1.2036036036036035
MM-S05,29,52,0,1.2036036036036035
MM-S05,29,53,2,1.2036036036036035
MM-S05,29,54,2,1.2036036036036035
MM-S05,29,55,2,1.2036036036036035
MM-S05,29,56,2,1.2036036036036035
MM-S05,29,57,1,1.2036036036036035
MM-S05,29,58,1,1.2036036036036035
MM-S05,29,59,0,1.2036036036036035
MM-S05,29,60,1,1.2036036036036035
MM-S05,29,61,0,1.2036036036036035
MM-S05,29,62,0,1.2036036036036035
MM-S05,29,63,2,1.2036036036036035
MM-S05,29,64,4,1.2036036036036035
MM-S05,29,65,1,1.2036036036036035
MM-S05,29,66,1,1.2036036036036035
MM-S05,29,67,3,1.2036036036036035
MM-S05,29,68,3,1.2036036036036035
MM-S05,29,69,1,1.2036036036036035
MM-S05,29,70,2,1.2036036036036035
MM-S05,29,71,0,1.2036036036036035
MM-S05,29,72,2,1.2036036036036035
MM-S05,29,73,1,1.2036036036036035
MM-S05,29,74,2,1.2036036036036035
MM-S05,29,75,0,1.2036036036036035
MM-S05,30,31,1,1.2036036036036035
MM-S05,30,32,1,1.2036036036036035
MM-S05,30,33,1,1.2036036036036035
MM-S05,30,34,0,1.2036036036036035
MM-S05,30,35,3,1.2036036036036035
MM-S05,30,36,1,1.2036036036036035
MM-S05,30,37,0,1.2036036036036035
MM-S05,30,38,3,1.2036036036036035
MM-S05,30,39,2,1.2036036036036035
MM-S05,30,40,0,1.2036036036036035
MM-S05,30,41,1,1.2036036036036035
MM-S05,30,42,2,1.2036036036036035
MM-S05,30,43,0,1.2036036036036035
MM-S05,30,44,3,1.2036036036036035
MM-S05,30,45,2,1.2036036036036035
MM-S05,30,46,0,1.2036036036036035
MM-S05,30,47,1,1.2036036036036035
MM-S05,30,48,1,1.2036036036036035
MM-S05,30,49,0,1.2036036036036035
MM-S05,30,50,1,1.2036036036036035
MM-S05,30,51,1,1.2036036036036035
MM-S05,30,52,0,1.2036036036036035
MM-S05,30,53,1,1.2036036036036035
MM-S05,30,54,1,1.2036036036036035
MM-S05,30,55,1,1.2036036036036035
MM-S05,30,56,0,1.2036036036036035
MM-S05,30,57,1,1.2036036036036035
MM-S05,30,58,0,1.2036036036036035
MM-S05,30,59,1,1.2036036036036035
MM-S05,30,60,1,1.2036036036036035
MM-S05,30,61,1,1.2036036036036035
MM-S05,30,62,2,1.2036036036036035
MM-S05,30,63,0,1.2036036036036035
MM-S05,30,64,0,1.2036036036036035
MM-S05,30,65,1,1.2036036036036035
MM-S05,30,66,1,1.2036036036036035
MM-S05,30,67,0,1.2036036036036035
MM-S05,30,68,2,1.2036036036036035
MM-S05,30,69,2,1.2036036036036035
MM-S05,30,70,1,1.2036036036036035
MM-S05,30,71,1,1.2036036036036035
MM-S05,30,72,1,1.2036036036036035
MM-S05,30,73,2,1.2036036036036035
MM-S05,30,74,1,1.2036036036036035
MM-S05,30,75,1,1.2036036036036035
MM-S05,31,32,1,1.2036036036036035
MM-S05,31,33,2,1.2036036036036035
MM-S05,31,34,2,1.2036036036036035
MM-S05,31,35,6,1.2036036036036035
MM-S05,31,36,1,1.2036036036036035
MM-S05,31,37,1,1.2036036036036035
MM-S05,31,38,1,1.2036036036036035
MM-S05,31,39,3,1.2036036036036035
MM-S05,31,40,0,1.2036036036036035
MM-S05,31,41,6,1.2036036036036035
MM-S05,31,42,0,1.2036036036036035
MM-S05,31,43,1,1.2036036036036035
MM-S05,31,44,1,1.2036036036036035
MM-S05,31,45,3,1.2036036036036035
MM-S05,31,46,3,1.2036036036036035
MM-S05,31,47,3,1.2036036036036035
MM-S05,31,48,2,1.2036036036036035
MM-S05,31,49,3,1.2036036036036035
MM-S05,31,50,3,1.2036036036036035
MM-S05,31,51,2,1.2036036036036035
MM-S05,31,52,1,1.2036036036036035
MM-S05,31,53,0,1.2036036036036035
MM-S05,31,54,1,1.2036036036036035
MM-S05,31,55,2,1.2036036036036035
MM-S05,31,56,3,1.2036036036036035
MM-S05,31,57,1,1.2036036036036035
MM-S05,31,58,3,1.2036036036036035
MM-S05,31,59,3,1.2036036036036035
MM-S05,31,60,2,1.2036036036036035
MM-S05,31,61,0,1.2036036036036035
MM-S05,31,62,0,1.2036036036036035
MM-S05,31,63,1,1.2036036036036035
MM-S05,31,64,3,1.2036036036036035
MM-S05,31,65,3,1.2036036036036035
MM-S05,31,66,2,1.2036036036036035
MM-S05,31,67,1,1.2036036036036035
MM-S05,31,68,0,1.2036036036036035
MM-S05,31,69,1,1.2036036036036035
MM-S05,31,70,1,1.2036036036036035
MM-S05,31,71,1,1.2036036036036035
MM-S05,31,72,1,1.2036036036036035
MM-S05,31,73,0,1.2036036036036035
MM-S05,31,74,1,1.2036036036036035
MM-S05,31,75,0,1.2036036036036035
MM-S05,32,33,1,1.2036036036036035
MM-S05,32,34,0,1.2036036036036035
MM-S05,32,35,2,1.2036036036036035
MM-S05,32,36,1,1.2036036036036035
MM-S05,32,37,1,1.2036036036036035
MM-S05,32,38,0,1.2036036036036035
MM-S05,32,39,1,1.2036036036036035
MM-S05,32,40,1,1.2036036036036035
MM-S05,32,41,1,1.2036036036036035
MM-S05,32,42,1,1.2036036036036035
MM-S05,32,43,0,1.2036036036036035
MM-S05,32,44,2,1.2036036036036035
MM-S05,32,45,4,1.2036036036036035
MM-S05,32,46,4,1.2036036036036035
MM-S05,32,47,0,1.2036036036036035
MM-S05,32,48,0,1.2036036036036035
MM-S05,32,49,2,1.2036036036036035
MM-S05,32,50,1,1.2036036036036035
MM-S05,32,51,1,1.2036036036036035
MM-S05,32,52,0,1.2036036036036035
MM-S05,32,53,2,1.2036036036036035
MM-S05,32,54,1,1.2036036036036035
MM-S05,32,55,2,1.2036036036036035
MM-S05,32,56,0,1.2036036036036035
MM-S05,32,57,1,1.2036036036036035
MM-S05,32,58,2,1.2036036036036035
MM-S05,32,59,1,1.2036036036036035
MM-S05,32,60,1,1.2036036036036035
MM-S05,32,61,0,1.2036036036036035
MM-S05,32,62,1,1.2036036036036035
MM-S05,32,63,1,1.2036036036036035
MM-S05,32,64,0,1.2036036036036035
MM-S05,32,65,1,1.2036036036036035
MM-S05,32,66,1,1.2036036036036035
MM-S05,32,67,1,1.2036036036036035
MM-S05,32,68,3,1.2036036036036035
MM-S05,32,69,0,1.2036036036036035
MM-S05,32,70,1,1.2036036036036035
MM-S05,32,71,3,1.2036036036036035
MM-S05,32,72,1,1.2036036036036035
MM-S05,32,73,0,1.2036036036036035
MM-S05,32,74,0,1.2036036036036035
MM-S05,32,75,0,1.2036036036036035
MM-S05,33,34,1,1.2036036036036035
MM-S05,33,35,2,1.2036036036036035
MM-S05,33,36,3,1.2036036036036035
MM-S05,33,37,0,1.2036036036036035
MM-S05,33,38,1,1.2036036036036035
MM-S05,33,39,3,1.2036036036036035
MM-S05,33,40,2,1.2036036036036035
MM-S05,33,41,3,1.2036036036036035
MM-S05,33,42,1,1.2036036036036035
MM-S05,33,43,1,1.2036036036036035
MM-S05,33,44,1,1.2036036036036035
MM-S05,33,45,2,1.2036036036036035
MM-S05,33,46,3,1.2036036036036035
MM-S05,33,47,1,1.2036036036036035
MM-S05,33,48,1,1.2036036036036035
MM-S05,33,49,3,1.2036036036036035
MM-S05,33,50,3,1.2036036036036035
MM-S05,33,51,3,1.2036036036036035
MM-S05,33,52,1,1.2036036036036035
MM-S05,33,53,2,1.2036036036036035
MM-S05,33,54,1,1.2036036036036035
MM-S05,33,55,1,1.2036036036036035
MM-S05,33,56,0,1.2036036036036035
MM-S05,33,57,0,1.2036036036036035
MM-S05,33,58,1,1.2036036036036035
MM-S05,33,59,1,1.2036036036036035
MM-S05,33,60,0,1.2036036036036035
MM-S05,33,61,0,1.2036036036036035
MM-S05,33,62,0,1.2036036036036035
MM-S05,33,63,0,1.2036036036036035
MM-S05,33,64,2,1.2036036036036035
MM-S05,33,65,0,1.2036036036036035
MM-S05,33,66,0,1.2036036036036035
MM-S05,33,67,0,1.2036036036036035
MM-S05,33,68,2,1.2036036036036035
MM-S05,33,69,3,1.2036036036036035
MM-S05,33,70,0,1.2036036036036035
MM-S05,33,71,1,1.2036036036036035
MM-S05,33,72,1,1.2036036036036035
MM-S05,33,73,1,1.2036036036036035
MM-S05,33,74,0,1.2036036036036035
MM-S05,33,75,0,1.2036036036036035
MM-S05,34,35,1,1.2036036036036035
MM-S05,34,36,0,1.2036036036036035
MM-S05,34,37,2,1.2036036036036035
MM-S05,34,38,1,1.2036036036036035
MM-S05,34,39,0,1.2036036036036035
MM-S05,34,40,1,1.2036036036036035
MM-S05,34,41,3,1.2036036036036035
MM-S05,34,42,0,1.2036036036036035
MM-S05,34,43,2,1.2036036036036035
MM-S05,34,44,1,1.2036036036036035
MM-S05,34,45,0,1.2036036036036035
MM-S05,34,46,0,1.2036036036036035
MM-S05,34,47,0,1.2036036036036035
MM-S05,34,48,1,1.2036036036036035
MM-S05,34,49,1,1.2036036036036035
MM-S05,34,50,1,1.2036036036036035
MM-S05,34,51,1,1.2036036036036035
MM-S05,34,52,1,1.2036036036036035
MM-S05,34,53,2,1.2036036036036035
MM-S05,34,54,1,1.2036036036036035
MM-S05,34,55,2,1.2036036036036035
MM-S05,34,56,1,1.2036036036036035
MM-S05,34,57,0,1.2036036036036035
MM-S05,34,58,3,1.2036036036036035
MM-S05,34,59,0,1.2036036036036035
MM-S05,34,60,0,1.2036036036036035
MM-S05,34,61,1,1.2036036036036035
MM-S05,34,62,2,1.2036036036036035
MM-S05,34,63,2,1.2036036036036035
MM-S05,34,64,1,1.2036036036036035
MM-S05,34,65,2,1.2036036036036035
MM-S05,34,66,2,1.2036036036036035
MM-S05,34,67,2,1.2036036036036035
MM-S05,34,68,1,1.2036036036036035
MM-S05,34,69,0,1.2036036036036035
MM-S05,34,70,2,1.2036036036036035
MM-S05,34,71,1,1.2036036036036035
MM-S05,34,72,2,1.2036036036036035
MM-S05,34,73,2,1.2036036036036035
MM-S05,34,74,1,1.2036036036036035
MM-S05,34,75,0,1.2036036036036035
MM-S05,35,36,3,1.2036036036036035
MM-S05,35,37,2,1.2036036036036035
MM-S05,35,38,1,1.2036036036036035
MM-S05,35,39,0,1.2036036036036035
MM-S05,35,40,3,1.2036036036036035
MM-S05,35,41,4,1.2036036036036035
MM-S05,35,42,0,1.2036036036036035
MM-S05,35,43,0,1.2036036036036035
MM-S05,35,44,1,1.2036036036036035
MM-S05,35,45,1,1.2036036036036035
MM-S05,35,46,2,1.2036036036036035
MM-S05,35,47,0,1.2036036036036035
MM-S05,35,48,1,1.2036036036036035
MM-S05,35,49,4,1.2036036036036035
MM-S05,35,50,2,1.2036036036036035
MM-S05,35,51,2,1.2036036036036035
MM-S05,35,52,2,1.2036036036036035
MM-S05,35,53,1,1.2036036036036035
MM-S05,35,54,1,1.2036036036036035
MM-S05,35,55,1,1.2036036036036035
MM-S05,35,56,2,1.2036036036036035
MM-S05,35,57,0,1.2036036036036035
MM-S05,35,58,0,1.2036036036036035
MM-S05,35,59,3,1.2036036036036035
MM-S05,35,60,2,1.2036036036036035
MM-S05,35,61,1,1.2036036036036035
MM-S05,35,62,3,1.2036036036036035
MM-S05,35,63,2,1.2036036036036035
MM-S05,35,64,1,1.2036036036036035
MM-S05,35,65,2,1.2036036036036035
MM-S05,35,66,3,1.2036036036036035
MM-S05,35,67,1,1.2036036036036035
MM-S05,35,68,3,1.2036036036036035
MM-S05,35,69,2,1.2036036036036035
MM-S05,35,70,0,1.2036036036036035
MM-S05,35,71,2,1.2036036036036035
MM-S05,35,72,3,1.2036036036036035
MM-S05,35,73,0,1.2036036036036035
MM-S05,35,74,1,1.2036036036036035
MM-S05,35,75,1,1.2036036036036035
MM-S05,36,37,2,1.2036036036036035
MM-S05,36,38,1,1.2036036036036035
MM-S05,36,39,1,1.2036036036036035
MM-S05,36,40,1,1.2036036036036035
MM-S05,36,41,2,1.2036036036036035
MM-S05,36,42,2,1.2036036036036035
MM-S05,36,43,1,1.2036036036036035
MM-S05,36,44,2,1.2036036036036035
MM-S05,36,45,3,1.2036036036036035
MM-S05,36,46,1,1.2036036036036035
MM-S05,36,47,2,1.2036036036036035
MM-S05,36,48,2,1.2036036036036035
MM-S05,36,49,0,1.2036036036036035
MM-S05,36,50,0,1.2036036036036035
MM-S05,36,51,0,1.2036036036036035
MM-S05,36,52,2,1.2036036036036035
MM-S05,36,53,1,1.2036036036036035
MM-S05,36,54,2,1.2036036036036035
MM-S05,36,55,0,1.2036036036036035
MM-S05,36,56,0,1.2036036036036035
MM-S05,36,57,2,1.2036036036036035
MM-S05,36,58,2,1.2036036036036035
MM-S05,36,59,0,1.2036036036036035
MM-S05,36,60,1,1.2036036036036035
MM-S05,36,61,0,1.2036036036036035
MM-S05,36,62,1,1.2036036036036035
MM-S05,36,63,1,1.2036036036036035
MM-S05,36,64,0,1.2036036036036035
MM-S05,36,65,0,1.2036036036036035
MM-S05,36,66,0,1.2036036036036035
MM-S05,36,67,1,1.2036036036036035
MM-S05,36,68,1,1.2036036036036035
MM-S05,36,69,0,1.2036036036036035
MM-S05,36,70,2,1.2036036036036035
MM-S05,36,71,1,1.2036036036036035
MM-S05,36,72,0,1.2036036036036035
MM-S05,36,73,0,1.2036036036036035
MM-S05,36,74,2,1.2036036036036035
MM-S05,36,75,0,1.2036036036036035
MM-S05,37,38,2,1.2036036036036035
MM-S05,37,39,2,1.2036036036036035
MM-S05,37,40,0,1.2036036036036035
MM-S05,37,41,1,1.2036036036036035
MM-S05,37,42,1,1.2036036036036035
MM-S05,37,43,0,1.2036036036036035
MM-S05,37,44,0,1.2036036036036035
MM-S05,37,45,2,1.2036036036036035
MM-S05,37,46,2,1.2036036036036035
MM-S05,37,47,0,1.2036036036036035
MM-S05,37,48,1,1.2036036036036035
MM-S05,37,49,3,1.2036036036036035
MM-S05,37,50,2,1.2036036036036035
MM-S05,37,51,0,1.2036036036036035
MM-S05,37,52,1,1.2036036036036035
MM-S05,37,53,1,1.2036036036036035
MM-S05,37,54,1,1.2036036036036035
MM-S05,37,55,1,1.2036036036036035
MM-S05,37,56,1,1.2036036036036035
MM-S05,37,57,2,1.2036036036036035
MM-S05,37,58,1,1.2036036036036035
MM-S05,37,59,0,1.2036036036036035
MM-S05,37,60,0,1.2036036036036035
MM-S05,37,61,0,1.2036036036036035
MM-S05,37,62,1,1.2036036036036035
MM-S05,37,63,1,1.2036036036036035
MM-S05,37,64,1,1.2036036036036035
MM-S05,37,65,2,1.2036036036036035
MM-S05,37,66,2,1.2036036036036035
MM-S05,37,67,1,1.2036036036036035
MM-S05,37,68,2,1.2036036036036035
MM-S05,37,69,2,1.2036036036036035
MM-S05,37,70,3,1.2036036036036035
MM-S05,37,71,0,1.2036036036036035
MM-S05,37,72,2,1.2036036036036035
MM-S05,37,73,3,1.2036036036036035
MM-S05,37,74,2,1.2036036036036035
MM-S05,37,75,2,1.2036036036036035
MM-S05,38,39,2,1.2036036036036035
MM-S05,38,40,1,1.2036036036036035
MM-S05,38,41,0,1.2036036036036035
MM-S05,38,42,0,1.2036036036036035
MM-S05,38,43,0,1.2036036036036035
MM-S05,38,44,0,1.2036036036036035
MM-S05,38,45,2,1.2036036036036035
MM-S05,38,46,3,1.2036036036036035
MM-S05,38,47,1,1.2036036036036035
MM-S05,38,48,1,1.2036036036036035
MM-S05,38,49,4,1.2036036036036035
MM-S05,38,50,0,1.2036036036036035
MM-S05,38,51,2,1.2036036036036035
MM-S05,38,52,4,1.2036036036036035
MM-S05,38,53,1,1.2036036036036035
MM-S05,38,54,1,1.2036036036036035
MM-S05,38,55,0,1.2036036036036035
MM-S05,38,56,2,1.2036036036036035
MM-S05,38,57,1,1.2036036036036035
MM-S05,38,58,0,1.2036036036036035
MM-S05,38,59,0,1.2036036036036035
MM-S05,38,60,0,1.2036036036036035
MM-S05,38,61,1,1.2036036036036035
MM-S05,38,62,1,1.2036036036036035
MM-S05,38,63,2,1.2036036036036035
MM-S05,38,64,1,1.2036036036036035
MM-S05,38,65,1,1.2036036036036035
MM-S05,38,66,4,1.2036036036036035
MM-S05,38,67,0,1.2036036036036035
MM-S05,38,68,1,1.2036036036036035
MM-S05,38,69,0,1.2036036036036035
MM-S05,38,70,4,1.2036036036036035
MM-S05,38,71,1,1.2036036036036035
MM-S05,38,72,0,1.2036036036036035
MM-S05,38,73,0,1.2036036036036035
MM-S05,38,74,0,1.2036036036036035
MM-S05,38,75,1,1.2036036036036035
MM-S05,39,40,0,1.2036036036036035
MM-S05,39,41,1,1.2036036036036035
MM-S05,39,42,1,1.2036036036036035
MM-S05,39,43,1,1.2036036036036035
MM-S05,39,44,0,1.2036036036036035
MM-S05,39,45,3,1.2036036036036035
MM-S05,39,46,1,1.2036036036036035
MM-S05,39,47,2,1.2036036036036035
MM-S05,39,48,1,1.2036036036036035
MM-S05,39,49,0,1.2036036036036035
MM-S05,39,50,1,1.2036036036036035
MM-S05,39,51,2,1.2036036036036035
MM-S05,39,52,2,1.2036036036036035
MM-S05,39,53,3,1.2036036036036035
MM-S05,39,54,0,1.2036036036036035
MM-S05,39,55,1,1.2036036036036035
MM-S05,39,56,3,1.2036036036036035
MM-S05,39,57,3,1.2036036036036035
MM-S05,39,58,1,1.2036036036036035
MM-S05,39,59,2,1.2036036036036035
MM-S05,39,60,1,1.2036036036036035
MM-S05,39,61,0,1.2036036036036035
MM-S05,39,62,0,1.2036036036036035
MM-S05,39,63,0,1.2036036036036035
MM-S05,39,64,0,1.2036036036036035
MM-S05,39,65,0,1.2036036036036035
MM-S05,39,66,0,1.2036036036036035
MM-S05,39,67,1,1.2036036036036035
MM-S05,39,68,1,1.2036036036036035
MM-S05,39,69,4,1.2036036036036035
MM-S05,39,70,1,1.2036036036036035
MM-S05,39,71,1,1.2036036036036035
MM-S05,39,72,1,1.2036036036036035
MM-S05,39,73,0,1.2036036036036035
MM-S05,39,74,0,1.2036036036036035
MM-S05,39,75,2,1.2036036036036035
MM-S05,40,41,0,1.2036036036036035
MM-S05,40,42,1,1.2036036036036035
MM-S05,40,43,1,1.2036036036036035
MM-S05,40,44,0,1.2036036036036035
MM-S05,40,45,0,1.2036036036036035
MM-S05,40,46,3,1.2036036036036035
MM-S05,40,47,1,1.2036036036036035
MM-S05,40,48,0,1.2036036036036035
MM-S05,40,49,1,1.2036036036036035
MM-S05,40,50,1,1.2036036036036035
MM-S05,40,51,0,1.2036036036036035
MM-S05,40,52,0,1.2036036036036035
MM-S05,40,53,1,1.2036036036036035
MM-S05,40,54,2,1.2036036036036035
MM-S05,40,55,0,1.2036036036036035
MM-S05,40,56,2,1.2036036036036035
MM-S05,40,57,1,1.2036036036036035
MM-S05,40,58,0,1.2036036036036035
MM-S05,40,59,1,1.2036036036036035
MM-S05,40,60,1,1.2036036036036035
MM-S05,40,61,0,1.2036036036036035
MM-S05,40,62,1,1.2036036036036035
MM-S05,40,63,1,1.2036036036036035
MM-S05,40,64,1,1.2036036036036035
MM-S05,40,65,1,1.2036036036036035
MM-S05,40,66,0,1.2036036036036035
MM-S05,40,67,0,1.2036036036036035
MM-S05,40,68,2,1.2036036036036035
MM-S05,40,69,2,1.2036036036036035
MM-S05,40,70,2,1.2036036036036035
MM-S05,40,71,0,1.2036036036036035
MM-S05,40,72,0,1.2036036036036035
MM-S05,40,73,0,1.2036036036036035
MM-S05,40,74,0,1.2036036036036035
MM-S05,40,75,0,1.2036036036036035
MM-S05,41,42,2,1.2036036036036035
MM-S05,41,43,1,1.2036036036036035
MM-S05,41,44,3,1.2036036036036035
MM-S05,41,45,1,1.2036036036036035
MM-S05,41,46,2,1.2036036036036035
MM-S05,41,47,1,1.2036036036036035
MM-S05,41,48,0,1.2036036036036035
MM-S05,41,49,3,1.2036036036036035
MM-S05,41,50,3,1.2036036036036035
MM-S05,41,51,3,1.2036036036036035
MM-S05,41,52,0,1.2036036036036035
MM-S05,41,53,2,1.2036036036036035
MM-S05,41,54,2,1.2036036036036035
MM-S05,41,55,0,1.2036036036036035
MM-S05,41,56,2,1.2036036036036035
MM-S05,41,57,2,1.2036036036036035
MM-S05,41,58,1,1.2036036036036035
MM-S05,41,59,1,1.2036036036036035
MM-S05,41,60,2,1.2036036036036035
MM-S05,41,61,1,1.2036036036036035
MM-S05,41,62,0,1.2036036036036035
MM-S05,41,63,0,1.2036036036036035
MM-S05,41,64,0,1.2036036036036035
MM-S05,41,65,3,1.2036036036036035
MM-S05,41,66,2,1.2036036036036035
MM-S05,41,67,0,1.2036036036036035
MM-S05,41,68,3,1.2036036036036035
MM-S05,41,69,3,1.2036036036036035
MM-S05,41,70,2,1.2036036036036035
MM-S05,41,71,2,1.2036036036036035
MM-S05,41,72,2,1.2036036036036035
MM-S05,41,73,2,1.2036036036036035
MM-S05,41,74,1,1.2036036036036035
MM-S05,41,75,1,1.2036036036036035
MM-S05,42,43,1,1.2036036036036035
MM-S05,42,44,2,1.2036036036036035
MM-S05,42,45,3,1.2036036036036035
MM-S05,42,46,1,1.2036036036036035
MM-S05,42,47,2,1.2036036036036035
MM-S05,42,48,1,1.2036036036036035
MM-S05,42,49,1,1.2036036036036035
MM-S05,42,50,2,1.2036036036036035
MM-S05,42,51,1,1.2036036036036035
MM-S05,42,52,0,1.2036036036036035
MM-S05,42,53,1,1.2036036036036035
MM-S05,42,54,0,1.2036036036036035
MM-S05,42,55,0,1.2036036036036035
MM-S05,42,56,2,1.2036036036036035
MM-S05,42,57,2,1.2036036036036035
MM-S05,42,58,1,1.2036036036036035
MM-S05,42,59,0,1.2036036036036035
MM-S05,42,60,1,1.2036036036036035
MM-S05,42,61,1,1.2036036036036035
MM-S05,42,62,3,1.2036036036036035
MM-S05,42,63,0,1.2036036036036035
MM-S05,42,64,1,1.2036036036036035
MM-S05,42,65,2,1.2036036036036035
MM-S05,42,66,0,1.2036036036036035
MM-S05,42,67,0,1.2036036036036035
MM-S05,42,68,0,1.2036036036036035
MM-S05,42,69,0,1.2036036036036035
MM-S05,42,70,0,1.2036036036036035
MM-S05,42,71,4,1.2036036036036035
MM-S05,42,72,0,1.2036036036036035
MM-S05,42,73,1,1.2036036036036035
MM-S05,42,74,1,1.2036036036036035
MM-S05,42,75,0,1.2036036036036035
MM-S05,43,44,2,1.2036036036036035
MM-S05,43,45,1,1.2036036036036035
MM-S05,43,46,0,1.2036036036036035
MM-S05,43,47,1,1.2036036036036035
MM-S05,43,48,1,1.2036036036036035
MM-S05,43,49,0,1.2036036036036035
MM-S05,43,50,1,1.2036036036036035
MM-S05,43,51,0,1.2036036036036035
MM-S05,43,52,1,1.2036036036036035
MM-S05,43,53,0,1.2036036036036035
MM-S05,43,54,1,1.2036036036036035
MM-S05,43,55,0,1.2036036036036035
MM-S05,43,56,1,1.2036036036036035
MM-S05,43,57,1,1.2036036036036035
MM-S05,43,58,0,1.2036036036036035
MM-S05,43,59,1,1.2036036036036035
MM-S05,43,60,1,1.2036036036036035
MM-S05,43,61,1,1.2036036036036035
MM-S05,43,62,2,1.2036036036036035
MM-S05,43,63,2,1.2036036036036035
MM-S05,43,64,1,1.2036036036036035
MM-S05,43,65,0,1.2036036036036035
MM-S05,43,66,3,1.2036036036036035
MM-S05,43,67,1,1.2036036036036035
MM-S05,43,68,0,1.2036036036036035
MM-S05,43,69,2,1.2036036036036035
MM-S05,43,70,0,1.2036036036036035
MM-S05,43,71,1,1.2036036036036035
MM-S05,43,72,0,1.2036036036036035
MM-S05,43,73,1,1.2036036036036035
MM-S05,43,74,1,1.2036036036036035
MM-S05,43,75,0,1.2036036036036035
MM-S05,44,45,2,1.2036036036036035
MM-S05,44,46,1,1.2036036036036035
MM-S05,44,47,2,1.2036036036036035
MM-S05,44,48,1,1.2036036036036035
MM-S05,44,49,3,1.2036036036036035
MM-S05,44,50,1,1.2036036036036035
MM-S05,44,51,2,1.2036036036036035
MM-S05,44,52,0,1.2036036036036035
MM-S05,44,53,0,1.2036036036036035
MM-S05,44,54,2,1.2036036036036035
MM-S05,44,55,0,1.2036036036036035
MM-S05,44,56,1,1.2036036036036035
MM-S05,44,57,3,1.2036036036036035
MM-S05,44,58,2,1.2036036036036035
MM-S05,44,59,4,1.2036036036036035
MM-S05,44,60,1,1.2036036036036035
MM-S05,44,61,0,1.2036036036036035
MM-S05,44,62,0,1.2036036036036035
MM-S05,44,63,5,1.2036036036036035
MM-S05,44,64,1,1.2036036036036035
MM-S05,44,65,1,1.2036036036036035
MM-S05,44,66,2,1.2036036036036035
MM-S05,44,67,1,1.2036036036036035
MM-S05,44,68,2,1.2036036036036035
MM-S05,44,69,3,1.2036036036036035
MM-S05,44,70,0,1.2036036036036035
MM-S05,44,71,0,1.2036036036036035
MM-S05,44,72,0,1.2036036036036035
MM-S05,44,73,2,1.2036036036036035
MM-S05,44,74,3,1.2036036036036035
MM-S05,44,75,2,1.2036036036036035
MM-S05,45,46,2,1.2036036036036035
MM-S05,45,47,1,1.2036036036036035
MM-S05,45,48,1,1.2036036036036035
MM-S05,45,49,2,1.2036036036036035
MM-S05,45,50,1,1.2036036036036035
MM-S05,45,51,4,1.2036036036036035
MM-S05,45,52,3,1.2036036036036035
MM-S05,45,53,3,1.2036036036036035
MM-S05,45,54,2,1.2036036036036035
MM-S05,45,55,2,1.2036036036036035
MM-S05,45,56,0,1.2036036036036035
MM-S05,45,57,1,1.2036036036036035
MM-S05,45,58,3,1.2036036036036035
MM-S05,45,59,0,1.2036036036036035
MM-S05,45,60,1,1.2036036036036035
MM-S05,45,61,0,1.2036036036036035
MM-S05,45,62,0,1.2036036036036035
MM-S05,45,63,1,1.2036036036036035
MM-S05,45,64,0,1.2036036036036035
MM-S05,45,65,3,1.2036036036036035
MM-S05,45,66,3,1.2036036036036035
MM-S05,45,67,0,1.2036036036036035
MM-S05,45,68,0,1.2036036036036035
MM-S05,45,69,1,1.2036036036036035
MM-S05,45,70,1,1.2036036036036035
MM-S05,45,71,1,1.2036036036036035
MM-S05,45,72,0,1.2036036036036035
MM-S05,45,73,3,1.2036036036036035
MM-S05,45,74,0,1.2036036036036035
MM-S05,45,75,0,1.2036036036036035
MM-S05,46,47,2,1.2036036036036035
MM-S05,46,48,3,1.2036036036036035
MM-S05,46,49,2,1.2036036036036035
MM-S05,46,50,0,1.2036036036036035
MM-S05,46,51,0,1.2036036036036035
MM-S05,46,52,0,1.2036036036036035
MM-S05,46,53,2,1.2036036036036035
MM-S05,46,54,0,1.2036036036036035
MM-S05,46,55,1,1.2036036036036035
MM-S05,46,56,4,1.2036036036036035
MM-S05,46,57,1,1.2036036036036035
MM-S05,46,58,2,1.2036036036036035
MM-S05,46,59,0,1.2036036036036035
MM-S05,46,60,1,1.2036036036036035
MM-S05,46,61,2,1.2036036036036035
MM-S05,46,62,1,1.2036036036036035
MM-S05,46,63,0,1.2036036036036035
MM-S05,46,64,4,1.2036036036036035
MM-S05,46,65,2,1.2036036036036035
MM-S05,46,66,2,1.2036036036036035
MM-S05,46,67,0,1.2036036036036035
MM-S05,46,68,3,1.2036036036036035
MM-S05,46,69,0,1.2036036036036035
MM-S05,46,70,2,1.2036036036036035
MM-S05,46,71,1,1.2036036036036035
MM-S05,46,72,0,1.2036036036036035
MM-S05,46,73,1,1.2036036036036035
MM-S05,46,74,3,1.2036036036036035
MM-S05,46,75,0,1.2036036036036035
MM-S05,47,48,0,1.2036036036036035
MM-S05,47,49,2,1.2036036036036035
MM-S05,47,50,2,1.2036036036036035
MM-S05,47,51,1,1.2036036036036035
MM-S05,47,52,1,1.2036036036036035
MM-S05,47,53,1,1.2036036036036035
MM-S05,47,54,0,1.2036036036036035
MM-S05,47,55,0,1.2036036036036035
MM-S05,47,56,1,1.2036036036036035
MM-S05,47,57,3,1.2036036036036035
MM-S05,47,58,0,1.2036036036036035
MM-S05,47,59,1,1.2036036036036035
MM-S05,47,60,1,1.2036036036036035
MM-S05,47,61,2,1.2036036036036035
MM-S05,47,62,0,1.2036036036036035
MM-S05,47,63,1,1.2036036036036035
MM-S05,47,64,0,1.2036036036036035
MM-S05,47,65,2,1.2036036036036035
MM-S05,47,66,0,1.2036036036036035
MM-S05,47,67,2,1.2036036036036035
MM-S05,47,68,1,1.2036036036036035
MM-S05,47,69,1,1.2036036036036035
MM-S05,47,70,1,1.2036036036036035
MM-S05,47,71,0,1.2036036036036035
MM-S05,47,72,0,1.2036036036036035
MM-S05,47,73,1,1.2036036036036035
MM-S05,47,74,1,1.2036036036036035
MM-S05,47,75,1,1.2036036036036035
MM-S05,48,49,2,1.2036036036036035
MM-S05,48,50,0,1.2036036036036035
MM-S05,48,51,2,1.2036036036036035
MM-S05,48,52,0,1.2036036036036035
MM-S05,48,53,2,1.2036036036036035
MM-S05,48,54,1,1.2036036036036035
MM-S05,48,55,2,1.2036036036036035
MM-S05,48,56,0,1.2036036036036035
MM-S05,48,57,1,1.2036036036036035
MM-S05,48,58,0,1.2036036036036035
MM-S05,48,59,0,1.2036036036036035
MM-S05,48,60,0,1.2036036036036035
MM-S05,48,61,2,1.2036036036036035
MM-S05,48,62,0,1.2036036036036035
MM-S05,48,63,1,1.2036036036036035
MM-S05,48,64,0,1.2036036036036035
MM-S05,48,65,2,1.2036036036036035
MM-S05,48,66,1,1.2036036036036035
MM-S05,48,67,0,1.2036036036036035
MM-S05,48,68,2,1.2036036036036035
MM-S05,48,69,0,1.2036036036036035
MM-S05,48,70,1,1.2036036036036035
MM-S05,48,71,1,1.2036036036036035
MM-S05,48,72,1,1.2036036036036035
MM-S05,48,73,2,1.2036036036036035
MM-S05,48,74,2,1.2036036036036035
MM-S05,48,75,1,1.2036036036036035
MM-S05,49,50,3,1.2036036036036035
MM-S05,49,51,4,1.2036036036036035
MM-S05,49,52,2,1.2036036036036035
MM-S05,49,53,1,1.2036036036036035
MM-S05,49,54,1,1.2036036036036035
MM-S05,49,55,1,1.2036036036036035
MM-S05,49,56,3,1.2036036036036035
MM-S05,49,57,2,1.2036036036036035
MM-S05,49,58,1,1.2036036036036035
MM-S05,49,59,1,1.2036036036036035
MM-S05,49,60,2,1.2036036036036035
MM-S05,49,61,1,1.2036036036036035
MM-S05,49,62,3,1.2036036036036035
MM-S05,49,63,2,1.2036036036036035
MM-S05,49,64,1,1.2036036036036035
MM-S05,49,65,0,1.2036036036036035
MM-S05,49,66,1,1.2036036036036035
MM-S05,49,67,2,1.2036036036036035
MM-S05,49,68,1,1.2036036036036035
MM-S05,49,69,1,1.2036036036036035
MM-S05,49,70,0,1.2036036036036035
MM-S05,49,71,0,1.2036036036036035
MM-S05,49,72,1,1.2036036036036035
MM-S05,49,73,2,1.2036036036036035
MM-S05,49,74,0,1.2036036036036035
MM-S05,49,75,1,1.2036036036036035
MM-S05,50,51,2,1.2036036036036035
MM-S05,50,52,0,1.2036036036036035
MM-S05,50,53,1,1.2036036036036035
MM-S05,50,54,2,1.2036036036036035
MM-S05,50,55,0,1.2036036036036035
MM-S05,50,56,2,1.2036036036036035
MM-S05,50,57,3,1.2036036036036035
MM-S05,50,58,2,1.2036036036036035
MM-S05,50,59,3,1.2036036036036035
MM-S05,50,60,1,1.2036036036036035
MM-S05,50,61,1,1.2036036036036035
MM-S05,50,62,0,1.2036036036036035
MM-S05,50,63,0,1.2036036036036035
MM-S05,50,64,1,1.2036036036036035
MM-S05,50,65,2,1.2036036036036035
MM-S05,50,66,1,1.2036036036036035
MM-S05,50,67,1,1.2036036036036035
MM-S05,50,68,1,1.2036036036036035
MM-S05,50,69,1,1.2036036036036035
MM-S05,50,70,3,1.2036036036036035
MM-S05,50,71,1,1.2036036036036035
MM-S05,50,72,2,1.2036036036036035
MM-S05,50,73,1,1.2036036036036035
MM-S05,50,74,0,1.2036036036036035
MM-S05,50,75,3,1.2036036036036035
MM-S05,51,52,3,1.2036036036036035
MM-S05,51,53,2,1.2036036036036035
MM-S05,51,54,1,1.2036036036036035
MM-S05,51,55,0,1.2036036036036035
MM-S05,51,56,2,1.2036036036036035
MM-S05,51,57,5,1.2036036036036035
MM-S05,51,58,1,1.2036036036036035
MM-S05,51,59,3,1.2036036036036035
MM-S05,51,60,1,1.2036036036036035
MM-S05,51,61,1,1.2036036036036035
MM-S05,51,62,0,1.2036036036036035
MM-S05,51,63,0,1.2036036036036035
MM-S05,51,64,2,1.2036036036036035
MM-S05,51,65,3,1.2036036036036035
MM-S05,51,66,0,1.2036036036036035
MM-S05,51,67,0,1.2036036036036035
MM-S05,51,68,0,1.2036036036036035
MM-S05,51,69,1,1.2036036036036035
MM-S05,51,70,2,1.2036036036036035
MM-S05,51,71,1,1.2036036036036035
MM-S05,51,72,1,1.2036036036036035
MM-S05,51,73,2,1.2036036036036035
MM-S05,51,74,0,1.2036036036036035
MM-S05,51,75,2,1.2036036036036035
MM-S05,52,53,1,1.2036036036036035
MM-S05,52,54,1,1.2036036036036035
MM-S05,52,55,0,1.2036036036036035
MM-S05,52,56,1,1.2036036036036035
MM-S05,52,57,2,1.2036036036036035
MM-S05,52,58,2,1.2036036036036035
MM-S05,52,59,0,1.2036036036036035
MM-S05,52,60,0,1.2036036036036035
MM-S05,52,61,1,1.2036036036036035
MM-S05,52,62,2,1.2036036036036035
MM-S05,52,63,1,1.2036036036036035
MM-S05,52,64,0,1.2036036036036035
MM-S05,52,65,1,1.2036036036036035
MM-S05,52,66,1,1.2036036036036035
MM-S05,52,67,0,1.2036036036036035
MM-S05,52,68,1,1.2036036036036035
MM-S05,52,69,1,1.2036036036036035
MM-S05,52,70,0,1.2036036036036035
MM-S05,52,71,3,1.2036036036036035
MM-S05,52,72,1,1.2036036036036035
MM-S05,52,73,0,1.2036036036036035
MM-S05,52,74,0,1.2036036036036035
MM-S05,52,75,0,1.2036036036036035
MM-S05,53,54,2,1.2036036036036035
MM-S05,53,55,0,1.2036036036036035
MM-S05,53,56,1,1.2036036036036035
MM-S05,53,57,2,1.2036036036036035
MM-S05,53,58,2,1.2036036036036035
MM-S05,53,59,1,1.2036036036036035
MM-S05,53,60,3,1.2036036036036035
MM-S05,53,61,1,1.2036036036036035
MM-S05,53,62,0,1.2036036036036035
MM-S05,53,63,3,1.2036036036036035
MM-S05,53,64,2,1.2036036036036035
MM-S05,53,65,0,1.2036036036036035
MM-S05,53,66,1,1.2036036036036035
MM-S05,53,67,0,1.2036036036036035
MM-S05,53,68,2,1.2036036036036035
MM-S05,53,69,0,1.2036036036036035
MM-S05,53,70,1,1.2036036036036035
MM-S05,53,71,1,1.2036036036036035
MM-S05,53,72,1,1.2036036036036035
MM-S05,53,73,3,1.2036036036036035
MM-S05,53,74,1,1.2036036036036035
MM-S05,53,75,1,1.2036036036036035
MM-S05,54,55,0,1.2036036036036035
MM-S05,54,56,0,1.2036036036036035
MM-S05,54,57,1,1.2036036036036035
MM-S05,54,58,0,1.2036036036036035
MM-S05,54,59,1,1.2036036036036035
MM-S05,54,60,1,1.2036036036036035
MM-S05,54,61,2,1.2036036036036035
MM-S05,54,62,0,1.2036036036036035
MM-S05,54,63,3,1.2036036036036035
MM-S05,54,64,0,1.2036036036036035
MM-S05,54,65,2,1.2036036036036035
MM-S05,54,66,5,1.2036036036036035
MM-S05,54,67,0,1.2036036036036035
MM-S05,54,68,0,1.2036036036036035
MM-S05,54,69,4,1.2036036036036035
MM-S05,54,70,2,1.2036036036036035
MM-S05,54,71,2,1.2036036036036035
MM-S05,54,72,1,1.2036036036036035
MM-S05,54,73,0,1.2036036036036035
MM-S05,54,74,1,1.2036036036036035
MM-S05,54,75,1,1.2036036036036035
MM-S05,55,56,0,1.2036036036036035
MM-S05,55,57,0,1.2036036036036035
MM-S05,55,58,2,1.2036036036036035
MM-S05,55,59,0,1.2036036036036035
MM-S05,55,60,0,1.2036036036036035
MM-S05,55,61,0,1.2036036036036035
MM-S05,55,62,1,1.2036036036036035
MM-S05,55,63,1,1.2036036036036035
MM-S05,55,64,0,1.2036036036036035
MM-S05,55,65,0,1.2036036036036035
MM-S05,55,66,0,1.2036036036036035
MM-S05,55,67,0,1.2036036036036035
MM-S05,55,68,1,1.2036036036036035
MM-S05,55,69,0,1.2036036036036035
MM-S05,55,70,1,1.2036036036036035
MM-S05,55,71,1,1.2036036036036035
MM-S05,55,72,0,1.2036036036036035
MM-S05,55,73,2,1.2036036036036035
MM-S05,55,74,2,1.2036036036036035
MM-S05,55,75,1,1.2036036036036035
MM-S05,56,57,2,1.2036036036036035
MM-S05,56,58,1,1.2036036036036035
MM-S05,56,59,2,1.2036036036036035
MM-S05,56,60,1,1.2036036036036035
MM-S05,56,61,0,1.2036036036036035
MM-S05,56,62,2,1.2036036036036035
MM-S05,56,63,1,1.2036036036036035
MM-S05,56,64,1,1.2036036036036035
MM-S05,56,65,0,1.2036036036036035
MM-S05,56,66,1,1.2036036036036035
MM-S05,56,67,2,1.2036036036036035
MM-S05,56,68,0,1.2036036036036035
MM-S05,56,69,2,1.2036036036036035
MM-S05,56,70,1,1.2036036036036035
MM-S05,56,71,2,1.2036036036036035
MM-S05,56,72,0,1.2036036036036035
MM-S05,56,73,0,1.2036036036036035
MM-S05,56,74,1,1.2036036036036035
MM-S05,56,75,0,1.2036036036036035
MM-S05,57,58,1,1.2036036036036035
MM-S05,57,59,1,1.2036036036036035
MM-S05,57,60,1,1.2036036036036035
MM-S05,57,61,0,1.2036036036036035
MM-S05,57,62,0,1.2036036036036035
MM-S05,57,63,1,1.2036036036036035
MM-S05,57,64,0,1.2036036036036035
MM-S05,57,65,2,1.2036036036036035
MM-S05,57,66,1,1.2036036036036035
MM-S05,57,67,0,1.2036036036036035
MM-S05,57,68,1,1.2036036036036035
MM-S05,57,69,2,1.2036036036036035
MM-S05,57,70,0,1.2036036036036035
MM-S05,57,71,1,1.2036036036036035
MM-S05,57,72,0,1.2036036036036035
MM-S05,57,73,2,1.2036036036036035
MM-S05,57,74,0,1.2036036036036035
MM-S05,57,75,1,1.2036036036036035
MM-S05,58,59,2,1.2036036036036035
MM-S05,58,60,1,1.2036036036036035
MM-S05,58,61,0,1.2036036036036035
MM-S05,58,62,0,1.2036036036036035
MM-S05,58,63,2,1.2036036036036035
MM-S05,58,64,1,1.2036036036036035
MM-S05,58,65,1,1.2036036036036035
MM-S05,58,66,1,1.2036036036036035
MM-S05,58,67,2,1.2036036036036035
MM-S05,58,68,2,1.2036036036036035
MM-S05,58,69,3,1.2036036036036035
MM-S05,58,70,1,1.2036036036036035
MM-S05,58,71,1,1.2036036036036035
MM-S05,58,72,1,1.2036036036036035
MM-S05,58,73,3,1.2036036036036035
MM-S05,58,74,0,1.2036036036036035
MM-S05,58,75,1,1.2036036036036035
MM-S05,59,60,0,1.2036036036036035
MM-S05,59,61,1,1.2036036036036035
MM-S05,59,62,1,1.2036036036036035
MM-S05,59,63,3,1.2036036036036035
MM-S05,59,64,0,1.2036036036036035
MM-S05,59,65,1,1.2036036036036035
MM-S05,59,66,1,1.2036036036036035
MM-S05,59,67,0,1.2036036036036035
MM-S05,59,68,1,1.2036036036036035
MM-S05,59,69,0,1.2036036036036035
MM-S05,59,70,0,1.2036036036036035
MM-S05,59,71,0,1.2036036036036035
MM-S05,59,72,1,1.2036036036036035
MM-S05,59,73,1,1.2036036036036035
MM-S05,59,74,1,1.2036036036036035
MM-S05,59,75,1,1.2036036036036035
MM-S05,60,61,0,1.2036036036036035
MM-S05,60,62,1,1.2036036036036035
MM-S05,60,63,1,1.2036036036036035
MM-S05,60,64,3,1.2036036036036035
MM-S05,60,65,0,1.2036036036036035
MM-S05,60,66,0,1.2036036036036035
MM-S05,60,67,0,1.2036036036036035
MM-S05,60,68,2,1.2036036036036035
MM-S05,60,69,1,1.2036036036036035
MM-S05,60,70,0,1.2036036036036035
MM-S05,60,71,1,1.2036036036036035
MM-S05,60,72,0,1.2036036036036035
MM-S05,60,73,1,1.2036036036036035
MM-S05,60,74,1,1.2036036036036035
MM-S05,60,75,0,1.2036036036036035
MM-S05,61,62,2,1.2036036036036035
MM-S05,61,63,0,1.2036036036036035
MM-S05,61,64,0,1.2036036036036035
MM-S05,61,65,0,1.2036036036036035
MM-S05,61,66,4,1.2036036036036035
MM-S05,61,67,1,1.2036036036036035
MM-S05,61,68,4,1.2036036036036035
MM-S05,61,69,0,1.2036036036036035
MM-S05,61,70,1,1.2036036036036035
MM-S05,61,71,0,1.2036036036036035
MM-S05,61,72,0,1.2036036036036035
MM-S05,61,73,2,1.2036036036036035
MM-S05,61,74,2,1.2036036036036035
MM-S05,61,75,3,1.2036036036036035
MM-S05,62,63,2,1.2036036036036035
MM-S05,62,64,1,1.2036036036036035
MM-S05,62,65,1,1.2036036036036035
MM-S05,62,66,1,1.2036036036036035
MM-S05,62,67,1,1.2036036036036035
MM-S05,62,68,1,1.2036036036036035
MM-S05,62,69,1,1.2036036036036035
MM-S05,62,70,0,1.2036036036036035
MM-S05,62,71,1,1.2036036036036035
MM-S05,62,72,1,1.2036036036036035
MM-S05,62,73,0,1.2036036036036035
MM-S05,62,74,5,1.2036036036036035
MM-S05,62,75,0,1.2036036036036035
MM-S05,63,64,3,1.2036036036036035
MM-S05,63,65,0,1.2036036036036035
MM-S05,63,66,2,1.2036036036036035
MM-S05,63,67,1,1.2036036036036035
MM-S05,63,68,1,1.2036036036036035
MM-S05,63,69,1,1.2036036036036035
MM-S05,63,70,0,1.2036036036036035
MM-S05,63,71,0,1.2036036036036035
MM-S05,63,72,0,1.2036036036036035
MM-S05,63,73,0,1.2036036036036035
MM-S05,63,74,1,1.2036036036036035
MM-S05,63,75,1,1.2036036036036035
MM-S05,64,65,0,1.2036036036036035
MM-S05,64,66,1,1.2036036036036035
MM-S05,64,67,1,1.2036036036036035
MM-S05,64,68,1,1.2036036036036035
MM-S05,64,69,1,1.2036036036036035
MM-S05,64,70,0,1.2036036036036035
MM-S05,64,71,2,1.2036036036036035
MM-S05,64,72,1,1.2036036036036035
MM-S05,64,73,2,1.2036036036036035
MM-S05,64,74,2,1.2036036036036035
MM-S05,64,75,0,1.2036036036036035
MM-S05,65,66,4,1.2036036036036035
MM-S05,65,67,0,1.2036036036036035
MM-S05,65,68,0,1.2036036036036035
MM-S05,65,69,0,1.2036036036036035
MM-S05,65,70,0,1.2036036036036035
MM-S05,65,71,2,1.2036036036036035
MM-S05,65,72,2,1.2036036036036035
MM-S05,65,73,1,1.2036036036036035
MM-S05,65,74,3,1.2036036036036035
MM-S05,65,75,0,1.2036036036036035
MM-S05,66,67,1,1.2036036036036035
MM-S05,66,68,1,1.2036036036036035
MM-S05,66,69,2,1.2036036036036035
MM-S05,66,70,0,1.2036036036036035
MM-S05,66,71,1,1.2036036036036035
MM-S05,66,72,1,1.2036036036036035
MM-S05,66,73,0,1.2036036036036035
MM-S05,66,74,2,1.2036036036036035
MM-S05,66,75,0,1.2036036036036035
MM-S05,67,68,2,1.2036036036036035
MM-S05,67,69,0,1.2036036036036035
MM-S05,67,70,0,1.2036036036036035
MM-S05,67,71,2,1.2036036036036035
MM-S05,67,72,0,1.2036036036036035
MM-S05,67,73,1,1.2036036036036035
MM-S05,67,74,0,1.2036036036036035
MM-S05,67,75,0,1.2036036036036035
MM-S05,68,69,0,1.2036036036036035
MM-S05,68,70,1,1.2036036036036035
MM-S05,68,71,1,1.2036036036036035
MM-S05,68,72,2,1.2036036036036035
MM-S05,68,73,3,1.2036036036036035
MM-S05,68,74,1,1.2036036036036035
MM-S05,68,75,3,1.2036036036036035
MM-S05,69,70,0,1.2036036036036035
MM-S05,69,71,0,1.2036036036036035
MM-S05,69,72,2,1.2036036036036035
MM-S05,69,73,0,1.2036036036036035
MM-S05,69,74,1,1.2036036036036035
MM-S05,69,75,2,1.2036036036036035
MM-S05,70,71,1,1.2036036036036035
MM-S05,70,72,0,1.2036036036036035
MM-S05,70,73,0,1.2036036036036035
MM-S05,70,74,1,1.2036036036036035
MM-S05,70,75,2,1.2036036036036035
MM-S05,71,72,2,1.2036036036036035
MM-S05,71,73,1,1.2036036036036035
MM-S05,71,74,0,1.2036036036036035
MM-S05,71,75,0,1.2036036036036035
MM-S05,72,73,1,1.2036036036036035
MM-S05,72,74,0,1.2036036036036035
MM-S05,72,75,0,1.2036036036036035
MM-S05,73,74,0,1.2036036036036035
MM-S05,73,75,0,1.2036036036036035
MM-S05,74,75,2,1.2036036036036035
MM-S06,1,2,3,2.567287784679089
MM-S06,1,3,3,2.567287784679089
MM-S06,1,4,5,2.567287784679089
MM-S06,1,5,3,2.567287784679089
MM-S06,1,6,2,2.567287784679089
MM-S06,1,7,3,2.567287784679089
MM-S06,1,8,2,2.567287784679089
MM-S06,1,9,2,2.567287784679089
MM-S06,1,10,4,2.567287784679089
MM-S06,1,11,3,2.567287784679089
MM-S06,1,12,2,2.567287784679089
MM-S06,1,13,2,2.567287784679089
MM-S06,1,14,3,2.567287784679089
MM-S06,1,15,2,2.567287784679089
MM-S06,1,16,0,2.567287784679089
MM-S06,1,17,5,2.567287784679089
MM-S06,1,18,3,2.567287784679089
MM-S06,1,19,2,2.567287784679089
MM-S06,1,20,5,2.567287784679089
MM-S06,1,21,3,2.567287784679089
MM-S06,1,22,2,2.567287784679089
MM-S06,1,23,4,2.567287784679089
MM-S06,1,24,1,2.567287784679089
MM-S06,1,25,4,2.567287784679089
MM-S06,1,26,4,2.567287784679089
MM-S06,1,27,4,2.567287784679089
MM-S06,1,28,3,2.567287784679089
MM-S06,1,29,2,2.567287784679089
MM-S06,1,30,2,2.567287784679089
MM-S06,1,31,2,2.567287784679089
MM-S06,1,32,6,2.567287784679089
MM-S06,1,33,2,2.567287784679089
MM-S06,1,34,1,2.567287784679089
MM-S06,1,35,2,2.567287784679089
MM-S06,1,36,3,2.567287784679089
MM-S06,1,37,3,2.567287784679089
MM-S06,1,38,2,2.567287784679089
MM-S06,1,39,1,2.567287784679089
MM-S06,1,40,7,2.567287784679089
MM-S06,1,41,0,2.567287784679089
MM-S06,1,42,4,2.567287784679089
MM-S06,1,43,1,2.567287784679089
MM-S06,1,44,5,2.567287784679089
MM-S06,1,45,4,2.567287784679089
MM-S06,1,46,2,2.567287784679089
MM-S06,1,47,4,2.567287784679089
MM-S06,1,48,2,2.567287784679089
MM-S06,1,49,2,2.567287784679089
MM-S06,1,50,2,2.567287784679089
MM-S06,1,51,3,2.567287784679089
MM-S06,1,52,4,2.567287784679089
MM-S06,1,53,0,2.567287784679089
MM-S06,1,54,4,2.567287784679089
MM-S06,1,55,1,2.567287784679089
MM-S06,1,56,4,2.567287784679089
MM-S06,1,57,0,2.567287784679089
MM-S06,1,58,0,2.567287784679089
MM-S06,1,59,2,2.567287784679089
MM-S06,1,60,2,2.567287784679089
MM-S06,1,61,1,2.567287784679089
MM-S06,1,62,5,2.567287784679089
MM-S06,1,63,2,2.567287784679089
MM-S06,1,64,3,2.567287784679089
MM-S06,1,65,0,2.567287784679089
MM-S06,1,66,1,2.567287784679089
MM-S06,1,67,2,2.567287784679089
MM-S06,1,68,2,2.567287784679089
MM-S06,1,69,1,2.567287784679089
MM-S06,1,70,5,2.567287784679089
MM-S06,2,3,3,2.567287784679089
MM-S06,2,4,2,2.567287784679089
MM-S06,2,5,2,2.567287784679089
MM-S06,2,6,3,2.567287784679089
MM-S06,2,7,2,2.567287784679089
MM-S06,2,8,3,2.567287784679089
MM-S06,2,9,3,2.567287784679089
MM-S06,2,10,1,2.567287784679089
MM-S06,2,11,4,2.567287784679089
MM-S06,2,12,1,2.567287784679089
MM-S06,2,13,1,2.567287784679089
MM-S06,2,14,4,2.567287784679089
MM-S06,2,15,3,2.567287784679089
MM-S06,2,16,2,2.567287784679089
MM-S06,2,17,0,2.567287784679089
MM-S06,2,18,3,2.567287784679089
MM-S06,2,19,2,2.567287784679089
MM-S06,2,20,3,2.567287784679089
MM-S06,2,21,4,2.567287784679089
MM-S06,2,22,3,2.567287784679089
MM-S06,2,23,1,2.567287784679089
MM-S06,2,24,3,2.567287784679089
MM-S06,2,25,3,2.567287784679089
MM-S06,2,26,0,2.567287784679089
MM-S06,2,27,1,2.567287784679089
MM-S06,2,28,0,2.567287784679089
MM-S06,2,29,4,2.567287784679089
MM-S06,2,30,4,2.567287784679089
MM-S06,2,31,6,2.567287784679089
MM-S06,2,32,3,2.567287784679089
MM-S06,2,33,2,2.567287784679089
MM-S06,2,34,1,2.567287784679089
MM-S06,2,35,3,2.567287784679089
MM-S06,2,36,2,2.567287784679089
MM-S06,2,37,2,2.567287784679089
MM-S06,2,38,4,2.567287784679089
MM-S06,2,39,1,2.567287784679089
MM-S06,2,40,2,2.567287784679089
MM-S06,2,41,1,2.567287784679089
MM-S06,2,42,3,2.567287784679089
MM-S06,2,43,3,2.567287784679089
MM-S06,2,44,2,2.567287784679089
MM-S06,2,45,2,2.567287784679089
MM-S06,2,46,2,2.567287784679089
MM-S06,2,47,3,2.567287784679089
MM-S06,2,48,2,2.567287784679089
MM-S06,2,49,5,2.567287784679089
MM-S06,2,50,2,2.567287784679089
MM-S06,2,51,0,2.567287784679089
MM-S06,2,52,2,2.567287784679089
MM-S06,2,53,2,2.567287784679089
MM-S06,2,54,2,2.567287784679089
MM-S06,2,55,5,2.567287784679089
MM-S06,2,56,1,2.567287784679089
MM-S06,2,57,3,2.567287784679089
MM-S06,2,58,2,2.567287784679089
MM-S06,2,59,1,2.567287784679089
MM-S06,2,60,1,2.567287784679089
MM-S06,2,61,1,2.567287784679089
MM-S06,2,62,3,2.567287784679089
MM-S06,2,63,5,2.567287784679089
MM-S06,2,64,5,2.567287784679089
MM-S06,2,65,3,2.567287784679089
MM-S06,2,66,3,2.567287784679089
MM-S06,2,67,3,2.567287784679089
MM-S06,2,68,3,2.567287784679089
MM-S06,2,69,1,2.567287784679089
MM-S06,2,70,3,2.567287784679089
MM-S06,3,4,3,2.567287784679089
MM-S06,3,5,6,2.567287784679089
MM-S06,3,6,6,2.567287784679089
MM-S06,3,7,2,2.567287784679089
MM-S06,3,8,2,2.567287784679089
MM-S06,3,9,2,2.567287784679089
MM-S06,3,10,3,2.567287784679089
MM-S06,3,11,4,2.567287784679089
MM-S06,3,12,6,2.567287784679089
MM-S06,3,13,3,2.567287784679089
MM-S06,3,14,3,2.567287784679089
MM-S06,3,15,2,2.567287784679089
MM-S06,3,16,6,2.567287784679089
MM-S06,3,17,3,2.567287784679089
MM-S06,3,18,5,2.567287784679089
MM-S06,3,19,7,2.567287784679089
MM-S06,3,20,4,2.567287784679089
MM-S06,3,21,2,2.567287784679089
MM-S06,3,22,3,2.567287784679089
MM-S06,3,23,5,2.567287784679089
MM-S06,3,24,2,2.567287784679089
MM-S06,3,25,4,2.567287784679089
MM-S06,3,26,2,2.567287784679089
MM-S06,3,27,1,2.567287784679089
MM-S06,3,28,2,2.567287784679089
MM-S06,3,29,4,2.567287784679089
MM-S06,3,30,1,2.567287784679089
MM-S06,3,31,3,2.567287784679089
MM-S06,3,32,5,2.567287784679089
MM-S06,3,33,2,2.567287784679089
MM-S06,3,34,5,2.567287784679089
MM-S06,3,35,1,2.567287784679089
MM-S06,3,36,3,2.567287784679089
MM-S06,3,37,1,2.567287784679089
MM-S06,3,38,6,2.567287784679089
MM-S06,3,39,3,2.567287784679089
MM-S06,3,40,2,2.567287784679089
MM-S06,3,41,4,2.567287784679089
MM-S06,3,42,4,2.567287784679089
MM-S06,3,43,2,2.567287784679089
MM-S06,3,44,5,2.567287784679089
MM-S06,3,45,1,2.567287784679089
MM-S06,3,46,3,2.567287784679089
MM-S06,3,47,2,2.567287784679089
MM-S06,3,48,3,2.567287784679089
MM-S06,3,49,2,2.567287784679089
MM-S06,3,50,5,2.567287784679089
MM-S06,3,51,4,2.567287784679089
MM-S06,3,52,3,2.567287784679089
MM-S06,3,53,4,2.567287784679089
MM-S06,3,54,3,2.567287784679089
MM-S06,3,55,4,2.567287784679089
MM-S06,3,56,4,2.567287784679089
MM-S06,3,57,0,2.567287784679089
MM-S06,3,58,6,2.567287784679089
MM-S06,3,59,4,2.567287784679089
MM-S06,3,60,4,2.567287784679089
MM-S06,3,61,4,2.567287784679089
MM-S06,3,62,4,2.567287784679089
MM-S06,3,63,4,2.567287784679089
MM-S06,3,64,3,2.567287784679089
MM-S06,3,65,3,2.567287784679089
MM-S06,3,66,4,2.567287784679089
MM-S06,3,67,1,2.567287784679089
MM-S06,3,68,4,2.567287784679089
MM-S06,3,69,1,2.567287784679089
MM-S06,3,70,3,2.567287784679089
MM-S06,4,5,2,2.567287784679089
MM-S06,4,6,3,2.567287784679089
MM-S06,4,7,2,2.567287784679089
MM-S06,4,8,2,2.567287784679089
MM-S06,4,9,2,2.567287784679089
MM-S06,4,10,6,2.567287784679089
MM-S06,4,11,2,2.567287784679089
MM-S06,4,12,3,2.567287784679089
MM-S06,4,13,4,2.567287784679089
MM-S06,4,14,4,2.567287784679089
MM-S06,4,15,2,2.567287784679089
MM-S06,4,16,2,2.567287784679089
MM-S06,4,17,3,2.567287784679089
MM-S06,4,18,5,2.567287784679089
MM-S06,4,19,4,2.567287784679089
MM-S06,4,20,2,2.567287784679089
MM-S06,4,21,2,2.567287784679089
MM-S06,4,22,2,2.567287784679089
MM-S06,4,23,3,2.567287784679089
MM-S06,4,24,3,2.567287784679089
MM-S06,4,25,1,2.567287784679089
MM-S06,4,26,4,2.567287784679089
MM-S06,4,27,4,2.567287784679089
MM-S06,4,28,2,2.567287784679089
MM-S06,4,29,3,2.567287784679089
MM-S06,4,30,2,2.567287784679089
MM-S06,4,31,3,2.567287784679089
MM-S06,4,32,2,2.567287784679089
MM-S06,4,33,3,2.567287784679089
MM-S06,4,34,4,2.567287784679089
MM-S06,4,35,3,2.567287784679089
MM-S06,4,36,2,2.567287784679089
MM-S06,4,37,3,2.567287784679089
MM-S06,4,38,2,2.567287784679089
MM-S06,4,39,6,2.567287784679089
MM-S06,4,40,3,2.567287784679089
MM-S06,4,41,2,2.567287784679089
MM-S06,4,42,4,2.567287784679089
MM-S06,4,43,4,2.567287784679089
MM-S06,4,44,3,2.567287784679089
MM-S06,4,45,3,2.567287784679089
MM-S06,4,46,7,2.567287784679089
MM-S06,4,47,1,2.567287784679089
MM-S06,4,48,2,2.567287784679089
MM-S06,4,49,0,2.567287784679089
MM-S06,4,50,2,2.567287784679089
MM-S06,4,51,1,2.567287784679089
MM-S06,4,52,3,2.567287784679089
MM-S06,4,53,4,2.567287784679089
MM-S06,4,54,2,2.567287784679089
MM-S06,4,55,0,2.567287784679089
MM-S06,4,56,1,2.567287784679089
MM-S06,4,57,4,2.567287784679089
MM-S06,4,58,6,2.567287784679089
MM-S06,4,59,5,2.567287784679089
MM-S06,4,60,3,2.567287784679089
MM-S06,4,61,2,2.567287784679089
MM-S06,4,62,4,2.567287784679089
MM-S06,4,63,4,2.567287784679089
MM-S06,4,64,8,2.567287784679089
MM-S06,4,65,1,2.567287784679089
MM-S06,4,66,0,2.567287784679089
MM-S06,4,67,1,2.567287784679089
MM-S06,4,68,2,2.567287784679089
MM-S06,4,69,2,2.567287784679089
MM-S06,4,70,4,2.567287784679089
MM-S06,5,6,2,2.567287784679089
MM-S06,5,7,2,2.567287784679089
MM-S06,5,8,4,2.567287784679089
MM-S06,5,9,3,2.567287784679089
MM-S06,5,10,6,2.567287784679089
MM-S06,5,11,3,2.567287784679089
MM-S06,5,12,2,2.567287784679089
MM-S06,5,13,4,2.567287784679089
MM-S06,5,14,3,2.567287784679089
MM-S06,5,15,3,2.567287784679089
MM-S06,5,16,1,2.567287784679089
MM-S06,5,17,4,2.567287784679089
MM-S06,5,18,1,2.567287784679089
MM-S06,5,19,2,2.567287784679089
MM-S06,5,20,2,2.567287784679089
MM-S06,5,21,1,2.567287784679089
MM-S06,5,22,3,2.567287784679089
MM-S06,5,23,3,2.567287784679089
MM-S06,5,24,2,2.567287784679089
MM-S06,5,25,3,2.567287784679089
MM-S06,5,26,2,2.567287784679089
MM-S06,5,27,2,2.567287784679089
MM-S06,5,28,3,2.567287784679089
MM-S06,5,29,3,2.567287784679089
MM-S06,5,30,1,2.567287784679089
MM-S06,5,31,3,2.567287784679089
MM-S06,5,32,1,2.567287784679089
MM-S06,5,33,0,2.567287784679089
MM-S06,5,34,0,2.567287784679089
MM-S06,5,35,0,2.567287784679089
MM-S06,5,36,0,2.567287784679089
MM-S06,5,37,1,2.567287784679089
MM-S06,5,38,2,2.567287784679089
MM-S06,5,39,0,2.567287784679089
MM-S06,5,40,0,2.567287784679089
MM-S06,5,41,1,2.567287784679089
MM-S06,5,42,0,2.567287784679089
MM-S06,5,43,2,2.567287784679089
MM-S06,5,44,2,2.567287784679089
MM-S06,5,45,0,2.567287784679089
MM-S06,5,46,3,2.567287784679089
MM-S06,5,47,1,2.567287784679089
MM-S06,5,48,3,2.567287784679089
MM-S06,5,49,2,2.567287784679089
MM-S06,5,50,3,2.567287784679089
MM-S06,5,51,0,2.567287784679089
MM-S06,5,52,3,2.567287784679089
MM-S06,5,53,4,2.567287784679089
MM-S06,5,54,0,2.567287784679089
MM-S06,5,55,1,2.567287784679089
MM-S06,5,56,1,2.567287784679089
MM-S06,5,57,1,2.567287784679089
MM-S06,5,58,2,2.567287784679089
MM-S06,5,59,2,2.567287784679089
MM-S06,5,60,0,2.567287784679089
MM-S06,5,61,4,2.567287784679089
MM-S06,5,62,4,2.567287784679089
MM-S06,5,63,3,2.567287784679089
MM-S06,5,64,3,2.567287784679089
MM-S06,5,65,2,2.567287784679089
MM-S06,5,66,3,2.567287784679089
MM-S06,5,67,1,2.567287784679089
MM-S06,5,68,1,2.567287784679089
MM-S06,5,69,3,2.567287784679089
MM-S06,5,70,4,2.567287784679089
MM-S06,6,7,1,2.567287784679089
MM-S06,6,8,1,2.567287784679089
MM-S06,6,9,2,2.567287784679089
MM-S06,6,10,0,2.567287784679089
MM-S06,6,11,4,2.567287784679089
MM-S06,6,12,2,2.567287784679089
MM-S06,6,13,3,2.567287784679089
MM-S06,6,14,3,2.567287784679089
MM-S06,6,15,1,2.567287784679089
MM-S06,6,16,4,2.567287784679089
MM-S06,6,17,4,2.567287784679089
MM-S06,6,18,3,2.567287784679089
MM-S06,6,19,2,2.567287784679089
MM-S06,6,20,1,2.567287784679089
MM-S06,6,21,1,2.567287784679089
MM-S06,6,22,3,2.567287784679089
MM-S06,6,23,3,2.567287784679089
MM-S06,6,24,1,2.567287784679089
MM-S06,6,25,1,2.567287784679089
MM-S06,6,26,1,2.567287784679089
MM-S06,6,27,2,2.567287784679089
MM-S06,6,28,3,2.567287784679089
MM-S06,6,29,3,2.567287784679089
MM-S06,6,30,3,2.567287784679089
MM-S06,6,31,3,2.567287784679089
MM-S06,6,32,1,2.567287784679089
MM-S06,6,33,0,2.567287784679089
MM-S06,6,34,2,2.567287784679089
MM-S06,6,35,0,2.567287784679089
MM-S06,6,36,1,2.567287784679089
MM-S06,6,37,5,2.567287784679089
MM-S06,6,38,4,2.567287784679089
MM-S06,6,39,3,2.567287784679089
MM-S06,6,40,2,2.567287784679089
MM-S06,6,41,2,2.567287784679089
MM-S06,6,42,2,2.567287784679089
MM-S06,6,43,2,2.567287784679089
MM-S06,6,44,4,2.567287784679089
MM-S06,6,45,2,2.567287784679089
MM-S06,6,46,7,2.567287784679089
MM-S06,6,47,1,2.567287784679089
MM-S06,6,48,4,2.567287784679089
MM-S06,6,49,2,2.567287784679089
MM-S06,6,50,2,2.567287784679089
MM-S06,6,51,1,2.567287784679089
MM-S06,6,52,3,2.567287784679089
MM-S06,6,53,2,2.567287784679089
MM-S06,6,54,2,2.567287784679089
MM-S06,6,55,3,2.567287784679089
MM-S06,6,56,3,2.567287784679089
MM-S06,6,57,3,2.567287784679089
MM-S06,6,58,3,2.567287784679089
MM-S06,6,59,3,2.567287784679089
MM-S06,6,60,2,2.567287784679089
MM-S06,6,61,4,2.567287784679089
MM-S06,6,62,4,2.567287784679089
MM-S06,6,63,5,2.567287784679089
MM-S06,6,64,4,2.567287784679089
MM-S06,6,65,2,2.567287784679089
MM-S06,6,66,1,2.567287784679089
MM-S06,6,67,0,2.567287784679089
MM-S06,6,68,3,2.567287784679089
MM-S06,6,69,1,2.567287784679089
MM-S06,6,70,2,2.567287784679089
MM-S06,7,8,3,2.567287784679089
MM-S06,7,9,3,2.567287784679089
MM-S06,7,10,4,2.567287784679089
MM-S06,7,11,5,2.567287784679089
MM-S06,7,12,3,2.567287784679089
MM-S06,7,13,5,2.567287784679089
MM-S06,7,14,2,2.567287784679089
MM-S06,7,15,4,2.567287784679089
MM-S06,7,16,3,2.567287784679089
MM-S06,7,17,3,2.567287784679089
MM-S06,7,18,7,2.567287784679089
MM-S06,7,19,3,2.567287784679089
MM-S06,7,20,3,2.567287784679089
MM-S06,7,21,4,2.567287784679089
MM-S06,7,22,3,2.567287784679089
MM-S06,7,23,1,2.567287784679089
MM-S06,7,24,3,2.567287784679089
MM-S06,7,25,5,2.567287784679089
MM-S06,7,26,2,2.567287784679089
MM-S06,7,27,4,2.567287784679089
MM-S06,7,28,2,2.567287784679089
MM-S06,7,29,5,2.567287784679089
MM-S06,7,30,4,2.567287784679089
MM-S06,7,31,4,2.567287784679089
MM-S06,7,32,1,2.567287784679089
MM-S06,7,33,3,2.567287784679089
MM-S06,7,34,2,2.567287784679089
MM-S06,7,35,1,2.567287784679089
MM-S06,7,36,4,2.567287784679089
MM-S06,7,37,2,2.567287784679089
MM-S06,7,38,4,2.567287784679089
MM-S06,7,39,3,2.567287784679089
MM-S06,7,40,2,2.567287784679089
MM-S06,7,41,1,2.567287784679089
MM-S06,7,42,1,2.567287784679089
MM-S06,7,43,5,2.567287784679089
MM-S06,7,44,5,2.567287784679089
MM-S06,7,45,5,2.567287784679089
MM-S06,7,46,2,2.567287784679089
MM-S06,7,47,1,2.567287784679089
MM-S06,7,48,1,2.567287784679089
MM-S06,7,49,1,2.567287784679089
MM-S06,7,50,2,2.567287784679089
MM-S06,7,51,2,2.567287784679089
MM-S06,7,52,2,2.567287784679089
MM-S06,7,53,2,2.567287784679089
MM-S06,7,54,1,2.567287784679089
MM-S06,7,55,4,2.567287784679089
MM-S06,7,56,3,2.567287784679089
MM-S06,7,57,4,2.567287784679089
MM-S06,7,58,6,2.567287784679089
MM-S06,7,59,5,2.567287784679089
MM-S06,7,60,4,2.567287784679089
MM-S06,7,61,3,2.567287784679089
MM-S06,7,62,1,2.567287784679089
MM-S06,7,63,2,2.567287784679089
MM-S06,7,64,2,2.567287784679089
MM-S06,7,65,4,2.567287784679089
MM-S06,7,66,2,2.567287784679089
MM-S06,7,67,2,2.567287784679089
MM-S06,7,68,1,2.567287784679089
MM-S06,7,69,2,2.567287784679089
MM-S06,7,70,1,2.567287784679089
MM-S06,8,9,2,2.567287784679089
MM-S06,8,10,7,2.567287784679089
MM-S06,8,11,1,2.567287784679089
MM-S06,8,12,2,2.567287784679089
MM-S06,8,13,4,2.567287784679089
MM-S06,8,14,5,2.567287784679089
MM-S06,8,15,3,2.567287784679089
MM-S06,8,16,5,2.567287784679089
MM-S06,8,17,4,2.567287784679089
MM-S06,8,18,3,2.567287784679089
MM-S06,8,19,4,2.567287784679089
MM-S06,8,20,4,2.567287784679089
MM-S06,8,21,1,2.567287784679089
MM-S06,8,22,4,2.567287784679089
MM-S06,8,23,3,2.567287784679089
MM-S06,8,24,5,2.567287784679089
MM-S06,8,25,6,2.567287784679089
MM-S06,8,26,4,2.567287784679089
MM-S06,8,27,4,2.567287784679089
MM-S06,8,28,0,2.567287784679089
MM-S06,8,29,4,2.567287784679089
MM-S06,8,30,3,2.567287784679089
MM-S06,8,31,7,2.567287784679089
MM-S06,8,32,6,2.567287784679089
MM-S06,8,33,2,2.567287784679089
MM-S06,8,34,3,2.567287784679089
MM-S06,8,35,4,2.567287784679089
MM-S06,8,36,3,2.567287784679089
MM-S06,8,37,0,2.567287784679089
MM-S06,8,38,5,2.567287784679089
MM-S06,8,39,6,2.567287784679089
MM-S06,8,40,2,2.567287784679089
MM-S06,8,41,3,2.567287784679089
MM-S06,8,42,3,2.567287784679089
MM-S06,8,43,5,2.567287784679089
MM-S06,8,44,2,2.567287784679089
MM-S06,8,45,2,2.567287784679089
MM-S06,8,46,3,2.567287784679089
MM-S06,8,47,2,2.567287784679089
MM-S06,8,48,6,2.567287784679089
MM-S06,8,49,1,2.567287784679089
MM-S06,8,50,2,2.567287784679089
MM-S06,8,51,3,2.567287784679089
MM-S06,8,52,2,2.567287784679089
MM-S06,8,53,5,2.567287784679089
MM-S06,8,54,2,2.567287784679089
MM-S06,8,55,1,2.567287784679089
MM-S06,8,56,4,2.567287784679089
MM-S06,8,57,3,2.567287784679089
MM-S06,8,58,2,2.567287784679089
MM-S06,8,59,3,2.567287784679089
MM-S06,8,60,0,2.567287784679089
MM-S06,8,61,5,2.567287784679089
MM-S06,8,62,0,2.567287784679089
MM-S06,8,63,1,2.567287784679089
MM-S06,8,64,5,2.567287784679089
MM-S06,8,65,2,2.567287784679089
MM-S06,8,66,3,2.567287784679089
MM-S06,8,67,4,2.567287784679089
MM-S06,8,68,5,2.567287784679089
MM-S06,8,69,2,2.567287784679089
MM-S06,8,70,2,2.567287784679089
MM-S06,9,10,2,2.567287784679089
MM-S06,9,11,3,2.567287784679089
MM-S06,9,12,0,2.567287784679089
MM-S06,9,13,3,2.567287784679089
MM-S06,9,14,6,2.567287784679089
MM-S06,9,15,4,2.567287784679089
MM-S06,9,16,3,2.567287784679089
MM-S06,9,17,5,2.567287784679089
MM-S06,9,18,4,2.567287784679089
MM-S06,9,19,1,2.567287784679089
MM-S06,9,20,4,2.567287784679089
MM-S06,9,21,2,2.567287784679089
MM-S06,9,22,2,2.567287784679089
MM-S06,9,23,3,2.567287784679089
MM-S06,9,24,1,2.567287784679089
MM-S06,9,25,2,2.567287784679089
MM-S06,9,26,5,2.567287784679089
MM-S06,9,27,3,2.567287784679089
MM-S06,9,28,3,2.567287784679089
MM-S06,9,29,5,2.567287784679089
MM-S06,9,30,3,2.567287784679089
MM-S06,9,31,1,2.567287784679089
MM-S06,9,32,1,2.567287784679089
MM-S06,9,33,1,2.567287784679089
MM-S06,9,34,5,2.567287784679089
MM-S06,9,35,1,2.567287784679089
MM-S06,9,36,3,2.567287784679089
MM-S06,9,37,2,2.567287784679089
MM-S06,9,38,2,2.567287784679089
MM-S06,9,39,5,2.567287784679089
MM-S06,9,40,2,2.567287784679089
MM-S06,9,41,4,2.567287784679089
MM-S06,9,42,3,2.567287784679089
MM-S06,9,43,1,2.567287784679089
MM-S06,9,44,1,2.567287784679089
MM-S06,9,45,0,2.567287784679089
MM-S06,9,46,3,2.567287784679089
MM-S06,9,47,3,2.567287784679089
MM-S06,9,48,1,2.567287784679089
MM-S06,9,49,5,2.567287784679089
MM-S06,9,50,2,2.567287784679089
MM-S06,9,51,0,2.567287784679089
MM-S06,9,52,3,2.567287784679089
MM-S06,9,53,4,2.567287784679089
MM-S06,9,54,4,2.567287784679089
MM-S06,9,55,1,2.567287784679089
MM-S06,9,56,0,2.567287784679089
MM-S06,9,57,3,2.567287784679089
MM-S06,9,58,1,2.567287784679089
MM-S06,9,59,4,2.567287784679089
MM-S06,9,60,3,2.567287784679089
MM-S06,9,61,3,2.567287784679089
MM-S06,9,62,1,2.567287784679089
MM-S06,9,63,3,2.567287784679089
MM-S06,9,64,3,2.567287784679089
MM-S06,9,65,0,2.567287784679089
MM-S06,9,66,4,2.567287784679089
MM-S06,9,67,1,2.567287784679089
MM-S06,9,68,2,2.567287784679089
MM-S06,9,69,2,2.567287784679089
MM-S06,9,70,1,2.567287784679089
MM-S06,10,11,1,2.567287784679089
MM-S06,10,12,5,2.567287784679089
MM-S06,10,13,3,2.567287784679089
MM-S06,10,14,4,2.567287784679089
MM-S06,10,15,5,2.567287784679089
MM-S06,10,16,3,2.567287784679089
MM-S06,10,17,9,2.567287784679089
MM-S06,10,18,3,2.567287784679089
MM-S06,10,19,4,2.567287784679089
MM-S06,10,20,8,2.567287784679089
MM-S06,10,21,2,2.567287784679089
MM-S06,10,22,2,2.567287784679089
MM-S06,10,23,1,2.567287784679089
MM-S06,10,24,3,2.567287784679089
MM-S06,10,25,3,2.567287784679089
MM-S06,10,26,4,2.567287784679089
MM-S06,10,27,3,2.567287784679089
MM-S06,10,28,4,2.567287784679089
MM-S06,10,29,1,2.567287784679089
MM-S06,10,30,2,2.567287784679089
MM-S06,10,31,3,2.567287784679089
MM-S06,10,32,3,2.567287784679089
MM-S06,10,33,5,2.567287784679089
MM-S06,10,34,0,2.567287784679089
MM-S06,10,35,1,2.567287784679089
MM-S06,10,36,0,2.567287784679089
MM-S06,10,37,2,2.567287784679089
MM-S06,10,38,6,2.567287784679089
MM-S06,10,39,2,2.567287784679089
MM-S06,10,40,1,2.567287784679089
MM-S06,10,41,4,2.567287784679089
MM-S06,10,42,6,2.567287784679089
MM-S06,10,43,4,2.567287784679089
MM-S06,10,44,4,2.567287784679089
MM-S06,10,45,2,2.567287784679089
MM-S06,10,46,4,2.567287784679089
MM-S06,10,47,4,2.567287784679089
MM-S06,10,48,4,2.567287784679089
MM-S06,10,49,2,2.567287784679089
MM-S06,10,50,4,2.567287784679089
MM-S06,10,51,4,2.567287784679089
MM-S06,10,52,3,2.567287784679089
MM-S06,10,53,4,2.567287784679089
MM-S06,10,54,4,2.567287784679089
MM-S06,10,55,5,2.567287784679089
MM-S06,10,56,3,2.567287784679089
MM-S06,10,57,6,2.567287784679089
MM-S06,10,58,4,2.567287784679089
MM-S06,10,59,2,2.567287784679089
MM-S06,10,60,1,2.567287784679089
MM-S06,10,61,4,2.567287784679089
MM-S06,10,62,4,2.567287784679089
MM-S06,10,63,2,2.567287784679089
MM-S06,10,64,2,2.567287784679089
MM-S06,10,65,4,2.567287784679089
MM-S06,10,66,7,2.567287784679089
MM-S06,10,67,1,2.567287784679089
MM-S06,10,68,4,2.567287784679089
MM-S06,10,69,2,2.567287784679089
MM-S06,10,70,2,2.567287784679089
MM-S06,11,12,1,2.567287784679089
MM-S06,11,13,5,2.567287784679089
MM-S06,11,14,2,2.567287784679089
MM-S06,11,15,3,2.567287784679089
MM-S06,11,16,2,2.567287784679089
MM-S06,11,17,3,2.567287784679089
MM-S06,11,18,1,2.567287784679089
MM-S06,11,19,3,2.567287784679089
MM-S06,11,20,1,2.567287784679089
MM-S06,11,21,1,2.567287784679089
MM-S06,11,22,2,2.567287784679089
MM-S06,11,23,3,2.567287784679089
MM-S06,11,24,2,2.567287784679089
MM-S06,11,25,3,2.567287784679089
MM-S06,11,26,2,2.567287784679089
MM-S06,11,27,3,2.567287784679089
MM-S06,11,28,3,2.567287784679089
MM-S06,11,29,4,2.567287784679089
MM-S06,11,30,3,2.567287784679089
MM-S06,11,31,5,2.567287784679089
MM-S06,11,32,2,2.567287784679089
MM-S06,11,33,2,2.567287784679089
MM-S06,11,34,5,2.567287784679089
MM-S06,11,35,0,2.567287784679089
MM-S06,11,36,3,2.567287784679089
MM-S06,11,37,4,2.567287784679089
MM-S06,11,38,4,2.567287784679089
MM-S06,11,39,1,2.567287784679089
MM-S06,11,40,1,2.567287784679089
MM-S06,11,41,2,2.567287784679089
MM-S06,11,42,1,2.567287784679089
MM-S06,11,43,4,2.567287784679089
MM-S06,11,44,7,2.567287784679089
MM-S06,11,45,3,2.567287784679089
MM-S06,11,46,5,2.567287784679089
MM-S06,11,47,4,2.567287784679089
MM-S06,11,48,5,2.567287784679089
MM-S06,11,49,1,2.567287784679089
MM-S06,11,50,1,2.567287784679089
MM-S06,11,51,2,2.567287784679089
MM-S06,11,52,3,2.567287784679089
MM-S06,11,53,1,2.567287784679089
MM-S06,11,54,3,2.567287784679089
MM-S06,11,55,4,2.567287784679089
MM-S06,11,56,3,2.567287784679089
MM-S06,11,57,1,2.567287784679089
MM-S06,11,58,4,2.567287784679089
MM-S06,11,59,4,2.567287784679089
MM-S06,11,60,1,2.567287784679089
MM-S06,11,61,0,2.567287784679089
MM-S06,11,62,2,2.567287784679089
MM-S06,11,63,3,2.567287784679089
MM-S06,11,64,4,2.567287784679089
MM-S06,11,65,2,2.567287784679089
MM-S06,11,66,4,2.567287784679089
MM-S06,11,67,2,2.567287784679089
MM-S06,11,68,4,2.567287784679089
MM-S06,11,69,0,2.567287784679089
MM-S06,11,70,4,2.567287784679089
MM-S06,12,13,2,2.567287784679089
MM-S06,12,14,5,2.567287784679089
MM-S06,12,15,3,2.567287784679089
MM-S06,12,16,1,2.567287784679089
MM-S06,12,17,2,2.567287784679089
MM-S06,12,18,4,2.567287784679089
MM-S06,12,19,2,2.567287784679089
MM-S06,12,20,3,2.567287784679089
MM-S06,12,21,2,2.567287784679089
MM-S06,12,22,2,2.567287784679089
MM-S06,12,23,4,2.567287784679089
MM-S06,12,24,6,2.567287784679089
MM-S06,12,25,0,2.567287784679089
MM-S06,12,26,4,2.567287784679089
MM-S06,12,27,0,2.567287784679089
MM-S06,12,28,1,2.567287784679089
MM-S06,12,29,1,2.567287784679089
MM-S06,12,30,1,2.567287784679089
MM-S06,12,31,2,2.567287784679089
MM-S06,12,32,2,2.567287784679089
MM-S06,12,33,2,2.567287784679089
MM-S06,12,34,2,2.567287784679089
MM-S06,12,35,5,2.567287784679089
MM-S06,12,36,2,2.567287784679089
MM-S06,12,37,2,2.567287784679089
MM-S06,12,38,5,2.567287784679089
MM-S06,12,39,3,2.567287784679089
MM-S06,12,40,1,2.567287784679089
MM-S06,12,41,2,2.567287784679089
MM-S06,12,42,2,2.567287784679089
MM-S06,12,43,4,2.567287784679089
MM-S06,12,44,2,2.567287784679089
MM-S06,12,45,1,2.567287784679089
MM-S06,12,46,5,2.567287784679089
MM-S06,12,47,1,2.567287784679089
MM-S06,12,48,3,2.567287784679089
MM-S06,12,49,4,2.567287784679089
MM-S06,12,50,2,2.567287784679089
MM-S06,12,51,2,2.567287784679089
MM-S06,12,52,1,2.567287784679089
MM-S06,12,53,2,2.567287784679089
MM-S06,12,54,0,2.567287784679089
MM-S06,12,55,2,2.567287784679089
MM-S06,12,56,1,2.567287784679089
MM-S06,12,57,6,2.567287784679089
MM-S06,12,58,1,2.567287784679089
MM-S06,12,59,0,2.567287784679089
MM-S06,12,60,1,2.567287784679089
MM-S06,12,61,2,2.567287784679089
MM-S06,12,62,1,2.567287784679089
MM-S06,12,63,0,2.567287784679089
MM-S06,12,64,4,2.567287784679089
MM-S06,12,65,4,2.567287784679089
MM-S06,12,66,2,2.567287784679089
MM-S06,12,67,0,2.567287784679089
MM-S06,12,68,1,2.567287784679089
MM-S06,12,69,2,2.567287784679089
MM-S06,12,70,2,2.567287784679089
MM-S06,13,14,2,2.567287784679089
MM-S06,13,15,3,2.567287784679089
MM-S06,13,16,2,2.567287784679089
MM-S06,13,17,2,2.567287784679089
MM-S06,13,18,3,2.567287784679089
MM-S06,13,19,7,2.567287784679089
MM-S06,13,20,2,2.567287784679089
MM-S06,13,21,3,2.567287784679089
MM-S06,13,22,3,2.567287784679089
MM-S06,13,23,1,2.567287784679089
MM-S06,13,24,2,2.567287784679089
MM-S06,13,25,1,2.567287784679089
MM-S06,13,26,2,2.567287784679089
MM-S06,13,27,1,2.567287784679089
MM-S06,13,28,1,2.567287784679089
MM-S06,13,29,4,2.567287784679089
MM-S06,13,30,1,2.567287784679089
MM-S06,13,31,3,2.567287784679089
MM-S06,13,32,4,2.567287784679089
MM-S06,13,33,2,2.567287784679089
MM-S06,13,34,2,2.567287784679089
MM-S06,13,35,3,2.567287784679089
MM-S06,13,36,3,2.567287784679089
MM-S06,13,37,1,2.567287784679089
MM-S06,13,38,4,2.567287784679089
MM-S06,13,39,1,2.567287784679089
MM-S06,13,40,3,2.567287784679089
MM-S06,13,41,1,2.567287784679089
MM-S06,13,42,2,2.567287784679089
MM-S06,13,43,2,2.567287784679089
MM-S06,13,44,0,2.567287784679089
MM-S06,13,45,3,2.567287784679089
MM-S06,13,46,4,2.567287784679089
MM-S06,13,47,2,2.567287784679089
MM-S06,13,48,2,2.567287784679089
MM-S06,13,49,2,2.567287784679089
MM-S06,13,50,1,2.567287784679089
MM-S06,13,51,3,2.567287784679089
MM-S06,13,52,2,2.567287784679089
MM-S06,13,53,3,2.567287784679089
MM-S06,13,54,1,2.567287784679089
MM-S06,13,55,2,2.567287784679089
MM-S06,13,56,0,2.567287784679089
MM-S06,13,57,3,2.567287784679089
MM-S06,13,58,2,2.567287784679089
MM-S06,13,59,2,2.567287784679089
MM-S06,13,60,2,2.567287784679089
MM-S06,13,61,3,2.567287784679089
MM-S06,13,62,6,2.567287784679089
MM-S06,13,63,2,2.567287784679089
MM-S06,13,64,4,2.567287784679089
MM-S06,13,65,2,2.567287784679089
MM-S06,13,66,2,2.567287784679089
MM-S06,13,67,4,2.567287784679089
MM-S06,13,68,3,2.567287784679089
MM-S06,13,69,3,2.567287784679089
MM-S06,13,70,3,2.567287784679089
MM-S06,14,15,3,2.567287784679089
MM-S06,14,16,4,2.567287784679089
MM-S06,14,17,4,2.567287784679089
MM-S06,14,18,2,2.567287784679089
MM-S06,14,19,3,2.567287784679089
MM-S06,14,20,2,2.567287784679089
MM-S06,14,21,3,2.567287784679089
MM-S06,14,22,5,2.567287784679089
MM-S06,14,23,1,2.567287784679089
MM-S06,14,24,7,2.567287784679089
MM-S06,14,25,7,2.567287784679089
MM-S06,14,26,5,2.567287784679089
MM-S06,14,27,3,2.567287784679089
MM-S06,14,28,5,2.567287784679089
MM-S06,14,29,2,2.567287784679089
MM-S06,14,30,3,2.567287784679089
MM-S06,14,31,4,2.567287784679089
MM-S06,14,32,1,2.567287784679089
MM-S06,14,33,3,2.567287784679089
MM-S06,14,34,2,2.567287784679089
MM-S06,14,35,1,2.567287784679089
MM-S06,14,36,2,2.567287784679089
MM-S06,14,37,3,2.567287784679089
MM-S06,14,38,6,2.567287784679089
MM-S06,14,39,2,2.567287784679089
MM-S06,14,40,6,2.567287784679089
MM-S06,14,41,3,2.567287784679089
MM-S06,14,42,5,2.567287784679089
MM-S06,14,43,4,2.567287784679089
MM-S06,14,44,6,2.567287784679089
MM-S06,14,45,0,2.567287784679089
MM-S06,14,46,3,2.567287784679089
MM-S06,14,47,1,2.567287784679089
MM-S06,14,48,5,2.567287784679089
MM-S06,14,49,1,2.567287784679089
MM-S06,14,50,0,2.567287784679089
MM-S06,14,51,4,2.567287784679089
MM-S06,14,52,2,2.567287784679089
MM-S06,14,53,4,2.567287784679089
MM-S06,14,54,2,2.567287784679089
MM-S06,14,55,0,2.567287784679089
MM-S06,14,56,3,2.567287784679089
MM-S06,14,57,4,2.567287784679089
MM-S06,14,58,6,2.567287784679089
MM-S06,14,59,5,2.567287784679089
MM-S06,14,60,4,2.567287784679089
MM-S06,14,61,0,2.567287784679089
MM-S06,14,62,4,2.567287784679089
MM-S06,14,63,2,2.567287784679089
MM-S06,14,64,5,2.567287784679089
MM-S06,14,65,0,2.567287784679089
MM-S06,14,66,6,2.567287784679089
MM-S06,14,67,5,2.567287784679089
MM-S06,14,68,3,2.567287784679089
MM-S06,14,69,1,2.567287784679089
MM-S06,14,70,5,2.567287784679089
MM-S06,15,16,4,2.567287784679089
MM-S06,15,17,3,2.567287784679089
MM-S06,15,18,4,2.567287784679089
MM-S06,15,19,6,2.567287784679089
MM-S06,15,20,5,2.567287784679089
MM-S06,15,21,4,2.567287784679089
MM-S06,15,22,2,2.567287784679089
MM-S06,15,23,1,2.567287784679089
MM-S06,15,24,1,2.567287784679089
MM-S06,15,25,6,2.567287784679089
MM-S06,15,26,2,2.567287784679089
MM-S06,15,27,2,2.567287784679089
MM-S06,15,28,3,2.567287784679089
MM-S06,15,29,0,2.567287784679089
MM-S06,15,30,6,2.567287784679089
MM-S06,15,31,3,2.567287784679089
MM-S06,15,32,6,2.567287784679089
MM-S06,15,33,2,2.567287784679089
MM-S06,15,34,2,2.567287784679089
MM-S06,15,35,5,2.567287784679089
MM-S06,15,36,2,2.567287784679089
MM-S06,15,37,5,2.567287784679089
MM-S06,15,38,4,2.567287784679089
MM-S06,15,39,4,2.567287784679089
MM-S06,15,40,1,2.567287784679089
MM-S06,15,41,3,2.567287784679089
MM-S06,15,42,5,2.567287784679089
MM-S06,15,43,0,2.567287784679089
MM-S06,15,44,1,2.567287784679089
MM-S06,15,45,3,2.567287784679089
MM-S06,15,46,2,2.567287784679089
MM-S06,15,47,2,2.567287784679089
MM-S06,15,48,2,2.567287784679089
MM-S06,15,49,2,2.567287784679089
MM-S06,15,50,2,2.567287784679089
MM-S06,15,51,2,2.567287784679089
MM-S06,15,52,1,2.567287784679089
MM-S06,15,53,4,2.567287784679089
MM-S06,15,54,1,2.567287784679089
MM-S06,15,55,1,2.567287784679089
MM-S06,15,56,4,2.567287784679089
MM-S06,15,57,4,2.567287784679089
MM-S06,15,58,1,2.567287784679089
MM-S06,15,59,3,2.567287784679089
MM-S06,15,60,2,2.567287784679089
MM-S06,15,61,3,2.567287784679089
MM-S06,15,62,5,2.567287784679089
MM-S06,15,63,5,2.567287784679089
MM-S06,15,64,6,2.567287784679089
MM-S06,15,65,3,2.567287784679089
MM-S06,15,66,4,2.567287784679089
MM-S06,15,67,5,2.567287784679089
MM-S06,15,68,4,2.567287784679089
MM-S06,15,69,3,2.567287784679089
MM-S06,15,70,5,2.567287784679089
MM-S06,16,17,3,2.567287784679089
MM-S06,16,18,6,2.567287784679089
MM-S06,16,19,3,2.567287784679089
MM-S06,16,20,1,2.567287784679089
MM-S06,16,21,5,2.567287784679089
MM-S06,16,22,4,2.567287784679089
MM-S06,16,23,1,2.567287784679089
MM-S06,16,24,2,2.567287784679089
MM-S06,16,25,4,2.567287784679089
MM-S06,16,26,3,2.567287784679089
MM-S06,16,27,3,2.567287784679089
MM-S06,16,28,3,2.567287784679089
MM-S06,16,29,3,2.567287784679089
MM-S06,16,30,3,2.567287784679089
MM-S06,16,31,5,2.567287784679089
MM-S06,16,32,2,2.567287784679089
MM-S06,16,33,3,2.567287784679089
MM-S06,16,34,1,2.567287784679089
MM-S06,16,35,0,2.567287784679089
MM-S06,16,36,4,2.567287784679089
MM-S06,16,37,5,2.567287784679089
MM-S06,16,38,5,2.567287784679089
MM-S06,16,39,1,2.567287784679089
MM-S06,16,40,4,2.567287784679089
MM-S06,16,41,2,2.567287784679089
MM-S06,16,42,3,2.567287784679089
MM-S06,16,43,3,2.567287784679089
MM-S06,16,44,3,2.567287784679089
MM-S06,16,45,0,2.567287784679089
MM-S06,16,46,0,2.567287784679089
MM-S06,16,47,1,2.567287784679089
MM-S06,16,48,4,2.567287784679089
MM-S06,16,49,2,2.567287784679089
MM-S06,16,50,0,2.567287784679089
MM-S06,16,51,2,2.567287784679089
MM-S06,16,52,5,2.567287784679089
MM-S06,16,53,1,2.567287784679089
MM-S06,16,54,3,2.567287784679089
MM-S06,16,55,2,2.567287784679089
MM-S06,16,56,1,2.567287784679089
MM-S06,16,57,2,2.567287784679089
MM-S06,16,58,1,2.567287784679089
MM-S06,16,59,5,2.567287784679089
MM-S06,16,60,3,2.567287784679089
MM-S06,16,61,6,2.567287784679089
MM-S06,16,62,2,2.567287784679089
MM-S06,16,63,0,2.567287784679089
MM-S06,16,64,2,2.567287784679089
MM-S06,16,65,1,2.567287784679089
MM-S06,16,66,3,2.567287784679089
MM-S06,16,67,3,2.567287784679089
MM-S06,16,68,2,2.567287784679089
MM-S06,16,69,1,2.567287784679089
MM-S06,16,70,1,2.567287784679089
MM-S06,17,18,4,2.567287784679089
MM-S06,17,19,3,2.567287784679089
MM-S06,17,20,4,2.567287784679089
MM-S06,17,21,6,2.567287784679089
MM-S06,17,22,1,2.567287784679089
MM-S06,17,23,4,2.567287784679089
MM-S06,17,24,2,2.567287784679089
MM-S06,17,25,4,2.567287784679089
MM-S06,17,26,2,2.567287784679089
MM-S06,17,27,8,2.567287784679089
MM-S06,17,28,4,2.567287784679089
MM-S06,17,29,3,2.567287784679089
MM-S06,17,30,1,2.567287784679089
MM-S06,17,31,2,2.567287784679089
MM-S06,17,32,4,2.567287784679089
MM-S06,17,33,4,2.567287784679089
MM-S06,17,34,4,2.567287784679089
MM-S06,17,35,1,2.567287784679089
MM-S06,17,36,4,2.567287784679089
MM-S06,17,37,2,2.567287784679089
MM-S06,17,38,1,2.567287784679089
MM-S06,17,39,4,2.567287784679089
MM-S06,17,40,6,2.567287784679089
MM-S06,17,41,0,2.567287784679089
MM-S06,17,42,3,2.567287784679089
MM-S06,17,43,4,2.567287784679089
MM-S06,17,44,1,2.567287784679089
MM-S06,17,45,2,2.567287784679089
MM-S06,17,46,6,2.567287784679089
MM-S06,17,47,2,2.567287784679089
MM-S06,17,48,5,2.567287784679089
MM-S06,17,49,3,2.567287784679089
MM-S06,17,50,1,2.567287784679089
MM-S06,17,51,6,2.567287784679089
MM-S06,17,52,2,2.567287784679089
MM-S06,17,53,3,2.567287784679089
MM-S06,17,54,3,2.567287784679089
MM-S06,17,55,4,2.567287784679089
MM-S06,17,56,4,2.567287784679089
MM-S06,17,57,3,2.567287784679089
MM-S06,17,58,1,2.567287784679089
MM-S06,17,59,3,2.567287784679089
MM-S06,17,60,2,2.567287784679089
MM-S06,17,61,2,2.567287784679089
MM-S06,17,62,3,2.567287784679089
MM-S06,17,63,2,2.567287784679089
MM-S06,17,64,3,2.567287784679089
MM-S06,17,65,2,2.567287784679089
MM-S06,17,66,5,2.567287784679089
MM-S06,17,67,1,2.567287784679089
MM-S06,17,68,2,2.567287784679089
MM-S06,17,69,3,2.567287784679089
MM-S06,17,70,4,2.567287784679089
MM-S06,18,19,0,2.567287784679089
MM-S06,18,20,1,2.567287784679089
MM-S06,18,21,1,2.567287784679089
MM-S06,18,22,2,2.567287784679089
MM-S06,18,23,1,2.567287784679089
MM-S06,18,24,4,2.567287784679089
MM-S06,18,25,2,2.567287784679089
MM-S06,18,26,2,2.567287784679089
MM-S06,18,27,3,2.567287784679089
MM-S06,18,28,3,2.567287784679089
MM-S06,18,29,3,2.567287784679089
MM-S06,18,30,2,2.567287784679089
MM-S06,18,31,6,2.567287784679089
MM-S06,18,32,5,2.567287784679089
MM-S06,18,33,3,2.567287784679089
MM-S06,18,34,3,2.567287784679089
MM-S06,18,35,1,2.567287784679089
MM-S06,18,36,1,2.567287784679089
MM-S06,18,37,1,2.567287784679089
MM-S06,18,38,6,2.567287784679089
MM-S06,18,39,5,2.567287784679089
MM-S06,18,40,3,2.567287784679089
MM-S06,18,41,2,2.567287784679089
MM-S06,18,42,3,2.567287784679089
MM-S06,18,43,3,2.567287784679089
MM-S06,18,44,3,2.567287784679089
MM-S06,18,45,2,2.567287784679089
MM-S06,18,46,6,2.567287784679089
MM-S06,18,47,2,2.567287784679089
MM-S06,18,48,1,2.567287784679089
MM-S06,18,49,1,2.567287784679089
MM-S06,18,50,1,2.567287784679089
MM-S06,18,51,0,2.567287784679089
MM-S06,18,52,2,2.567287784679089
MM-S06,18,53,2,2.567287784679089
MM-S06,18,54,1,2.567287784679089
MM-S06,18,55,2,2.567287784679089
MM-S06,18,56,0,2.567287784679089
MM-S06,18,57,2,2.567287784679089
MM-S06,18,58,4,2.567287784679089
MM-S06,18,59,1,2.567287784679089
MM-S06,18,60,4,2.567287784679089
MM-S06,18,61,1,2.567287784679089
MM-S06,18,62,2,2.567287784679089
MM-S06,18,63,2,2.567287784679089
MM-S06,18,64,3,2.567287784679089
MM-S06,18,65,2,2.567287784679089
MM-S06,18,66,1,2.567287784679089
MM-S06,18,67,3,2.567287784679089
MM-S06,18,68,4,2.567287784679089
MM-S06,18,69,5,2.567287784679089
MM-S06,18,70,0,2.567287784679089
MM-S06,19,20,3,2.567287784679089
MM-S06,19,21,1,2.567287784679089
MM-S06,19,22,2,2.567287784679089
MM-S06,19,23,1,2.567287784679089
MM-S06,19,24,3,2.567287784679089
MM-S06,19,25,2,2.567287784679089
MM-S06,19,26,3,2.567287784679089
MM-S06,19,27,2,2.567287784679089
MM-S06,19,28,5,2.567287784679089
MM-S06,19,29,1,2.567287784679089
MM-S06,19,30,1,2.567287784679089
MM-S06,19,31,5,2.567287784679089
MM-S06,19,32,4,2.567287784679089
MM-S06,19,33,3,2.567287784679089
MM-S06,19,34,2,2.567287784679089
MM-S06,19,35,2,2.567287784679089
MM-S06,19,36,2,2.567287784679089
MM-S06,19,37,3,2.567287784679089
MM-S06,19,38,1,2.567287784679089
MM-S06,19,39,4,2.567287784679089
MM-S06,19,40,3,2.567287784679089
MM-S06,19,41,0,2.567287784679089
MM-S06,19,42,2,2.567287784679089
MM-S06,19,43,1,2.567287784679089
MM-S06,19,44,3,2.567287784679089
MM-S06,19,45,1,2.567287784679089
MM-S06,19,46,3,2.567287784679089
MM-S06,19,47,4,2.567287784679089
MM-S06,19,48,2,2.567287784679089
MM-S06,19,49,1,2.567287784679089
MM-S06,19,50,3,2.567287784679089
MM-S06,19,51,0,2.567287784679089
MM-S06,19,52,4,2.567287784679089
MM-S06,19,53,4,2.567287784679089
MM-S06,19,54,2,2.567287784679089
MM-S06,19,55,1,2.567287784679089
MM-S06,19,56,3,2.567287784679089
MM-S06,19,57,4,2.567287784679089
MM-S06,19,58,2,2.567287784679089
MM-S06,19,59,2,2.567287784679089
MM-S06,19,60,2,2.567287784679089
MM-S06,19,61,3,2.567287784679089
MM-S06,19,62,1,2.567287784679089
MM-S06,19,63,2,2.567287784679089
MM-S06,19,64,1,2.567287784679089
MM-S06,19,65,2,2.567287784679089
MM-S06,19,66,1,2.567287784679089
MM-S06,19,67,1,2.567287784679089
MM-S06,19,68,6,2.567287784679089
MM-S06,19,69,3,2.567287784679089
MM-S06,19,70,1,2.567287784679089
MM-S06,20,21,0,2.567287784679089
MM-S06,20,22,2,2.567287784679089
MM-S06,20,23,3,2.567287784679089
MM-S06,20,24,0,2.567287784679089
MM-S06,20,25,1,2.567287784679089
MM-S06,20,26,3,2.567287784679089
MM-S06,20,27,3,2.567287784679089
MM-S06,20,28,1,2.567287784679089
MM-S06,20,29,4,2.567287784679089
MM-S06,20,30,3,2.567287784679089
MM-S06,20,31,7,2.567287784679089
MM-S06,20,32,4,2.567287784679089
MM-S06,20,33,4,2.567287784679089
MM-S06,20,34,4,2.567287784679089
MM-S06,20,35,2,2.567287784679089
MM-S06,20,36,5,2.567287784679089
MM-S06,20,37,5,2.567287784679089
MM-S06,20,38,1,2.567287784679089
MM-S06,20,39,4,2.567287784679089
MM-S06,20,40,3,2.567287784679089
MM-S06,20,41,4,2.567287784679089
MM-S06,20,42,3,2.567287784679089
MM-S06,20,43,4,2.567287784679089
MM-S06,20,44,4,2.567287784679089
MM-S06,20,45,3,2.567287784679089
MM-S06,20,46,7,2.567287784679089
MM-S06,20,47,3,2.567287784679089
MM-S06,20,48,3,2.567287784679089
MM-S06,20,49,2,2.567287784679089
MM-S06,20,50,1,2.567287784679089
MM-S06,20,51,1,2.567287784679089
MM-S06,20,52,4,2.567287784679089
MM-S06,20,53,3,2.567287784679089
MM-S06,20,54,3,2.567287784679089
MM-S06,20,55,3,2.567287784679089
MM-S06,20,56,1,2.567287784679089
MM-S06,20,57,4,2.567287784679089
MM-S06,20,58,2,2.567287784679089
MM-S06,20,59,4,2.567287784679089
MM-S06,20,60,3,2.567287784679089
MM-S06,20,61,5,2.567287784679089
MM-S06,20,62,2,2.567287784679089
MM-S06,20,63,2,2.567287784679089
MM-S06,20,64,5,2.567287784679089
MM-S06,20,65,2,2.567287784679089
MM-S06,20,66,3,2.567287784679089
MM-S06,20,67,2,2.567287784679089
MM-S06,20,68,1,2.567287784679089
MM-S06,20,69,2,2.567287784679089
MM-S06,20,70,5,2.567287784679089
MM-S06,21,22,3,2.567287784679089
MM-S06,21,23,1,2.567287784679089
MM-S06,21,24,2,2.567287784679089
MM-S06,21,25,2,2.567287784679089
MM-S06,21,26,1,2.567287784679089
MM-S06,21,27,3,2.567287784679089
MM-S06,21,28,2,2.567287784679089
MM-S06,21,29,3,2.567287784679089
MM-S06,21,30,2,2.567287784679089
MM-S06,21,31,2,2.567287784679089
MM-S06,21,32,2,2.567287784679089
MM-S06,21,33,3,2.567287784679089
MM-S06,21,34,3,2.567287784679089
MM-S06,21,35,4,2.567287784679089
MM-S06,21,36,4,2.567287784679089
MM-S06,21,37,0,2.567287784679089
MM-S06,21,38,3,2.567287784679089
MM-S06,21,39,2,2.567287784679089
MM-S06,21,40,4,2.567287784679089
MM-S06,21,41,1,2.567287784679089
MM-S06,21,42,3,2.567287784679089
MM-S06,21,43,3,2.567287784679089
MM-S06,21,44,1,2.567287784679089
MM-S06,21,45,2,2.567287784679089
MM-S06,21,46,3,2.567287784679089
MM-S06,21,47,0,2.567287784679089
MM-S06,21,48,2,2.567287784679089
MM-S06,21,49,1,2.567287784679089
MM-S06,21,50,2,2.567287784679089
MM-S06,21,51,0,2.567287784679089
MM-S06,21,52,3,2.567287784679089
MM-S06,21,53,1,2.567287784679089
MM-S06,21,54,4,2.567287784679089
MM-S06,21,55,2,2.567287784679089
MM-S06,21,56,3,2.567287784679089
MM-S06,21,57,2,2.567287784679089
MM-S06,21,58,0,2.567287784679089
MM-S06,21,59,1,2.567287784679089
MM-S06,21,60,2,2.567287784679089
MM-S06,21,61,5,2.567287784679089
MM-S06,21,62,5,2.567287784679089
MM-S06,21,63,3,2.567287784679089
MM-S06,21,64,0,2.567287784679089
MM-S06,21,65,2,2.567287784679089
MM-S06,21,66,1,2.567287784679089
MM-S06,21,67,2,2.567287784679089
MM-S06,21,68,1,2.567287784679089
MM-S06,21,69,1,2.567287784679089
MM-S06,21,70,2,2.567287784679089
MM-S06,22,23,0,2.567287784679089
MM-S06,22,24,3,2.567287784679089
MM-S06,22,25,1,2.567287784679089
MM-S06,22,26,3,2.567287784679089
MM-S06,22,27,3,2.567287784679089
MM-S06,22,28,3,2.567287784679089
MM-S06,22,29,2,2.567287784679089
MM-S06,22,30,4,2.567287784679089
MM-S06,22,31,2,2.567287784679089
MM-S06,22,32,1,2.567287784679089
MM-S06,22,33,1,2.567287784679089
MM-S06,22,34,2,2.567287784679089
MM-S06,22,35,0,2.567287784679089
MM-S06,22,36,1,2.567287784679089
MM-S06,22,37,3,2.567287784679089
MM-S06,22,38,3,2.567287784679089
MM-S06,22,39,4,2.567287784679089
MM-S06,22,40,1,2.567287784679089
MM-S06,22,41,5,2.567287784679089
MM-S06,22,42,4,2.567287784679089
MM-S06,22,43,6,2.567287784679089
MM-S06,22,44,5,2.567287784679089
MM-S06,22,45,2,2.567287784679089
MM-S06,22,46,0,2.567287784679089
MM-S06,22,47,3,2.567287784679089
MM-S06,22,48,6,2.567287784679089
MM-S06,22,49,2,2.567287784679089
MM-S06,22,50,2,2.567287784679089
MM-S06,22,51,1,2.567287784679089
MM-S06,22,52,2,2.567287784679089
MM-S06,22,53,3,2.567287784679089
MM-S06,22,54,3,2.567287784679089
MM-S06,22,55,2,2.567287784679089
MM-S06,22,56,2,2.567287784679089
MM-S06,22,57,1,2.567287784679089
MM-S06,22,58,5,2.567287784679089
MM-S06,22,59,3,2.567287784679089
MM-S06,22,60,4,2.567287784679089
MM-S06,22,61,3,2.567287784679089
MM-S06,22,62,2,2.567287784679089
MM-S06,22,63,1,2.567287784679089
MM-S06,22,64,2,2.567287784679089
MM-S06,22,65,3,2.567287784679089
MM-S06,22,66,4,2.567287784679089
MM-S06,22,67,1,2.567287784679089
MM-S06,22,68,3,2.567287784679089
MM-S06,22,69,3,2.567287784679089
MM-S06,22,70,1,2.567287784679089
MM-S06,23,24,7,2.567287784679089
MM-S06,23,25,4,2.567287784679089
MM-S06,23,26,2,2.567287784679089
MM-S06,23,27,2,2.567287784679089
MM-S06,23,28,1,2.567287784679089
MM-S06,23,29,3,2.567287784679089
MM-S06,23,30,3,2.567287784679089
MM-S06,23,31,1,2.567287784679089
MM-S06,23,32,0,2.567287784679089
MM-S06,23,33,1,2.567287784679089
MM-S06,23,34,0,2.567287784679089
MM-S06,23,35,4,2.567287784679089
MM-S06,23,36,1,2.567287784679089
MM-S06,23,37,1,2.567287784679089
MM-S06,23,38,5,2.567287784679089
MM-S06,23,39,1,2.567287784679089
MM-S06,23,40,5,2.567287784679089
MM-S06,23,41,1,2.567287784679089
MM-S06,23,42,4,2.567287784679089
MM-S06,23,43,7,2.567287784679089
MM-S06,23,44,0,2.567287784679089
MM-S06,23,45,3,2.567287784679089
MM-S06,23,46,3,2.567287784679089
MM-S06,23,47,0,2.567287784679089
MM-S06,23,48,2,2.567287784679089
MM-S06,23,49,2,2.567287784679089
MM-S06,23,50,1,2.567287784679089
MM-S06,23,51,1,2.567287784679089
MM-S06,23,52,3,2.567287784679089
MM-S06,23,53,5,2.567287784679089
MM-S06,23,54,1,2.567287784679089
MM-S06,23,55,2,2.567287784679089
MM-S06,23,56,0,2.567287784679089
MM-S06,23,57,1,2.567287784679089
MM-S06,23,58,2,2.567287784679089
MM-S06,23,59,3,2.567287784679089
MM-S06,23,60,3,2.567287784679089
MM-S06,23,61,0,2.567287784679089
MM-S06,23,62,2,2.567287784679089
MM-S06,23,63,1,2.567287784679089
MM-S06,23,64,1,2.567287784679089
MM-S06,23,65,1,2.567287784679089
MM-S06,23,66,2,2.567287784679089
MM-S06,23,67,0,2.567287784679089
MM-S06,23,68,0,2.567287784679089
MM-S06,23,69,2,2.567287784679089
MM-S06,23,70,2,2.567287784679089
MM-S06,24,25,7,2.567287784679089
MM-S06,24,26,1,2.567287784679089
MM-S06,24,27,3,2.567287784679089
MM-S06,24,28,4,2.567287784679089
MM-S06,24,29,1,2.567287784679089
MM-S06,24,30,3,2.567287784679089
MM-S06,24,31,3,2.567287784679089
MM-S06,24,32,0,2.567287784679089
MM-S06,24,33,2,2.567287784679089
MM-S06,24,34,4,2.567287784679089
MM-S06,24,35,1,2.567287784679089
MM-S06,24,36,1,2.567287784679089
MM-S06,24,37,2,2.567287784679089
MM-S06,24,38,4,2.567287784679089
MM-S06,24,39,2,2.567287784679089
MM-S06,24,40,3,2.567287784679089
MM-S06,24,41,2,2.567287784679089
MM-S06,24,42,6,2.567287784679089
MM-S06,24,43,4,2.567287784679089
MM-S06,24,44,3,2.567287784679089
MM-S06,24,45,3,2.567287784679089
MM-S06,24,46,5,2.567287784679089
MM-S06,24,47,3,2.567287784679089
MM-S06,24,48,5,2.567287784679089
MM-S06,24,49,1,2.567287784679089
MM-S06,24,50,2,2.567287784679089
MM-S06,24,51,2,2.567287784679089
MM-S06,24,52,3,2.567287784679089
MM-S06,24,53,3,2.567287784679089
MM-S06,24,54,3,2.567287784679089
MM-S06,24,55,1,2.567287784679089
MM-S06,24,56,1,2.567287784679089
MM-S06,24,57,6,2.567287784679089
MM-S06,24,58,2,2.567287784679089
MM-S06,24,59,0,2.567287784679089
MM-S06,24,60,4,2.567287784679089
MM-S06,24,61,4,2.567287784679089
MM-S06,24,62,2,2.567287784679089
MM-S06,24,63,0,2.567287784679089
MM-S06,24,64,3,2.567287784679089
MM-S06,24,65,4,2.567287784679089
MM-S06,24,66,5,2.567287784679089
MM-S06,24,67,2,2.567287784679089
MM-S06,24,68,1,2.567287784679089
MM-S06,24,69,1,2.567287784679089
MM-S06,24,70,5,2.567287784679089
MM-S06,25,26,2,2.567287784679089
MM-S06,25,27,4,2.567287784679089
MM-S06,25,28,4,2.567287784679089
MM-S06,25,29,2,2.567287784679089
MM-S06,25,30,2,2.567287784679089
MM-S06,25,31,2,2.567287784679089
MM-S06,25,32,2,2.567287784679089
MM-S06,25,33,3,2.567287784679089
MM-S06,25,34,0,2.567287784679089
MM-S06,25,35,1,2.567287784679089
MM-S06,25,36,4,2.567287784679089
MM-S06,25,37,6,2.567287784679089
MM-S06,25,38,6,2.567287784679089
MM-S06,25,39,2,2.567287784679089
MM-S06,25,40,7,2.567287784679089
MM-S06,25,41,3,2.567287784679089
MM-S06,25,42,1,2.567287784679089
MM-S06,25,43,7,2.567287784679089
MM-S06,25,44,4,2.567287784679089
MM-S06,25,45,1,2.567287784679089
MM-S06,25,46,2,2.567287784679089
MM-S06,25,47,2,2.567287784679089
MM-S06,25,48,2,2.567287784679089
MM-S06,25,49,0,2.567287784679089
MM-S06,25,50,1,2.567287784679089
MM-S06,25,51,3,2.567287784679089
MM-S06,25,52,3,2.567287784679089
MM-S06,25,53,1,2.567287784679089
MM-S06,25,54,1,2.567287784679089
MM-S06,25,55,2,2.567287784679089
MM-S06,25,56,4,2.567287784679089
MM-S06,25,57,2,2.567287784679089
MM-S06,25,58,2,2.567287784679089
MM-S06,25,59,4,2.567287784679089
MM-S06,25,60,5,2.567287784679089
MM-S06,25,61,0,2.567287784679089
MM-S06,25,62,2,2.567287784679089
MM-S06,25,63,4,2.567287784679089
MM-S06,25,64,3,2.567287784679089
MM-S06,25,65,1,2.567287784679089
MM-S06,25,66,1,2.567287784679089
MM-S06,25,67,3,2.567287784679089
MM-S06,25,68,2,2.567287784679089
MM-S06,25,69,1,2.567287784679089
MM-S06,25,70,2,2.567287784679089
MM-S06,26,27,3,2.567287784679089
MM-S06,26,28,4,2.567287784679089
MM-S06,26,29,5,2.567287784679089
MM-S06,26,30,2,2.567287784679089
MM-S06,26,31,2,2.567287784679089
MM-S06,26,32,0,2.567287784679089
MM-S06,26,33,3,2.567287784679089
MM-S06,26,34,0,2.567287784679089
MM-S06,26,35,2,2.567287784679089
MM-S06,26,36,1,2.567287784679089
MM-S06,26,37,1,2.567287784679089
MM-S06,26,38,3,2.567287784679089
MM-S06,26,39,3,2.567287784679089
MM-S06,26,40,2,2.567287784679089
MM-S06,26,41,3,2.567287784679089
MM-S06,26,42,3,2.567287784679089
MM-S06,26,43,2,2.567287784679089
MM-S06,26,44,2,2.567287784679089
MM-S06,26,45,3,2.567287784679089
MM-S06,26,46,2,2.567287784679089
MM-S06,26,47,2,2.567287784679089
MM-S06,26,48,5,2.567287784679089
MM-S06,26,49,4,2.567287784679089
MM-S06,26,50,3,2.567287784679089
MM-S06,26,51,2,2.567287784679089
MM-S06,26,52,5,2.567287784679089
MM-S06,26,53,2,2.567287784679089
MM-S06,26,54,0,2.567287784679089
MM-S06,26,55,3,2.567287784679089
MM-S06,26,56,2,2.567287784679089
MM-S06,26,57,1,2.567287784679089
MM-S06,26,58,4,2.567287784679089
MM-S06,26,59,1,2.567287784679089
MM-S06,26,60,1,2.567287784679089
MM-S06,26,61,3,2.567287784679089
MM-S06,26,62,0,2.567287784679089
MM-S06,26,63,1,2.567287784679089
MM-S06,26,64,6,2.567287784679089
MM-S06,26,65,3,2.567287784679089
MM-S06,26,66,3,2.567287784679089
MM-S06,26,67,2,2.567287784679089
MM-S06,26,68,2,2.567287784679089
MM-S06,26,69,0,2.567287784679089
MM-S06,26,70,2,2.567287784679089
MM-S06,27,28,3,2.567287784679089
MM-S06,27,29,2,2.567287784679089
MM-S06,27,30,1,2.567287784679089
MM-S06,27,31,3,2.567287784679089
MM-S06,27,32,5,2.567287784679089
MM-S06,27,33,0,2.567287784679089
MM-S06,27,34,4,2.567287784679089
MM-S06,27,35,2,2.567287784679089
MM-S06,27,36,1,2.567287784679089
MM-S06,27,37,2,2.567287784679089
MM-S06,27,38,5,2.567287784679089
MM-S06,27,39,1,2.567287784679089
MM-S06,27,40,2,2.567287784679089
MM-S06,27,41,2,2.567287784679089
MM-S06,27,42,2,2.567287784679089
MM-S06,27,43,3,2.567287784679089
MM-S06,27,44,2,2.567287784679089
MM-S06,27,45,0,2.567287784679089
MM-S06,27,46,0,2.567287784679089
MM-S06,27,47,1,2.567287784679089
MM-S06,27,48,2,2.567287784679089
MM-S06,27,49,1,2.567287784679089
MM-S06,27,50,5,2.567287784679089
MM-S06,27,51,4,2.567287784679089
MM-S06,27,52,4,2.567287784679089
MM-S06,27,53,1,2.567287784679089
MM-S06,27,54,1,2.567287784679089
MM-S06,27,55,1,2.567287784679089
MM-S06,27,56,1,2.567287784679089
MM-S06,27,57,4,2.567287784679089
MM-S06,27,58,4,2.567287784679089
MM-S06,27,59,2,2.567287784679089
MM-S06,27,60,2,2.567287784679089
MM-S06,27,61,4,2.567287784679089
MM-S06,27,62,2,2.567287784679089
MM-S06,27,63,2,2.567287784679089
MM-S06,27,64,2,2.567287784679089
MM-S06,27,65,0,2.567287784679089
MM-S06,27,66,3,2.567287784679089
MM-S06,27,67,2,2.567287784679089
MM-S06,27,68,1,2.567287784679089
MM-S06,27,69,1,2.567287784679089
MM-S06,27,70,0,2.567287784679089
MM-S06,28,29,4,2.567287784679089
MM-S06,28,30,5,2.567287784679089
MM-S06,28,31,5,2.567287784679089
MM-S06,28,32,2,2.567287784679089
MM-S06,28,33,4,2.567287784679089
MM-S06,28,34,2,2.567287784679089
MM-S06,28,35,2,2.567287784679089
MM-S06,28,36,0,2.567287784679089
MM-S06,28,37,2,2.567287784679089
MM-S06,28,38,2,2.567287784679089
MM-S06,28,39,4,2.567287784679089
MM-S06,28,40,1,2.567287784679089
MM-S06,28,41,3,2.567287784679089
MM-S06,28,42,4,2.567287784679089
MM-S06,28,43,2,2.567287784679089
MM-S06,28,44,2,2.567287784679089
MM-S06,28,45,1,2.567287784679089
MM-S06,28,46,5,2.567287784679089
MM-S06,28,47,3,2.567287784679089
MM-S06,28,48,0,2.567287784679089
MM-S06,28,49,1,2.567287784679089
MM-S06,28,50,4,2.567287784679089
MM-S06,28,51,0,2.567287784679089
MM-S06,28,52,3,2.567287784679089
MM-S06,28,53,2,2.567287784679089
MM-S06,28,54,1,2.567287784679089
MM-S06,28,55,1,2.567287784679089
MM-S06,28,56,2,2.567287784679089
MM-S06,28,57,1,2.567287784679089
MM-S06,28,58,3,2.567287784679089
MM-S06,28,59,7,2.567287784679089
MM-S06,28,60,5,2.567287784679089
MM-S06,28,61,2,2.567287784679089
MM-S06,28,62,6,2.567287784679089
MM-S06,28,63,4,2.567287784679089
MM-S06,28,64,1,2.567287784679089
MM-S06,28,65,2,2.567287784679089
MM-S06,28,66,2,2.567287784679089
MM-S06,28,67,1,2.567287784679089
MM-S06,28,68,0,2.567287784679089
MM-S06,28,69,3,2.567287784679089
MM-S06,28,70,4,2.567287784679089
MM-S06,29,30,2,2.567287784679089
MM-S06,29,31,5,2.567287784679089
MM-S06,29,32,2,2.567287784679089
MM-S06,29,33,2,2.567287784679089
MM-S06,29,34,2,2.567287784679089
MM-S06,29,35,1,2.567287784679089
MM-S06,29,36,1,2.567287784679089
MM-S06,29,37,2,2.567287784679089
MM-S06,29,38,5,2.567287784679089
MM-S06,29,39,6,2.567287784679089
MM-S06,29,40,2,2.567287784679089
MM-S06,29,41,3,2.567287784679089
MM-S06,29,42,3,2.567287784679089
MM-S06,29,43,3,2.567287784679089
MM-S06,29,44,3,2.567287784679089
MM-S06,29,45,2,2.567287784679089
MM-S06,29,46,3,2.567287784679089
MM-S06,29,47,4,2.567287784679089
MM-S06,29,48,2,2.567287784679089
MM-S06,29,49,3,2.567287784679089
MM-S06,29,50,3,2.567287784679089
MM-S06,29,51,0,2.567287784679089
MM-S06,29,52,3,2.567287784679089
MM-S06,29,53,3,2.567287784679089
MM-S06,29,54,3,2.567287784679089
MM-S06,29,55,1,2.567287784679089
MM-S06,29,56,6,2.567287784679089
MM-S06,29,57,4,2.567287784679089
MM-S06,29,58,3,2.567287784679089
MM-S06,29,59,5,2.567287784679089
MM-S06,29,60,6,2.567287784679089
MM-S06,29,61,0,2.567287784679089
MM-S06,29,62,5,2.567287784679089
MM-S06,29,63,3,2.567287784679089
MM-S06,29,64,5,2.567287784679089
MM-S06,29,65,2,2.567287784679089
MM-S06,29,66,8,2.567287784679089
MM-S06,29,67,4,2.567287784679089
MM-S06,29,68,0,2.567287784679089
MM-S06,29,69,2,2.567287784679089
MM-S06,29,70,1,2.567287784679089
MM-S06,30,31,2,2.567287784679089
MM-S06,30,32,1,2.567287784679089
MM-S06,30,33,3,2.567287784679089
MM-S06,30,34,1,2.567287784679089
MM-S06,30,35,4,2.567287784679089
MM-S06,30,36,3,2.567287784679089
MM-S06,30,37,2,2.567287784679089
MM-S06,30,38,4,2.567287784679089
MM-S06,30,39,2,2.567287784679089
MM-S06,30,40,1,2.567287784679089
MM-S06,30,41,2,2.567287784679089
MM-S06,30,42,6,2.567287784679089
MM-S06,30,43,4,2.567287784679089
MM-S06,30,44,4,2.567287784679089
MM-S06,30,45,4,2.567287784679089
MM-S06,30,46,4,2.567287784679089
MM-S06,30,47,0,2.567287784679089
MM-S06,30,48,3,2.567287784679089
MM-S06,30,49,1,2.567287784679089
MM-S06,30,50,1,2.567287784679089
MM-S06,30,51,1,2.567287784679089
MM-S06,30,52,4,2.567287784679089
MM-S06,30,53,2,2.567287784679089
MM-S06,30,54,2,2.567287784679089
MM-S06,30,55,2,2.567287784679089
MM-S06,30,56,5,2.567287784679089
MM-S06,30,57,1,2.567287784679089
MM-S06,30,58,3,2.567287784679089
MM-S06,30,59,2,2.567287784679089
MM-S06,30,60,5,2.567287784679089
MM-S06,30,61,5,2.567287784679089
MM-S06,30,62,4,2.567287784679089
MM-S06,30,63,1,2.567287784679089
MM-S06,30,64,2,2.567287784679089
MM-S06,30,65,2,2.567287784679089
MM-S06,30,66,4,2.567287784679089
MM-S06,30,67,2,2.567287784679089
MM-S06,30,68,1,2.567287784679089
MM-S06,30,69,1,2.567287784679089
MM-S06,30,70,2,2.567287784679089
MM-S06,31,32,5,2.567287784679089
MM-S06,31,33,1,2.567287784679089
MM-S06,31,34,7,2.567287784679089
MM-S06,31,35,3,2.567287784679089
MM-S06,31,36,0,2.567287784679089
MM-S06,31,37,4,2.567287784679089
MM-S06,31,38,2,2.567287784679089
MM-S06,31,39,1,2.567287784679089
MM-S06,31,40,3,2.567287784679089
MM-S06,31,41,1,2.567287784679089
MM-S06,31,42,5,2.567287784679089
MM-S06,31,43,5,2.567287784679089
MM-S06,31,44,1,2.567287784679089
MM-S06,31,45,3,2.567287784679089
MM-S06,31,46,5,2.567287784679089
MM-S06,31,47,2,2.567287784679089
MM-S06,31,48,4,2.567287784679089
MM-S06,31,49,1,2.567287784679089
MM-S06,31,50,3,2.567287784679089
MM-S06,31,51,2,2.567287784679089
MM-S06,31,52,3,2.567287784679089
MM-S06,31,53,4,2.567287784679089
MM-S06,31,54,5,2.567287784679089
MM-S06,31,55,7,2.567287784679089
MM-S06,31,56,2,2.567287784679089
MM-S06,31,57,2,2.567287784679089
MM-S06,31,58,2,2.567287784679089
MM-S06,31,59,1,2.567287784679089
MM-S06,31,60,0,2.567287784679089
MM-S06,31,61,3,2.567287784679089
MM-S06,31,62,3,2.567287784679089
MM-S06,31,63,2,2.567287784679089
MM-S06,31,64,2,2.567287784679089
MM-S06,31,65,4,2.567287784679089
MM-S06,31,66,4,2.567287784679089
MM-S06,31,67,4,2.567287784679089
MM-S06,31,68,3,2.567287784679089
MM-S06,31,69,2,2.567287784679089
MM-S06,31,70,1,2.567287784679089
MM-S06,32,33,2,2.567287784679089
MM-S06,32,34,1,2.567287784679089
MM-S06,32,35,2,2.567287784679089
MM-S06,32,36,0,2.567287784679089
MM-S06,32,37,3,2.567287784679089
MM-S06,32,38,2,2.567287784679089
MM-S06,32,39,2,2.567287784679089
MM-S06,32,40,3,2.567287784679089
MM-S06,32,41,3,2.567287784679089
MM-S06,32,42,4,2.567287784679089
MM-S06,32,43,1,2.567287784679089
MM-S06,32,44,0,2.567287784679089
MM-S06,32,45,3,2.567287784679089
MM-S06,32,46,2,2.567287784679089
MM-S06,32,47,5,2.567287784679089
MM-S06,32,48,6,2.567287784679089
MM-S06,32,49,3,2.567287784679089
MM-S06,32,50,4,2.567287784679089
MM-S06,32,51,3,2.567287784679089
MM-S06,32,52,3,2.567287784679089
MM-S06,32,53,2,2.567287784679089
MM-S06,32,54,1,2.567287784679089
MM-S06,32,55,2,2.567287784679089
MM-S06,32,56,1,2.567287784679089
MM-S06,32,57,2,2.567287784679089
MM-S06,32,58,0,2.567287784679089
MM-S06,32,59,3,2.567287784679089
MM-S06,32,60,2,2.567287784679089
MM-S06,32,61,2,2.567287784679089
MM-S06,32,62,2,2.567287784679089
MM-S06,32,63,4,2.567287784679089
MM-S06,32,64,3,2.567287784679089
MM-S06,32,65,1,2.567287784679089
MM-S06,32,66,1,2.567287784679089
MM-S06,32,67,1,2.567287784679089
MM-S06,32,68,3,2.567287784679089
MM-S06,32,69,2,2.567287784679089
MM-S06,32,70,1,2.567287784679089
MM-S06,33,34,1,2.567287784679089
MM-S06,33,35,3,2.567287784679089
MM-S06,33,36,2,2.567287784679089
MM-S06,33,37,1,2.567287784679089
MM-S06,33,38,3,2.567287784679089
MM-S06,33,39,3,2.567287784679089
MM-S06,33,40,1,2.567287784679089
MM-S06,33,41,5,2.567287784679089
MM-S06,33,42,3,2.567287784679089
MM-S06,33,43,1,2.567287784679089
MM-S06,33,44,3,2.567287784679089
MM-S06,33,45,3,2.567287784679089
MM-S06,33,46,3,2.567287784679089
MM-S06,33,47,4,2.567287784679089
MM-S06,33,48,1,2.567287784679089
MM-S06,33,49,0,2.567287784679089
MM-S06,33,50,1,2.567287784679089
MM-S06,33,51,4,2.567287784679089
MM-S06,33,52,4,2.567287784679089
MM-S06,33,53,3,2.567287784679089
MM-S06,33,54,4,2.567287784679089
MM-S06,33,55,1,2.567287784679089
MM-S06,33,56,3,2.567287784679089
MM-S06,33,57,4,2.567287784679089
MM-S06,33,58,4,2.567287784679089
MM-S06,33,59,3,2.567287784679089
MM-S06,33,60,3,2.567287784679089
MM-S06,33,61,4,2.567287784679089
MM-S06,33,62,3,2.567287784679089
MM-S06,33,63,2,2.567287784679089
MM-S06,33,64,3,2.567287784679089
MM-S06,33,65,2,2.567287784679089
MM-S06,33,66,2,2.567287784679089
MM-S06,33,67,3,2.567287784679089
MM-S06,33,68,4,2.567287784679089
MM-S06,33,69,3,2.567287784679089
MM-S06,33,70,2,2.567287784679089
MM-S06,34,35,3,2.567287784679089
MM-S06,34,36,4,2.567287784679089
MM-S06,34,37,1,2.567287784679089
MM-S06,34,38,0,2.567287784679089
MM-S06,34,39,3,2.567287784679089
MM-S06,34,40,2,2.567287784679089
MM-S06,34,41,6,2.567287784679089
MM-S06,34,42,1,2.567287784679089
MM-S06,34,43,2,2.567287784679089
MM-S06,34,44,6,2.567287784679089
MM-S06,34,45,4,2.567287784679089
MM-S06,34,46,3,2.567287784679089
MM-S06,34,47,3,2.567287784679089
MM-S06,34,48,2,2.567287784679089
MM-S06,34,49,2,2.567287784679089
MM-S06,34,50,2,2.567287784679089
MM-S06,34,51,1,2.567287784679089
MM-S06,34,52,3,2.567287784679089
MM-S06,34,53,1,2.567287784679089
MM-S06,34,54,4,2.567287784679089
MM-S06,34,55,2,2.567287784679089
MM-S06,34,56,2,2.567287784679089
MM-S06,34,57,4,2.567287784679089
MM-S06,34,58,2,2.567287784679089
MM-S06,34,59,3,2.567287784679089
MM-S06,34,60,2,2.567287784679089
MM-S06,34,61,3,2.567287784679089
MM-S06,34,62,3,2.567287784679089
MM-S06,34,63,2,2.567287784679089
MM-S06,34,64,4,2.567287784679089
MM-S06,34,65,4,2.567287784679089
MM-S06,34,66,3,2.567287784679089
MM-S06,34,67,0,2.567287784679089
MM-S06,34,68,2,2.567287784679089
MM-S06,34,69,4,2.567287784679089
MM-S06,34,70,2,2.567287784679089
MM-S06,35,36,1,2.567287784679089
MM-S06,35,37,1,2.567287784679089
MM-S06,35,38,2,2.567287784679089
MM-S06,35,39,2,2.567287784679089
MM-S06,35,40,3,2.567287784679089
MM-S06,35,41,4,2.567287784679089
MM-S06,35,42,2,2.567287784679089
MM-S06,35,43,1,2.567287784679089
MM-S06,35,44,2,2.567287784679089
MM-S06,35,45,5,2.567287784679089
MM-S06,35,46,3,2.567287784679089
MM-S06,35,47,2,2.567287784679089
MM-S06,35,48,2,2.567287784679089
MM-S06,35,49,2,2.567287784679089
MM-S06,35,50,0,2.567287784679089
MM-S06,35,51,1,2.567287784679089
MM-S06,35,52,1,2.567287784679089
MM-S06,35,53,4,2.567287784679089
MM-S06,35,54,4,2.567287784679089
MM-S06,35,55,5,2.567287784679089
MM-S06,35,56,1,2.567287784679089
MM-S06,35,57,1,2.567287784679089
MM-S06,35,58,1,2.567287784679089
MM-S06,35,59,0,2.567287784679089
MM-S06,35,60,3,2.567287784679089
MM-S06,35,61,0,2.567287784679089
MM-S06,35,62,1,2.567287784679089
MM-S06,35,63,1,2.567287784679089
MM-S06,35,64,3,2.567287784679089
MM-S06,35,65,0,2.567287784679089
MM-S06,35,66,3,2.567287784679089
MM-S06,35,67,0,2.567287784679089
MM-S06,35,68,3,2.567287784679089
MM-S06,35,69,3,2.567287784679089
MM-S06,35,70,1,2.567287784679089
MM-S06,36,37,2,2.567287784679089
MM-S06,36,38,0,2.567287784679089
MM-S06,36,39,2,2.567287784679089
MM-S06,36,40,1,2.567287784679089
MM-S06,36,41,2,2.567287784679089
MM-S06,36,42,0,2.567287784679089
MM-S06,36,43,2,2.567287784679089
MM-S06,36,44,4,2.567287784679089
MM-S06,36,45,4,2.567287784679089
MM-S06,36,46,2,2.567287784679089
MM-S06,36,47,2,2.567287784679089
MM-S06,36,48,3,2.567287784679089
MM-S06,36,49,0,2.567287784679089
MM-S06,36,50,1,2.567287784679089
MM-S06,36,51,2,2.567287784679089
MM-S06,36,52,4,2.567287784679089
MM-S06,36,53,2,2.567287784679089
MM-S06,36,54,4,2.567287784679089
MM-S06,36,55,2,2.567287784679089
MM-S06,36,56,2,2.567287784679089
MM-S06,36,57,2,2.567287784679089
MM-S06,36,58,1,2.567287784679089
MM-S06,36,59,2,2.567287784679089
MM-S06,36,60,2,2.567287784679089
MM-S06,36,61,3,2.567287784679089
MM-S06,36,62,5,2.567287784679089
MM-S06,36,63,3,2.567287784679089
MM-S06,36,64,2,2.567287784679089
MM-S06,36,65,0,2.567287784679089
MM-S06,36,66,4,2.567287784679089
MM-S06,36,67,3,2.567287784679089
MM-S06,36,68,3,2.567287784679089
MM-S06,36,69,5,2.567287784679089
MM-S06,36,70,3,2.567287784679089
MM-S06,37,38,3,2.567287784679089
MM-S06,37,39,3,2.567287784679089
MM-S06,37,40,4,2.567287784679089
MM-S06,37,41,4,2.567287784679089
MM-S06,37,42,6,2.567287784679089
MM-S06,37,43,1,2.567287784679089
MM-S06,37,44,1,2.567287784679089
MM-S06,37,45,2,2.567287784679089
MM-S06,37,46,7,2.567287784679089
MM-S06,37,47,3,2.567287784679089
MM-S06,37,48,6,2.567287784679089
MM-S06,37,49,0,2.567287784679089
MM-S06,37,50,0,2.567287784679089
MM-S06,37,51,3,2.567287784679089
MM-S06,37,52,2,2.567287784679089
MM-S06,37,53,3,2.567287784679089
MM-S06,37,54,2,2.567287784679089
MM-S06,37,55,3,2.567287784679089
MM-S06,37,56,3,2.567287784679089
MM-S06,37,57,2,2.567287784679089
MM-S06,37,58,2,2.567287784679089
MM-S06,37,59,3,2.567287784679089
MM-S06,37,60,2,2.567287784679089
MM-S06,37,61,1,2.567287784679089
MM-S06,37,62,3,2.567287784679089
MM-S06,37,63,3,2.567287784679089
MM-S06,37,64,4,2.567287784679089
MM-S06,37,65,0,2.567287784679089
MM-S06,37,66,2,2.567287784679089
MM-S06,37,67,5,2.567287784679089
MM-S06,37,68,3,2.567287784679089
MM-S06,37,69,1,2.567287784679089
MM-S06,37,70,4,2.567287784679089
MM-S06,38,39,2,2.567287784679089
MM-S06,38,40,3,2.567287784679089
MM-S06,38,41,1,2.567287784679089
MM-S06,38,42,2,2.567287784679089
MM-S06,38,43,5,2.567287784679089
MM-S06,38,44,2,2.567287784679089
MM-S06,38,45,1,2.567287784679089
MM-S06,38,46,1,2.567287784679089
MM-S06,38,47,3,2.567287784679089
MM-S06,38,48,3,2.567287784679089
MM-S06,38,49,1,2.567287784679089
MM-S06,38,50,2,2.567287784679089
MM-S06,38,51,1,2.567287784679089
MM-S06,38,52,2,2.567287784679089
MM-S06,38,53,4,2.567287784679089
MM-S06,38,54,1,2.567287784679089
MM-S06,38,55,4,2.567287784679089
MM-S06,38,56,2,2.567287784679089
MM-S06,38,57,5,2.567287784679089
MM-S06,38,58,6,2.567287784679089
MM-S06,38,59,5,2.567287784679089
MM-S06,38,60,0,2.567287784679089
MM-S06,38,61,1,2.567287784679089
MM-S06,38,62,6,2.567287784679089
MM-S06,38,63,2,2.567287784679089
MM-S06,38,64,7,2.567287784679089
MM-S06,38,65,2,2.567287784679089
MM-S06,38,66,4,2.567287784679089
MM-S06,38,67,2,2.567287784679089
MM-S06,38,68,1,2.567287784679089
MM-S06,38,69,1,2.567287784679089
MM-S06,38,70,4,2.567287784679089
MM-S06,39,40,1,2.567287784679089
MM-S06,39,41,2,2.567287784679089
MM-S06,39,42,5,2.567287784679089
MM-S06,39,43,3,2.567287784679089
MM-S06,39,44,2,2.567287784679089
MM-S06,39,45,2,2.567287784679089
MM-S06,39,46,4,2.567287784679089
MM-S06,39,47,0,2.567287784679089
MM-S06,39,48,0,2.567287784679089
MM-S06,39,49,2,2.567287784679089
MM-S06,39,50,2,2.567287784679089
MM-S06,39,51,0,2.567287784679089
MM-S06,39,52,4,2.567287784679089
MM-S06,39,53,0,2.567287784679089
MM-S06,39,54,4,2.567287784679089
MM-S06,39,55,1,2.567287784679089
MM-S06,39,56,2,2.567287784679089
MM-S06,39,57,2,2.567287784679089
MM-S06,39,58,3,2.567287784679089
MM-S06,39,59,8,2.567287784679089
MM-S06,39,60,4,2.567287784679089
MM-S06,39,61,2,2.567287784679089
MM-S06,39,62,1,2.567287784679089
MM-S06,39,63,2,2.567287784679089
MM-S06,39,64,1,2.567287784679089
MM-S06,39,65,1,2.567287784679089
MM-S06,39,66,2,2.567287784679089
MM-S06,39,67,4,2.567287784679089
MM-S06,39,68,2,2.567287784679089
MM-S06,39,69,0,2.567287784679089
MM-S06,39,70,2,2.567287784679089
MM-S06,40,41,4,2.567287784679089
MM-S06,40,42,1,2.567287784679089
MM-S06,40,43,5,2.567287784679089
MM-S06,40,44,1,2.567287784679089
MM-S06,40,45,4,2.567287784679089
MM-S06,40,46,2,2.567287784679089
MM-S06,40,47,3,2.567287784679089
MM-S06,40,48,2,2.567287784679089
MM-S06,40,49,1,2.567287784679089
MM-S06,40,50,2,2.567287784679089
MM-S06,40,51,1,2.567287784679089
MM-S06,40,52,3,2.567287784679089
MM-S06,40,53,5,2.567287784679089
MM-S06,40,54,1,2.567287784679089
MM-S06,40,55,2,2.567287784679089
MM-S06,40,56,3,2.567287784679089
MM-S06,40,57,2,2.567287784679089
MM-S06,40,58,1,2.567287784679089
MM-S06,40,59,4,2.567287784679089
MM-S06,40,60,4,2.567287784679089
MM-S06,40,61,3,2.567287784679089
MM-S06,40,62,0,2.567287784679089
MM-S06,40,63,3,2.567287784679089
MM-S06,40,64,5,2.567287784679089
MM-S06,40,65,2,2.567287784679089
MM-S06,40,66,4,2.567287784679089
MM-S06,40,67,3,2.567287784679089
MM-S06,40,68,3,2.567287784679089
MM-S06,40,69,4,2.567287784679089
MM-S06,40,70,3,2.567287784679089
MM-S06,41,42,4,2.567287784679089
MM-S06,41,43,3,2.567287784679089
MM-S06,41,44,6,2.567287784679089
MM-S06,41,45,3,2.567287784679089
MM-S06,41,46,3,2.567287784679089
MM-S06,41,47,2,2.567287784679089
MM-S06,41,48,2,2.567287784679089
MM-S06,41,49,1,2.567287784679089
MM-S06,41,50,2,2.567287784679089
MM-S06,41,51,5,2.567287784679089
MM-S06,41,52,5,2.567287784679089
MM-S06,41,53,2,2.567287784679089
MM-S06,41,54,4,2.567287784679089
MM-S06,41,55,1,2.567287784679089
MM-S06,41,56,3,2.567287784679089
MM-S06,41,57,2,2.567287784679089
MM-S06,41,58,0,2.567287784679089
MM-S06,41,59,1,2.567287784679089
MM-S06,41,60,0,2.567287784679089
MM-S06,41,61,2,2.567287784679089
MM-S06,41,62,2,2.567287784679089
MM-S06,41,63,2,2.567287784679089
MM-S06,41,64,5,2.567287784679089
MM-S06,41,65,2,2.567287784679089
MM-S06,41,66,1,2.567287784679089
MM-S06,41,67,1,2.567287784679089
MM-S06,41,68,2,2.567287784679089
MM-S06,41,69,2,2.567287784679089
MM-S06,41,70,2,2.567287784679089
MM-S06,42,43,3,2.567287784679089
MM-S06,42,44,0,2.567287784679089
MM-S06,42,45,1,2.567287784679089
MM-S06,42,46,2,2.567287784679089
MM-S06,42,47,3,2.567287784679089
MM-S06,42,48,6,2.567287784679089
MM-S06,42,49,1,2.567287784679089
MM-S06,42,50,4,2.567287784679089
MM-S06,42,51,1,2.567287784679089
MM-S06,42,52,1,2.567287784679089
MM-S06,42,53,4,2.567287784679089
MM-S06,42,54,0,2.567287784679089
MM-S06,42,55,1,2.567287784679089
MM-S06,42,56,1,2.567287784679089
MM-S06,42,57,3,2.567287784679089
MM-S06,42,58,4,2.567287784679089
MM-S06,42,59,3,2.567287784679089
MM-S06,42,60,4,2.567287784679089
MM-S06,42,61,2,2.567287784679089
MM-S06,42,62,4,2.567287784679089
MM-S06,42,63,4,2.567287784679089
MM-S06,42,64,2,2.567287784679089
MM-S06,42,65,1,2.567287784679089
MM-S06,42,66,2,2.567287784679089
MM-S06,42,67,3,2.567287784679089
MM-S06,42,68,2,2.567287784679089
MM-S06,42,69,1,2.567287784679089
MM-S06,42,70,1,2.567287784679089
MM-S06,43,44,6,2.567287784679089
MM-S06,43,45,3,2.567287784679089
MM-S06,43,46,2,2.567287784679089
MM-S06,43,47,2,2.567287784679089
MM-S06,43,48,2,2.567287784679089
MM-S06,43,49,3,2.567287784679089
MM-S06,43,50,2,2.567287784679089
MM-S06,43,51,5,2.567287784679089
MM-S06,43,52,1,2.567287784679089
MM-S06,43,53,1,2.567287784679089
MM-S06,43,54,0,2.567287784679089
MM-S06,43,55,5,2.567287784679089
MM-S06,43,56,5,2.567287784679089
MM-S06,43,57,5,2.567287784679089
MM-S06,43,58,1,2.567287784679089
MM-S06,43,59,1,2.567287784679089
MM-S06,43,60,2,2.567287784679089
MM-S06,43,61,2,2.567287784679089
MM-S06,43,62,1,2.567287784679089
MM-S06,43,63,6,2.567287784679089
MM-S06,43,64,2,2.567287784679089
MM-S06,43,65,3,2.567287784679089
MM-S06,43,66,2,2.567287784679089
MM-S06,43,67,1,2.567287784679089
MM-S06,43,68,7,2.567287784679089
MM-S06,43,69,2,2.567287784679089
MM-S06,43,70,1,2.567287784679089
MM-S06,44,45,4,2.567287784679089
MM-S06,44,46,4,2.567287784679089
MM-S06,44,47,4,2.567287784679089
MM-S06,44,48,1,2.567287784679089
MM-S06,44,49,2,2.567287784679089
MM-S06,44,50,2,2.567287784679089
MM-S06,44,51,1,2.567287784679089
MM-S06,44,52,1,2.567287784679089
MM-S06,44,53,4,2.567287784679089
MM-S06,44,54,1,2.567287784679089
MM-S06,44,55,5,2.567287784679089
MM-S06,44,56,5,2.567287784679089
MM-S06,44,57,4,2.567287784679089
MM-S06,44,58,3,2.567287784679089
MM-S06,44,59,1,2.567287784679089
MM-S06,44,60,1,2.567287784679089
MM-S06,44,61,3,2.567287784679089
MM-S06,44,62,3,2.567287784679089
MM-S06,44,63,0,2.567287784679089
MM-S06,44,64,1,2.567287784679089
MM-S06,44,65,4,2.567287784679089
MM-S06,44,66,4,2.567287784679089
MM-S06,44,67,2,2.567287784679089
MM-S06,44,68,2,2.567287784679089
MM-S06,44,69,2,2.567287784679089
MM-S06,44,70,5,2.567287784679089
MM-S06,45,46,5,2.567287784679089
MM-S06,45,47,2,2.567287784679089
MM-S06,45,48,1,2.567287784679089
MM-S06,45,49,2,2.567287784679089
MM-S06,45,50,2,2.567287784679089
MM-S06,45,51,2,2.567287784679089
MM-S06,45,52,2,2.567287784679089
MM-S06,45,53,1,2.567287784679089
MM-S06,45,54,1,2.567287784679089
MM-S06,45,55,2,2.567287784679089
MM-S06,45,56,3,2.567287784679089
MM-S06,45,57,2,2.567287784679089
MM-S06,45,58,2,2.567287784679089
MM-S06,45,59,2,2.567287784679089
MM-S06,45,60,0,2.567287784679089
MM-S06,45,61,6,2.567287784679089
MM-S06,45,62,3,2.567287784679089
MM-S06,45,63,0,2.567287784679089
MM-S06,45,64,2,2.567287784679089
MM-S06,45,65,1,2.567287784679089
MM-S06,45,66,1,2.567287784679089
MM-S06,45,67,2,2.567287784679089
MM-S06,45,68,4,2.567287784679089
MM-S06,45,69,1,2.567287784679089
MM-S06,45,70,1,2.567287784679089
MM-S06,46,47,4,2.567287784679089
MM-S06,46,48,5,2.567287784679089
MM-S06,46,49,2,2.567287784679089
MM-S06,46,50,1,2.567287784679089
MM-S06,46,51,1,2.567287784679089
MM-S06,46,52,3,2.567287784679089
MM-S06,46,53,1,2.567287784679089
MM-S06,46,54,3,2.567287784679089
MM-S06,46,55,3,2.567287784679089
MM-S06,46,56,1,2.567287784679089
MM-S06,46,57,5,2.567287784679089
MM-S06,46,58,2,2.567287784679089
MM-S06,46,59,3,2.567287784679089
MM-S06,46,60,2,2.567287784679089
MM-S06,46,61,7,2.567287784679089
MM-S06,46,62,2,2.567287784679089
MM-S06,46,63,2,2.567287784679089
MM-S06,46,64,1,2.567287784679089
MM-S06,46,65,3,2.567287784679089
MM-S06,46,66,3,2.567287784679089
MM-S06,46,67,3,2.567287784679089
MM-S06,46,68,3,2.567287784679089
MM-S06,46,69,5,2.567287784679089
MM-S06,46,70,3,2.567287784679089
MM-S06,47,48,4,2.567287784679089
MM-S06,47,49,2,2.567287784679089
MM-S06,47,50,4,2.567287784679089
MM-S06,47,51,4,2.567287784679089
MM-S06,47,52,1,2.567287784679089
MM-S06,47,53,3,2.567287784679089
MM-S06,47,54,0,2.567287784679089
MM-S06,47,55,5,2.567287784679089
MM-S06,47,56,3,2.567287784679089
MM-S06,47,57,4,2.567287784679089
MM-S06,47,58,1,2.567287784679089
MM-S06,47,59,2,2.567287784679089
MM-S06,47,60,0,2.567287784679089
MM-S06,47,61,3,2.567287784679089
MM-S06,47,62,2,2.567287784679089
MM-S06,47,63,3,2.567287784679089
MM-S06,47,64,4,2.567287784679089
MM-S06,47,65,3,2.567287784679089
MM-S06,47,66,1,2.567287784679089
MM-S06,47,67,1,2.567287784679089
MM-S06,47,68,3,2.567287784679089
MM-S06,47,69,2,2.567287784679089
MM-S06,47,70,3,2.567287784679089
MM-S06,48,49,1,2.567287784679089
MM-S06,48,50,2,2.567287784679089
MM-S06,48,51,5,2.567287784679089
MM-S06,48,52,2,2.567287784679089
MM-S06,48,53,3,2.567287784679089
MM-S06,48,54,3,2.567287784679089
MM-S06,48,55,2,2.567287784679089
MM-S06,48,56,2,2.567287784679089
MM-S06,48,57,0,2.567287784679089
MM-S06,48,58,5,2.567287784679089
MM-S06,48,59,2,2.567287784679089
MM-S06,48,60,0,2.567287784679089
MM-S06,48,61,2,2.567287784679089
MM-S06,48,62,5,2.567287784679089
MM-S06,48,63,2,2.567287784679089
MM-S06,48,64,3,2.567287784679089
MM-S06,48,65,0,2.567287784679089
MM-S06,48,66,3,2.567287784679089
MM-S06,48,67,3,2.567287784679089
MM-S06,48,68,3,2.567287784679089
MM-S06,48,69,2,2.567287784679089
MM-S06,48,70,3,2.567287784679089
MM-S06,49,50,0,2.567287784679089
MM-S06,49,51,2,2.567287784679089
MM-S06,49,52,1,2.567287784679089
MM-S06,49,53,4,2.567287784679089
MM-S06,49,54,1,2.567287784679089
MM-S06,49,55,0,2.567287784679089
MM-S06,49,56,2,2.567287784679089
MM-S06,49,57,2,2.567287784679089
MM-S06,49,58,0,2.567287784679089
MM-S06,49,59,0,2.567287784679089
MM-S06,49,60,0,2.567287784679089
MM-S06,49,61,2,2.567287784679089
MM-S06,49,62,0,2.567287784679089
MM-S06,49,63,3,2.567287784679089
MM-S06,49,64,0,2.567287784679089
MM-S06,49,65,1,2.567287784679089
MM-S06,49,66,5,2.567287784679089
MM-S06,49,67,2,2.567287784679089
MM-S06,49,68,3,2.567287784679089
MM-S06,49,69,1,2.567287784679089
MM-S06,49,70,0,2.567287784679089
MM-S06,50,51,3,2.567287784679089
MM-S06,50,52,2,2.567287784679089
MM-S06,50,53,4,2.567287784679089
MM-S06,50,54,2,2.567287784679089
MM-S06,50,55,3,2.567287784679089
MM-S06,50,56,2,2.567287784679089
MM-S06,50,57,2,2.567287784679089
MM-S06,50,58,2,2.567287784679089
MM-S06,50,59,2,2.567287784679089
MM-S06,50,60,2,2.567287784679089
MM-S06,50,61,1,2.567287784679089
MM-S06,50,62,2,2.567287784679089
MM-S06,50,63,1,2.567287784679089
MM-S06,50,64,4,2.567287784679089
MM-S06,50,65,4,2.567287784679089
MM-S06,50,66,0,2.567287784679089
MM-S06,50,67,0,2.567287784679089
MM-S06,50,68,1,2.567287784679089
MM-S06,50,69,1,2.567287784679089
MM-S06,50,70,0,2.567287784679089
MM-S06,51,52,0,2.567287784679089
MM-S06,51,53,0,2.567287784679089
MM-S06,51,54,1,2.567287784679089
MM-S06,51,55,2,2.567287784679089
MM-S06,51,56,1,2.567287784679089
MM-S06,51,57,3,2.567287784679089
MM-S06,51,58,1,2.567287784679089
MM-S06,51,59,1,2.567287784679089
MM-S06,51,60,1,2.567287784679089
MM-S06,51,61,2,2.567287784679089
MM-S06,51,62,3,2.567287784679089
MM-S06,51,63,1,2.567287784679089
MM-S06,51,64,4,2.567287784679089
MM-S06,51,65,1,2.567287784679089
MM-S06,51,66,3,2.567287784679089
MM-S06,51,67,2,2.567287784679089
MM-S06,51,68,2,2.567287784679089
MM-S06,51,69,0,2.567287784679089
MM-S06,51,70,3,2.567287784679089
MM-S06,52,53,2,2.567287784679089
MM-S06,52,54,1,2.567287784679089
MM-S06,52,55,0,2.567287784679089
MM-S06,52,56,3,2.567287784679089
MM-S06,52,57,3,2.567287784679089
MM-S06,52,58,4,2.567287784679089
MM-S06,52,59,4,2.567287784679089
MM-S06,52,60,3,2.567287784679089
MM-S06,52,61,1,2.567287784679089
MM-S06,52,62,3,2.567287784679089
MM-S06,52,63,2,2.567287784679089
MM-S06,52,64,3,2.567287784679089
MM-S06,52,65,0,2.567287784679089
MM-S06,52,66,2,2.567287784679089
MM-S06,52,67,2,2.567287784679089
MM-S06,52,68,1,2.567287784679089
MM-S06,52,69,2,2.567287784679089
MM-S06,52,70,1,2.567287784679089
MM-S06,53,54,4,2.567287784679089
MM-S06,53,55,2,2.567287784679089
MM-S06,53,56,7,2.567287784679089
MM-S06,53,57,0,2.567287784679089
MM-S06,53,58,4,2.567287784679089
MM-S06,53,59,4,2.567287784679089
MM-S06,53,60,1,2.567287784679089
MM-S06,53,61,2,2.567287784679089
MM-S06,53,62,4,2.567287784679089
MM-S06,53,63,4,2.567287784679089
MM-S06,53,64,6,2.567287784679089
MM-S06,53,65,3,2.567287784679089
MM-S06,53,66,1,2.567287784679089
MM-S06,53,67,2,2.567287784679089
MM-S06,53,68,3,2.567287784679089
MM-S06,53,69,4,2.567287784679089
MM-S06,53,70,3,2.567287784679089
MM-S06,54,55,3,2.567287784679089
MM-S06,54,56,0,2.567287784679089
MM-S06,54,57,2,2.567287784679089
MM-S06,54,58,3,2.567287784679089
MM-S06,54,59,2,2.567287784679089
MM-S06,54,60,4,2.567287784679089
MM-S06,54,61,3,2.567287784679089
MM-S06,54,62,1,2.567287784679089
MM-S06,54,63,2,2.567287784679089
MM-S06,54,64,3,2.567287784679089
MM-S06,54,65,0,2.567287784679089
MM-S06,54,66,2,2.567287784679089
MM-S06,54,67,3,2.567287784679089
MM-S06,54,68,3,2.567287784679089
MM-S06,54,69,3,2.567287784679089
MM-S06,54,70,1,2.567287784679089
MM-S06,55,56,3,2.567287784679089
MM-S06,55,57,3,2.567287784679089
MM-S06,55,58,3,2.567287784679089
MM-S06,55,59,1,2.567287784679089
MM-S06,55,60,0,2.567287784679089
MM-S06,55,61,0,2.567287784679089
MM-S06,55,62,0,2.567287784679089
MM-S06,55,63,0,2.567287784679089
MM-S06,55,64,2,2.567287784679089
MM-S06,55,65,1,2.567287784679089
MM-S06,55,66,1,2.567287784679089
MM-S06,55,67,3,2.567287784679089
MM-S06,55,68,1,2.567287784679089
MM-S06,55,69,2,2.567287784679089
MM-S06,55,70,2,2.567287784679089
MM-S06,56,57,2,2.567287784679089
MM-S06,56,58,2,2.567287784679089
MM-S06,56,59,5,2.567287784679089
MM-S06,56,60,0,2.567287784679089
MM-S06,56,61,2,2.567287784679089
MM-S06,56,62,3,2.567287784679089
MM-S06,56,63,2,2.567287784679089
MM-S06,56,64,3,2.567287784679089
MM-S06,56,65,3,2.567287784679089
MM-S06,56,66,3,2.567287784679089
MM-S06,56,67,2,2.567287784679089
MM-S06,56,68,1,2.567287784679089
MM-S06,56,69,2,2.567287784679089
MM-S06,56,70,2,2.567287784679089
MM-S06,57,58,3,2.567287784679089
MM-S06,57,59,0,2.567287784679089
MM-S06,57,60,1,2.567287784679089
MM-S06,57,61,0,2.567287784679089
MM-S06,57,62,3,2.567287784679089
MM-S06,57,63,3,2.567287784679089
MM-S06,57,64,0,2.567287784679089
MM-S06,57,65,3,2.567287784679089
MM-S06,57,66,3,2.567287784679089
MM-S06,57,67,3,2.567287784679089
MM-S06,57,68,0,2.567287784679089
MM-S06,57,69,1,2.567287784679089
MM-S06,57,70,5,2.567287784679089
MM-S06,58,59,5,2.567287784679089
MM-S06,58,60,4,2.567287784679089
MM-S06,58,61,2,2.567287784679089
MM-S06,58,62,4,2.567287784679089
MM-S06,58,63,1,2.567287784679089
MM-S06,58,64,4,2.567287784679089
MM-S06,58,65,3,2.567287784679089
MM-S06,58,66,2,2.567287784679089
MM-S06,58,67,3,2.567287784679089
MM-S06,58,68,2,2.567287784679089
MM-S06,58,69,1,2.567287784679089
MM-S06,58,70,3,2.567287784679089
MM-S06,59,60,3,2.567287784679089
MM-S06,59,61,2,2.567287784679089
MM-S06,59,62,4,2.567287784679089
MM-S06,59,63,3,2.567287784679089
MM-S06,59,64,3,2.567287784679089
MM-S06,59,65,0,2.567287784679089
MM-S06,59,66,2,2.567287784679089
MM-S06,59,67,2,2.567287784679089
MM-S06,59,68,3,2.567287784679089
MM-S06,59,69,1,2.567287784679089
MM-S06,59,70,2,2.567287784679089
MM-S06,60,61,1,2.567287784679089
MM-S06,60,62,2,2.567287784679089
MM-S06,60,63,4,2.567287784679089
MM-S06,60,64,3,2.567287784679089
MM-S06,60,65,1,2.567287784679089
MM-S06,60,66,3,2.567287784679089
MM-S06,60,67,3,2.567287784679089
MM-S06,60,68,2,2.567287784679089
MM-S06,60,69,5,2.567287784679089
MM-S06,60,70,1,2.567287784679089
MM-S06,61,62,5,2.567287784679089
MM-S06,61,63,2,2.567287784679089
MM-S06,61,64,2,2.567287784679089
MM-S06,61,65,3,2.567287784679089
MM-S06,61,66,2,2.567287784679089
MM-S06,61,67,2,2.567287784679089
MM-S06,61,68,1,2.567287784679089
MM-S06,61,69,4,2.567287784679089
MM-S06,61,70,6,2.567287784679089
MM-S06,62,63,2,2.567287784679089
MM-S06,62,64,5,2.567287784679089
MM-S06,62,65,2,2.567287784679089
MM-S06,62,66,3,2.567287784679089
MM-S06,62,67,2,2.567287784679089
MM-S06,62,68,1,2.567287784679089
MM-S06,62,69,3,2.567287784679089
MM-S06,62,70,3,2.567287784679089
MM-S06,63,64,4,2.567287784679089
MM-S06,63,65,0,2.567287784679089
MM-S06,63,66,3,2.567287784679089
MM-S06,63,67,0,2.567287784679089
MM-S06,63,68,6,2.567287784679089
MM-S06,63,69,3,2.567287784679089
MM-S06,63,70,0,2.567287784679089
MM-S06,64,65,0,2.567287784679089
MM-S06,64,66,3,2.567287784679089
MM-S06,64,67,2,2.567287784679089
MM-S06,64,68,2,2.567287784679089
MM-S06,64,69,2,2.567287784679089
MM-S06,64,70,3,2.567287784679089
MM-S06,65,66,1,2.567287784679089
MM-S06,65,67,5,2.567287784679089
MM-S06,65,68,0,2.567287784679089
MM-S06,65,69,3,2.567287784679089
MM-S06,65,70,4,2.567287784679089
MM-S06,66,67,3,2.567287784679089
MM-S06,66,68,4,2.567287784679089
MM-S06,66,69,0,2.567287784679089
MM-S06,66,70,0,2.567287784679089
MM-S06,67,68,2,2.567287784679089
MM-S06,67,69,1,2.567287784679089
MM-S06,67,70,2,2.567287784679089
MM-S06,68,69,5,2.567287784679089
MM-S06,68,70,0,2.567287784679089
MM-S06,69,70,3,2.567287784679089
MM-S07,1,2,0,0.5134575569358178
MM-S07,1,3,0,0.5134575569358178
MM-S07,1,4,0,0.5134575569358178
MM-S07,1,5,1,0.5134575569358178
MM-S07,1,6,0,0.5134575569358178
MM-S07,1,7,0,0.5134575569358178
MM-S07,1,8,2,0.5134575569358178
MM-S07,1,9,0,0.5134575569358178
MM-S07,1,10,0,0.5134575569358178
MM-S07,1,11,2,0.5134575569358178
MM-S07,1,12,1,0.5134575569358178
MM-S07,1,13,0,0.5134575569358178
MM-S07,1,14,0,0.5134575569358178
MM-S07,1,15,0,0.5134575569358178
MM-S07,1,16,0,0.5134575569358178
MM-S07,1,17,0,0.5134575569358178
MM-S07,1,18,0,0.5134575569358178
MM-S07,1,19,0,0.5134575569358178
MM-S07,1,20,0,0.5134575569358178
MM-S07,1,21,0,0.5134575569358178
MM-S07,1,22,0,0.5134575569358178
MM-S07,1,23,0,0.5134575569358178
MM-S07,1,24,0,0.5134575569358178
MM-S07,1,25,0,0.5134575569358178
MM-S07,1,26,0,0.5134575569358178
MM-S07,1,27,1,0.5134575569358178
MM-S07,1,28,0,0.5134575569358178
MM-S07,1,29,0,0.5134575569358178
MM-S07,1,30,0,0.5134575569358178
MM-S07,1,31,1,0.5134575569358178
MM-S07,1,32,0,0.5134575569358178
MM-S07,1,33,0,0.5134575569358178
MM-S07,1,34,0,0.5134575569358178
MM-S07,1,35,0,0.5134575569358178
MM-S07,1,36,1,0.5134575569358178
MM-S07,1,37,0,0.5134575569358178
MM-S07,1,38,0,0.5134575569358178
MM-S07,1,39,1,0.5134575569358178
MM-S07,1,40,0,0.5134575569358178
MM-S07,1,41,0,0.5134575569358178
MM-S07,1,42,0,0.5134575569358178
MM-S07,1,43,1,0.5134575569358178
MM-S07,1,44,0,0.5134575569358178
MM-S07,1,45,0,0.5134575569358178
MM-S07,1,46,0,0.5134575569358178
MM-S07,1,47,0,0.5134575569358178
MM-S07,1,48,0,0.5134575569358178
MM-S07,1,49,1,0.5134575569358178
MM-S07,1,50,0,0.5134575569358178
MM-S07,1,51,1,0.5134575569358178
MM-S07,1,52,0,0.5134575569358178
MM-S07,1,53,0,0.5134575569358178
MM-S07,1,54,0,0.5134575569358178
MM-S07,1,55,0,0.5134575569358178
MM-S07,1,56,2,0.5134575569358178
MM-S07,1,57,1,0.5134575569358178
MM-S07,1,58,1,0.5134575569358178
MM-S07,1,59,2,0.5134575569358178
MM-S07,1,60,0,0.5134575569358178
MM-S07,1,61,0,0.5134575569358178
MM-S07,1,62,0,0.5134575569358178
MM-S07,1,63,0,0.5134575569358178
MM-S07,1,64,0,0.5134575569358178
MM-S07,1,65,0,0.5134575569358178
MM-S07,1,66,0,0.5134575569358178
MM-S07,1,67,1,0.5134575569358178
MM-S07,1,68,0,0.5134575569358178
MM-S07,1,69,0,0.5134575569358178
MM-S07,1,70,0,0.5134575569358178
MM-S07,2,3,0,0.5134575569358178
MM-S07,2,4,0,0.5134575569358178
MM-S07,2,5,0,0.5134575569358178
MM-S07,2,6,1,0.5134575569358178
MM-S07,2,7,0,0.5134575569358178
MM-S07,2,8,1,0.5134575569358178
MM-S07,2,9,0,0.5134575569358178
MM-S07,2,10,0,0.5134575569358178
MM-S07,2,11,0,0.5134575569358178
MM-S07,2,12,0,0.5134575569358178
MM-S07,2,13,0,0.5134575569358178
MM-S07,2,14,1,0.5134575569358178
MM-S07,2,15,0,0.5134575569358178
MM-S07,2,16,0,0.5134575569358178
MM-S07,2,17,0,0.5134575569358178
MM-S07,2,18,1,0.5134575569358178
MM-S07,2,19,1,0.5134575569358178
MM-S07,2,20,0,0.5134575569358178
MM-S07,2,21,0,0.5134575569358178
MM-S07,2,22,3,0.5134575569358178
MM-S07,2,23,0,0.5134575569358178
MM-S07,2,24,1,0.5134575569358178
MM-S07,2,25,0,0.5134575569358178
MM-S07,2,26,0,0.5134575569358178
MM-S07,2,27,2,0.5134575569358178
MM-S07,2,28,1,0.5134575569358178
MM-S07,2,29,0,0.5134575569358178
MM-S07,2,30,0,0.5134575569358178
MM-S07,2,31,0,0.5134575569358178
MM-S07,2,32,0,0.5134575569358178
MM-S07,2,33,2,0.5134575569358178
MM-S07,2,34,1,0.5134575569358178
MM-S07,2,35,0,0.5134575569358178
MM-S07,2,36,0,0.5134575569358178
MM-S07,2,37,1,0.5134575569358178
MM-S07,2,38,1,0.5134575569358178
MM-S07,2,39,0,0.5134575569358178
MM-S07,2,40,0,0.5134575569358178
MM-S07,2,41,0,0.5134575569358178
MM-S07,2,42,3,0.5134575569358178
MM-S07,2,43,0,0.5134575569358178
MM-S07,2,44,0,0.5134575569358178
MM-S07,2,45,0,0.5134575569358178
MM-S07,2,46,0,0.5134575569358178
MM-S07,2,47,0,0.5134575569358178
MM-S07,2,48,0,0.5134575569358178
MM-S07,2,49,1,0.5134575569358178
MM-S07,2,50,0,0.5134575569358178
MM-S07,2,51,0,0.5134575569358178
MM-S07,2,52,1,0.5134575569358178
MM-S07,2,53,1,0.5134575569358178
MM-S07,2,54,0,0.5134575569358178
MM-S07,2,55,0,0.5134575569358178
MM-S07,2,56,0,0.5134575569358178
MM-S07,2,57,0,0.5134575569358178
MM-S07,2,58,2,0.5134575569358178
MM-S07,2,59,1,0.5134575569358178
MM-S07,2,60,0,0.5134575569358178
MM-S07,2,61,1,0.5134575569358178
MM-S07,2,62,1,0.5134575569358178
MM-S07,2,63,0,0.5134575569358178
MM-S07,2,64,0,0.5134575569358178
MM-S07,2,65,0,0.5134575569358178
MM-S07,2,66,2,0.5134575569358178
MM-S07,2,67,1,0.5134575569358178
MM-S07,2,68,1,0.5134575569358178
MM-S07,2,69,0,0.5134575569358178
MM-S07,2,70,0,0.5134575569358178
MM-S07,3,4,1,0.5134575569358178
MM-S07,3,5,0,0.5134575569358178
MM-S07,3,6,0,0.5134575569358178
MM-S07,3,7,0,0.5134575569358178
MM-S07,3,8,0,0.5134575569358178
MM-S07,3,9,0,0.5134575569358178
MM-S07,3,10,0,0.5134575569358178
MM-S07,3,11,0,0.5134575569358178
MM-S07,3,12,0,0.5134575569358178
MM-S07,3,13,0,0.5134575569358178
MM-S07,3,14,0,0.5134575569358178
MM-S07,3,15,0,0.5134575569358178
MM-S07,3,16,0,0.5134575569358178
MM-S07,3,17,0,0.5134575569358178
MM-S07,3,18,2,0.5134575569358178
MM-S07,3,19,1,0.5134575569358178
MM-S07,3,20,0,0.5134575569358178
MM-S07,3,21,0,0.5134575569358178
MM-S07,3,22,1,0.5134575569358178
MM-S07,3,23,1,0.5134575569358178
MM-S07,3,24,0,0.5134575569358178
MM-S07,3,25,0,0.5134575569358178
MM-S07,3,26,0,0.5134575569358178
MM-S07,3,27,0,0.5134575569358178
MM-S07,3,28,0,0.5134575569358178
MM-S07,3,29,0,0.5134575569358178
MM-S07,3,30,0,0.5134575569358178
MM-S07,3,31,1,0.5134575569358178
MM-S07,3,32,1,0.5134575569358178
MM-S07,3,33,0,0.5134575569358178
MM-S07,3,34,1,0.5134575569358178
MM-S07,3,35,0,0.5134575569358178
MM-S07,3,36,1,0.5134575569358178
MM-S07,3,37,1,0.5134575569358178
MM-S07,3,38,0,0.5134575569358178
MM-S07,3,39,0,0.5134575569358178
MM-S07,3,40,0,0.5134575569358178
MM-S07,3,41,0,0.5134575569358178
MM-S07,3,42,1,0.5134575569358178
MM-S07,3,43,0,0.5134575569358178
MM-S07,3,44,1,0.5134575569358178
MM-S07,3,45,0,0.5134575569358178
MM-S07,3,46,0,0.5134575569358178
MM-S07,3,47,0,0.5134575569358178
MM-S07,3,48,0,0.5134575569358178
MM-S07,3,49,1,0.5134575569358178
MM-S07,3,50,0,0.5134575569358178
MM-S07,3,51,0,0.5134575569358178
MM-S07,3,52,1,0.5134575569358178
MM-S07,3,53,0,0.5134575569358178
MM-S07,3,54,1,0.5134575569358178
MM-S07,3,55,0,0.5134575569358178
MM-S07,3,56,1,0.5134575569358178
MM-S07,3,57,0,0.5134575569358178
MM-S07,3,58,0,0.5134575569358178
MM-S07,3,59,0,0.5134575569358178
MM-S07,3,60,0,0.5134575569358178
MM-S07,3,61,1,0.5134575569358178
MM-S07,3,62,0,0.5134575569358178
MM-S07,3,63,2,0.5134575569358178
MM-S07,3,64,0,0.5134575569358178
MM-S07,3,65,0,0.5134575569358178
MM-S07,3,66,0,0.5134575569358178
MM-S07,3,67,0,0.5134575569358178
MM-S07,3,68,0,0.5134575569358178
MM-S07,3,69,0,0.5134575569358178
MM-S07,3,70,0,0.5134575569358178
MM-S07,4,5,0,0.5134575569358178
MM-S07,4,6,1,0.5134575569358178
MM-S07,4,7,0,0.5134575569358178
MM-S07,4,8,1,0.5134575569358178
MM-S07,4,9,0,0.5134575569358178
MM-S07,4,10,0,0.5134575569358178
MM-S07,4,11,1,0.5134575569358178
MM-S07,4,12,0,0.5134575569358178
MM-S07,4,13,1,0.5134575569358178
MM-S07,4,14,0,0.5134575569358178
MM-S07,4,15,0,0.5134575569358178
MM-S07,4,16,0,0.5134575569358178
MM-S07,4,17,1,0.5134575569358178
MM-S07,4,18,1,0.5134575569358178
MM-S07,4,19,1,0.5134575569358178
MM-S07,4,20,1,0.5134575569358178
MM-S07,4,21,1,0.5134575569358178
MM-S07,4,22,0,0.5134575569358178
MM-S07,4,23,0,0.5134575569358178
MM-S07,4,24,0,0.5134575569358178
MM-S07,4,25,0,0.5134575569358178
MM-S07,4,26,0,0.5134575569358178
MM-S07,4,27,3,0.5134575569358178
MM-S07,4,28,0,0.5134575569358178
MM-S07,4,29,0,0.5134575569358178
MM-S07,4,30,0,0.5134575569358178
MM-S07,4,31,1,0.5134575569358178
MM-S07,4,32,0,0.5134575569358178
MM-S07,4,33,1,0.5134575569358178
MM-S07,4,34,1,0.5134575569358178
MM-S07,4,35,0,0.5134575569358178
MM-S07,4,36,0,0.5134575569358178
MM-S07,4,37,1,0.5134575569358178
MM-S07,4,38,3,0.5134575569358178
MM-S07,4,39,0,0.5134575569358178
MM-S07,4,40,0,0.5134575569358178
MM-S07,4,41,0,0.5134575569358178
MM-S07,4,42,0,0.5134575569358178
MM-S07,4,43,0,0.5134575569358178
MM-S07,4,44,1,0.5134575569358178
MM-S07,4,45,0,0.5134575569358178
MM-S07,4,46,0,0.5134575569358178
MM-S07,4,47,0,0.5134575569358178
MM-S07,4,48,0,0.5134575569358178
MM-S07,4,49,1,0.5134575569358178
MM-S07,4,50,1,0.5134575569358178
MM-S07,4,51,0,0.5134575569358178
MM-S07,4,52,1,0.5134575569358178
MM-S07,4,53,1,0.5134575569358178
MM-S07,4,54,0,0.5134575569358178
MM-S07,4,55,0,0.5134575569358178
MM-S07,4,56,1,0.5134575569358178
MM-S07,4,57,0,0.5134575569358178
MM-S07,4,58,0,0.5134575569358178
MM-S07,4,59,0,0.5134575569358178
MM-S07,4,60,0,0.5134575569358178
MM-S07,4,61,0,0.5134575569358178
MM-S07,4,62,1,0.5134575569358178
MM-S07,4,63,2,0.5134575569358178
MM-S07,4,64,0,0.5134575569358178
MM-S07,4,65,0,0.5134575569358178
MM-S07,4,66,1,0.5134575569358178
MM-S07,4,67,0,0.5134575569358178
MM-S07,4,68,0,0.5134575569358178
MM-S07,4,69,2,0.5134575569358178
MM-S07,4,70,0,0.5134575569358178
MM-S07,5,6,0,0.5134575569358178
MM-S07,5,7,0,0.5134575569358178
MM-S07,5,8,0,0.5134575569358178
MM-S07,5,9,0,0.5134575569358178
MM-S07,5,10,1,0.5134575569358178
MM-S07,5,11,1,0.5134575569358178
MM-S07,5,12,0,0.5134575569358178
MM-S07,5,13,1,0.5134575569358178
MM-S07,5,14,0,0.5134575569358178
MM-S07,5,15,2,0.5134575569358178
MM-S07,5,16,0,0.5134575569358178
MM-S07,5,17,1,0.5134575569358178
MM-S07,5,18,0,0.5134575569358178
MM-S07,5,19,0,0.5134575569358178
MM-S07,5,20,0,0.5134575569358178
MM-S07,5,21,0,0.5134575569358178
MM-S07,5,22,2,0.5134575569358178
MM-S07,5,23,1,0.5134575569358178
MM-S07,5,24,0,0.5134575569358178
MM-S07,5,25,2,0.5134575569358178
MM-S07,5,26,0,0.5134575569358178
MM-S07,5,27,1,0.5134575569358178
MM-S07,5,28,1,0.5134575569358178
MM-S07,5,29,0,0.5134575569358178
MM-S07,5,30,2,0.5134575569358178
MM-S07,5,31,0,0.5134575569358178
MM-S07,5,32,0,0.5134575569358178
MM-S07,5,33,1,0.5134575569358178
MM-S07,5,34,0,0.5134575569358178
MM-S07,5,35,0,0.5134575569358178
MM-S07,5,36,1,0.5134575569358178
MM-S07,5,37,1,0.5134575569358178
MM-S07,5,38,0,0.5134575569358178
MM-S07,5,39,0,0.5134575569358178
MM-S07,5,40,0,0.5134575569358178
MM-S07,5,41,0,0.5134575569358178
MM-S07,5,42,0,0.5134575569358178
MM-S07,5,43,0,0.5134575569358178
MM-S07,5,44,0,0.5134575569358178
MM-S07,5,45,0,0.5134575569358178
MM-S07,5,46,0,0.5134575569358178
MM-S07,5,47,0,0.5134575569358178
MM-S07,5,48,0,0.5134575569358178
MM-S07,5,49,1,0.5134575569358178
MM-S07,5,50,0,0.5134575569358178
MM-S07,5,51,1,0.5134575569358178
MM-S07,5,52,0,0.5134575569358178
MM-S07,5,53,0,0.5134575569358178
MM-S07,5,54,0,0.5134575569358178
MM-S07,5,55,0,0.5134575569358178
MM-S07,5,56,0,0.5134575569358178
MM-S07,5,57,0,0.5134575569358178
MM-S07,5,58,0,0.5134575569358178
MM-S07,5,59,1,0.5134575569358178
MM-S07,5,60,0,0.5134575569358178
MM-S07,5,61,0,0.5134575569358178
MM-S07,5,62,0,0.5134575569358178
MM-S07,5,63,0,0.5134575569358178
MM-S07,5,64,0,0.5134575569358178
MM-S07,5,65,0,0.5134575569358178
MM-S07,5,66,0,0.5134575569358178
MM-S07,5,67,0,0.5134575569358178
MM-S07,5,68,1,0.5134575569358178
MM-S07,5,69,1,0.5134575569358178
MM-S07,5,70,0,0.5134575569358178
MM-S07,6,7,1,0.5134575569358178
MM-S07,6,8,1,0.5134575569358178
MM-S07,6,9,0,0.5134575569358178
MM-S07,6,10,2,0.5134575569358178
MM-S07,6,11,0,0.5134575569358178
MM-S07,6,12,0,0.5134575569358178
MM-S07,6,13,3,0.5134575569358178
MM-S07,6,14,2,0.5134575569358178
MM-S07,6,15,0,0.5134575569358178
MM-S07,6,16,0,0.5134575569358178
MM-S07,6,17,0,0.5134575569358178
MM-S07,6,18,0,0.5134575569358178
MM-S07,6,19,1,0.5134575569358178
MM-S07,6,20,0,0.5134575569358178
MM-S07,6,21,0,0.5134575569358178
MM-S07,6,22,0,0.5134575569358178
MM-S07,6,23,0,0.5134575569358178
MM-S07,6,24,2,0.5134575569358178
MM-S07,6,25,0,0.5134575569358178
MM-S07,6,26,0,0.5134575569358178
MM-S07,6,27,0,0.5134575569358178
MM-S07,6,28,1,0.5134575569358178
MM-S07,6,29,1,0.5134575569358178
MM-S07,6,30,0,0.5134575569358178
MM-S07,6,31,0,0.5134575569358178
MM-S07,6,32,0,0.5134575569358178
MM-S07,6,33,1,0.5134575569358178
MM-S07,6,34,2,0.5134575569358178
MM-S07,6,35,1,0.5134575569358178
MM-S07,6,36,2,0.5134575569358178
MM-S07,6,37,0,0.5134575569358178
MM-S07,6,38,1,0.5134575569358178
MM-S07,6,39,1,0.5134575569358178
MM-S07,6,40,1,0.5134575569358178
MM-S07,6,41,0,0.5134575569358178
MM-S07,6,42,0,0.5134575569358178
MM-S07,6,43,3,0.5134575569358178
MM-S07,6,44,1,0.5134575569358178
MM-S07,6,45,0,0.5134575569358178
MM-S07,6,46,0,0.5134575569358178
MM-S07,6,47,1,0.5134575569358178
MM-S07,6,48,2,0.5134575569358178
MM-S07,6,49,1,0.5134575569358178
MM-S07,6,50,0,0.5134575569358178
MM-S07,6,51,0,0.5134575569358178
MM-S07,6,52,2,0.5134575569358178
MM-S07,6,53,0,0.5134575569358178
MM-S07,6,54,0,0.5134575569358178
MM-S07,6,55,1,0.5134575569358178
MM-S07,6,56,0,0.5134575569358178
MM-S07,6,57,0,0.5134575569358178
MM-S07,6,58,1,0.5134575569358178
MM-S07,6,59,0,0.5134575569358178
MM-S07,6,60,0,0.5134575569358178
MM-S07,6,61,0,0.5134575569358178
MM-S07,6,62,3,0.5134575569358178
MM-S07,6,63,1,0.5134575569358178
MM-S07,6,64,1,0.5134575569358178
MM-S07,6,65,1,0.5134575569358178
MM-S07,6,66,0,0.5134575569358178
MM-S07,6,67,0,0.5134575569358178
MM-S07,6,68,1,0.5134575569358178
MM-S07,6,69,0,0.5134575569358178
MM-S07,6,70,0,0.5134575569358178
MM-S07,7,8,0,0.5134575569358178
MM-S07,7,9,0,0.5134575569358178
MM-S07,7,10,0,0.5134575569358178
MM-S07,7,11,0,0.5134575569358178
MM-S07,7,12,1,0.5134575569358178
MM-S07,7,13,1,0.5134575569358178
MM-S07,7,14,0,0.5134575569358178
MM-S07,7,15,0,0.5134575569358178
MM-S07,7,16,1,0.5134575569358178
MM-S07,7,17,1,0.5134575569358178
MM-S07,7,18,1,0.5134575569358178
MM-S07,7,19,0,0.5134575569358178
MM-S07,7,20,0,0.5134575569358178
MM-S07,7,21,1,0.5134575569358178
MM-S07,7,22,0,0.5134575569358178
MM-S07,7,23,0,0.5134575569358178
MM-S07,7,24,0,0.5134575569358178
MM-S07,7,25,0,0.5134575569358178
MM-S07,7,26,0,0.5134575569358178
MM-S07,7,27,0,0.5134575569358178
MM-S07,7,28,0,0.5134575569358178
MM-S07,7,29,0,0.5134575569358178
MM-S07,7,30,1,0.5134575569358178
MM-S07,7,31,0,0.5134575569358178
MM-S07,7,32,1,0.5134575569358178
MM-S07,7,33,0,0.5134575569358178
MM-S07,7,34,0,0.5134575569358178
MM-S07,7,35,2,0.5134575569358178
MM-S07,7,36,0,0.5134575569358178
MM-S07,7,37,0,0.5134575569358178
MM-S07,7,38,0,0.5134575569358178
MM-S07,7,39,1,0.5134575569358178
MM-S07,7,40,4,0.5134575569358178
MM-S07,7,41,0,0.5134575569358178
MM-S07,7,42,0,0.5134575569358178
MM-S07,7,43,0,0.5134575569358178
MM-S07,7,44,0,0.5134575569358178
MM-S07,7,45,0,0.5134575569358178
MM-S07,7,46,0,0.5134575569358178
MM-S07,7,47,0,0.5134575569358178
MM-S07,7,48,1,0.5134575569358178
MM-S07,7,49,0,0.5134575569358178
MM-S07,7,50,0,0.5134575569358178
MM-S07,7,51,0,0.5134575569358178
MM-S07,7,52,0,0.5134575569358178
MM-S07,7,53,1,0.5134575569358178
MM-S07,7,54,1,0.5134575569358178
MM-S07,7,55,1,0.5134575569358178
MM-S07,7,56,0,0.5134575569358178
MM-S07,7,57,0,0.5134575569358178
MM-S07,7,58,0,0.5134575569358178
MM-S07,7,59,0,0.5134575569358178
MM-S07,7,60,0,0.5134575569358178
MM-S07,7,61,0,0.5134575569358178
MM-S07,7,62,1,0.5134575569358178
MM-S07,7,63,0,0.5134575569358178
MM-S07,7,64,1,0.5134575569358178
MM-S07,7,65,0,0.5134575569358178
MM-S07,7,66,0,0.5134575569358178
MM-S07,7,67,0,0.5134575569358178
MM-S07,7,68,1,0.5134575569358178
MM-S07,7,69,1,0.5134575569358178
MM-S07,7,70,0,0.5134575569358178
MM-S07,8,9,0,0.5134575569358178
MM-S07,8,10,1,0.5134575569358178
MM-S07,8,11,1,0.5134575569358178
MM-S07,8,12,1,0.5134575569358178
MM-S07,8,13,0,0.5134575569358178
MM-S07,8,14,1,0.5134575569358178
MM-S07,8,15,0,0.5134575569358178
MM-S07,8,16,0,0.5134575569358178
MM-S07,8,17,0,0.5134575569358178
MM-S07,8,18,0,0.5134575569358178
MM-S07,8,19,1,0.5134575569358178
MM-S07,8,20,0,0.5134575569358178
MM-S07,8,21,0,0.5134575569358178
MM-S07,8,22,1,0.5134575569358178
MM-S07,8,23,0,0.5134575569358178
MM-S07,8,24,0,0.5134575569358178
MM-S07,8,25,0,0.5134575569358178
MM-S07,8,26,1,0.5134575569358178
MM-S07,8,27,1,0.5134575569358178
MM-S07,8,28,0,0.5134575569358178
MM-S07,8,29,0,0.5134575569358178
MM-S07,8,30,0,0.5134575569358178
MM-S07,8,31,1,0.5134575569358178
MM-S07,8,32,0,0.5134575569358178
MM-S07,8,33,0,0.5134575569358178
MM-S07,8,34,0,0.5134575569358178
MM-S07,8,35,0,0.5134575569358178
MM-S07,8,36,0,0.5134575569358178
MM-S07,8,37,1,0.5134575569358178
MM-S07,8,38,1,0.5134575569358178
MM-S07,8,39,0,0.5134575569358178
MM-S07,8,40,1,0.5134575569358178
MM-S07,8,41,0,0.5134575569358178
MM-S07,8,42,1,0.5134575569358178
MM-S07,8,43,0,0.5134575569358178
MM-S07,8,44,0,0.5134575569358178
MM-S07,8,45,0,0.5134575569358178
MM-S07,8,46,0,0.5134575569358178
MM-S07,8,47,2,0.5134575569358178
MM-S07,8,48,0,0.5134575569358178
MM-S07,8,49,1,0.5134575569358178
MM-S07,8,50,1,0.5134575569358178
MM-S07,8,51,0,0.5134575569358178
MM-S07,8,52,0,0.5134575569358178
MM-S07,8,53,0,0.5134575569358178
MM-S07,8,54,0,0.5134575569358178
MM-S07,8,55,0,0.5134575569358178
MM-S07,8,56,2,0.5134575569358178
MM-S07,8,57,1,0.5134575569358178
MM-S07,8,58,0,0.5134575569358178
MM-S07,8,59,0,0.5134575569358178
MM-S07,8,60,0,0.5134575569358178
MM-S07,8,61,0,0.5134575569358178
MM-S07,8,62,0,0.5134575569358178
MM-S07,8,63,1,0.5134575569358178
MM-S07,8,64,0,0.5134575569358178
MM-S07,8,65,0,0.5134575569358178
MM-S07,8,66,0,0.5134575569358178
MM-S07,8,67,1,0.5134575569358178
MM-S07,8,68,0,0.5134575569358178
MM-S07,8,69,0,0.5134575569358178
MM-S07,8,70,1,0.5134575569358178
MM-S07,9,10,1,0.5134575569358178
MM-S07,9,11,0,0.5134575569358178
MM-S07,9,12,1,0.5134575569358178
MM-S07,9,13,0,0.5134575569358178
MM-S07,9,14,0,0.5134575569358178
MM-S07,9,15,0,0.5134575569358178
MM-S07,9,16,0,0.5134575569358178
MM-S07,9,17,1,0.5134575569358178
MM-S07,9,18,0,0.5134575569358178
MM-S07,9,19,1,0.5134575569358178
MM-S07,9,20,0,0.5134575569358178
MM-S07,9,21,1,0.5134575569358178
MM-S07,9,22,0,0.5134575569358178
MM-S07,9,23,0,0.5134575569358178
MM-S07,9,24,1,0.5134575569358178
MM-S07,9,25,0,0.5134575569358178
MM-S07,9,26,0,0.5134575569358178
MM-S07,9,27,1,0.5134575569358178
MM-S07,9,28,0,0.5134575569358178
MM-S07,9,29,0,0.5134575569358178
MM-S07,9,30,1,0.5134575569358178
MM-S07,9,31,1,0.5134575569358178
MM-S07,9,32,0,0.5134575569358178
MM-S07,9,33,0,0.5134575569358178
MM-S07,9,34,0,0.5134575569358178
MM-S07,9,35,0,0.5134575569358178
MM-S07,9,36,1,0.5134575569358178
MM-S07,9,37,0,0.5134575569358178
MM-S07,9,38,1,0.5134575569358178
MM-S07,9,39,2,0.5134575569358178
MM-S07,9,40,1,0.5134575569358178
MM-S07,9,41,0,0.5134575569358178
MM-S07,9,42,0,0.5134575569358178
MM-S07,9,43,0,0.5134575569358178
MM-S07,9,44,0,0.5134575569358178
MM-S07,9,45,0,0.5134575569358178
MM-S07,9,46,0,0.5134575569358178
MM-S07,9,47,1,0.5134575569358178
MM-S07,9,48,2,0.5134575569358178
MM-S07,9,49,0,0.5134575569358178
MM-S07,9,50,0,0.5134575569358178
MM-S07,9,51,1,0.5134575569358178
MM-S07,9,52,0,0.5134575569358178
MM-S07,9,53,0,0.5134575569358178
MM-S07,9,54,0,0.5134575569358178
MM-S07,9,55,0,0.5134575569358178
MM-S07,9,56,1,0.5134575569358178
MM-S07,9,57,0,0.5134575569358178
MM-S07,9,58,1,0.5134575569358178
MM-S07,9,59,0,0.5134575569358178
MM-S07,9,60,1,0.5134575569358178
MM-S07,9,61,0,0.5134575569358178
MM-S07,9,62,0,0.5134575569358178
MM-S07,9,63,1,0.5134575569358178
MM-S07,9,64,1,0.5134575569358178
MM-S07,9,65,0,0.5134575569358178
MM-S07,9,66,0,0.5134575569358178
MM-S07,9,67,0,0.5134575569358178
MM-S07,9,68,1,0.5134575569358178
MM-S07,9,69,0,0.5134575569358178
MM-S07,9,70,0,0.5134575569358178
MM-S07,10,11,2,0.5134575569358178
MM-S07,10,12,1,0.5134575569358178
MM-S07,10,13,2,0.5134575569358178
MM-S07,10,14,2,0.5134575569358178
MM-S07,10,15,0,0.5134575569358178
MM-S07,10,16,1,0.5134575569358178
MM-S07,10,17,0,0.5134575569358178
MM-S07,10,18,1,0.5134575569358178
MM-S07,10,19,1,0.5134575569358178
MM-S07,10,20,0,0.5134575569358178
MM-S07,10,21,0,0.5134575569358178
MM-S07,10,22,1,0.5134575569358178
MM-S07,10,23,1,0.5134575569358178
MM-S07,10,24,4,0.5134575569358178
MM-S07,10,25,0,0.5134575569358178
MM-S07,10,26,1,0.5134575569358178
MM-S07,10,27,1,0.5134575569358178
MM-S07,10,28,0,0.5134575569358178
MM-S07,10,29,0,0.5134575569358178
MM-S07,10,30,1,0.5134575569358178
MM-S07,10,31,0,0.5134575569358178
MM-S07,10,32,0,0.5134575569358178
MM-S07,10,33,0,0.5134575569358178
MM-S07,10,34,2,0.5134575569358178
MM-S07,10,35,1,0.5134575569358178
MM-S07,10,36,0,0.5134575569358178
MM-S07,10,37,0,0.5134575569358178
MM-S07,10,38,1,0.5134575569358178
MM-S07,10,39,0,0.5134575569358178
MM-S07,10,40,3,0.5134575569358178
MM-S07,10,41,0,0.5134575569358178
MM-S07,10,42,1,0.5134575569358178
MM-S07,10,43,2,0.5134575569358178
MM-S07,10,44,0,0.5134575569358178
MM-S07,10,45,1,0.5134575569358178
MM-S07,10,46,1,0.5134575569358178
MM-S07,10,47,1,0.5134575569358178
MM-S07,10,48,1,0.5134575569358178
MM-S07,10,49,1,0.5134575569358178
MM-S07,10,50,2,0.5134575569358178
MM-S07,10,51,0,0.5134575569358178
MM-S07,10,52,0,0.5134575569358178
MM-S07,10,53,0,0.5134575569358178
MM-S07,10,54,0,0.5134575569358178
MM-S07,10,55,1,0.5134575569358178
MM-S07,10,56,1,0.5134575569358178
MM-S07,10,57,0,0.5134575569358178
MM-S07,10,58,1,0.5134575569358178
MM-S07,10,59,1,0.5134575569358178
MM-S07,10,60,3,0.5134575569358178
MM-S07,10,61,1,0.5134575569358178
MM-S07,10,62,0,0.5134575569358178
MM-S07,10,63,1,0.5134575569358178
MM-S07,10,64,1,0.5134575569358178
MM-S07,10,65,0,0.5134575569358178
MM-S07,10,66,0,0.5134575569358178
MM-S07,10,67,0,0.5134575569358178
MM-S07,10,68,1,0.5134575569358178
MM-S07,10,69,0,0.5134575569358178
MM-S07,10,70,0,0.5134575569358178
MM-S07,11,12,1,0.5134575569358178
MM-S07,11,13,0,0.5134575569358178
MM-S07,11,14,2,0.5134575569358178
MM-S07,11,15,1,0.5134575569358178
MM-S07,11,16,0,0.5134575569358178
MM-S07,11,17,1,0.5134575569358178
MM-S07,11,18,4,0.5134575569358178
MM-S07,11,19,0,0.5134575569358178
MM-S07,11,20,1,0.5134575569358178
MM-S07,11,21,0,0.5134575569358178
MM-S07,11,22,1,0.5134575569358178
MM-S07,11,23,0,0.5134575569358178
MM-S07,11,24,1,0.5134575569358178
MM-S07,11,25,1,0.5134575569358178
MM-S07,11,26,0,0.5134575569358178
MM-S07,11,27,1,0.5134575569358178
MM-S07,11,28,0,0.5134575569358178
MM-S07,11,29,0,0.5134575569358178
MM-S07,11,30,0,0.5134575569358178
MM-S07,11,31,2,0.5134575569358178
MM-S07,11,32,1,0.5134575569358178
MM-S07,11,33,0,0.5134575569358178
MM-S07,11,34,1,0.5134575569358178
MM-S07,11,35,0,0.5134575569358178
MM-S07,11,36,1,0.5134575569358178
MM-S07,11,37,0,0.5134575569358178
MM-S07,11,38,2,0.5134575569358178
MM-S07,11,39,2,0.5134575569358178
MM-S07,11,40,0,0.5134575569358178
MM-S07,11,41,0,0.5134575569358178
MM-S07,11,42,0,0.5134575569358178
MM-S07,11,43,3,0.5134575569358178
MM-S07,11,44,0,0.5134575569358178
MM-S07,11,45,1,0.5134575569358178
MM-S07,11,46,0,0.5134575569358178
MM-S07,11,47,0,0.5134575569358178
MM-S07,11,48,0,0.5134575569358178
MM-S07,11,49,0,0.5134575569358178
MM-S07,11,50,2,0.5134575569358178
MM-S07,11,51,2,0.5134575569358178
MM-S07,11,52,0,0.5134575569358178
MM-S07,11,53,0,0.5134575569358178
MM-S07,11,54,1,0.5134575569358178
MM-S07,11,55,2,0.5134575569358178
MM-S07,11,56,1,0.5134575569358178
MM-S07,11,57,2,0.5134575569358178
MM-S07,11,58,0,0.5134575569358178
MM-S07,11,59,2,0.5134575569358178
MM-S07,11,60,1,0.5134575569358178
MM-S07,11,61,0,0.5134575569358178
MM-S07,11,62,0,0.5134575569358178
MM-S07,11,63,3,0.5134575569358178
MM-S07,11,64,0,0.5134575569358178
MM-S07,11,65,0,0.5134575569358178
MM-S07,11,66,0,0.5134575569358178
MM-S07,11,67,1,0.5134575569358178
MM-S07,11,68,0,0.5134575569358178
MM-S07,11,69,1,0.5134575569358178
MM-S07,11,70,0,0.5134575569358178
MM-S07,12,13,0,0.5134575569358178
MM-S07,12,14,0,0.5134575569358178
MM-S07,12,15,0,0.5134575569358178
MM-S07,12,16,0,0.5134575569358178
MM-S07,12,17,0,0.5134575569358178
MM-S07,12,18,0,0.5134575569358178
MM-S07,12,19,0,0.5134575569358178
MM-S07,12,20,0,0.5134575569358178
MM-S07,12,21,0,0.5134575569358178
MM-S07,12,22,2,0.5134575569358178
MM-S07,12,23,1,0.5134575569358178
MM-S07,12,24,1,0.5134575569358178
MM-S07,12,25,0,0.5134575569358178
MM-S07,12,26,0,0.5134575569358178
MM-S07,12,27,1,0.5134575569358178
MM-S07,12,28,0,0.5134575569358178
MM-S07,12,29,0,0.5134575569358178
MM-S07,12,30,2,0.5134575569358178
MM-S07,12,31,1,0.5134575569358178
MM-S07,12,32,0,0.5134575569358178
MM-S07,12,33,0,0.5134575569358178
MM-S07,12,34,0,0.5134575569358178
MM-S07,12,35,0,0.5134575569358178
MM-S07,12,36,1,0.5134575569358178
MM-S07,12,37,0,0.5134575569358178
MM-S07,12,38,0,0.5134575569358178
MM-S07,12,39,1,0.5134575569358178
MM-S07,12,40,1,0.5134575569358178
MM-S07,12,41,0,0.5134575569358178
MM-S07,12,42,2,0.5134575569358178
MM-S07,12,43,1,0.5134575569358178
MM-S07,12,44,0,0.5134575569358178
MM-S07,12,45,0,0.5134575569358178
MM-S07,12,46,0,0.5134575569358178
MM-S07,12,47,1,0.5134575569358178
MM-S07,12,48,1,0.5134575569358178
MM-S07,12,49,2,0.5134575569358178
MM-S07,12,50,1,0.5134575569358178
MM-S07,12,51,1,0.5134575569358178
MM-S07,12,52,0,0.5134575569358178
MM-S07,12,53,0,0.5134575569358178
MM-S07,12,54,0,0.5134575569358178
MM-S07,12,55,2,0.5134575569358178
MM-S07,12,56,1,0.5134575569358178
MM-S07,12,57,2,0.5134575569358178
MM-S07,12,58,1,0.5134575569358178
MM-S07,12,59,1,0.5134575569358178
MM-S07,12,60,1,0.5134575569358178
MM-S07,12,61,0,0.5134575569358178
MM-S07,12,62,0,0.5134575569358178
MM-S07,12,63,0,0.5134575569358178
MM-S07,12,64,0,0.5134575569358178
MM-S07,12,65,1,0.5134575569358178
MM-S07,12,66,0,0.5134575569358178
MM-S07,12,67,0,0.5134575569358178
MM-S07,12,68,0,0.5134575569358178
MM-S07,12,69,1,0.5134575569358178
MM-S07,12,70,0,0.5134575569358178
MM-S07,13,14,0,0.5134575569358178
MM-S07,13,15,1,0.5134575569358178
MM-S07,13,16,0,0.5134575569358178
MM-S07,13,17,1,0.5134575569358178
MM-S07,13,18,0,0.5134575569358178
MM-S07,13,19,0,0.5134575569358178
MM-S07,13,20,0,0.5134575569358178
MM-S07,13,21,1,0.5134575569358178
MM-S07,13,22,0,0.5134575569358178
MM-S07,13,23,0,0.5134575569358178
MM-S07,13,24,2,0.5134575569358178
MM-S07,13,25,1,0.5134575569358178
MM-S07,13,26,0,0.5134575569358178
MM-S07,13,27,1,0.5134575569358178
MM-S07,13,28,2,0.5134575569358178
MM-S07,13,29,0,0.5134575569358178
MM-S07,13,30,1,0.5134575569358178
MM-S07,13,31,1,0.5134575569358178
MM-S07,13,32,1,0.5134575569358178
MM-S07,13,33,0,0.5134575569358178
MM-S07,13,34,1,0.5134575569358178
MM-S07,13,35,0,0.5134575569358178
MM-S07,13,36,0,0.5134575569358178
MM-S07,13,37,0,0.5134575569358178
MM-S07,13,38,0,0.5134575569358178
MM-S07,13,39,1,0.5134575569358178
MM-S07,13,40,1,0.5134575569358178
MM-S07,13,41,2,0.5134575569358178
MM-S07,13,42,2,0.5134575569358178
MM-S07,13,43,1,0.5134575569358178
MM-S07,13,44,1,0.5134575569358178
MM-S07,13,45,1,0.5134575569358178
MM-S07,13,46,1,0.5134575569358178
MM-S07,13,47,0,0.5134575569358178
MM-S07,13,48,1,0.5134575569358178
MM-S07,13,49,0,0.5134575569358178
MM-S07,13,50,1,0.5134575569358178
MM-S07,13,51,0,0.5134575569358178
MM-S07,13,52,4,0.5134575569358178
MM-S07,13,53,1,0.5134575569358178
MM-S07,13,54,0,0.5134575569358178
MM-S07,13,55,0,0.5134575569358178
MM-S07,13,56,0,0.5134575569358178
MM-S07,13,57,0,0.5134575569358178
MM-S07,13,58,0,0.5134575569358178
MM-S07,13,59,0,0.5134575569358178
MM-S07,13,60,0,0.5134575569358178
MM-S07,13,61,0,0.5134575569358178
MM-S07,13,62,2,0.5134575569358178
MM-S07,13,63,1,0.5134575569358178
MM-S07,13,64,0,0.5134575569358178
MM-S07,13,65,0,0.5134575569358178
MM-S07,13,66,1,0.5134575569358178
MM-S07,13,67,0,0.5134575569358178
MM-S07,13,68,0,0.5134575569358178
MM-S07,13,69,1,0.5134575569358178
MM-S07,13,70,1,0.5134575569358178
MM-S07,14,15,0,0.5134575569358178
MM-S07,14,16,0,0.5134575569358178
MM-S07,14,17,1,0.5134575569358178
MM-S07,14,18,0,0.5134575569358178
MM-S07,14,19,0,0.5134575569358178
MM-S07,14,20,0,0.5134575569358178
MM-S07,14,21,1,0.5134575569358178
MM-S07,14,22,0,0.5134575569358178
MM-S07,14,23,0,0.5134575569358178
MM-S07,14,24,0,0.5134575569358178
MM-S07,14,25,1,0.5134575569358178
MM-S07,14,26,0,0.5134575569358178
MM-S07,14,27,0,0.5134575569358178
MM-S07,14,28,0,0.5134575569358178
MM-S07,14,29,0,0.5134575569358178
MM-S07,14,30,0,0.5134575569358178
MM-S07,14,31,0,0.5134575569358178
MM-S07,14,32,0,0.5134575569358178
MM-S07,14,33,0,0.5134575569358178
MM-S07,14,34,1,0.5134575569358178
MM-S07,14,35,0,0.5134575569358178
MM-S07,14,36,2,0.5134575569358178
MM-S07,14,37,1,0.5134575569358178
MM-S07,14,38,1,0.5134575569358178
MM-S07,14,39,0,0.5134575569358178
MM-S07,14,40,2,0.5134575569358178
MM-S07,14,41,2,0.5134575569358178
MM-S07,14,42,0,0.5134575569358178
MM-S07,14,43,1,0.5134575569358178
MM-S07,14,44,0,0.5134575569358178
MM-S07,14,45,1,0.5134575569358178
MM-S07,14,46,0,0.5134575569358178
MM-S07,14,47,1,0.5134575569358178
MM-S07,14,48,0,0.5134575569358178
MM-S07,14,49,2,0.5134575569358178
MM-S07,14,50,1,0.5134575569358178
MM-S07,14,51,0,0.5134575569358178
MM-S07,14,52,1,0.5134575569358178
MM-S07,14,53,0,0.5134575569358178
MM-S07,14,54,0,0.5134575569358178
MM-S07,14,55,0,0.5134575569358178
MM-S07,14,56,0,0.5134575569358178
MM-S07,14,57,1,0.5134575569358178
MM-S07,14,58,1,0.5134575569358178
MM-S07,14,59,0,0.5134575569358178
MM-S07,14,60,0,0.5134575569358178
MM-S07,14,61,0,0.5134575569358178
MM-S07,14,62,1,0.5134575569358178
MM-S07,14,63,0,0.5134575569358178
MM-S07,14,64,0,0.5134575569358178
MM-S07,14,65,0,0.5134575569358178
MM-S07,14,66,1,0.5134575569358178
MM-S07,14,67,0,0.5134575569358178
MM-S07,14,68,1,0.5134575569358178
MM-S07,14,69,0,0.5134575569358178
MM-S07,14,70,0,0.5134575569358178
MM-S07,15,16,0,0.5134575569358178
MM-S07,15,17,1,0.5134575569358178
MM-S07,15,18,0,0.5134575569358178
MM-S07,15,19,0,0.5134575569358178
MM-S07,15,20,0,0.5134575569358178
MM-S07,15,21,0,0.5134575569358178
MM-S07,15,22,1,0.5134575569358178
MM-S07,15,23,0,0.5134575569358178
MM-S07,15,24,0,0.5134575569358178
MM-S07,15,25,0,0.5134575569358178
MM-S07,15,26,1,0.5134575569358178
MM-S07,15,27,0,0.5134575569358178
MM-S07,15,28,1,0.5134575569358178
MM-S07,15,29,0,0.5134575569358178
MM-S07,15,30,0,0.5134575569358178
MM-S07,15,31,1,0.5134575569358178
MM-S07,15,32,1,0.5134575569358178
MM-S07,15,33,1,0.5134575569358178
MM-S07,15,34,0,0.5134575569358178
MM-S07,15,35,0,0.5134575569358178
MM-S07,15,36,0,0.5134575569358178
MM-S07,15,37,3,0.5134575569358178
MM-S07,15,38,2,0.5134575569358178
MM-S07,15,39,0,0.5134575569358178
MM-S07,15,40,1,0.5134575569358178
MM-S07,15,41,1,0.5134575569358178
MM-S07,15,42,0,0.5134575569358178
MM-S07,15,43,1,0.5134575569358178
MM-S07,15,44,0,0.5134575569358178
MM-S07,15,45,0,0.5134575569358178
MM-S07,15,46,0,0.5134575569358178
MM-S07,15,47,0,0.5134575569358178
MM-S07,15,48,2,0.5134575569358178
MM-S07,15,49,0,0.5134575569358178
MM-S07,15,50,0,0.5134575569358178
MM-S07,15,51,0,0.5134575569358178
MM-S07,15,52,0,0.5134575569358178
MM-S07,15,53,0,0.5134575569358178
MM-S07,15,54,0,0.5134575569358178
MM-S07,15,55,0,0.5134575569358178
MM-S07,15,56,1,0.5134575569358178
MM-S07,15,57,0,0.5134575569358178
MM-S07,15,58,2,0.5134575569358178
MM-S07,15,59,1,0.5134575569358178
MM-S07,15,60,1,0.5134575569358178
MM-S07,15,61,0,0.5134575569358178
MM-S07,15,62,0,0.5134575569358178
MM-S07,15,63,1,0.5134575569358178
MM-S07,15,64,1,0.5134575569358178
MM-S07,15,65,0,0.5134575569358178
MM-S07,15,66,0,0.5134575569358178
MM-S07,15,67,0,0.5134575569358178
MM-S07,15,68,0,0.5134575569358178
MM-S07,15,69,0,0.5134575569358178
MM-S07,15,70,0,0.5134575569358178
MM-S07,16,17,1,0.5134575569358178
MM-S07,16,18,0,0.5134575569358178
MM-S07,16,19,0,0.5134575569358178
MM-S07,16,20,0,0.5134575569358178
MM-S07,16,21,3,0.5134575569358178
MM-S07,16,22,0,0.5134575569358178
MM-S07,16,23,2,0.5134575569358178
MM-S07,16,24,1,0.5134575569358178
MM-S07,16,25,0,0.5134575569358178
MM-S07,16,26,0,0.5134575569358178
MM-S07,16,27,1,0.5134575569358178
MM-S07,16,28,0,0.5134575569358178
MM-S07,16,29,1,0.5134575569358178
MM-S07,16,30,1,0.5134575569358178
MM-S07,16,31,0,0.5134575569358178
MM-S07,16,32,1,0.5134575569358178
MM-S07,16,33,1,0.5134575569358178
MM-S07,16,34,0,0.5134575569358178
MM-S07,16,35,2,0.5134575569358178
MM-S07,16,36,1,0.5134575569358178
MM-S07,16,37,0,0.5134575569358178
MM-S07,16,38,0,0.5134575569358178
MM-S07,16,39,1,0.5134575569358178
MM-S07,16,40,4,0.5134575569358178
MM-S07,16,41,1,0.5134575569358178
MM-S07,16,42,0,0.5134575569358178
MM-S07,16,43,1,0.5134575569358178
MM-S07,16,44,0,0.5134575569358178
MM-S07,16,45,1,0.5134575569358178
MM-S07,16,46,2,0.5134575569358178
MM-S07,16,47,0,0.5134575569358178
MM-S07,16,48,1,0.5134575569358178
MM-S07,16,49,0,0.5134575569358178
MM-S07,16,50,1,0.5134575569358178
MM-S07,16,51,1,0.5134575569358178
MM-S07,16,52,0,0.5134575569358178
MM-S07,16,53,0,0.5134575569358178
MM-S07,16,54,1,0.5134575569358178
MM-S07,16,55,1,0.5134575569358178
MM-S07,16,56,2,0.5134575569358178
MM-S07,16,57,2,0.5134575569358178
MM-S07,16,58,1,0.5134575569358178
MM-S07,16,59,0,0.5134575569358178
MM-S07,16,60,1,0.5134575569358178
MM-S07,16,61,2,0.5134575569358178
MM-S07,16,62,0,0.5134575569358178
MM-S07,16,63,0,0.5134575569358178
MM-S07,16,64,1,0.5134575569358178
MM-S07,16,65,1,0.5134575569358178
MM-S07,16,66,1,0.5134575569358178
MM-S07,16,67,0,0.5134575569358178
MM-S07,16,68,0,0.5134575569358178
MM-S07,16,69,0,0.5134575569358178
MM-S07,16,70,1,0.5134575569358178
MM-S07,17,18,1,0.5134575569358178
MM-S07,17,19,0,0.5134575569358178
MM-S07,17,20,1,0.5134575569358178
MM-S07,17,21,2,0.5134575569358178
MM-S07,17,22,0,0.5134575569358178
MM-S07,17,23,1,0.5134575569358178
MM-S07,17,24,3,0.5134575569358178
MM-S07,17,25,2,0.5134575569358178
MM-S07,17,26,2,0.5134575569358178
MM-S07,17,27,1,0.5134575569358178
MM-S07,17,28,1,0.5134575569358178
MM-S07,17,29,0,0.5134575569358178
MM-S07,17,30,1,0.5134575569358178
MM-S07,17,31,0,0.5134575569358178
MM-S07,17,32,1,0.5134575569358178
MM-S07,17,33,1,0.5134575569358178
MM-S07,17,34,2,0.5134575569358178
MM-S07,17,35,2,0.5134575569358178
MM-S07,17,36,0,0.5134575569358178
MM-S07,17,37,0,0.5134575569358178
MM-S07,17,38,0,0.5134575569358178
MM-S07,17,39,1,0.5134575569358178
MM-S07,17,40,2,0.5134575569358178
MM-S07,17,41,1,0.5134575569358178
MM-S07,17,42,2,0.5134575569358178
MM-S07,17,43,1,0.5134575569358178
MM-S07,17,44,0,0.5134575569358178
MM-S07,17,45,1,0.5134575569358178
MM-S07,17,46,1,0.5134575569358178
MM-S07,17,47,1,0.5134575569358178
MM-S07,17,48,0,0.5134575569358178
MM-S07,17,49,0,0.5134575569358178
MM-S07,17,50,1,0.5134575569358178
MM-S07,17,51,1,0.5134575569358178
MM-S07,17,52,1,0.5134575569358178
MM-S07,17,53,1,0.5134575569358178
MM-S07,17,54,0,0.5134575569358178
MM-S07,17,55,0,0.5134575569358178
MM-S07,17,56,1,0.5134575569358178
MM-S07,17,57,2,0.5134575569358178
MM-S07,17,58,1,0.5134575569358178
MM-S07,17,59,0,0.5134575569358178
MM-S07,17,60,1,0.5134575569358178
MM-S07,17,61,1,0.5134575569358178
MM-S07,17,62,0,0.5134575569358178
MM-S07,17,63,1,0.5134575569358178
MM-S07,17,64,2,0.5134575569358178
MM-S07,17,65,0,0.5134575569358178
MM-S07,17,66,0,0.5134575569358178
MM-S07,17,67,1,0.5134575569358178
MM-S07,17,68,0,0.5134575569358178
MM-S07,17,69,2,0.5134575569358178
MM-S07,17,70,0,0.5134575569358178
MM-S07,18,19,1,0.5134575569358178
MM-S07,18,20,0,0.5134575569358178
MM-S07,18,21,2,0.5134575569358178
MM-S07,18,22,0,0.5134575569358178
MM-S07,18,23,1,0.5134575569358178
MM-S07,18,24,1,0.5134575569358178
MM-S07,18,25,0,0.5134575569358178
MM-S07,18,26,0,0.5134575569358178
MM-S07,18,27,2,0.5134575569358178
MM-S07,18,28,0,0.5134575569358178
MM-S07,18,29,2,0.5134575569358178
MM-S07,18,30,2,0.5134575569358178
MM-S07,18,31,1,0.5134575569358178
MM-S07,18,32,1,0.5134575569358178
MM-S07,18,33,2,0.5134575569358178
MM-S07,18,34,1,0.5134575569358178
MM-S07,18,35,1,0.5134575569358178
MM-S07,18,36,1,0.5134575569358178
MM-S07,18,37,0,0.5134575569358178
MM-S07,18,38,2,0.5134575569358178
MM-S07,18,39,1,0.5134575569358178
MM-S07,18,40,1,0.5134575569358178
MM-S07,18,41,0,0.5134575569358178
MM-S07,18,42,3,0.5134575569358178
MM-S07,18,43,2,0.5134575569358178
MM-S07,18,44,1,0.5134575569358178
MM-S07,18,45,1,0.5134575569358178
MM-S07,18,46,0,0.5134575569358178
MM-S07,18,47,0,0.5134575569358178
MM-S07,18,48,1,0.5134575569358178
MM-S07,18,49,2,0.5134575569358178
MM-S07,18,50,3,0.5134575569358178
MM-S07,18,51,1,0.5134575569358178
MM-S07,18,52,0,0.5134575569358178
MM-S07,18,53,0,0.5134575569358178
MM-S07,18,54,1,0.5134575569358178
MM-S07,18,55,2,0.5134575569358178
MM-S07,18,56,2,0.5134575569358178
MM-S07,18,57,1,0.5134575569358178
MM-S07,18,58,0,0.5134575569358178
MM-S07,18,59,1,0.5134575569358178
MM-S07,18,60,2,0.5134575569358178
MM-S07,18,61,0,0.5134575569358178
MM-S07,18,62,0,0.5134575569358178
MM-S07,18,63,1,0.5134575569358178
MM-S07,18,64,2,0.5134575569358178
MM-S07,18,65,1,0.5134575569358178
MM-S07,18,66,0,0.5134575569358178
MM-S07,18,67,1,0.5134575569358178
MM-S07,18,68,1,0.5134575569358178
MM-S07,18,69,1,0.5134575569358178
MM-S07,18,70,1,0.5134575569358178
MM-S07,19,20,0,0.5134575569358178
MM-S07,19,21,0,0.5134575569358178
MM-S07,19,22,0,0.5134575569358178
MM-S07,19,23,0,0.5134575569358178
MM-S07,19,24,2,0.5134575569358178
MM-S07,19,25,0,0.5134575569358178
MM-S07,19,26,1,0.5134575569358178
MM-S07,19,27,0,0.5134575569358178
MM-S07,19,28,1,0.5134575569358178
MM-S07,19,29,0,0.5134575569358178
MM-S07,19,30,0,0.5134575569358178
MM-S07,19,31,3,0.5134575569358178
MM-S07,19,32,1,0.5134575569358178
MM-S07,19,33,1,0.5134575569358178
MM-S07,19,34,0,0.5134575569358178
MM-S07,19,35,0,0.5134575569358178
MM-S07,19,36,1,0.5134575569358178
MM-S07,19,37,0,0.5134575569358178
MM-S07,19,38,2,0.5134575569358178
MM-S07,19,39,1,0.5134575569358178
MM-S07,19,40,1,0.5134575569358178
MM-S07,19,41,1,0.5134575569358178
MM-S07,19,42,1,0.5134575569358178
MM-S07,19,43,0,0.5134575569358178
MM-S07,19,44,0,0.5134575569358178
MM-S07,19,45,0,0.5134575569358178
MM-S07,19,46,0,0.5134575569358178
MM-S07,19,47,1,0.5134575569358178
MM-S07,19,48,0,0.5134575569358178
MM-S07,19,49,2,0.5134575569358178
MM-S07,19,50,0,0.5134575569358178
MM-S07,19,51,0,0.5134575569358178
MM-S07,19,52,0,0.5134575569358178
MM-S07,19,53,1,0.5134575569358178
MM-S07,19,54,2,0.5134575569358178
MM-S07,19,55,1,0.5134575569358178
MM-S07,19,56,0,0.5134575569358178
MM-S07,19,57,1,0.5134575569358178
MM-S07,19,58,0,0.5134575569358178
MM-S07,19,59,1,0.5134575569358178
MM-S07,19,60,0,0.5134575569358178
MM-S07,19,61,1,0.5134575569358178
MM-S07,19,62,0,0.5134575569358178
MM-S07,19,63,2,0.5134575569358178
MM-S07,19,64,1,0.5134575569358178
MM-S07,19,65,1,0.5134575569358178
MM-S07,19,66,1,0.5134575569358178
MM-S07,19,67,0,0.5134575569358178
MM-S07,19,68,1,0.5134575569358178
MM-S07,19,69,0,0.5134575569358178
MM-S07,19,70,0,0.5134575569358178
MM-S07,20,21,0,0.5134575569358178
MM-S07,20,22,0,0.5134575569358178
MM-S07,20,23,0,0.5134575569358178
MM-S07,20,24,2,0.5134575569358178
MM-S07,20,25,0,0.5134575569358178
MM-S07,20,26,0,0.5134575569358178
MM-S07,20,27,0,0.5134575569358178
MM-S07,20,28,0,0.5134575569358178
MM-S07,20,29,0,0.5134575569358178
MM-S07,20,30,0,0.5134575569358178
MM-S07,20,31,0,0.5134575569358178
MM-S07,20,32,0,0.5134575569358178
MM-S07,20,33,0,0.5134575569358178
MM-S07,20,34,0,0.5134575569358178
MM-S07,20,35,0,0.5134575569358178
MM-S07,20,36,0,0.5134575569358178
MM-S07,20,37,0,0.5134575569358178
MM-S07,20,38,1,0.5134575569358178
MM-S07,20,39,0,0.5134575569358178
MM-S07,20,40,0,0.5134575569358178
MM-S07,20,41,1,0.5134575569358178
MM-S07,20,42,1,0.5134575569358178
MM-S07,20,43,0,0.5134575569358178
MM-S07,20,44,0,0.5134575569358178
MM-S07,20,45,0,0.5134575569358178
MM-S07,20,46,1,0.5134575569358178
MM-S07,20,47,0,0.5134575569358178
MM-S07,20,48,0,0.5134575569358178
MM-S07,20,49,0,0.5134575569358178
MM-S07,20,50,0,0.5134575569358178
MM-S07,20,51,1,0.5134575569358178
MM-S07,20,52,0,0.5134575569358178
MM-S07,20,53,0,0.5134575569358178
MM-S07,20,54,0,0.5134575569358178
MM-S07,20,55,1,0.5134575569358178
MM-S07,20,56,1,0.5134575569358178
MM-S07,20,57,0,0.5134575569358178
MM-S07,20,58,0,0.5134575569358178
MM-S07,20,59,1,0.5134575569358178
MM-S07,20,60,0,0.5134575569358178
MM-S07,20,61,0,0.5134575569358178
MM-S07,20,62,0,0.5134575569358178
MM-S07,20,63,1,0.5134575569358178
MM-S07,20,64,0,0.5134575569358178
MM-S07,20,65,1,0.5134575569358178
MM-S07,20,66,1,0.5134575569358178
MM-S07,20,67,0,0.5134575569358178
MM-S07,20,68,0,0.5134575569358178
MM-S07,20,69,0,0.5134575569358178
MM-S07,20,70,0,0.5134575569358178
MM-S07,21,22,0,0.5134575569358178
MM-S07,21,23,1,0.5134575569358178
MM-S07,21,24,1,0.5134575569358178
MM-S07,21,25,2,0.5134575569358178
MM-S07,21,26,0,0.5134575569358178
MM-S07,21,27,3,0.5134575569358178
MM-S07,21,28,0,0.5134575569358178
MM-S07,21,29,1,0.5134575569358178
MM-S07,21,30,1,0.5134575569358178
MM-S07,21,31,0,0.5134575569358178
MM-S07,21,32,0,0.5134575569358178
MM-S07,21,33,1,0.5134575569358178
MM-S07,21,34,0,0.5134575569358178
MM-S07,21,35,1,0.5134575569358178
MM-S07,21,36,0,0.5134575569358178
MM-S07,21,37,0,0.5134575569358178
MM-S07,21,38,0,0.5134575569358178
MM-S07,21,39,0,0.5134575569358178
MM-S07,21,40,0,0.5134575569358178
MM-S07,21,41,1,0.5134575569358178
MM-S07,21,42,2,0.5134575569358178
MM-S07,21,43,0,0.5134575569358178
MM-S07,21,44,0,0.5134575569358178
MM-S07,21,45,0,0.5134575569358178
MM-S07,21,46,0,0.5134575569358178
MM-S07,21,47,0,0.5134575569358178
MM-S07,21,48,2,0.5134575569358178
MM-S07,21,49,2,0.5134575569358178
MM-S07,21,50,1,0.5134575569358178
MM-S07,21,51,0,0.5134575569358178
MM-S07,21,52,2,0.5134575569358178
MM-S07,21,53,1,0.5134575569358178
MM-S07,21,54,1,0.5134575569358178
MM-S07,21,55,0,0.5134575569358178
MM-S07,21,56,1,0.5134575569358178
MM-S07,21,57,1,0.5134575569358178
MM-S07,21,58,0,0.5134575569358178
MM-S07,21,59,0,0.5134575569358178
MM-S07,21,60,0,0.5134575569358178
MM-S07,21,61,1,0.5134575569358178
MM-S07,21,62,2,0.5134575569358178
MM-S07,21,63,0,0.5134575569358178
MM-S07,21,64,1,0.5134575569358178
MM-S07,21,65,1,0.5134575569358178
MM-S07,21,66,0,0.5134575569358178
MM-S07,21,67,0,0.5134575569358178
MM-S07,21,68,0,0.5134575569358178
MM-S07,21,69,1,0.5134575569358178
MM-S07,21,70,1,0.5134575569358178
MM-S07,22,23,0,0.5134575569358178
MM-S07,22,24,0,0.5134575569358178
MM-S07,22,25,1,0.5134575569358178
MM-S07,22,26,0,0.5134575569358178
MM-S07,22,27,1,0.5134575569358178
MM-S07,22,28,0,0.5134575569358178
MM-S07,22,29,0,0.5134575569358178
MM-S07,22,30,0,0.5134575569358178
MM-S07,22,31,0,0.5134575569358178
MM-S07,22,32,0,0.5134575569358178
MM-S07,22,33,2,0.5134575569358178
MM-S07,22,34,1,0.5134575569358178
MM-S07,22,35,0,0.5134575569358178
MM-S07,22,36,0,0.5134575569358178
MM-S07,22,37,1,0.5134575569358178
MM-S07,22,38,0,0.5134575569358178
MM-S07,22,39,0,0.5134575569358178
MM-S07,22,40,1,0.5134575569358178
MM-S07,22,41,1,0.5134575569358178
MM-S07,22,42,4,0.5134575569358178
MM-S07,22,43,0,0.5134575569358178
MM-S07,22,44,0,0.5134575569358178
MM-S07,22,45,0,0.5134575569358178
MM-S07,22,46,0,0.5134575569358178
MM-S07,22,47,1,0.5134575569358178
MM-S07,22,48,0,0.5134575569358178
MM-S07,22,49,1,0.5134575569358178
MM-S07,22,50,1,0.5134575569358178
MM-S07,22,51,1,0.5134575569358178
MM-S07,22,52,0,0.5134575569358178
MM-S07,22,53,0,0.5134575569358178
MM-S07,22,54,1,0.5134575569358178
MM-S07,22,55,1,0.5134575569358178
MM-S07,22,56,0,0.5134575569358178
MM-S07,22,57,1,0.5134575569358178
MM-S07,22,58,2,0.5134575569358178
MM-S07,22,59,1,0.5134575569358178
MM-S07,22,60,0,0.5134575569358178
MM-S07,22,61,1,0.5134575569358178
MM-S07,22,62,1,0.5134575569358178
MM-S07,22,63,0,0.5134575569358178
MM-S07,22,64,0,0.5134575569358178
MM-S07,22,65,0,0.5134575569358178
MM-S07,22,66,1,0.5134575569358178
MM-S07,22,67,1,0.5134575569358178
MM-S07,22,68,0,0.5134575569358178
MM-S07,22,69,2,0.5134575569358178
MM-S07,22,70,0,0.5134575569358178
MM-S07,23,24,1,0.5134575569358178
MM-S07,23,25,1,0.5134575569358178
MM-S07,23,26,0,0.5134575569358178
MM-S07,23,27,1,0.5134575569358178
MM-S07,23,28,0,0.5134575569358178
MM-S07,23,29,0,0.5134575569358178
MM-S07,23,30,1,0.5134575569358178
MM-S07,23,31,1,0.5134575569358178
MM-S07,23,32,1,0.5134575569358178
MM-S07,23,33,0,0.5134575569358178
MM-S07,23,34,0,0.5134575569358178
MM-S07,23,35,0,0.5134575569358178
MM-S07,23,36,0,0.5134575569358178
MM-S07,23,37,0,0.5134575569358178
MM-S07,23,38,0,0.5134575569358178
MM-S07,23,39,1,0.5134575569358178
MM-S07,23,40,0,0.5134575569358178
MM-S07,23,41,0,0.5134575569358178
MM-S07,23,42,0,0.5134575569358178
MM-S07,23,43,0,0.5134575569358178
MM-S07,23,44,0,0.5134575569358178
MM-S07,23,45,0,0.5134575569358178
MM-S07,23,46,1,0.5134575569358178
MM-S07,23,47,0,0.5134575569358178
MM-S07,23,48,1,0.5134575569358178
MM-S07,23,49,0,0.5134575569358178
MM-S07,23,50,0,0.5134575569358178
MM-S07,23,51,0,0.5134575569358178
MM-S07,23,52,1,0.5134575569358178
MM-S07,23,53,0,0.5134575569358178
MM-S07,23,54,0,0.5134575569358178
MM-S07,23,55,1,0.5134575569358178
MM-S07,23,56,2,0.5134575569358178
MM-S07,23,57,0,0.5134575569358178
MM-S07,23,58,0,0.5134575569358178
MM-S07,23,59,0,0.5134575569358178
MM-S07,23,60,0,0.5134575569358178
MM-S07,23,61,1,0.5134575569358178
MM-S07,23,62,0,0.5134575569358178
MM-S07,23,63,0,0.5134575569358178
MM-S07,23,64,0,0.5134575569358178
MM-S07,23,65,0,0.5134575569358178
MM-S07,23,66,0,0.5134575569358178
MM-S07,23,67,0,0.5134575569358178
MM-S07,23,68,0,0.5134575569358178
MM-S07,23,69,0,0.5134575569358178
MM-S07,23,70,1,0.5134575569358178
MM-S07,24,25,0,0.5134575569358178
MM-S07,24,26,0,0.5134575569358178
MM-S07,24,27,0,0.5134575569358178
MM-S07,24,28,0,0.5134575569358178
MM-S07,24,29,1,0.5134575569358178
MM-S07,24,30,0,0.5134575569358178
MM-S07,24,31,1,0.5134575569358178
MM-S07,24,32,0,0.5134575569358178
MM-S07,24,33,0,0.5134575569358178
MM-S07,24,34,0,0.5134575569358178
MM-S07,24,35,1,0.5134575569358178
MM-S07,24,36,1,0.5134575569358178
MM-S07,24,37,0,0.5134575569358178
MM-S07,24,38,0,0.5134575569358178
MM-S07,24,39,1,0.5134575569358178
MM-S07,24,40,0,0.5134575569358178
MM-S07,24,41,2,0.5134575569358178
MM-S07,24,42,2,0.5134575569358178
MM-S07,24,43,1,0.5134575569358178
MM-S07,24,44,0,0.5134575569358178
MM-S07,24,45,1,0.5134575569358178
MM-S07,24,46,1,0.5134575569358178
MM-S07,24,47,1,0.5134575569358178
MM-S07,24,48,0,0.5134575569358178
MM-S07,24,49,1,0.5134575569358178
MM-S07,24,50,0,0.5134575569358178
MM-S07,24,51,1,0.5134575569358178
MM-S07,24,52,1,0.5134575569358178
MM-S07,24,53,0,0.5134575569358178
MM-S07,24,54,0,0.5134575569358178
MM-S07,24,55,0,0.5134575569358178
MM-S07,24,56,1,0.5134575569358178
MM-S07,24,57,1,0.5134575569358178
MM-S07,24,58,0,0.5134575569358178
MM-S07,24,59,2,0.5134575569358178
MM-S07,24,60,1,0.5134575569358178
MM-S07,24,61,0,0.5134575569358178
MM-S07,24,62,0,0.5134575569358178
MM-S07,24,63,1,0.5134575569358178
MM-S07,24,64,0,0.5134575569358178
MM-S07,24,65,2,0.5134575569358178
MM-S07,24,66,1,0.5134575569358178
MM-S07,24,67,0,0.5134575569358178
MM-S07,24,68,2,0.5134575569358178
MM-S07,24,69,1,0.5134575569358178
MM-S07,24,70,1,0.5134575569358178
MM-S07,25,26,1,0.5134575569358178
MM-S07,25,27,0,0.5134575569358178
MM-S07,25,28,0,0.5134575569358178
MM-S07,25,29,0,0.5134575569358178
MM-S07,25,30,1,0.5134575569358178
MM-S07,25,31,0,0.5134575569358178
MM-S07,25,32,0,0.5134575569358178
MM-S07,25,33,0,0.5134575569358178
MM-S07,25,34,0,0.5134575569358178
MM-S07,25,35,0,0.5134575569358178
MM-S07,25,36,1,0.5134575569358178
MM-S07,25,37,0,0.5134575569358178
MM-S07,25,38,0,0.5134575569358178
MM-S07,25,39,1,0.5134575569358178
MM-S07,25,40,0,0.5134575569358178
MM-S07,25,41,0,0.5134575569358178
MM-S07,25,42,0,0.5134575569358178
MM-S07,25,43,0,0.5134575569358178
MM-S07,25,44,0,0.5134575569358178
MM-S07,25,45,0,0.5134575569358178
MM-S07,25,46,0,0.5134575569358178
MM-S07,25,47,0,0.5134575569358178
MM-S07,25,48,0,0.5134575569358178
MM-S07,25,49,2,0.5134575569358178
MM-S07,25,50,0,0.5134575569358178
MM-S07,25,51,0,0.5134575569358178
MM-S07,25,52,4,0.5134575569358178
MM-S07,25,53,1,0.5134575569358178
MM-S07,25,54,0,0.5134575569358178
MM-S07,25,55,0,0.5134575569358178
MM-S07,25,56,0,0.5134575569358178
MM-S07,25,57,0,0.5134575569358178
MM-S07,25,58,0,0.5134575569358178
MM-S07,25,59,0,0.5134575569358178
MM-S07,25,60,1,0.5134575569358178
MM-S07,25,61,1,0.5134575569358178
MM-S07,25,62,1,0.5134575569358178
MM-S07,25,63,0,0.5134575569358178
MM-S07,25,64,0,0.5134575569358178
MM-S07,25,65,1,0.5134575569358178
MM-S07,25,66,0,0.5134575569358178
MM-S07,25,67,0,0.5134575569358178
MM-S07,25,68,1,0.5134575569358178
MM-S07,25,69,1,0.5134575569358178
MM-S07,25,70,0,0.5134575569358178
MM-S07,26,27,0,0.5134575569358178
MM-S07,26,28,0,0.5134575569358178
MM-S07,26,29,0,0.5134575569358178
MM-S07,26,30,0,0.5134575569358178
MM-S07,26,31,0,0.5134575569358178
MM-S07,26,32,0,0.5134575569358178
MM-S07,26,33,1,0.5134575569358178
MM-S07,26,34,1,0.5134575569358178
MM-S07,26,35,0,0.5134575569358178
MM-S07,26,36,0,0.5134575569358178
MM-S07,26,37,0,0.5134575569358178
MM-S07,26,38,1,0.5134575569358178
MM-S07,26,39,0,0.5134575569358178
MM-S07,26,40,0,0.5134575569358178
MM-S07,26,41,0,0.5134575569358178
MM-S07,26,42,1,0.5134575569358178
MM-S07,26,43,1,0.5134575569358178
MM-S07,26,44,0,0.5134575569358178
MM-S07,26,45,1,0.5134575569358178
MM-S07,26,46,0,0.5134575569358178
MM-S07,26,47,0,0.5134575569358178
MM-S07,26,48,1,0.5134575569358178
MM-S07,26,49,1,0.5134575569358178
MM-S07,26,50,0,0.5134575569358178
MM-S07,26,51,0,0.5134575569358178
MM-S07,26,52,0,0.5134575569358178
MM-S07,26,53,1,0.5134575569358178
MM-S07,26,54,0,0.5134575569358178
MM-S07,26,55,0,0.5134575569358178
MM-S07,26,56,2,0.5134575569358178
MM-S07,26,57,0,0.5134575569358178
MM-S07,26,58,1,0.5134575569358178
MM-S07,26,59,0,0.5134575569358178
MM-S07,26,60,2,0.5134575569358178
MM-S07,26,61,1,0.5134575569358178
MM-S07,26,62,0,0.5134575569358178
MM-S07,26,63,1,0.5134575569358178
MM-S07,26,64,1,0.5134575569358178
MM-S07,26,65,0,0.5134575569358178
MM-S07,26,66,0,0.5134575569358178
MM-S07,26,67,0,0.5134575569358178
MM-S07,26,68,0,0.5134575569358178
MM-S07,26,69,0,0.5134575569358178
MM-S07,26,70,0,0.5134575569358178
MM-S07,27,28,1,0.5134575569358178
MM-S07,27,29,1,0.5134575569358178
MM-S07,27,30,1,0.5134575569358178
MM-S07,27,31,0,0.5134575569358178
MM-S07,27,32,0,0.5134575569358178
MM-S07,27,33,2,0.5134575569358178
MM-S07,27,34,2,0.5134575569358178
MM-S07,27,35,0,0.5134575569358178
MM-S07,27,36,0,0.5134575569358178
MM-S07,27,37,1,0.5134575569358178
MM-S07,27,38,0,0.5134575569358178
MM-S07,27,39,1,0.5134575569358178
MM-S07,27,40,0,0.5134575569358178
MM-S07,27,41,2,0.5134575569358178
MM-S07,27,42,2,0.5134575569358178
MM-S07,27,43,0,0.5134575569358178
MM-S07,27,44,0,0.5134575569358178
MM-S07,27,45,0,0.5134575569358178
MM-S07,27,46,0,0.5134575569358178
MM-S07,27,47,0,0.5134575569358178
MM-S07,27,48,1,0.5134575569358178
MM-S07,27,49,1,0.5134575569358178
MM-S07,27,50,0,0.5134575569358178
MM-S07,27,51,0,0.5134575569358178
MM-S07,27,52,0,0.5134575569358178
MM-S07,27,53,0,0.5134575569358178
MM-S07,27,54,0,0.5134575569358178
MM-S07,27,55,0,0.5134575569358178
MM-S07,27,56,1,0.5134575569358178
MM-S07,27,57,0,0.5134575569358178
MM-S07,27,58,1,0.5134575569358178
MM-S07,27,59,3,0.5134575569358178
MM-S07,27,60,0,0.5134575569358178
MM-S07,27,61,1,0.5134575569358178
MM-S07,27,62,1,0.5134575569358178
MM-S07,27,63,1,0.5134575569358178
MM-S07,27,64,0,0.5134575569358178
MM-S07,27,65,1,0.5134575569358178
MM-S07,27,66,0,0.5134575569358178
MM-S07,27,67,0,0.5134575569358178
MM-S07,27,68,0,0.5134575569358178
MM-S07,27,69,1,0.5134575569358178
MM-S07,27,70,1,0.5134575569358178
MM-S07,28,29,0,0.5134575569358178
MM-S07,28,30,0,0.5134575569358178
MM-S07,28,31,1,0.5134575569358178
MM-S07,28,32,0,0.5134575569358178
MM-S07,28,33,0,0.5134575569358178
MM-S07,28,34,1,0.5134575569358178
MM-S07,28,35,0,0.5134575569358178
MM-S07,28,36,0,0.5134575569358178
MM-S07,28,37,1,0.5134575569358178
MM-S07,28,38,1,0.5134575569358178
MM-S07,28,39,1,0.5134575569358178
MM-S07,28,40,0,0.5134575569358178
MM-S07,28,41,1,0.5134575569358178
MM-S07,28,42,0,0.5134575569358178
MM-S07,28,43,0,0.5134575569358178
MM-S07,28,44,0,0.5134575569358178
MM-S07,28,45,0,0.5134575569358178
MM-S07,28,46,0,0.5134575569358178
MM-S07,28,47,0,0.5134575569358178
MM-S07,28,48,1,0.5134575569358178
MM-S07,28,49,0,0.5134575569358178
MM-S07,28,50,0,0.5134575569358178
MM-S07,28,51,0,0.5134575569358178
MM-S07,28,52,0,0.5134575569358178
MM-S07,28,53,0,0.5134575569358178
MM-S07,28,54,1,0.5134575569358178
MM-S07,28,55,0,0.5134575569358178
MM-S07,28,56,0,0.5134575569358178
MM-S07,28,57,0,0.5134575569358178
MM-S07,28,58,1,0.5134575569358178
MM-S07,28,59,0,0.5134575569358178
MM-S07,28,60,0,0.5134575569358178
MM-S07,28,61,0,0.5134575569358178
MM-S07,28,62,2,0.5134575569358178
MM-S07,28,63,0,0.5134575569358178
MM-S07,28,64,0,0.5134575569358178
MM-S07,28,65,0,0.5134575569358178
MM-S07,28,66,0,0.5134575569358178
MM-S07,28,67,0,0.5134575569358178
MM-S07,28,68,0,0.5134575569358178
MM-S07,28,69,0,0.5134575569358178
MM-S07,28,70,0,0.5134575569358178
MM-S07,29,30,0,0.5134575569358178
MM-S07,29,31,0,0.5134575569358178
MM-S07,29,32,0,0.5134575569358178
MM-S07,29,33,2,0.5134575569358178
MM-S07,29,34,0,0.5134575569358178
MM-S07,29,35,0,0.5134575569358178
MM-S07,29,36,1,0.5134575569358178
MM-S07,29,37,0,0.5134575569358178
MM-S07,29,38,0,0.5134575569358178
MM-S07,29,39,0,0.5134575569358178
MM-S07,29,40,0,0.5134575569358178
MM-S07,29,41,0,0.5134575569358178
MM-S07,29,42,1,0.5134575569358178
MM-S07,29,43,0,0.5134575569358178
MM-S07,29,44,0,0.5134575569358178
MM-S07,29,45,1,0.5134575569358178
MM-S07,29,46,0,0.5134575569358178
MM-S07,29,47,1,0.5134575569358178
MM-S07,29,48,0,0.5134575569358178
MM-S07,29,49,0,0.5134575569358178
MM-S07,29,50,1,0.5134575569358178
MM-S07,29,51,0,0.5134575569358178
MM-S07,29,52,0,0.5134575569358178
MM-S07,29,53,0,0.5134575569358178
MM-S07,29,54,0,0.5134575569358178
MM-S07,29,55,0,0.5134575569358178
MM-S07,29,56,0,0.5134575569358178
MM-S07,29,57,0,0.5134575569358178
MM-S07,29,58,0,0.5134575569358178
MM-S07,29,59,0,0.5134575569358178
MM-S07,29,60,0,0.5134575569358178
MM-S07,29,61,0,0.5134575569358178
MM-S07,29,62,0,0.5134575569358178
MM-S07,29,63,0,0.5134575569358178
MM-S07,29,64,0,0.5134575569358178
MM-S07,29,65,0,0.5134575569358178
MM-S07,29,66,0,0.5134575569358178
MM-S07,29,67,0,0.5134575569358178
MM-S07,29,68,1,0.5134575569358178
MM-S07,29,69,0,0.5134575569358178
MM-S07,29,70,1,0.5134575569358178
MM-S07,30,31,0,0.5134575569358178
MM-S07,30,32,0,0.5134575569358178
MM-S07,30,33,1,0.5134575569358178
MM-S07,30,34,1,0.5134575569358178
MM-S07,30,35,1,0.5134575569358178
MM-S07,30,36,3,0.5134575569358178
MM-S07,30,37,0,0.5134575569358178
MM-S07,30,38,1,0.5134575569358178
MM-S07,30,39,0,0.5134575569358178
MM-S07,30,40,2,0.5134575569358178
MM-S07,30,41,0,0.5134575569358178
MM-S07,30,42,2,0.5134575569358178
MM-S07,30,43,0,0.5134575569358178
MM-S07,30,44,1,0.5134575569358178
MM-S07,30,45,0,0.5134575569358178
MM-S07,30,46,0,0.5134575569358178
MM-S07,30,47,1,0.5134575569358178
MM-S07,30,48,1,0.5134575569358178
MM-S07,30,49,1,0.5134575569358178
MM-S07,30,50,2,0.5134575569358178
MM-S07,30,51,0,0.5134575569358178
MM-S07,30,52,1,0.5134575569358178
MM-S07,30,53,1,0.5134575569358178
MM-S07,30,54,0,0.5134575569358178
MM-S07,30,55,1,0.5134575569358178
MM-S07,30,56,0,0.5134575569358178
MM-S07,30,57,0,0.5134575569358178
MM-S07,30,58,0,0.5134575569358178
MM-S07,30,59,0,0.5134575569358178
MM-S07,30,60,0,0.5134575569358178
MM-S07,30,61,0,0.5134575569358178
MM-S07,30,62,0,0.5134575569358178
MM-S07,30,63,1,0.5134575569358178
MM-S07,30,64,1,0.5134575569358178
MM-S07,30,65,1,0.5134575569358178
MM-S07,30,66,2,0.5134575569358178
MM-S07,30,67,1,0.5134575569358178
MM-S07,30,68,1,0.5134575569358178
MM-S07,30,69,1,0.5134575569358178
MM-S07,30,70,0,0.5134575569358178
MM-S07,31,32,2,0.5134575569358178
MM-S07,31,33,0,0.5134575569358178
MM-S07,31,34,0,0.5134575569358178
MM-S07,31,35,0,0.5134575569358178
MM-S07,31,36,0,0.5134575569358178
MM-S07,31,37,0,0.5134575569358178
MM-S07,31,38,0,0.5134575569358178
MM-S07,31,39,1,0.5134575569358178
MM-S07,31,40,0,0.5134575569358178
MM-S07,31,41,0,0.5134575569358178
MM-S07,31,42,0,0.5134575569358178
MM-S07,31,43,0,0.5134575569358178
MM-S07,31,44,1,0.5134575569358178
MM-S07,31,45,2,0.5134575569358178
MM-S07,31,46,0,0.5134575569358178
MM-S07,31,47,0,0.5134575569358178
MM-S07,31,48,0,0.5134575569358178
MM-S07,31,49,0,0.5134575569358178
MM-S07,31,50,0,0.5134575569358178
MM-S07,31,51,1,0.5134575569358178
MM-S07,31,52,0,0.5134575569358178
MM-S07,31,53,0,0.5134575569358178
MM-S07,31,54,1,0.5134575569358178
MM-S07,31,55,0,0.5134575569358178
MM-S07,31,56,3,0.5134575569358178
MM-S07,31,57,0,0.5134575569358178
MM-S07,31,58,0,0.5134575569358178
MM-S07,31,59,1,0.5134575569358178
MM-S07,31,60,0,0.5134575569358178
MM-S07,31,61,0,0.5134575569358178
MM-S07,31,62,1,0.5134575569358178
MM-S07,31,63,3,0.5134575569358178
MM-S07,31,64,1,0.5134575569358178
MM-S07,31,65,0,0.5134575569358178
MM-S07,31,66,0,0.5134575569358178
MM-S07,31,67,1,0.5134575569358178
MM-S07,31,68,1,0.5134575569358178
MM-S07,31,69,0,0.5134575569358178
MM-S07,31,70,0,0.5134575569358178
MM-S07,32,33,0,0.5134575569358178
MM-S07,32,34,0,0.5134575569358178
MM-S07,32,35,2,0.5134575569358178
MM-S07,32,36,0,0.5134575569358178
MM-S07,32,37,0,0.5134575569358178
MM-S07,32,38,0,0.5134575569358178
MM-S07,32,39,0,0.5134575569358178
MM-S07,32,40,2,0.5134575569358178
MM-S07,32,41,1,0.5134575569358178
MM-S07,32,42,0,0.5134575569358178
MM-S07,32,43,0,0.5134575569358178
MM-S07,32,44,1,0.5134575569358178
MM-S07,32,45,1,0.5134575569358178
MM-S07,32,46,0,0.5134575569358178
MM-S07,32,47,1,0.5134575569358178
MM-S07,32,48,0,0.5134575569358178
MM-S07,32,49,1,0.5134575569358178
MM-S07,32,50,0,0.5134575569358178
MM-S07,32,51,0,0.5134575569358178
MM-S07,32,52,0,0.5134575569358178
MM-S07,32,53,0,0.5134575569358178
MM-S07,32,54,0,0.5134575569358178
MM-S07,32,55,0,0.5134575569358178
MM-S07,32,56,1,0.5134575569358178
MM-S07,32,57,0,0.5134575569358178
MM-S07,32,58,0,0.5134575569358178
MM-S07,32,59,1,0.5134575569358178
MM-S07,32,60,0,0.5134575569358178
MM-S07,32,61,0,0.5134575569358178
MM-S07,32,62,0,0.5134575569358178
MM-S07,32,63,0,0.5134575569358178
MM-S07,32,64,0,0.5134575569358178
MM-S07,32,65,0,0.5134575569358178
MM-S07,32,66,1,0.5134575569358178
MM-S07,32,67,0,0.5134575569358178
MM-S07,32,68,0,0.5134575569358178
MM-S07,32,69,0,0.5134575569358178
MM-S07,32,70,0,0.5134575569358178
MM-S07,33,34,0,0.5134575569358178
MM-S07,33,35,0,0.5134575569358178
MM-S07,33,36,0,0.5134575569358178
MM-S07,33,37,1,0.5134575569358178
MM-S07,33,38,0,0.5134575569358178
MM-S07,33,39,0,0.5134575569358178
MM-S07,33,40,1,0.5134575569358178
MM-S07,33,41,0,0.5134575569358178
MM-S07,33,42,1,0.5134575569358178
MM-S07,33,43,0,0.5134575569358178
MM-S07,33,44,0,0.5134575569358178
MM-S07,33,45,1,0.5134575569358178
MM-S07,33,46,0,0.5134575569358178
MM-S07,33,47,1,0.5134575569358178
MM-S07,33,48,0,0.5134575569358178
MM-S07,33,49,1,0.5134575569358178
MM-S07,33,50,0,0.5134575569358178
MM-S07,33,51,1,0.5134575569358178
MM-S07,33,52,0,0.5134575569358178
MM-S07,33,53,1,0.5134575569358178
MM-S07,33,54,0,0.5134575569358178
MM-S07,33,55,1,0.5134575569358178
MM-S07,33,56,1,0.5134575569358178
MM-S07,33,57,1,0.5134575569358178
MM-S07,33,58,0,0.5134575569358178
MM-S07,33,59,0,0.5134575569358178
MM-S07,33,60,0,0.5134575569358178
MM-S07,33,61,1,0.5134575569358178
MM-S07,33,62,0,0.5134575569358178
MM-S07,33,63,0,0.5134575569358178
MM-S07,33,64,1,0.5134575569358178
MM-S07,33,65,0,0.5134575569358178
MM-S07,33,66,0,0.5134575569358178
MM-S07,33,67,1,0.5134575569358178
MM-S07,33,68,1,0.5134575569358178
MM-S07,33,69,0,0.5134575569358178
MM-S07,33,70,1,0.5134575569358178
MM-S07,34,35,0,0.5134575569358178
MM-S07,34,36,1,0.5134575569358178
MM-S07,34,37,0,0.5134575569358178
MM-S07,34,38,1,0.5134575569358178
MM-S07,34,39,0,0.5134575569358178
MM-S07,34,40,2,0.5134575569358178
MM-S07,34,41,0,0.5134575569358178
MM-S07,34,42,1,0.5134575569358178
MM-S07,34,43,3,0.5134575569358178
MM-S07,34,44,1,0.5134575569358178
MM-S07,34,45,0,0.5134575569358178
MM-S07,34,46,0,0.5134575569358178
MM-S07,34,47,0,0.5134575569358178
MM-S07,34,48,1,0.5134575569358178
MM-S07,34,49,1,0.5134575569358178
MM-S07,34,50,0,0.5134575569358178
MM-S07,34,51,0,0.5134575569358178
MM-S07,34,52,1,0.5134575569358178
MM-S07,34,53,0,0.5134575569358178
MM-S07,34,54,1,0.5134575569358178
MM-S07,34,55,0,0.5134575569358178
MM-S07,34,56,1,0.5134575569358178
MM-S07,34,57,0,0.5134575569358178
MM-S07,34,58,0,0.5134575569358178
MM-S07,34,59,2,0.5134575569358178
MM-S07,34,60,0,0.5134575569358178
MM-S07,34,61,1,0.5134575569358178
MM-S07,34,62,1,0.5134575569358178
MM-S07,34,63,2,0.5134575569358178
MM-S07,34,64,1,0.5134575569358178
MM-S07,34,65,0,0.5134575569358178
MM-S07,34,66,0,0.5134575569358178
MM-S07,34,67,1,0.5134575569358178
MM-S07,34,68,1,0.5134575569358178
MM-S07,34,69,2,0.5134575569358178
MM-S07,34,70,0,0.5134575569358178
MM-S07,35,36,0,0.5134575569358178
MM-S07,35,37,0,0.5134575569358178
MM-S07,35,38,0,0.5134575569358178
MM-S07,35,39,0,0.5134575569358178
MM-S07,35,40,3,0.5134575569358178
MM-S07,35,41,0,0.5134575569358178
MM-S07,35,42,0,0.5134575569358178
MM-S07,35,43,1,0.5134575569358178
MM-S07,35,44,0,0.5134575569358178
MM-S07,35,45,1,0.5134575569358178
MM-S07,35,46,0,0.5134575569358178
MM-S07,35,47,1,0.5134575569358178
MM-S07,35,48,0,0.5134575569358178
MM-S07,35,49,0,0.5134575569358178
MM-S07,35,50,0,0.5134575569358178
MM-S07,35,51,0,0.5134575569358178
MM-S07,35,52,0,0.5134575569358178
MM-S07,35,53,0,0.5134575569358178
MM-S07,35,54,0,0.5134575569358178
MM-S07,35,55,0,0.5134575569358178
MM-S07,35,56,0,0.5134575569358178
MM-S07,35,57,0,0.5134575569358178
MM-S07,35,58,0,0.5134575569358178
MM-S07,35,59,0,0.5134575569358178
MM-S07,35,60,1,0.5134575569358178
MM-S07,35,61,0,0.5134575569358178
MM-S07,35,62,0,0.5134575569358178
MM-S07,35,63,0,0.5134575569358178
MM-S07,35,64,1,0.5134575569358178
MM-S07,35,65,2,0.5134575569358178
MM-S07,35,66,0,0.5134575569358178
MM-S07,35,67,0,0.5134575569358178
MM-S07,35,68,0,0.5134575569358178
MM-S07,35,69,0,0.5134575569358178
MM-S07,35,70,0,0.5134575569358178
MM-S07,36,37,0,0.5134575569358178
MM-S07,36,38,1,0.5134575569358178
MM-S07,36,39,0,0.5134575569358178
MM-S07,36,40,2,0.5134575569358178
MM-S07,36,41,1,0.5134575569358178
MM-S07,36,42,2,0.5134575569358178
MM-S07,36,43,2,0.5134575569358178
MM-S07,36,44,0,0.5134575569358178
MM-S07,36,45,1,0.5134575569358178
MM-S07,36,46,0,0.5134575569358178
MM-S07,36,47,2,0.5134575569358178
MM-S07,36,48,0,0.5134575569358178
MM-S07,36,49,1,0.5134575569358178
MM-S07,36,50,0,0.5134575569358178
MM-S07,36,51,0,0.5134575569358178
MM-S07,36,52,0,0.5134575569358178
MM-S07,36,53,0,0.5134575569358178
MM-S07,36,54,0,0.5134575569358178
MM-S07,36,55,1,0.5134575569358178
MM-S07,36,56,1,0.5134575569358178
MM-S07,36,57,0,0.5134575569358178
MM-S07,36,58,2,0.5134575569358178
MM-S07,36,59,0,0.5134575569358178
MM-S07,36,60,0,0.5134575569358178
MM-S07,36,61,0,0.5134575569358178
MM-S07,36,62,1,0.5134575569358178
MM-S07,36,63,1,0.5134575569358178
MM-S07,36,64,0,0.5134575569358178
MM-S07,36,65,0,0.5134575569358178
MM-S07,36,66,1,0.5134575569358178
MM-S07,36,67,0,0.5134575569358178
MM-S07,36,68,1,0.5134575569358178
MM-S07,36,69,0,0.5134575569358178
MM-S07,36,70,0,0.5134575569358178
MM-S07,37,38,3,0.5134575569358178
MM-S07,37,39,0,0.5134575569358178
MM-S07,37,40,1,0.5134575569358178
MM-S07,37,41,2,0.5134575569358178
MM-S07,37,42,0,0.5134575569358178
MM-S07,37,43,0,0.5134575569358178
MM-S07,37,44,1,0.5134575569358178
MM-S07,37,45,0,0.5134575569358178
MM-S07,37,46,0,0.5134575569358178
MM-S07,37,47,1,0.5134575569358178
MM-S07,37,48,0,0.5134575569358178
MM-S07,37,49,1,0.5134575569358178
MM-S07,37,50,0,0.5134575569358178
MM-S07,37,51,1,0.5134575569358178
MM-S07,37,52,1,0.5134575569358178
MM-S07,37,53,0,0.5134575569358178
MM-S07,37,54,0,0.5134575569358178
MM-S07,37,55,0,0.5134575569358178
MM-S07,37,56,1,0.5134575569358178
MM-S07,37,57,0,0.5134575569358178
MM-S07,37,58,3,0.5134575569358178
MM-S07,37,59,0,0.5134575569358178
MM-S07,37,60,0,0.5134575569358178
MM-S07,37,61,0,0.5134575569358178
MM-S07,37,62,0,0.5134575569358178
MM-S07,37,63,2,0.5134575569358178
MM-S07,37,64,1,0.5134575569358178
MM-S07,37,65,0,0.5134575569358178
MM-S07,37,66,0,0.5134575569358178
MM-S07,37,67,0,0.5134575569358178
MM-S07,37,68,1,0.5134575569358178
MM-S07,37,69,0,0.5134575569358178
MM-S07,37,70,0,0.5134575569358178
MM-S07,38,39,0,0.5134575569358178
MM-S07,38,40,2,0.5134575569358178
MM-S07,38,41,1,0.5134575569358178
MM-S07,38,42,2,0.5134575569358178
MM-S07,38,43,1,0.5134575569358178
MM-S07,38,44,3,0.5134575569358178
MM-S07,38,45,1,0.5134575569358178
MM-S07,38,46,0,0.5134575569358178
MM-S07,38,47,0,0.5134575569358178
MM-S07,38,48,0,0.5134575569358178
MM-S07,38,49,1,0.5134575569358178
MM-S07,38,50,1,0.5134575569358178
MM-S07,38,51,0,0.5134575569358178
MM-S07,38,52,0,0.5134575569358178
MM-S07,38,53,0,0.5134575569358178
MM-S07,38,54,1,0.5134575569358178
MM-S07,38,55,0,0.5134575569358178
MM-S07,38,56,2,0.5134575569358178
MM-S07,38,57,1,0.5134575569358178
MM-S07,38,58,2,0.5134575569358178
MM-S07,38,59,0,0.5134575569358178
MM-S07,38,60,1,0.5134575569358178
MM-S07,38,61,0,0.5134575569358178
MM-S07,38,62,3,0.5134575569358178
MM-S07,38,63,0,0.5134575569358178
MM-S07,38,64,1,0.5134575569358178
MM-S07,38,65,0,0.5134575569358178
MM-S07,38,66,1,0.5134575569358178
MM-S07,38,67,0,0.5134575569358178
MM-S07,38,68,0,0.5134575569358178
MM-S07,38,69,1,0.5134575569358178
MM-S07,38,70,1,0.5134575569358178
MM-S07,39,40,0,0.5134575569358178
MM-S07,39,41,0,0.5134575569358178
MM-S07,39,42,0,0.5134575569358178
MM-S07,39,43,2,0.5134575569358178
MM-S07,39,44,0,0.5134575569358178
MM-S07,39,45,0,0.5134575569358178
MM-S07,39,46,1,0.5134575569358178
MM-S07,39,47,1,0.5134575569358178
MM-S07,39,48,1,0.5134575569358178
MM-S07,39,49,2,0.5134575569358178
MM-S07,39,50,0,0.5134575569358178
MM-S07,39,51,1,0.5134575569358178
MM-S07,39,52,1,0.5134575569358178
MM-S07,39,53,0,0.5134575569358178
MM-S07,39,54,1,0.5134575569358178
MM-S07,39,55,2,0.5134575569358178
MM-S07,39,56,0,0.5134575569358178
MM-S07,39,57,0,0.5134575569358178
MM-S07,39,58,1,0.5134575569358178
MM-S07,39,59,1,0.5134575569358178
MM-S07,39,60,0,0.5134575569358178
MM-S07,39,61,0,0.5134575569358178
MM-S07,39,62,0,0.5134575569358178
MM-S07,39,63,0,0.5134575569358178
MM-S07,39,64,0,0.5134575569358178
MM-S07,39,65,1,0.5134575569358178
MM-S07,39,66,0,0.5134575569358178
MM-S07,39,67,1,0.5134575569358178
MM-S07,39,68,1,0.5134575569358178
MM-S07,39,69,0,0.5134575569358178
MM-S07,39,70,0,0.5134575569358178
MM-S07,40,41,1,0.5134575569358178
MM-S07,40,42,1,0.5134575569358178
MM-S07,40,43,1,0.5134575569358178
MM-S07,40,44,0,0.5134575569358178
MM-S07,40,45,0,0.5134575569358178
MM-S07,40,46,1,0.5134575569358178
MM-S07,40,47,2,0.5134575569358178
MM-S07,40,48,1,0.5134575569358178
MM-S07,40,49,1,0.5134575569358178
MM-S07,40,50,0,0.5134575569358178
MM-S07,40,51,1,0.5134575569358178
MM-S07,40,52,0,0.5134575569358178
MM-S07,40,53,0,0.5134575569358178
MM-S07,40,54,1,0.5134575569358178
MM-S07,40,55,2,0.5134575569358178
MM-S07,40,56,2,0.5134575569358178
MM-S07,40,57,2,0.5134575569358178
MM-S07,40,58,1,0.5134575569358178
MM-S07,40,59,1,0.5134575569358178
MM-S07,40,60,1,0.5134575569358178
MM-S07,40,61,0,0.5134575569358178
MM-S07,40,62,1,0.5134575569358178
MM-S07,40,63,1,0.5134575569358178
MM-S07,40,64,2,0.5134575569358178
MM-S07,40,65,0,0.5134575569358178
MM-S07,40,66,1,0.5134575569358178
MM-S07,40,67,0,0.5134575569358178
MM-S07,40,68,3,0.5134575569358178
MM-S07,40,69,1,0.5134575569358178
MM-S07,40,70,1,0.5134575569358178
MM-S07,41,42,3,0.5134575569358178
MM-S07,41,43,0,0.5134575569358178
MM-S07,41,44,0,0.5134575569358178
MM-S07,41,45,0,0.5134575569358178
MM-S07,41,46,0,0.5134575569358178
MM-S07,41,47,1,0.5134575569358178
MM-S07,41,48,0,0.5134575569358178
MM-S07,41,49,1,0.5134575569358178
MM-S07,41,50,0,0.5134575569358178
MM-S07,41,51,0,0.5134575569358178
MM-S07,41,52,0,0.5134575569358178
MM-S07,41,53,0,0.5134575569358178
MM-S07,41,54,0,0.5134575569358178
MM-S07,41,55,0,0.5134575569358178
MM-S07,41,56,0,0.5134575569358178
MM-S07,41,57,0,0.5134575569358178
MM-S07,41,58,0,0.5134575569358178
MM-S07,41,59,1,0.5134575569358178
MM-S07,41,60,0,0.5134575569358178
MM-S07,41,61,1,0.5134575569358178
MM-S07,41,62,1,0.5134575569358178
MM-S07,41,63,0,0.5134575569358178
MM-S07,41,64,1,0.5134575569358178
MM-S07,41,65,0,0.5134575569358178
MM-S07,41,66,2,0.5134575569358178
MM-S07,41,67,0,0.5134575569358178
MM-S07,41,68,1,0.5134575569358178
MM-S07,41,69,1,0.5134575569358178
MM-S07,41,70,1,0.5134575569358178
MM-S07,42,43,0,0.5134575569358178
MM-S07,42,44,1,0.5134575569358178
MM-S07,42,45,0,0.5134575569358178
MM-S07,42,46,1,0.5134575569358178
MM-S07,42,47,1,0.5134575569358178
MM-S07,42,48,0,0.5134575569358178
MM-S07,42,49,2,0.5134575569358178
MM-S07,42,50,1,0.5134575569358178
MM-S07,42,51,0,0.5134575569358178
MM-S07,42,52,0,0.5134575569358178
MM-S07,42,53,1,0.5134575569358178
MM-S07,42,54,0,0.5134575569358178
MM-S07,42,55,0,0.5134575569358178
MM-S07,42,56,0,0.5134575569358178
MM-S07,42,57,0,0.5134575569358178
MM-S07,42,58,1,0.5134575569358178
MM-S07,42,59,2,0.5134575569358178
MM-S07,42,60,0,0.5134575569358178
MM-S07,42,61,0,0.5134575569358178
MM-S07,42,62,1,0.5134575569358178
MM-S07,42,63,0,0.5134575569358178
MM-S07,42,64,1,0.5134575569358178
MM-S07,42,65,1,0.5134575569358178
MM-S07,42,66,2,0.5134575569358178
MM-S07,42,67,1,0.5134575569358178
MM-S07,42,68,0,0.5134575569358178
MM-S07,42,69,2,0.5134575569358178
MM-S07,42,70,1,0.5134575569358178
MM-S07,43,44,1,0.5134575569358178
MM-S07,43,45,0,0.5134575569358178
MM-S07,43,46,1,0.5134575569358178
MM-S07,43,47,0,0.5134575569358178
MM-S07,43,48,1,0.5134575569358178
MM-S07,43,49,3,0.5134575569358178
MM-S07,43,50,0,0.5134575569358178
MM-S07,43,51,0,0.5134575569358178
MM-S07,43,52,2,0.5134575569358178
MM-S07,43,53,0,0.5134575569358178
MM-S07,43,54,1,0.5134575569358178
MM-S07,43,55,2,0.5134575569358178
MM-S07,43,56,1,0.5134575569358178
MM-S07,43,57,0,0.5134575569358178
MM-S07,43,58,2,0.5134575569358178
MM-S07,43,59,0,0.5134575569358178
MM-S07,43,60,1,0.5134575569358178
MM-S07,43,61,0,0.5134575569358178
MM-S07,43,62,1,0.5134575569358178
MM-S07,43,63,3,0.5134575569358178
MM-S07,43,64,1,0.5134575569358178
MM-S07,43,65,1,0.5134575569358178
MM-S07,43,66,0,0.5134575569358178
MM-S07,43,67,1,0.5134575569358178
MM-S07,43,68,0,0.5134575569358178
MM-S07,43,69,1,0.5134575569358178
MM-S07,43,70,0,0.5134575569358178
MM-S07,44,45,1,0.5134575569358178
MM-S07,44,46,0,0.5134575569358178
MM-S07,44,47,0,0.5134575569358178
MM-S07,44,48,1,0.5134575569358178
MM-S07,44,49,1,0.5134575569358178
MM-S07,44,50,1,0.5134575569358178
MM-S07,44,51,0,0.5134575569358178
MM-S07,44,52,1,0.5134575569358178
MM-S07,44,53,0,0.5134575569358178
MM-S07,44,54,0,0.5134575569358178
MM-S07,44,55,0,0.5134575569358178
MM-S07,44,56,0,0.5134575569358178
MM-S07,44,57,0,0.5134575569358178
MM-S07,44,58,0,0.5134575569358178
MM-S07,44,59,0,0.5134575569358178
MM-S07,44,60,0,0.5134575569358178
MM-S07,44,61,0,0.5134575569358178
MM-S07,44,62,2,0.5134575569358178
MM-S07,44,63,1,0.5134575569358178
MM-S07,44,64,0,0.5134575569358178
MM-S07,44,65,0,0.5134575569358178
MM-S07,44,66,0,0.5134575569358178
MM-S07,44,67,0,0.5134575569358178
MM-S07,44,68,0,0.5134575569358178
MM-S07,44,69,1,0.5134575569358178
MM-S07,44,70,0,0.5134575569358178
MM-S07,45,46,0,0.5134575569358178
MM-S07,45,47,0,0.5134575569358178
MM-S07,45,48,0,0.5134575569358178
MM-S07,45,49,0,0.5134575569358178
MM-S07,45,50,0,0.5134575569358178
MM-S07,45,51,0,0.5134575569358178
MM-S07,45,52,0,0.5134575569358178
MM-S07,45,53,0,0.5134575569358178
MM-S07,45,54,0,0.5134575569358178
MM-S07,45,55,0,0.5134575569358178
MM-S07,45,56,1,0.5134575569358178
MM-S07,45,57,0,0.5134575569358178
MM-S07,45,58,0,0.5134575569358178
MM-S07,45,59,0,0.5134575569358178
MM-S07,45,60,1,0.5134575569358178
MM-S07,45,61,0,0.5134575569358178
MM-S07,45,62,1,0.5134575569358178
MM-S07,45,63,1,0.5134575569358178
MM-S07,45,64,0,0.5134575569358178
MM-S07,45,65,1,0.5134575569358178
MM-S07,45,66,0,0.5134575569358178
MM-S07,45,67,0,0.5134575569358178
MM-S07,45,68,1,0.5134575569358178
MM-S07,45,69,0,0.5134575569358178
MM-S07,45,70,0,0.5134575569358178
MM-S07,46,47,0,0.5134575569358178
MM-S07,46,48,0,0.5134575569358178
MM-S07,46,49,0,0.5134575569358178
MM-S07,46,50,0,0.5134575569358178
MM-S07,46,51,0,0.5134575569358178
MM-S07,46,52,0,0.5134575569358178
MM-S07,46,53,0,0.5134575569358178
MM-S07,46,54,0,0.5134575569358178
MM-S07,46,55,1,0.5134575569358178
MM-S07,46,56,0,0.5134575569358178
MM-S07,46,57,0,0.5134575569358178
MM-S07,46,58,1,0.5134575569358178
MM-S07,46,59,1,0.5134575569358178
MM-S07,46,60,0,0.5134575569358178
MM-S07,46,61,0,0.5134575569358178
MM-S07,46,62,0,0.5134575569358178
MM-S07,46,63,0,0.5134575569358178
MM-S07,46,64,0,0.5134575569358178
MM-S07,46,65,1,0.5134575569358178
MM-S07,46,66,0,0.5134575569358178
MM-S07,46,67,0,0.5134575569358178
MM-S07,46,68,0,0.5134575569358178
MM-S07,46,69,0,0.5134575569358178
MM-S07,46,70,0,0.5134575569358178
MM-S07,47,48,0,0.5134575569358178
MM-S07,47,49,1,0.5134575569358178
MM-S07,47,50,1,0.5134575569358178
MM-S07,47,51,1,0.5134575569358178
MM-S07,47,52,0,0.5134575569358178
MM-S07,47,53,0,0.5134575569358178
MM-S07,47,54,0,0.5134575569358178
MM-S07,47,55,0,0.5134575569358178
MM-S07,47,56,1,0.5134575569358178
MM-S07,47,57,0,0.5134575569358178
MM-S07,47,58,2,0.5134575569358178
MM-S07,47,59,1,0.5134575569358178
MM-S07,47,60,0,0.5134575569358178
MM-S07,47,61,0,0.5134575569358178
MM-S07,47,62,0,0.5134575569358178
MM-S07,47,63,0,0.5134575569358178
MM-S07,47,64,0,0.5134575569358178
MM-S07,47,65,1,0.5134575569358178
MM-S07,47,66,1,0.5134575569358178
MM-S07,47,67,0,0.5134575569358178
MM-S07,47,68,2,0.5134575569358178
MM-S07,47,69,0,0.5134575569358178
MM-S07,47,70,1,0.5134575569358178
MM-S07,48,49,0,0.5134575569358178
MM-S07,48,50,1,0.5134575569358178
MM-S07,48,51,0,0.5134575569358178
MM-S07,48,52,0,0.5134575569358178
MM-S07,48,53,0,0.5134575569358178
MM-S07,48,54,0,0.5134575569358178
MM-S07,48,55,0,0.5134575569358178
MM-S07,48,56,1,0.5134575569358178
MM-S07,48,57,0,0.5134575569358178
MM-S07,48,58,1,0.5134575569358178
MM-S07,48,59,0,0.5134575569358178
MM-S07,48,60,2,0.5134575569358178
MM-S07,48,61,0,0.5134575569358178
MM-S07,48,62,1,0.5134575569358178
MM-S07,48,63,1,0.5134575569358178
MM-S07,48,64,0,0.5134575569358178
MM-S07,48,65,0,0.5134575569358178
MM-S07,48,66,0,0.5134575569358178
MM-S07,48,67,0,0.5134575569358178
MM-S07,48,68,0,0.5134575569358178
MM-S07,48,69,0,0.5134575569358178
MM-S07,48,70,1,0.5134575569358178
MM-S07,49,50,0,0.5134575569358178
MM-S07,49,51,2,0.5134575569358178
MM-S07,49,52,2,0.5134575569358178
MM-S07,49,53,1,0.5134575569358178
MM-S07,49,54,0,0.5134575569358178
MM-S07,49,55,1,0.5134575569358178
MM-S07,49,56,0,0.5134575569358178
MM-S07,49,57,1,0.5134575569358178
MM-S07,49,58,3,0.5134575569358178
MM-S07,49,59,2,0.5134575569358178
MM-S07,49,60,0,0.5134575569358178
MM-S07,49,61,1,0.5134575569358178
MM-S07,49,62,1,0.5134575569358178
MM-S07,49,63,2,0.5134575569358178
MM-S07,49,64,0,0.5134575569358178
MM-S07,49,65,1,0.5134575569358178
MM-S07,49,66,2,0.5134575569358178
MM-S07,49,67,0,0.5134575569358178
MM-S07,49,68,2,0.5134575569358178
MM-S07,49,69,1,0.5134575569358178
MM-S07,49,70,0,0.5134575569358178
MM-S07,50,51,1,0.5134575569358178
MM-S07,50,52,1,0.5134575569358178
MM-S07,50,53,0,0.5134575569358178
MM-S07,50,54,0,0.5134575569358178
MM-S07,50,55,2,0.5134575569358178
MM-S07,50,56,1,0.5134575569358178
MM-S07,50,57,1,0.5134575569358178
MM-S07,50,58,1,0.5134575569358178
MM-S07,50,59,1,0.5134575569358178
MM-S07,50,60,1,0.5134575569358178
MM-S07,50,61,1,0.5134575569358178
MM-S07,50,62,0,0.5134575569358178
MM-S07,50,63,0,0.5134575569358178
MM-S07,50,64,0,0.5134575569358178
MM-S07,50,65,0,0.5134575569358178
MM-S07,50,66,1,0.5134575569358178
MM-S07,50,67,0,0.5134575569358178
MM-S07,50,68,0,0.5134575569358178
MM-S07,50,69,0,0.5134575569358178
MM-S07,50,70,1,0.5134575569358178
MM-S07,51,52,0,0.5134575569358178
MM-S07,51,53,0,0.5134575569358178
MM-S07,51,54,0,0.5134575569358178
MM-S07,51,55,2,0.5134575569358178
MM-S07,51,56,1,0.5134575569358178
MM-S07,51,57,1,0.5134575569358178
MM-S07,51,58,1,0.5134575569358178
MM-S07,51,59,1,0.5134575569358178
MM-S07,51,60,0,0.5134575569358178
MM-S07,51,61,0,0.5134575569358178
MM-S07,51,62,0,0.5134575569358178
MM-S07,51,63,1,0.5134575569358178
MM-S07,51,64,0,0.5134575569358178
MM-S07,51,65,0,0.5134575569358178
MM-S07,51,66,0,0.5134575569358178
MM-S07,51,67,0,0.5134575569358178
MM-S07,51,68,0,0.5134575569358178
MM-S07,51,69,0,0.5134575569358178
MM-S07,51,70,0,0.5134575569358178
MM-S07,52,53,1,0.5134575569358178
MM-S07,52,54,0,0.5134575569358178
MM-S07,52,55,0,0.5134575569358178
MM-S07,52,56,0,0.5134575569358178
MM-S07,52,57,0,0.5134575569358178
MM-S07,52,58,0,0.5134575569358178
MM-S07,52,59,0,0.5134575569358178
MM-S07,52,60,0,0.5134575569358178
MM-S07,52,61,1,0.5134575569358178
MM-S07,52,62,1,0.5134575569358178
MM-S07,52,63,1,0.5134575569358178
MM-S07,52,64,1,0.5134575569358178
MM-S07,52,65,2,0.5134575569358178
MM-S07,52,66,2,0.5134575569358178
MM-S07,52,67,0,0.5134575569358178
MM-S07,52,68,1,0.5134575569358178
MM-S07,52,69,1,0.5134575569358178
MM-S07,52,70,0,0.5134575569358178
MM-S07,53,54,1,0.5134575569358178
MM-S07,53,55,0,0.5134575569358178
MM-S07,53,56,0,0.5134575569358178
MM-S07,53,57,0,0.5134575569358178
MM-S07,53,58,0,0.5134575569358178
MM-S07,53,59,0,0.5134575569358178
MM-S07,53,60,1,0.5134575569358178
MM-S07,53,61,1,0.5134575569358178
MM-S07,53,62,1,0.5134575569358178
MM-S07,53,63,0,0.5134575569358178
MM-S07,53,64,0,0.5134575569358178
MM-S07,53,65,0,0.5134575569358178
MM-S07,53,66,1,0.5134575569358178
MM-S07,53,67,0,0.5134575569358178
MM-S07,53,68,0,0.5134575569358178
MM-S07,53,69,1,0.5134575569358178
MM-S07,53,70,0,0.5134575569358178
MM-S07,54,55,1,0.5134575569358178
MM-S07,54,56,1,0.5134575569358178
MM-S07,54,57,2,0.5134575569358178
MM-S07,54,58,0,0.5134575569358178
MM-S07,54,59,0,0.5134575569358178
MM-S07,54,60,0,0.5134575569358178
MM-S07,54,61,1,0.5134575569358178
MM-S07,54,62,1,0.5134575569358178
MM-S07,54,63,1,0.5134575569358178
MM-S07,54,64,0,0.5134575569358178
MM-S07,54,65,0,0.5134575569358178
MM-S07,54,66,0,0.5134575569358178
MM-S07,54,67,0,0.5134575569358178
MM-S07,54,68,0,0.5134575569358178
MM-S07,54,69,0,0.5134575569358178
MM-S07,54,70,0,0.5134575569358178
MM-S07,55,56,0,0.5134575569358178
MM-S07,55,57,0,0.5134575569358178
MM-S07,55,58,1,0.5134575569358178
MM-S07,55,59,1,0.5134575569358178
MM-S07,55,60,0,0.5134575569358178
MM-S07,55,61,0,0.5134575569358178
MM-S07,55,62,0,0.5134575569358178
MM-S07,55,63,2,0.5134575569358178
MM-S07,55,64,1,0.5134575569358178
MM-S07,55,65,0,0.5134575569358178
MM-S07,55,66,0,0.5134575569358178
MM-S07,55,67,0,0.5134575569358178
MM-S07,55,68,1,0.5134575569358178
MM-S07,55,69,0,0.5134575569358178
MM-S07,55,70,0,0.5134575569358178
MM-S07,56,57,1,0.5134575569358178
MM-S07,56,58,2,0.5134575569358178
MM-S07,56,59,0,0.5134575569358178
MM-S07,56,60,0,0.5134575569358178
MM-S07,56,61,0,0.5134575569358178
MM-S07,56,62,0,0.5134575569358178
MM-S07,56,63,0,0.5134575569358178
MM-S07,56,64,2,0.5134575569358178
MM-S07,56,65,0,0.5134575569358178
MM-S07,56,66,2,0.5134575569358178
MM-S07,56,67,1,0.5134575569358178
MM-S07,56,68,0,0.5134575569358178
MM-S07,56,69,0,0.5134575569358178
MM-S07,56,70,1,0.5134575569358178
MM-S07,57,58,1,0.5134575569358178
MM-S07,57,59,0,0.5134575569358178
MM-S07,57,60,0,0.5134575569358178
MM-S07,57,61,0,0.5134575569358178
MM-S07,57,62,0,0.5134575569358178
MM-S07,57,63,0,0.5134575569358178
MM-S07,57,64,0,0.5134575569358178
MM-S07,57,65,0,0.5134575569358178
MM-S07,57,66,0,0.5134575569358178
MM-S07,57,67,0,0.5134575569358178
MM-S07,57,68,0,0.5134575569358178
MM-S07,57,69,1,0.5134575569358178
MM-S07,57,70,0,0.5134575569358178
MM-S07,58,59,1,0.5134575569358178
MM-S07,58,60,0,0.5134575569358178
MM-S07,58,61,1,0.5134575569358178
MM-S07,58,62,1,0.5134575569358178
MM-S07,58,63,2,0.5134575569358178
MM-S07,58,64,0,0.5134575569358178
MM-S07,58,65,0,0.5134575569358178
MM-S07,58,66,0,0.5134575569358178
MM-S07,58,67,0,0.5134575569358178
MM-S07,58,68,1,0.5134575569358178
MM-S07,58,69,0,0.5134575569358178
MM-S07,58,70,0,0.5134575569358178
MM-S07,59,60,0,0.5134575569358178
MM-S07,59,61,0,0.5134575569358178
MM-S07,59,62,0,0.5134575569358178
MM-S07,59,63,0,0.5134575569358178
MM-S07,59,64,0,0.5134575569358178
MM-S07,59,65,3,0.5134575569358178
MM-S07,59,66,0,0.5134575569358178
MM-S07,59,67,0,0.5134575569358178
MM-S07,59,68,1,0.5134575569358178
MM-S07,59,69,1,0.5134575569358178
MM-S07,59,70,0,0.5134575569358178
MM-S07,60,61,1,0.5134575569358178
MM-S07,60,62,1,0.5134575569358178
MM-S07,60,63,0,0.5134575569358178
MM-S07,60,64,0,0.5134575569358178
MM-S07,60,65,1,0.5134575569358178
MM-S07,60,66,0,0.5134575569358178
MM-S07,60,67,0,0.5134575569358178
MM-S07,60,68,0,0.5134575569358178
MM-S07,60,69,0,0.5134575569358178
MM-S07,60,70,1,0.5134575569358178
MM-S07,61,62,0,0.5134575569358178
MM-S07,61,63,1,0.5134575569358178
MM-S07,61,64,0,0.5134575569358178
MM-S07,61,65,0,0.5134575569358178
MM-S07,61,66,0,0.5134575569358178
MM-S07,61,67,0,0.5134575569358178
MM-S07,61,68,0,0.5134575569358178
MM-S07,61,69,0,0.5134575569358178
MM-S07,61,70,0,0.5134575569358178
MM-S07,62,63,1,0.5134575569358178
MM-S07,62,64,0,0.5134575569358178
MM-S07,62,65,0,0.5134575569358178
MM-S07,62,66,1,0.5134575569358178
MM-S07,62,67,0,0.5134575569358178
MM-S07,62,68,1,0.5134575569358178
MM-S07,62,69,0,0.5134575569358178
MM-S07,62,70,1,0.5134575569358178
MM-S07,63,64,1,0.5134575569358178
MM-S07,63,65,0,0.5134575569358178
MM-S07,63,66,0,0.5134575569358178
MM-S07,63,67,1,0.5134575569358178
MM-S07,63,68,1,0.5134575569358178
MM-S07,63,69,1,0.5134575569358178
MM-S07,63,70,0,0.5134575569358178
MM-S07,64,65,1,0.5134575569358178
MM-S07,64,66,1,0.5134575569358178
MM-S07,64,67,0,0.5134575569358178
MM-S07,64,68,0,0.5134575569358178
MM-S07,64,69,0,0.5134575569358178
MM-S07,64,70,0,0.5134575569358178
MM-S07,65,66,0,0.5134575569358178
MM-S07,65,67,0,0.5134575569358178
MM-S07,65,68,0,0.5134575569358178
MM-S07,65,69,0,0.5134575569358178
MM-S07,65,70,0,0.5134575569358178
MM-S07,66,67,0,0.5134575569358178
MM-S07,66,68,1,0.5134575569358178
MM-S07,66,69,0,0.5134575569358178
MM-S07,66,70,0,0.5134575569358178
MM-S07,67,68,0,0.5134575569358178
MM-S07,67,69,0,0.5134575569358178
MM-S07,67,70,0,0.5134575569358178
MM-S07,68,69,0,0.5134575569358178
MM-S07,68,70,0,0.5134575569358178
MM-S07,69,70,0,0.5134575569358178
PB-S01,1,2,8,4.666666666666667
PB-S01,1,3,9,4.666666666666667
PB-S01,1,4,7,4.666666666666667
PB-S01,1,5,5,4.666666666666667
PB-S01,1,6,7,4.666666666666667
PB-S01,1,7,4,4.666666666666667
PB-S01,1,8,6,4.666666666666667
PB-S01,1,9,5,4.666666666666667
PB-S01,1,10,5,4.666666666666667
PB-S01,1,11,7,4.666666666666667
PB-S01,1,12,6,4.666666666666667
PB-S01,1,13,7,4.666666666666667
PB-S01,1,14,2,4.666666666666667
PB-S01,1,15,2,4.666666666666667
PB-S01,1,16,8,4.666666666666667
PB-S01,1,17,5,4.666666666666667
PB-S01,1,18,4,4.666666666666667
PB-S01,1,19,10,4.666666666666667
PB-S01,1,20,3,4.666666666666667
PB-S01,1,21,5,4.666666666666667
PB-S01,1,22,8,4.666666666666667
PB-S01,1,23,3,4.666666666666667
PB-S01,1,24,5,4.666666666666667
PB-S01,1,25,3,4.666666666666667
PB-S01,1,26,8,4.666666666666667
PB-S01,1,27,5,4.666666666666667
PB-S01,1,28,7,4.666666666666667
PB-S01,1,29,5,4.666666666666667
PB-S01,1,30,6,4.666666666666667
PB-S01,1,31,5,4.666666666666667
PB-S01,1,32,5,4.666666666666667
PB-S01,1,33,7,4.666666666666667
PB-S01,1,34,3,4.666666666666667
PB-S01,1,35,9,4.666666666666667
PB-S01,1,36,4,4.666666666666667
PB-S01,1,37,5,4.666666666666667
PB-S01,1,38,5,4.666666666666667
PB-S01,1,39,2,4.666666666666667
PB-S01,1,40,4,4.666666666666667
PB-S01,1,41,7,4.666666666666667
PB-S01,1,42,5,4.666666666666667
PB-S01,1,43,3,4.666666666666667
PB-S01,1,44,3,4.666666666666667
PB-S01,1,45,4,4.666666666666667
PB-S01,2,3,7,4.666666666666667
PB-S01,2,4,7,4.666666666666667
PB-S01,2,5,3,4.666666666666667
PB-S01,2,6,4,4.666666666666667
PB-S01,2,7,3,4.666666666666667
PB-S01,2,8,5,4.666666666666667
PB-S01,2,9,6,4.666666666666667
PB-S01,2,10,4,4.666666666666667
PB-S01,2,11,8,4.666666666666667
PB-S01,2,12,3,4.666666666666667
PB-S01,2,13,5,4.666666666666667
PB-S01,2,14,5,4.666666666666667
PB-S01,2,15,5,4.666666666666667
PB-S01,2,16,2,4.666666666666667
PB-S01,2,17,6,4.666666666666667
PB-S01,2,18,4,4.666666666666667
PB-S01,2,19,5,4.666666666666667
PB-S01,2,20,5,4.666666666666667
PB-S01,2,21,5,4.666666666666667
PB-S01,2,22,4,4.666666666666667
PB-S01,2,23,5,4.666666666666667
PB-S01,2,24,4,4.666666666666667
PB-S01,2,25,5,4.666666666666667
PB-S01,2,26,6,4.666666666666667
PB-S01,2,27,10,4.666666666666667
PB-S01,2,28,4,4.666666666666667
PB-S01,2,29,4,4.666666666666667
PB-S01,2,30,6,4.666666666666667
PB-S01,2,31,7,4.666666666666667
PB-S01,2,32,3,4.666666666666667
PB-S01,2,33,3,4.666666666666667
PB-S01,2,34,2,4.666666666666667
PB-S01,2,35,7,4.666666666666667
PB-S01,2,36,7,4.666666666666667
PB-S01,2,37,3,4.666666666666667
PB-S01,2,38,4,4.666666666666667
PB-S01,2,39,5,4.666666666666667
PB-S01,2,40,4,4.666666666666667
PB-S01,2,41,5,4.666666666666667
PB-S01,2,42,5,4.666666666666667
PB-S01,2,43,6,4.666666666666667
PB-S01,2,44,3,4.666666666666667
PB-S01,2,45,4,4.666666666666667
PB-S01,3,4,5,4.666666666666667
PB-S01,3,5,2,4.666666666666667
PB-S01,3,6,3,4.666666666666667
PB-S01,3,7,3,4.666666666666667
PB-S01,3,8,6,4.666666666666667
PB-S01,3,9,7,4.666666666666667
PB-S01,3,10,6,4.666666666666667
PB-S01,3,11,5,4.666666666666667
PB-S01,3,12,4,4.666666666666667
PB-S01,3,13,7,4.666666666666667
PB-S01,3,14,6,4.666666666666667
PB-S01,3,15,4,4.666666666666667
PB-S01,3,16,5,4.666666666666667
PB-S01,3,17,6,4.666666666666667
PB-S01,3,18,2,4.666666666666667
PB-S01,3,19,5,4.666666666666667
PB-S01,3,20,4,4.666666666666667
PB-S01,3,21,0,4.666666666666667
PB-S01,3,22,7,4.666666666666667
PB-S01,3,23,7,4.666666666666667
PB-S01,3,24,6,4.666666666666667
PB-S01,3,25,3,4.666666666666667
PB-S01,3,26,5,4.666666666666667
PB-S01,3,27,8,4.666666666666667
PB-S01,3,28,6,4.666666666666667
PB-S01,3,29,5,4.666666666666667
PB-S01,3,30,5,4.666666666666667
PB-S01,3,31,4,4.666666666666667
PB-S01,3,32,0,4.666666666666667
PB-S01,3,33,3,4.666666666666667
PB-S01,3,34,9,4.666666666666667
PB-S01,3,35,5,4.666666666666667
PB-S01,3,36,2,4.666666666666667
PB-S01,3,37,4,4.666666666666667
PB-S01,3,38,3,4.666666666666667
PB-S01,3,39,3,4.666666666666667
PB-S01,3,40,3,4.666666666666667
PB-S01,3,41,5,4.666666666666667
PB-S01,3,42,2,4.666666666666667
PB-S01,3,43,5,4.666666666666667
PB-S01,3,44,3,4.666666666666667
PB-S01,3,45,5,4.666666666666667
PB-S01,4,5,2,4.666666666666667
PB-S01,4,6,4,4.666666666666667
PB-S01,4,7,5,4.666666666666667
PB-S01,4,8,6,4.666666666666667
PB-S01,4,9,4,4.666666666666667
PB-S01,4,10,2,4.666666666666667
PB-S01,4,11,5,4.666666666666667
PB-S01,4,12,2,4.666666666666667
PB-S01,4,13,4,4.666666666666667
PB-S01,4,14,5,4.666666666666667
PB-S01,4,15,9,4.666666666666667
PB-S01,4,16,8,4.666666666666667
PB-S01,4,17,2,4.666666666666667
PB-S01,4,18,7,4.666666666666667
PB-S01,4,19,5,4.666666666666667
PB-S01,4,20,2,4.666666666666667
PB-S01,4,21,5,4.666666666666667
PB-S01,4,22,1,4.666666666666667
PB-S01,4,23,2,4.666666666666667
PB-S01,4,24,7,4.666666666666667
PB-S01,4,25,7,4.666666666666667
PB-S01,4,26,5,4.666666666666667
PB-S01,4,27,7,4.666666666666667
PB-S01,4,28,10,4.666666666666667
PB-S01,4,29,2,4.666666666666667
PB-S01,4,30,2,4.666666666666667
PB-S01,4,31,4,4.666666666666667
PB-S01,4,32,1,4.666666666666667
PB-S01,4,33,1,4.666666666666667
PB-S01,4,34,3,4.666666666666667
PB-S01,4,35,4,4.666666666666667
PB-S01,4,36,9,4.666666666666667
PB-S01,4,37,3,4.666666666666667
PB-S01,4,38,7,4.666666666666667
PB-S01,4,39,3,4.666666666666667
PB-S01,4,40,4,4.666666666666667
PB-S01,4,41,6,4.666666666666667
PB-S01,4,42,5,4.666666666666667
PB-S01,4,43,4,4.666666666666667
PB-S01,4,44,5,4.666666666666667
PB-S01,4,45,2,4.666666666666667
PB-S01,5,6,3,4.666666666666667
PB-S01,5,7,7,4.666666666666667
PB-S01,5,8,2,4.666666666666667
PB-S01,5,9,8,4.666666666666667
PB-S01,5,10,1,4.666666666666667
PB-S01,5,11,6,4.666666666666667
PB-S01,5,12,2,4.666666666666667
PB-S01,5,13,6,4.666666666666667
PB-S01,5,14,2,4.666666666666667
PB-S01,5,15,6,4.666666666666667
PB-S01,5,16,5,4.666666666666667
PB-S01,5,17,2,4.666666666666667
PB-S01,5,18,3,4.666666666666667
PB-S01,5,19,4,4.666666666666667
PB-S01,5,20,3,4.666666666666667
PB-S01,5,21,5,4.666666666666667
PB-S01,5,22,5,4.666666666666667
PB-S01,5,23,6,4.666666666666667
PB-S01,5,24,6,4.666666666666667
PB-S01,5,25,4,4.666666666666667
PB-S01,5,26,4,4.666666666666667
PB-S01,5,27,7,4.666666666666667
PB-S01,5,28,7,4.666666666666667
PB-S01,5,29,4,4.666666666666667
PB-S01,5,30,3,4.666666666666667
PB-S01,5,31,1,4.666666666666667
PB-S01,5,32,2,4.666666666666667
PB-S01,5,33,3,4.666666666666667
PB-S01,5,34,5,4.666666666666667
PB-S01,5,35,3,4.666666666666667
PB-S01,5,36,3,4.666666666666667
PB-S01,5,37,3,4.666666666666667
PB-S01,5,38,5,4.666666666666667
PB-S01,5,39,2,4.666666666666667
PB-S01,5,40,3,4.666666666666667
PB-S01,5,41,4,4.666666666666667
PB-S01,5,42,4,4.666666666666667
PB-S01,5,43,4,4.666666666666667
PB-S01,5,44,3,4.666666666666667
PB-S01,5,45,4,4.666666666666667
PB-S01,6,7,5,4.666666666666667
PB-S01,6,8,2,4.666666666666667
PB-S01,6,9,9,4.666666666666667
PB-S01,6,10,9,4.666666666666667
PB-S01,6,11,9,4.666666666666667
PB-S01,6,12,4,4.666666666666667
PB-S01,6,13,5,4.666666666666667
PB-S01,6,14,3,4.666666666666667
PB-S01,6,15,6,4.666666666666667
PB-S01,6,16,3,4.666666666666667
PB-S01,6,17,8,4.666666666666667
PB-S01,6,18,2,4.666666666666667
PB-S01,6,19,4,4.666666666666667
PB-S01,6,20,3,4.666666666666667
PB-S01,6,21,7,4.666666666666667
PB-S01,6,22,10,4.666666666666667
PB-S01,6,23,10,4.666666666666667
PB-S01,6,24,2,4.666666666666667
PB-S01,6,25,5,4.666666666666667
PB-S01,6,26,8,4.666666666666667
PB-S01,6,27,2,4.666666666666667
PB-S01,6,28,4,4.666666666666667
PB-S01,6,29,4,4.666666666666667
PB-S01,6,30,4,4.666666666666667
PB-S01,6,31,4,4.666666666666667
PB-S01,6,32,2,4.666666666666667
PB-S01,6,33,7,4.666666666666667
PB-S01,6,34,5,4.666666666666667
PB-S01,6,35,1,4.666666666666667
PB-S01,6,36,7,4.666666666666667
PB-S01,6,37,2,4.666666666666667
PB-S01,6,38,6,4.666666666666667
PB-S01,6,39,7,4.666666666666667
PB-S01,6,40,4,4.666666666666667
PB-S01,6,41,4,4.666666666666667
PB-S01,6,42,7,4.666666666666667
PB-S01,6,43,7,4.666666666666667
PB-S01,6,44,2,4.666666666666667
PB-S01,6,45,6,4.666666666666667
PB-S01,7,8,7,4.666666666666667
PB-S01,7,9,4,4.666666666666667
PB-S01,7,10,4,4.666666666666667
PB-S01,7,11,6,4.666666666666667
PB-S01,7,12,3,4.666666666666667
PB-S01,7,13,4,4.666666666666667
PB-S01,7,14,3,4.666666666666667
PB-S01,7,15,10,4.666666666666667
PB-S01,7,16,3,4.666666666666667
PB-S01,7,17,3,4.666666666666667
PB-S01,7,18,5,4.666666666666667
PB-S01,7,19,3,4.666666666666667
PB-S01,7,20,4,4.666666666666667
PB-S01,7,21,5,4.666666666666667
PB-S01,7,22,2,4.666666666666667
PB-S01,7,23,3,4.666666666666667
PB-S01,7,24,4,4.666666666666667
PB-S01,7,25,6,4.666666666666667
PB-S01,7,26,8,4.666666666666667
PB-S01,7,27,5,4.666666666666667
PB-S01,7,28,4,4.666666666666667
PB-S01,7,29,4,4.666666666666667
PB-S01,7,30,1,4.666666666666667
PB-S01,7,31,7,4.666666666666667
PB-S01,7,32,0,4.666666666666667
PB-S01,7,33,9,4.666666666666667
PB-S01,7,34,3,4.666666666666667
PB-S01,7,35,5,4.666666666666667
PB-S01,7,36,5,4.666666666666667
PB-S01,7,37,1,4.666666666666667
PB-S01,7,38,2,4.666666666666667
PB-S01,7,39,5,4.666666666666667
PB-S01,7,40,5,4.666666666666667
PB-S01,7,41,2,4.666666666666667
PB-S01,7,42,4,4.666666666666667
PB-S01,7,43,9,4.666666666666667
PB-S01,7,44,5,4.666666666666667
PB-S01,7,45,6,4.666666666666667
PB-S01,8,9,4,4.666666666666667
PB-S01,8,10,6,4.666666666666667
PB-S01,8,11,3,4.666666666666667
PB-S01,8,12,3,4.666666666666667
PB-S01,8,13,3,4.666666666666667
PB-S01,8,14,2,4.666666666666667
PB-S01,8,15,8,4.666666666666667
PB-S01,8,16,3,4.666666666666667
PB-S01,8,17,3,4.666666666666667
PB-S01,8,18,7,4.666666666666667
PB-S01,8,19,5,4.666666666666667
PB-S01,8,20,3,4.666666666666667
PB-S01,8,21,5,4.666666666666667
PB-S01,8,22,5,4.666666666666667
PB-S01,8,23,7,4.666666666666667
PB-S01,8,24,6,4.666666666666667
PB-S01,8,25,4,4.666666666666667
PB-S01,8,26,5,4.666666666666667
PB-S01,8,27,6,4.666666666666667
PB-S01,8,28,5,4.666666666666667
PB-S01,8,29,5,4.666666666666667
PB-S01,8,30,5,4.666666666666667
PB-S01,8,31,6,4.666666666666667
PB-S01,8,32,3,4.666666666666667
PB-S01,8,33,7,4.666666666666667
PB-S01,8,34,3,4.666666666666667
PB-S01,8,35,5,4.666666666666667
PB-S01,8,36,4,4.666666666666667
PB-S01,8,37,3,4.666666666666667
PB-S01,8,38,6,4.666666666666667
PB-S01,8,39,5,4.666666666666667
PB-S01,8,40,3,4.666666666666667
PB-S01,8,41,8,4.666666666666667
PB-S01,8,42,4,4.666666666666667
PB-S01,8,43,1,4.666666666666667
PB-S01,8,44,2,4.666666666666667
PB-S01,8,45,3,4.666666666666667
PB-S01,9,10,7,4.666666666666667
PB-S01,9,11,6,4.666666666666667
PB-S01,9,12,4,4.666666666666667
PB-S01,9,13,5,4.666666666666667
PB-S01,9,14,5,4.666666666666667
PB-S01,9,15,9,4.666666666666667
PB-S01,9,16,7,4.666666666666667
PB-S01,9,17,5,4.666666666666667
PB-S01,9,18,3,4.666666666666667
PB-S01,9,19,7,4.666666666666667
PB-S01,9,20,4,4.666666666666667
PB-S01,9,21,3,4.666666666666667
PB-S01,9,22,5,4.666666666666667
PB-S01,9,23,11,4.666666666666667
PB-S01,9,24,6,4.666666666666667
PB-S01,9,25,3,4.666666666666667
PB-S01,9,26,7,4.666666666666667
PB-S01,9,27,4,4.666666666666667
PB-S01,9,28,9,4.666666666666667
PB-S01,9,29,1,4.666666666666667
PB-S01,9,30,5,4.666666666666667
PB-S01,9,31,5,4.666666666666667
PB-S01,9,32,3,4.666666666666667
PB-S01,9,33,4,4.666666666666667
PB-S01,9,34,6,4.666666666666667
PB-S01,9,35,3,4.666666666666667
PB-S01,9,36,2,4.666666666666667
PB-S01,9,37,1,4.666666666666667
PB-S01,9,38,4,4.666666666666667
PB-S01,9,39,4,4.666666666666667
PB-S01,9,40,8,4.666666666666667
PB-S01,9,41,4,4.666666666666667
PB-S01,9,42,8,4.666666666666667
PB-S01,9,43,6,4.666666666666667
PB-S01,9,44,11,4.666666666666667
PB-S01,9,45,4,4.666666666666667
PB-S01,10,11,6,4.666666666666667
PB-S01,10,12,5,4.666666666666667
PB-S01,10,13,5,4.666666666666667
PB-S01,10,14,3,4.666666666666667
PB-S01,10,15,4,4.666666666666667
PB-S01,10,16,3,4.666666666666667
PB-S01,10,17,7,4.666666666666667
PB-S01,10,18,5,4.666666666666667
PB-S01,10,19,4,4.666666666666667
PB-S01,10,20,7,4.666666666666667
PB-S01,10,21,0,4.666666666666667
PB-S01,10,22,3,4.666666666666667
PB-S01,10,23,4,4.666666666666667
PB-S01,10,24,10,4.666666666666667
PB-S01,10,25,4,4.666666666666667
PB-S01,10,26,6,4.666666666666667
PB-S01,10,27,6,4.666666666666667
PB-S01,10,28,7,4.666666666666667
PB-S01,10,29,4,4.666666666666667
PB-S01,10,30,1,4.666666666666667
PB-S01,10,31,8,4.666666666666667
PB-S01,10,32,6,4.666666666666667
PB-S01,10,33,3,4.666666666666667
PB-S01,10,34,5,4.666666666666667
PB-S01,10,35,5,4.666666666666667
PB-S01,10,36,7,4.666666666666667
PB-S01,10,37,3,4.666666666666667
PB-S01,10,38,7,4.666666666666667
PB-S01,10,39,5,4.666666666666667
PB-S01,10,40,7,4.666666666666667
PB-S01,10,41,5,4.666666666666667
PB-S01,10,42,5,4.666666666666667
PB-S01,10,43,4,4.666666666666667
PB-S01,10,44,3,4.666666666666667
PB-S01,10,45,9,4.666666666666667
PB-S01,11,12,2,4.666666666666667
PB-S01,11,13,2,4.666666666666667
PB-S01,11,14,4,4.666666666666667
PB-S01,11,15,5,4.666666666666667
PB-S01,11,16,4,4.666666666666667
PB-S01,11,17,9,4.666666666666667
PB-S01,11,18,2,4.666666666666667
PB-S01,11,19,9,4.666666666666667
PB-S01,11,20,4,4.666666666666667
PB-S01,11,21,5,4.666666666666667
PB-S01,11,22,7,4.666666666666667
PB-S01,11,23,11,4.666666666666667
PB-S01,11,24,5,4.666666666666667
PB-S01,11,25,8,4.666666666666667
PB-S01,11,26,6,4.666666666666667
PB-S01,11,27,7,4.666666666666667
PB-S01,11,28,8,4.666666666666667
PB-S01,11,29,2,4.666666666666667
PB-S01,11,30,4,4.666666666666667
PB-S01,11,31,4,4.666666666666667
PB-S01,11,32,4,4.666666666666667
PB-S01,11,33,7,4.666666666666667
PB-S01,11,34,10,4.666666666666667
PB-S01,11,35,8,4.666666666666667
PB-S01,11,36,4,4.666666666666667
PB-S01,11,37,9,4.666666666666667
PB-S01,11,38,2,4.666666666666667
PB-S01,11,39,6,4.666666666666667
PB-S01,11,40,8,4.666666666666667
PB-S01,11,41,5,4.666666666666667
PB-S01,11,42,6,4.666666666666667
PB-S01,11,43,2,4.666666666666667
PB-S01,11,44,7,4.666666666666667
PB-S01,11,45,1,4.666666666666667
PB-S01,12,13,0,4.666666666666667
PB-S01,12,14,3,4.666666666666667
PB-S01,12,15,3,4.666666666666667
PB-S01,12,16,2,4.666666666666667
PB-S01,12,17,7,4.666666666666667
PB-S01,12,18,6,4.666666666666667
PB-S01,12,19,4,4.666666666666667
PB-S01,12,20,6,4.666666666666667
PB-S01,12,21,5,4.666666666666667
PB-S01,12,22,10,4.666666666666667
PB-S01,12,23,5,4.666666666666667
PB-S01,12,24,6,4.666666666666667
PB-S01,12,25,5,4.666666666666667
PB-S01,12,26,5,4.666666666666667
PB-S01,12,27,6,4.666666666666667
PB-S01,12,28,2,4.666666666666667
PB-S01,12,29,1,4.666666666666667
PB-S01,12,30,6,4.666666666666667
PB-S01,12,31,7,4.666666666666667
PB-S01,12,32,7,4.666666666666667
PB-S01,12,33,4,4.666666666666667
PB-S01,12,34,6,4.666666666666667
PB-S01,12,35,8,4.666666666666667
PB-S01,12,36,4,4.666666666666667
PB-S01,12,37,3,4.666666666666667
PB-S01,12,38,4,4.666666666666667
PB-S01,12,39,2,4.666666666666667
PB-S01,12,40,8,4.666666666666667
PB-S01,12,41,6,4.666666666666667
PB-S01,12,42,4,4.666666666666667
PB-S01,12,43,2,4.666666666666667
PB-S01,12,44,2,4.666666666666667
PB-S01,12,45,1,4.666666666666667
PB-S01,13,14,5,4.666666666666667
PB-S01,13,15,4,4.666666666666667
PB-S01,13,16,3,4.666666666666667
PB-S01,13,17,1,4.666666666666667
PB-S01,13,18,3,4.666666666666667
PB-S01,13,19,4,4.666666666666667
PB-S01,13,20,1,4.666666666666667
PB-S01,13,21,4,4.666666666666667
PB-S01,13,22,4,4.666666666666667
PB-S01,13,23,4,4.666666666666667
PB-S01,13,24,6,4.666666666666667
PB-S01,13,25,4,4.666666666666667
PB-S01,13,26,4,4.666666666666667
PB-S01,13,27,7,4.666666666666667
PB-S01,13,28,6,4.666666666666667
PB-S01,13,29,6,4.666666666666667
PB-S01,13,30,1,4.666666666666667
PB-S01,13,31,4,4.666666666666667
PB-S01,13,32,4,4.666666666666667
PB-S01,13,33,4,4.666666666666667
PB-S01,13,34,2,4.666666666666667
PB-S01,13,35,8,4.666666666666667
PB-S01,13,36,2,4.666666666666667
PB-S01,13,37,1,4.666666666666667
PB-S01,13,38,6,4.666666666666667
PB-S01,13,39,7,4.666666666666667
PB-S01,13,40,3,4.666666666666667
PB-S01,13,41,4,4.666666666666667
PB-S01,13,42,4,4.666666666666667
PB-S01,13,43,5,4.666666666666667
PB-S01,13,44,4,4.666666666666667
PB-S01,13,45,2,4.666666666666667
PB-S01,14,15,3,4.666666666666667
PB-S01,14,16,4,4.666666666666667
PB-S01,14,17,8,4.666666666666667
PB-S01,14,18,4,4.666666666666667
PB-S01,14,19,3,4.666666666666667
PB-S01,14,20,4,4.666666666666667
PB-S01,14,21,3,4.666666666666667
PB-S01,14,22,3,4.666666666666667
PB-S01,14,23,2,4.666666666666667
PB-S01,14,24,1,4.666666666666667
PB-S01,14,25,8,4.666666666666667
PB-S01,14,26,7,4.666666666666667
PB-S01,14,27,5,4.666666666666667
PB-S01,14,28,4,4.666666666666667
PB-S01,14,29,7,4.666666666666667
PB-S01,14,30,7,4.666666666666667
PB-S01,14,31,2,4.666666666666667
PB-S01,14,32,4,4.666666666666667
PB-S01,14,33,2,4.666666666666667
PB-S01,14,34,3,4.666666666666667
PB-S01,14,35,6,4.666666666666667
PB-S01,14,36,4,4.666666666666667
PB-S01,14,37,1,4.666666666666667
PB-S01,14,38,5,4.666666666666667
PB-S01,14,39,3,4.666666666666667
PB-S01,14,40,2,4.666666666666667
PB-S01,14,41,5,4.666666666666667
PB-S01,14,42,4,4.666666666666667
PB-S01,14,43,2,4.666666666666667
PB-S01,14,44,2,4.666666666666667
PB-S01,14,45,2,4.666666666666667
PB-S01,15,16,7,4.666666666666667
PB-S01,15,17,5,4.666666666666667
PB-S01,15,18,8,4.666666666666667
PB-S01,15,19,2,4.666666666666667
PB-S01,15,20,4,4.666666666666667
PB-S01,15,21,5,4.666666666666667
PB-S01,15,22,9,4.666666666666667
PB-S01,15,23,9,4.666666666666667
PB-S01,15,24,4,4.666666666666667
PB-S01,15,25,7,4.666666666666667
PB-S01,15,26,12,4.666666666666667
PB-S01,15,27,8,4.666666666666667
PB-S01,15,28,9,4.666666666666667
PB-S01,15,29,2,4.666666666666667
PB-S01,15,30,7,4.666666666666667
PB-S01,15,31,7,4.666666666666667
PB-S01,15,32,8,4.666666666666667
PB-S01,15,33,6,4.666666666666667
PB-S01,15,34,6,4.666666666666667
PB-S01,15,35,11,4.666666666666667
PB-S01,15,36,4,4.666666666666667
PB-S01,15,37,3,4.666666666666667
PB-S01,15,38,5,4.666666666666667
PB-S01,15,39,8,4.666666666666667
PB-S01,15,40,7,4.666666666666667
PB-S01,15,41,6,4.666666666666667
PB-S01,15,42,6,4.666666666666667
PB-S01,15,43,6,4.666666666666667
PB-S01,15,44,9,4.666666666666667
PB-S01,15,45,4,4.666666666666667
PB-S01,16,17,3,4.666666666666667
PB-S01,16,18,3,4.666666666666667
PB-S01,16,19,3,4.666666666666667
PB-S01,16,20,2,4.666666666666667
PB-S01,16,21,5,4.666666666666667
PB-S01,16,22,4,4.666666666666667
PB-S01,16,23,7,4.666666666666667
PB-S01,16,24,8,4.666666666666667
PB-S01,16,25,5,4.666666666666667
PB-S01,16,26,9,4.666666666666667
PB-S01,16,27,4,4.666666666666667
PB-S01,16,28,5,4.666666666666667
PB-S01,16,29,3,4.666666666666667
PB-S01,16,30,3,4.666666666666667
PB-S01,16,31,3,4.666666666666667
PB-S01,16,32,6,4.666666666666667
PB-S01,16,33,3,4.666666666666667
PB-S01,16,34,4,4.666666666666667
PB-S01,16,35,6,4.666666666666667
PB-S01,16,36,5,4.666666666666667
PB-S01,16,37,5,4.666666666666667
PB-S01,16,38,6,4.666666666666667
PB-S01,16,39,4,4.666666666666667
PB-S01,16,40,0,4.666666666666667
PB-S01,16,41,5,4.666666666666667
PB-S01,16,42,6,4.666666666666667
PB-S01,16,43,2,4.666666666666667
PB-S01,16,44,0,4.666666666666667
PB-S01,16,45,6,4.666666666666667
PB-S01,17,18,6,4.666666666666667
PB-S01,17,19,6,4.666666666666667
PB-S01,17,20,4,4.666666666666667
PB-S01,17,21,2,4.666666666666667
PB-S01,17,22,8,4.666666666666667
PB-S01,17,23,3,4.666666666666667
PB-S01,17,24,4,4.666666666666667
PB-S01,17,25,5,4.666666666666667
PB-S01,17,26,4,4.666666666666667
PB-S01,17,27,7,4.666666666666667
PB-S01,17,28,3,4.666666666666667
PB-S01,17,29,5,4.666666666666667
PB-S01,17,30,4,4.666666666666667
PB-S01,17,31,1,4.666666666666667
PB-S01,17,32,4,4.666666666666667
PB-S01,17,33,3,4.666666666666667
PB-S01,17,34,5,4.666666666666667
PB-S01,17,35,3,4.666666666666667
PB-S01,17,36,7,4.666666666666667
PB-S01,17,37,4,4.666666666666667
PB-S01,17,38,5,4.666666666666667
PB-S01,17,39,3,4.666666666666667
PB-S01,17,40,7,4.666666666666667
PB-S01,17,41,6,4.666666666666667
PB-S01,17,42,10,4.666666666666667
PB-S01,17,43,3,4.666666666666667
PB-S01,17,44,6,4.666666666666667
PB-S01,17,45,4,4.666666666666667
PB-S01,18,19,7,4.666666666666667
PB-S01,18,20,6,4.666666666666667
PB-S01,18,21,2,4.666666666666667
PB-S01,18,22,4,4.666666666666667
PB-S01,18,23,5,4.666666666666667
PB-S01,18,24,4,4.666666666666667
PB-S01,18,25,3,4.666666666666667
PB-S01,18,26,9,4.666666666666667
PB-S01,18,27,1,4.666666666666667
PB-S01,18,28,3,4.666666666666667
PB-S01,18,29,3,4.666666666666667
PB-S01,18,30,5,4.666666666666667
PB-S01,18,31,4,4.666666666666667
PB-S01,18,32,2,4.666666666666667
PB-S01,18,33,4,4.666666666666667
PB-S01,18,34,5,4.666666666666667
PB-S01,18,35,6,4.666666666666667
PB-S01,18,36,6,4.666666666666667
PB-S01,18,37,3,4.666666666666667
PB-S01,18,38,3,4.666666666666667
PB-S01,18,39,6,4.666666666666667
PB-S01,18,40,7,4.666666666666667
PB-S01,18,41,4,4.666666666666667
PB-S01,18,42,2,4.666666666666667
PB-S01,18,43,6,4.666666666666667
PB-S01,18,44,3,4.666666666666667
PB-S01,18,45,5,4.666666666666667
PB-S01,19,20,4,4.666666666666667
PB-S01,19,21,4,4.666666666666667
PB-S01,19,22,1,4.666666666666667
PB-S01,19,23,5,4.666666666666667
PB-S01,19,24,4,4.666666666666667
PB-S01,19,25,2,4.666666666666667
PB-S01,19,26,8,4.666666666666667
PB-S01,19,27,2,4.666666666666667
PB-S01,19,28,5,4.666666666666667
PB-S01,19,29,7,4.666666666666667
PB-S01,19,30,4,4.666666666666667
PB-S01,19,31,5,4.666666666666667
PB-S01,19,32,3,4.666666666666667
PB-S01,19,33,7,4.666666666666667
PB-S01,19,34,4,4.666666666666667
PB-S01,19,35,7,4.666666666666667
PB-S01,19,36,8,4.666666666666667
PB-S01,19,37,5,4.666666666666667
PB-S01,19,38,2,4.666666666666667
PB-S01,19,39,3,4.666666666666667
PB-S01,19,40,5,4.666666666666667
PB-S01,19,41,7,4.666666666666667
PB-S01,19,42,4,4.666666666666667
PB-S01,19,43,2,4.666666666666667
PB-S01,19,44,3,4.666666666666667
PB-S01,19,45,3,4.666666666666667
PB-S01,20,21,3,4.666666666666667
PB-S01,20,22,6,4.666666666666667
PB-S01,20,23,2,4.666666666666667
PB-S01,20,24,4,4.666666666666667
PB-S01,20,25,2,4.666666666666667
PB-S01,20,26,8,4.666666666666667
PB-S01,20,27,6,4.666666666666667
PB-S01,20,28,5,4.666666666666667
PB-S01,20,29,4,4.666666666666667
PB-S01,20,30,0,4.666666666666667
PB-S01,20,31,3,4.666666666666667
PB-S01,20,32,1,4.666666666666667
PB-S01,20,33,3,4.666666666666667
PB-S01,20,34,6,4.666666666666667
PB-S01,20,35,9,4.666666666666667
PB-S01,20,36,7,4.666666666666667
PB-S01,20,37,1,4.666666666666667
PB-S01,20,38,3,4.666666666666667
PB-S01,20,39,1,4.666666666666667
PB-S01,20,40,6,4.666666666666667
PB-S01,20,41,2,4.666666666666667
PB-S01,20,42,8,4.666666666666667
PB-S01,20,43,6,4.666666666666667
PB-S01,20,44,7,4.666666666666667
PB-S01,20,45,4,4.666666666666667
PB-S01,21,22,6,4.666666666666667
PB-S01,21,23,4,4.666666666666667
PB-S01,21,24,5,4.666666666666667
PB-S01,21,25,6,4.666666666666667
PB-S01,21,26,5,4.666666666666667
PB-S01,21,27,3,4.666666666666667
PB-S01,21,28,3,4.666666666666667
PB-S01,21,29,4,4.666666666666667
PB-S01,21,30,2,4.666666666666667
PB-S01,21,31,4,4.666666666666667
PB-S01,21,32,5,4.666666666666667
PB-S01,21,33,3,4.666666666666667
PB-S01,21,34,3,4.666666666666667
PB-S01,21,35,6,4.666666666666667
PB-S01,21,36,7,4.666666666666667
PB-S01,21,37,4,4.666666666666667
PB-S01,21,38,9,4.666666666666667
PB-S01,21,39,4,4.666666666666667
PB-S01,21,40,1,4.666666666666667
PB-S01,21,41,6,4.666666666666667
PB-S01,21,42,2,4.666666666666667
PB-S01,21,43,5,4.666666666666667
PB-S01,21,44,2,4.666666666666667
PB-S01,21,45,3,4.666666666666667
PB-S01,22,23,7,4.666666666666667
PB-S01,22,24,4,4.666666666666667
PB-S01,22,25,3,4.666666666666667
PB-S01,22,26,6,4.666666666666667
PB-S01,22,27,4,4.666666666666667
PB-S01,22,28,6,4.666666666666667
PB-S01,22,29,6,4.666666666666667
PB-S01,22,30,3,4.666666666666667
PB-S01,22,31,4,4.666666666666667
PB-S01,22,32,5,4.666666666666667
PB-S01,22,33,4,4.666666666666667
PB-S01,22,34,8,4.666666666666667
PB-S01,22,35,4,4.666666666666667
PB-S01,22,36,5,4.666666666666667
PB-S01,22,37,3,4.666666666666667
PB-S01,22,38,4,4.666666666666667
PB-S01,22,39,6,4.666666666666667
PB-S01,22,40,3,4.666666666666667
PB-S01,22,41,2,4.666666666666667
PB-S01,22,42,4,4.666666666666667
PB-S01,22,43,2,4.666666666666667
PB-S01,22,44,5,4.666666666666667
PB-S01,22,45,10,4.666666666666667
PB-S01,23,24,8,4.666666666666667
PB-S01,23,25,5,4.666666666666667
PB-S01,23,26,9,4.666666666666667
PB-S01,23,27,4,4.666666666666667
PB-S01,23,28,9,4.666666666666667
PB-S01,23,29,4,4.666666666666667
PB-S01,23,30,3,4.666666666666667
PB-S01,23,31,11,4.666666666666667
PB-S01,23,32,5,4.666666666666667
PB-S01,23,33,6,4.666666666666667
PB-S01,23,34,10,4.666666666666667
PB-S01,23,35,6,4.666666666666667
PB-S01,23,36,7,4.666666666666667
PB-S01,23,37,1,4.666666666666667
PB-S01,23,38,5,4.666666666666667
PB-S01,23,39,6,4.666666666666667
PB-S01,23,40,4,4.666666666666667
PB-S01,23,41,6,4.666666666666667
PB-S01,23,42,5,4.666666666666667
PB-S01,23,43,4,4.666666666666667
PB-S01,23,44,7,4.666666666666667
PB-S01,23,45,5,4.666666666666667
PB-S01,24,25,2,4.666666666666667
PB-S01,24,26,4,4.666666666666667
PB-S01,24,27,3,4.666666666666667
PB-S01,24,28,8,4.666666666666667
PB-S01,24,29,3,4.666666666666667
PB-S01,24,30,4,4.666666666666667
PB-S01,24,31,11,4.666666666666667
PB-S01,24,32,6,4.666666666666667
PB-S01,24,33,5,4.666666666666667
PB-S01,24,34,6,4.666666666666667
PB-S01,24,35,9,4.666666666666667
PB-S01,24,36,10,4.666666666666667
PB-S01,24,37,3,4.666666666666667
PB-S01,24,38,4,4.666666666666667
PB-S01,24,39,5,4.666666666666667
PB-S01,24,40,2,4.666666666666667
PB-S01,24,41,5,4.666666666666667
PB-S01,24,42,8,4.666666666666667
PB-S01,24,43,5,4.666666666666667
PB-S01,24,44,9,4.666666666666667
PB-S01,24,45,5,4.666666666666667
PB-S01,25,26,4,4.666666666666667
PB-S01,25,27,3,4.666666666666667
PB-S01,25,28,8,4.666666666666667
PB-S01,25,29,3,4.666666666666667
PB-S01,25,30,4,4.666666666666667
PB-S01,25,31,4,4.666666666666667
PB-S01,25,32,3,4.666666666666667
PB-S01,25,33,6,4.666666666666667
PB-S01,25,34,7,4.666666666666667
PB-S01,25,35,12,4.666666666666667
PB-S01,25,36,7,4.666666666666667
PB-S01,25,37,2,4.666666666666667
PB-S01,25,38,4,4.666666666666667
PB-S01,25,39,3,4.666666666666667
PB-S01,25,40,4,4.666666666666667
PB-S01,25,41,9,4.666666666666667
PB-S01,25,42,3,4.666666666666667
PB-S01,25,43,3,4.666666666666667
PB-S01,25,44,3,4.666666666666667
PB-S01,25,45,3,4.666666666666667
PB-S01,26,27,6,4.666666666666667
PB-S01,26,28,5,4.666666666666667
PB-S01,26,29,3,4.666666666666667
PB-S01,26,30,3,4.666666666666667
PB-S01,26,31,5,4.666666666666667
PB-S01,26,32,3,4.666666666666667
PB-S01,26,33,5,4.666666666666667
PB-S01,26,34,6,4.666666666666667
PB-S01,26,35,7,4.666666666666667
PB-S01,26,36,4,4.666666666666667
PB-S01,26,37,2,4.666666666666667
PB-S01,26,38,5,4.666666666666667
PB-S01,26,39,7,4.666666666666667
PB-S01,26,40,3,4.666666666666667
PB-S01,26,41,3,4.666666666666667
PB-S01,26,42,6,4.666666666666667
PB-S01,26,43,5,4.666666666666667
PB-S01,26,44,1,4.666666666666667
PB-S01,26,45,3,4.666666666666667
PB-S01,27,28,4,4.666666666666667
PB-S01,27,29,7,4.666666666666667
PB-S01,27,30,5,4.666666666666667
PB-S01,27,31,3,4.666666666666667
PB-S01,27,32,5,4.666666666666667
PB-S01,27,33,5,4.666666666666667
PB-S01,27,34,9,4.666666666666667
PB-S01,27,35,9,4.666666666666667
PB-S01,27,36,8,4.666666666666667
PB-S01,27,37,6,4.666666666666667
PB-S01,27,38,5,4.666666666666667
PB-S01,27,39,2,4.666666666666667
PB-S01,27,40,7,4.666666666666667
PB-S01,27,41,4,4.666666666666667
PB-S01,27,42,9,4.666666666666667
PB-S01,27,43,9,4.666666666666667
PB-S01,27,44,8,4.666666666666667
PB-S01,27,45,3,4.666666666666667
PB-S01,28,29,3,4.666666666666667
PB-S01,28,30,3,4.666666666666667
PB-S01,28,31,1,4.666666666666667
PB-S01,28,32,3,4.666666666666667
PB-S01,28,33,4,4.666666666666667
PB-S01,28,34,3,4.666666666666667
PB-S01,28,35,7,4.666666666666667
PB-S01,28,36,6,4.666666666666667
PB-S01,28,37,3,4.666666666666667
PB-S01,28,38,3,4.666666666666667
PB-S01,28,39,3,4.666666666666667
PB-S01,28,40,2,4.666666666666667
PB-S01,28,41,8,4.666666666666667
PB-S01,28,42,1,4.666666666666667
PB-S01,28,43,5,4.666666666666667
PB-S01,28,44,12,4.666666666666667
PB-S01,28,45,5,4.666666666666667
PB-S01,29,30,3,4.666666666666667
PB-S01,29,31,1,4.666666666666667
PB-S01,29,32,2,4.666666666666667
PB-S01,29,33,4,4.666666666666667
PB-S01,29,34,2,4.666666666666667
PB-S01,29,35,4,4.666666666666667
PB-S01,29,36,5,4.666666666666667
PB-S01,29,37,3,4.666666666666667
PB-S01,29,38,6,4.666666666666667
PB-S01,29,39,3,4.666666666666667
PB-S01,29,40,4,4.666666666666667
PB-S01,29,41,5,4.666666666666667
PB-S01,29,42,3,4.666666666666667
PB-S01,29,43,8,4.666666666666667
PB-S01,29,44,2,4.666666666666667
PB-S01,29,45,6,4.666666666666667
PB-S01,30,31,2,4.666666666666667
PB-S01,30,32,2,4.666666666666667
PB-S01,30,33,3,4.666666666666667
PB-S01,30,34,4,4.666666666666667
PB-S01,30,35,4,4.666666666666667
PB-S01,30,36,8,4.666666666666667
PB-S01,30,37,2,4.666666666666667
PB-S01,30,38,4,4.666666666666667
PB-S01,30,39,3,4.666666666666667
PB-S01,30,40,1,4.666666666666667
PB-S01,30,41,6,4.666666666666667
PB-S01,30,42,2,4.666666666666667
PB-S01,30,43,5,4.666666666666667
PB-S01,30,44,4,4.666666666666667
PB-S01,30,45,5,4.666666666666667
PB-S01,31,32,3,4.666666666666667
PB-S01,31,33,4,4.666666666666667
PB-S01,31,34,6,4.666666666666667
PB-S01,31,35,6,4.666666666666667
PB-S01,31,36,5,4.666666666666667
PB-S01,31,37,1,4.666666666666667
PB-S01,31,38,5,4.666666666666667
PB-S01,31,39,2,4.666666666666667
PB-S01,31,40,3,4.666666666666667
PB-S01,31,41,3,4.666666666666667
PB-S01,31,42,3,4.666666666666667
PB-S01,31,43,2,4.666666666666667
PB-S01,31,44,4,4.666666666666667
PB-S01,31,45,4,4.666666666666667
PB-S01,32,33,5,4.666666666666667
PB-S01,32,34,4,4.666666666666667
PB-S01,32,35,2,4.666666666666667
PB-S01,32,36,4,4.666666666666667
PB-S01,32,37,3,4.666666666666667
PB-S01,32,38,9,4.666666666666667
PB-S01,32,39,6,4.666666666666667
PB-S01,32,40,8,4.666666666666667
PB-S01,32,41,11,4.666666666666667
PB-S01,32,42,5,4.666666666666667
PB-S01,32,43,5,4.666666666666667
PB-S01,32,44,4,4.666666666666667
PB-S01,32,45,4,4.666666666666667
PB-S01,33,34,3,4.666666666666667
PB-S01,33,35,3,4.666666666666667
PB-S01,33,36,7,4.666666666666667
PB-S01,33,37,2,4.666666666666667
PB-S01,33,38,1,4.666666666666667
PB-S01,33,39,6,4.666666666666667
PB-S01,33,40,1,4.666666666666667
PB-S01,33,41,2,4.666666666666667
PB-S01,33,42,5,4.666666666666667
PB-S01,33,43,6,4.666666666666667
PB-S01,33,44,7,4.666666666666667
PB-S01,33,45,5,4.666666666666667
PB-S01,34,35,4,4.666666666666667
PB-S01,34,36,4,4.666666666666667
PB-S01,34,37,3,4.666666666666667
PB-S01,34,38,3,4.666666666666667
PB-S01,34,39,0,4.666666666666667
PB-S01,34,40,4,4.666666666666667
PB-S01,34,41,3,4.666666666666667
PB-S01,34,42,4,4.666666666666667
PB-S01,34,43,1,4.666666666666667
PB-S01,34,44,5,4.666666666666667
PB-S01,34,45,3,4.666666666666667
PB-S01,35,36,2,4.666666666666667
PB-S01,35,37,3,4.666666666666667
PB-S01,35,38,8,4.666666666666667
PB-S01,35,39,5,4.666666666666667
PB-S01,35,40,4,4.666666666666667
PB-S01,35,41,3,4.666666666666667
PB-S01,35,42,5,4.666666666666667
PB-S01,35,43,2,4.666666666666667
PB-S01,35,44,5,4.666666666666667
PB-S01,35,45,1,4.666666666666667
PB-S01,36,37,0,4.666666666666667
PB-S01,36,38,3,4.666666666666667
PB-S01,36,39,7,4.666666666666667
PB-S01,36,40,5,4.666666666666667
PB-S01,36,41,3,4.666666666666667
PB-S01,36,42,5,4.666666666666667
PB-S01,36,43,8,4.666666666666667
PB-S01,36,44,7,4.666666666666667
PB-S01,36,45,4,4.666666666666667
PB-S01,37,38,0,4.666666666666667
PB-S01,37,39,3,4.666666666666667
PB-S01,37,40,1,4.666666666666667
PB-S01,37,41,5,4.666666666666667
PB-S01,37,42,3,4.666666666666667
PB-S01,37,43,2,4.666666666666667
PB-S01,37,44,0,4.666666666666667
PB-S01,37,45,2,4.666666666666667
PB-S01,38,39,3,4.666666666666667
PB-S01,38,40,5,4.666666666666667
PB-S01,38,41,4,4.666666666666667
PB-S01,38,42,3,4.666666666666667
PB-S01,38,43,5,4.666666666666667
PB-S01,38,44,2,4.666666666666667
PB-S01,38,45,6,4.666666666666667
PB-S01,39,40,4,4.666666666666667
PB-S01,39,41,5,4.666666666666667
PB-S01,39,42,6,4.666666666666667
PB-S01,39,43,6,4.666666666666667
PB-S01,39,44,6,4.666666666666667
PB-S01,39,45,7,4.666666666666667
PB-S01,40,41,6,4.666666666666667
PB-S01,40,42,3,4.666666666666667
PB-S01,40,43,9,4.666666666666667
PB-S01,40,44,9,4.666666666666667
PB-S01,40,45,5,4.666666666666667
PB-S01,41,42,4,4.666666666666667
PB-S01,41,43,5,4.666666666666667
PB-S01,41,44,5,4.666666666666667
PB-S01,41,45,3,4.666666666666667
PB-S01,42,43,4,4.666666666666667
PB-S01,42,44,8,4.666666666666667
PB-S01,42,45,4,4.666666666666667
PB-S01,43,44,5,4.666666666666667
PB-S01,43,45,4,4.666666666666667
PB-S01,44,45,9,4.666666666666667
PB-S02,1,2,0,3.4948979591836737
PB-S02,1,3,4,3.4948979591836737
PB-S02,1,4,3,3.4948979591836737
PB-S02,1,5,3,3.4948979591836737
PB-S02,1,6,4,3.4948979591836737
PB-S02,1,7,3,3.4948979591836737
PB-S02,1,8,5,3.4948979591836737
PB-S02,1,9,2,3.4948979591836737
PB-S02,1,10,2,3.4948979591836737
PB-S02,1,11,2,3.4948979591836737
PB-S02,1,12,3,3.4948979591836737
PB-S02,1,13,1,3.4948979591836737
PB-S02,1,14,2,3.4948979591836737
PB-S02,1,15,3,3.4948979591836737
PB-S02,1,16,2,3.4948979591836737
PB-S02,1,17,2,3.4948979591836737
PB-S02,1,18,0,3.4948979591836737
PB-S02,1,19,4,3.4948979591836737
PB-S02,1,20,3,3.4948979591836737
PB-S02,1,21,6,3.4948979591836737
PB-S02,1,22,4,3.4948979591836737
PB-S02,1,23,3,3.4948979591836737
PB-S02,1,24,2,3.4948979591836737
PB-S02,1,25,3,3.4948979591836737
PB-S02,1,26,3,3.4948979591836737
PB-S02,1,27,5,3.4948979591836737
PB-S02,1,28,4,3.4948979591836737
PB-S02,1,29,4,3.4948979591836737
PB-S02,1,30,2,3.4948979591836737
PB-S02,1,31,2,3.4948979591836737
PB-S02,1,32,2,3.4948979591836737
PB-S02,1,33,2,3.4948979591836737
PB-S02,1,34,2,3.4948979591836737
PB-S02,1,35,5,3.4948979591836737
PB-S02,1,36,2,3.4948979591836737
PB-S02,1,37,3,3.4948979591836737
PB-S02,1,38,2,3.4948979591836737
PB-S02,1,39,3,3.4948979591836737
PB-S02,1,40,2,3.4948979591836737
PB-S02,1,41,3,3.4948979591836737
PB-S02,1,42,5,3.4948979591836737
PB-S02,1,43,2,3.4948979591836737
PB-S02,1,44,3,3.4948979591836737
PB-S02,1,45,4,3.4948979591836737
PB-S02,1,46,2,3.4948979591836737
PB-S02,1,47,2,3.4948979591836737
PB-S02,1,48,2,3.4948979591836737
PB-S02,1,49,4,3.4948979591836737
PB-S02,2,3,3,3.4948979591836737
PB-S02,2,4,5,3.4948979591836737
PB-S02,2,5,2,3.4948979591836737
PB-S02,2,6,1,3.4948979591836737
PB-S02,2,7,1,3.4948979591836737
PB-S02,2,8,5,3.4948979591836737
PB-S02,2,9,1,3.4948979591836737
PB-S02,2,10,3,3.4948979591836737
PB-S02,2,11,3,3.4948979591836737
PB-S02,2,12,3,3.4948979591836737
PB-S02,2,13,6,3.4948979591836737
PB-S02,2,14,1,3.4948979591836737
PB-S02,2,15,6,3.4948979591836737
PB-S02,2,16,4,3.4948979591836737
PB-S02,2,17,4,3.4948979591836737
PB-S02,2,18,1,3.4948979591836737
PB-S02,2,19,4,3.4948979591836737
PB-S02,2,20,5,3.4948979591836737
PB-S02,2,21,2,3.4948979591836737
PB-S02,2,22,2,3.4948979591836737
PB-S02,2,23,4,3.4948979591836737
PB-S02,2,24,3,3.4948979591836737
PB-S02,2,25,3,3.4948979591836737
PB-S02,2,26,3,3.4948979591836737
PB-S02,2,27,4,3.4948979591836737
PB-S02,2,28,6,3.4948979591836737
PB-S02,2,29,3,3.4948979591836737
PB-S02,2,30,6,3.4948979591836737
PB-S02,2,31,2,3.4948979591836737
PB-S02,2,32,1,3.4948979591836737
PB-S02,2,33,5,3.4948979591836737
PB-S02,2,34,3,3.4948979591836737
PB-S02,2,35,2,3.4948979591836737
PB-S02,2,36,6,3.4948979591836737
PB-S02,2,37,5,3.4948979591836737
PB-S02,2,38,3,3.4948979591836737
PB-S02,2,39,5,3.4948979591836737
PB-S02,2,40,4,3.4948979591836737
PB-S02,2,41,3,3.4948979591836737
PB-S02,2,42,4,3.4948979591836737
PB-S02,2,43,4,3.4948979591836737
PB-S02,2,44,4,3.4948979591836737
PB-S02,2,45,3,3.4948979591836737
PB-S02,2,46,4,3.4948979591836737
PB-S02,2,47,3,3.4948979591836737
PB-S02,2,48,1,3.4948979591836737
PB-S02,2,49,4,3.4948979591836737
PB-S02,3,4,2,3.4948979591836737
PB-S02,3,5,5,3.4948979591836737
PB-S02,3,6,4,3.4948979591836737
PB-S02,3,7,3,3.4948979591836737
PB-S02,3,8,8,3.4948979591836737
PB-S02,3,9,4,3.4948979591836737
PB-S02,3,10,3,3.4948979591836737
PB-S02,3,11,2,3.4948979591836737
PB-S02,3,12,3,3.4948979591836737
PB-S02,3,13,3,3.4948979591836737
PB-S02,3,14,7,3.4948979591836737
PB-S02,3,15,4,3.4948979591836737
PB-S02,3,16,8,3.4948979591836737
PB-S02,3,17,4,3.4948979591836737
PB-S02,3,18,2,3.4948979591836737
PB-S02,3,19,7,3.4948979591836737
PB-S02,3,20,6,3.4948979591836737
PB-S02,3,21,3,3.4948979591836737
PB-S02,3,22,4,3.4948979591836737
PB-S02,3,23,3,3.4948979591836737
PB-S02,3,24,6,3.4948979591836737
PB-S02,3,25,3,3.4948979591836737
PB-S02,3,26,3,3.4948979591836737
PB-S02,3,27,4,3.4948979591836737
PB-S02,3,28,4,3.4948979591836737
PB-S02,3,29,4,3.4948979591836737
PB-S02,3,30,7,3.4948979591836737
PB-S02,3,31,2,3.4948979591836737
PB-S02,3,32,4,3.4948979591836737
PB-S02,3,33,2,3.4948979591836737
PB-S02,3,34,5,3.4948979591836737
PB-S02,3,35,6,3.4948979591836737
PB-S02,3,36,1,3.4948979591836737
PB-S02,3,37,4,3.4948979591836737
PB-S02,3,38,3,3.4948979591836737
PB-S02,3,39,3,3.4948979591836737
PB-S02,3,40,0,3.4948979591836737
PB-S02,3,41,5,3.4948979591836737
PB-S02,3,42,4,3.4948979591836737
PB-S02,3,43,4,3.4948979591836737
PB-S02,3,44,1,3.4948979591836737
PB-S02,3,45,7,3.4948979591836737
PB-S02,3,46,5,3.4948979591836737
PB-S02,3,47,3,3.4948979591836737
PB-S02,3,48,6,3.4948979591836737
PB-S02,3,49,4,3.4948979591836737
PB-S02,4,5,2,3.4948979591836737
PB-S02,4,6,5,3.4948979591836737
PB-S02,4,7,4,3.4948979591836737
PB-S02,4,8,1,3.4948979591836737
PB-S02,4,9,7,3.4948979591836737
PB-S02,4,10,3,3.4948979591836737
PB-S02,4,11,1,3.4948979591836737
PB-S02,4,12,7,3.4948979591836737
PB-S02,4,13,3,3.4948979591836737
PB-S02,4,14,3,3.4948979591836737
PB-S02,4,15,1,3.4948979591836737
PB-S02,4,16,1,3.4948979591836737
PB-S02,4,17,2,3.4948979591836737
PB-S02,4,18,4,3.4948979591836737
PB-S02,4,19,2,3.4948979591836737
PB-S02,4,20,6,3.4948979591836737
PB-S02,4,21,3,3.4948979591836737
PB-S02,4,22,3,3.4948979591836737
PB-S02,4,23,4,3.4948979591836737
PB-S02,4,24,4,3.4948979591836737
PB-S02,4,25,3,3.4948979591836737
PB-S02,4,26,4,3.4948979591836737
PB-S02,4,27,8,3.4948979591836737
PB-S02,4,28,2,3.4948979591836737
PB-S02,4,29,8,3.4948979591836737
PB-S02,4,30,4,3.4948979591836737
PB-S02,4,31,8,3.4948979591836737
PB-S02,4,32,6,3.4948979591836737
PB-S02,4,33,7,3.4948979591836737
PB-S02,4,34,5,3.4948979591836737
PB-S02,4,35,5,3.4948979591836737
PB-S02,4,36,4,3.4948979591836737
PB-S02,4,37,3,3.4948979591836737
PB-S02,4,38,7,3.4948979591836737
PB-S02,4,39,8,3.4948979591836737
PB-S02,4,40,2,3.4948979591836737
PB-S02,4,41,10,3.4948979591836737
PB-S02,4,42,3,3.4948979591836737
PB-S02,4,43,3,3.4948979591836737
PB-S02,4,44,2,3.4948979591836737
PB-S02,4,45,5,3.4948979591836737
PB-S02,4,46,4,3.4948979591836737
PB-S02,4,47,2,3.4948979591836737
PB-S02,4,48,3,3.4948979591836737
PB-S02,4,49,4,3.4948979591836737
PB-S02,5,6,3,3.4948979591836737
PB-S02,5,7,4,3.4948979591836737
PB-S02,5,8,4,3.4948979591836737
PB-S02,5,9,6,3.4948979591836737
PB-S02,5,10,5,3.4948979591836737
PB-S02,5,11,1,3.4948979591836737
PB-S02,5,12,9,3.4948979591836737
PB-S02,5,13,5,3.4948979591836737
PB-S02,5,14,4,3.4948979591836737
PB-S02,5,15,4,3.4948979591836737
PB-S02,5,16,3,3.4948979591836737
PB-S02,5,17,4,3.4948979591836737
PB-S02,5,18,8,3.4948979591836737
PB-S02,5,19,1,3.4948979591836737
PB-S02,5,20,4,3.4948979591836737
PB-S02,5,21,3,3.4948979591836737
PB-S02,5,22,6,3.4948979591836737
PB-S02,5,23,2,3.4948979591836737
PB-S02,5,24,4,3.4948979591836737
PB-S02,5,25,5,3.4948979591836737
PB-S02,5,26,3,3.4948979591836737
PB-S02,5,27,3,3.4948979591836737
PB-S02,5,28,1,3.4948979591836737
PB-S02,5,29,3,3.4948979591836737
PB-S02,5,30,2,3.4948979591836737
PB-S02,5,31,2,3.4948979591836737
PB-S02,5,32,3,3.4948979591836737
PB-S02,5,33,2,3.4948979591836737
PB-S02,5,34,3,3.4948979591836737
PB-S02,5,35,4,3.4948979591836737
PB-S02,5,36,6,3.4948979591836737
PB-S02,5,37,2,3.4948979591836737
PB-S02,5,38,5,3.4948979591836737
PB-S02,5,39,3,3.4948979591836737
PB-S02,5,40,8,3.4948979591836737
PB-S02,5,41,5,3.4948979591836737
PB-S02,5,42,8,3.4948979591836737
PB-S02,5,43,3,3.4948979591836737
PB-S02,5,44,5,3.4948979591836737
PB-S02,5,45,7,3.4948979591836737
PB-S02,5,46,3,3.4948979591836737
PB-S02,5,47,1,3.4948979591836737
PB-S02,5,48,5,3.4948979591836737
PB-S02,5,49,4,3.4948979591836737
PB-S02,6,7,2,3.4948979591836737
PB-S02,6,8,5,3.4948979591836737
PB-S02,6,9,4,3.4948979591836737
PB-S02,6,10,7,3.4948979591836737
PB-S02,6,11,6,3.4948979591836737
PB-S02,6,12,4,3.4948979591836737
PB-S02,6,13,2,3.4948979591836737
PB-S02,6,14,1,3.4948979591836737
PB-S02,6,15,6,3.4948979591836737
PB-S02,6,16,3,3.4948979591836737
PB-S02,6,17,1,3.4948979591836737
PB-S02,6,18,4,3.4948979591836737
PB-S02,6,19,2,3.4948979591836737
PB-S02,6,20,2,3.4948979591836737
PB-S02,6,21,3,3.4948979591836737
PB-S02,6,22,2,3.4948979591836737
PB-S02,6,23,3,3.4948979591836737
PB-S02,6,24,2,3.4948979591836737
PB-S02,6,25,3,3.4948979591836737
PB-S02,6,26,2,3.4948979591836737
PB-S02,6,27,2,3.4948979591836737
PB-S02,6,28,4,3.4948979591836737
PB-S02,6,29,3,3.4948979591836737
PB-S02,6,30,1,3.4948979591836737
PB-S02,6,31,4,3.4948979591836737
PB-S02,6,32,4,3.4948979591836737
PB-S02,6,33,4,3.4948979591836737
PB-S02,6,34,2,3.4948979591836737
PB-S02,6,35,3,3.4948979591836737
PB-S02,6,36,1,3.4948979591836737
PB-S02,6,37,2,3.4948979591836737
PB-S02,6,38,6,3.4948979591836737
PB-S02,6,39,5,3.4948979591836737
PB-S02,6,40,3,3.4948979591836737
PB-S02,6,41,2,3.4948979591836737
PB-S02,6,42,6,3.4948979591836737
PB-S02,6,43,5,3.4948979591836737
PB-S02,6,44,5,3.4948979591836737
PB-S02,6,45,2,3.4948979591836737
PB-S02,6,46,2,3.4948979591836737
PB-S02,6,47,6,3.4948979591836737
PB-S02,6,48,6,3.4948979591836737
PB-S02,6,49,1,3.4948979591836737
PB-S02,7,8,3,3.4948979591836737
PB-S02,7,9,6,3.4948979591836737
PB-S02,7,10,3,3.4948979591836737
PB-S02,7,11,2,3.4948979591836737
PB-S02,7,12,2,3.4948979591836737
PB-S02,7,13,2,3.4948979591836737
PB-S02,7,14,2,3.4948979591836737
PB-S02,7,15,3,3.4948979591836737
PB-S02,7,16,2,3.4948979591836737
PB-S02,7,17,4,3.4948979591836737
PB-S02,7,18,1,3.4948979591836737
PB-S02,7,19,4,3.4948979591836737
PB-S02,7,20,6,3.4948979591836737
PB-S02,7,21,4,3.4948979591836737
PB-S02,7,22,2,3.4948979591836737
PB-S02,7,23,4,3.4948979591836737
PB-S02,7,24,1,3.4948979591836737
PB-S02,7,25,0,3.4948979591836737
PB-S02,7,26,5,3.4948979591836737
PB-S02,7,27,6,3.4948979591836737
PB-S02,7,28,2,3.4948979591836737
PB-S02,7,29,1,3.4948979591836737
PB-S02,7,30,2,3.4948979591836737
PB-S02,7,31,5,3.4948979591836737
PB-S02,7,32,3,3.4948979591836737
PB-S02,7,33,1,3.4948979591836737
PB-S02,7,34,3,3.4948979591836737
PB-S02,7,35,6,3.4948979591836737
PB-S02,7,36,4,3.4948979591836737
PB-S02,7,37,4,3.4948979591836737
PB-S02,7,38,3,3.4948979591836737
PB-S02,7,39,3,3.4948979591836737
PB-S02,7,40,3,3.4948979591836737
PB-S02,7,41,3,3.4948979591836737
PB-S02,7,42,2,3.4948979591836737
PB-S02,7,43,2,3.4948979591836737
PB-S02,7,44,3,3.4948979591836737
PB-S02,7,45,3,3.4948979591836737
PB-S02,7,46,1,3.4948979591836737
PB-S02,7,47,1,3.4948979591836737
PB-S02,7,48,3,3.4948979591836737
PB-S02,7,49,3,3.4948979591836737
PB-S02,8,9,5,3.4948979591836737
PB-S02,8,10,3,3.4948979591836737
PB-S02,8,11,2,3.4948979591836737
PB-S02,8,12,4,3.4948979591836737
PB-S02,8,13,0,3.4948979591836737
PB-S02,8,14,3,3.4948979591836737
PB-S02,8,15,6,3.4948979591836737
PB-S02,8,16,4,3.4948979591836737
PB-S02,8,17,2,3.4948979591836737
PB-S02,8,18,3,3.4948979591836737
PB-S02,8,19,4,3.4948979591836737
PB-S02,8,20,3,3.4948979591836737
PB-S02,8,21,4,3.4948979591836737
PB-S02,8,22,3,3.4948979591836737
PB-S02,8,23,4,3.4948979591836737
PB-S02,8,24,2,3.4948979591836737
PB-S02,8,25,4,3.4948979591836737
PB-S02,8,26,7,3.4948979591836737
PB-S02,8,27,2,3.4948979591836737
PB-S02,8,28,3,3.4948979591836737
PB-S02,8,29,3,3.4948979591836737
PB-S02,8,30,4,3.4948979591836737
PB-S02,8,31,1,3.4948979591836737
PB-S02,8,32,3,3.4948979591836737
PB-S02,8,33,2,3.4948979591836737
PB-S02,8,34,2,3.4948979591836737
PB-S02,8,35,2,3.4948979591836737
PB-S02,8,36,4,3.4948979591836737
PB-S02,8,37,2,3.4948979591836737
PB-S02,8,38,4,3.4948979591836737
PB-S02,8,39,5,3.4948979591836737
PB-S02,8,40,3,3.4948979591836737
PB-S02,8,41,4,3.4948979591836737
PB-S02,8,42,4,3.4948979591836737
PB-S02,8,43,7,3.4948979591836737
PB-S02,8,44,4,3.4948979591836737
PB-S02,8,45,3,3.4948979591836737
PB-S02,8,46,6,3.4948979591836737
PB-S02,8,47,6,3.4948979591836737
PB-S02,8,48,1,3.4948979591836737
PB-S02,8,49,7,3.4948979591836737
PB-S02,9,10,3,3.4948979591836737
PB-S02,9,11,0,3.4948979591836737
PB-S02,9,12,2,3.4948979591836737
PB-S02,9,13,2,3.4948979591836737
PB-S02,9,14,4,3.4948979591836737
PB-S02,9,15,3,3.4948979591836737
PB-S02,9,16,3,3.4948979591836737
PB-S02,9,17,1,3.4948979591836737
PB-S02,9,18,3,3.4948979591836737
PB-S02,9,19,4,3.4948979591836737
PB-S02,9,20,5,3.4948979591836737
PB-S02,9,21,2,3.4948979591836737
PB-S02,9,22,5,3.4948979591836737
PB-S02,9,23,5,3.4948979591836737
PB-S02,9,24,3,3.4948979591836737
PB-S02,9,25,0,3.4948979591836737
PB-S02,9,26,7,3.4948979591836737
PB-S02,9,27,5,3.4948979591836737
PB-S02,9,28,3,3.4948979591836737
PB-S02,9,29,3,3.4948979591836737
PB-S02,9,30,1,3.4948979591836737
PB-S02,9,31,8,3.4948979591836737
PB-S02,9,32,6,3.4948979591836737
PB-S02,9,33,2,3.4948979591836737
PB-S02,9,34,4,3.4948979591836737
PB-S02,9,35,5,3.4948979591836737
PB-S02,9,36,5,3.4948979591836737
PB-S02,9,37,3,3.4948979591836737
PB-S02,9,38,4,3.4948979591836737
PB-S02,9,39,2,3.4948979591836737
PB-S02,9,40,4,3.4948979591836737
PB-S02,9,41,5,3.4948979591836737
PB-S02,9,42,4,3.4948979591836737
PB-S02,9,43,0,3.4948979591836737
PB-S02,9,44,5,3.4948979591836737
PB-S02,9,45,4,3.4948979591836737
PB-S02,9,46,2,3.4948979591836737
PB-S02,9,47,3,3.4948979591836737
PB-S02,9,48,6,3.4948979591836737
PB-S02,9,49,9,3.4948979591836737
PB-S02,10,11,2,3.4948979591836737
PB-S02,10,12,8,3.4948979591836737
PB-S02,10,13,3,3.4948979591836737
PB-S02,10,14,5,3.4948979591836737
PB-S02,10,15,0,3.4948979591836737
PB-S02,10,16,4,3.4948979591836737
PB-S02,10,17,6,3.4948979591836737
PB-S02,10,18,2,3.4948979591836737
PB-S02,10,19,3,3.4948979591836737
PB-S02,10,20,4,3.4948979591836737
PB-S02,10,21,5,3.4948979591836737
PB-S02,10,22,1,3.4948979591836737
PB-S02,10,23,2,3.4948979591836737
PB-S02,10,24,4,3.4948979591836737
PB-S02,10,25,5,3.4948979591836737
PB-S02,10,26,5,3.4948979591836737
PB-S02,10,27,2,3.4948979591836737
PB-S02,10,28,0,3.4948979591836737
PB-S02,10,29,2,3.4948979591836737
PB-S02,10,30,4,3.4948979591836737
PB-S02,10,31,4,3.4948979591836737
PB-S02,10,32,3,3.4948979591836737
PB-S02,10,33,6,3.4948979591836737
PB-S02,10,34,2,3.4948979591836737
PB-S02,10,35,1,3.4948979591836737
PB-S02,10,36,4,3.4948979591836737
PB-S02,10,37,3,3.4948979591836737
PB-S02,10,38,3,3.4948979591836737
PB-S02,10,39,3,3.4948979591836737
PB-S02,10,40,6,3.4948979591836737
PB-S02,10,41,5,3.4948979591836737
PB-S02,10,42,3,3.4948979591836737
PB-S02,10,43,2,3.4948979591836737
PB-S02,10,44,0,3.4948979591836737
PB-S02,10,45,4,3.4948979591836737
PB-S02,10,46,1,3.4948979591836737
PB-S02,10,47,2,3.4948979591836737
PB-S02,10,48,6,3.4948979591836737
PB-S02,10,49,3,3.4948979591836737
PB-S02,11,12,3,3.4948979591836737
PB-S02,11,13,4,3.4948979591836737
PB-S02,11,14,4,3.4948979591836737
PB-S02,11,15,1,3.4948979591836737
PB-S02,11,16,3,3.4948979591836737
PB-S02,11,17,3,3.4948979591836737
PB-S02,11,18,3,3.4948979591836737
PB-S02,11,19,1,3.4948979591836737
PB-S02,11,20,5,3.4948979591836737
PB-S02,11,21,3,3.4948979591836737
PB-S02,11,22,4,3.4948979591836737
PB-S02,11,23,4,3.4948979591836737
PB-S02,11,24,1,3.4948979591836737
PB-S02,11,25,3,3.4948979591836737
PB-S02,11,26,1,3.4948979591836737
PB-S02,11,27,5,3.4948979591836737
PB-S02,11,28,4,3.4948979591836737
PB-S02,11,29,3,3.4948979591836737
PB-S02,11,30,0,3.4948979591836737
PB-S02,11,31,2,3.4948979591836737
PB-S02,11,32,3,3.4948979591836737
PB-S02,11,33,1,3.4948979591836737
PB-S02,11,34,4,3.4948979591836737
PB-S02,11,35,0,3.4948979591836737
PB-S02,11,36,6,3.4948979591836737
PB-S02,11,37,2,3.4948979591836737
PB-S02,11,38,2,3.4948979591836737
PB-S02,11,39,3,3.4948979591836737
PB-S02,11,40,0,3.4948979591836737
PB-S02,11,41,7,3.4948979591836737
PB-S02,11,42,2,3.4948979591836737
PB-S02,11,43,5,3.4948979591836737
PB-S02,11,44,4,3.4948979591836737
PB-S02,11,45,3,3.4948979591836737
PB-S02,11,46,1,3.4948979591836737
PB-S02,11,47,3,3.4948979591836737
PB-S02,11,48,2,3.4948979591836737
PB-S02,11,49,2,3.4948979591836737
PB-S02,12,13,4,3.4948979591836737
PB-S02,12,14,1,3.4948979591836737
PB-S02,12,15,5,3.4948979591836737
PB-S02,12,16,4,3.4948979591836737
PB-S02,12,17,3,3.4948979591836737
PB-S02,12,18,2,3.4948979591836737
PB-S02,12,19,6,3.4948979591836737
PB-S02,12,20,3,3.4948979591836737
PB-S02,12,21,2,3.4948979591836737
PB-S02,12,22,2,3.4948979591836737
PB-S02,12,23,2,3.4948979591836737
PB-S02,12,24,0,3.4948979591836737
PB-S02,12,25,5,3.4948979591836737
PB-S02,12,26,5,3.4948979591836737
PB-S02,12,27,6,3.4948979591836737
PB-S02,12,28,4,3.4948979591836737
PB-S02,12,29,2,3.4948979591836737
PB-S02,12,30,5,3.4948979591836737
PB-S02,12,31,3,3.4948979591836737
PB-S02,12,32,4,3.4948979591836737
PB-S02,12,33,6,3.4948979591836737
PB-S02,12,34,1,3.4948979591836737
PB-S02,12,35,4,3.4948979591836737
PB-S02,12,36,4,3.4948979591836737
PB-S02,12,37,5,3.4948979591836737
PB-S02,12,38,4,3.4948979591836737
PB-S02,12,39,1,3.4948979591836737
PB-S02,12,40,11,3.4948979591836737
PB-S02,12,41,4,3.4948979591836737
PB-S02,12,42,8,3.4948979591836737
PB-S02,12,43,6,3.4948979591836737
PB-S02,12,44,3,3.4948979591836737
PB-S02,12,45,1,3.4948979591836737
PB-S02,12,46,5,3.4948979591836737
PB-S02,12,47,1,3.4948979591836737
PB-S02,12,48,7,3.4948979591836737
PB-S02,12,49,5,3.4948979591836737
PB-S02,13,14,5,3.4948979591836737
PB-S02,13,15,2,3.4948979591836737
PB-S02,13,16,6,3.4948979591836737
PB-S02,13,17,3,3.4948979591836737
PB-S02,13,18,5,3.4948979591836737
PB-S02,13,19,3,3.4948979591836737
PB-S02,13,20,4,3.4948979591836737
PB-S02,13,21,3,3.4948979591836737
PB-S02,13,22,2,3.4948979591836737
PB-S02,13,23,3,3.4948979591836737
PB-S02,13,24,2,3.4948979591836737
PB-S02,13,25,2,3.4948979591836737
PB-S02,13,26,3,3.4948979591836737
PB-S02,13,27,5,3.4948979591836737
PB-S02,13,28,3,3.4948979591836737
PB-S02,13,29,5,3.4948979591836737
PB-S02,13,30,5,3.4948979591836737
PB-S02,13,31,6,3.4948979591836737
PB-S02,13,32,4,3.4948979591836737
PB-S02,13,33,3,3.4948979591836737
PB-S02,13,34,4,3.4948979591836737
PB-S02,13,35,2,3.4948979591836737
PB-S02,13,36,4,3.4948979591836737
PB-S02,13,37,2,3.4948979591836737
PB-S02,13,38,2,3.4948979591836737
PB-S02,13,39,1,3.4948979591836737
PB-S02,13,40,2,3.4948979591836737
PB-S02,13,41,3,3.4948979591836737
PB-S02,13,42,3,3.4948979591836737
PB-S02,13,43,3,3.4948979591836737
PB-S02,13,44,5,3.4948979591836737
PB-S02,13,45,8,3.4948979591836737
PB-S02,13,46,1,3.4948979591836737
PB-S02,13,47,3,3.4948979591836737
PB-S02,13,48,5,3.4948979591836737
PB-S02,13,49,3,3.4948979591836737
PB-S02,14,15,5,3.4948979591836737
PB-S02,14,16,3,3.4948979591836737
PB-S02,14,17,2,3.4948979591836737
PB-S02,14,18,10,3.4948979591836737
PB-S02,14,19,4,3.4948979591836737
PB-S02,14,20,6,3.4948979591836737
PB-S02,14,21,3,3.4948979591836737
PB-S02,14,22,9,3.4948979591836737
PB-S02,14,23,4,3.4948979591836737
PB-S02,14,24,3,3.4948979591836737
PB-S02,14,25,5,3.4948979591836737
PB-S02,14,26,6,3.4948979591836737
PB-S02,14,27,1,3.4948979591836737
PB-S02,14,28,1,3.4948979591836737
PB-S02,14,29,7,3.4948979591836737
PB-S02,14,30,0,3.4948979591836737
PB-S02,14,31,3,3.4948979591836737
PB-S02,14,32,5,3.4948979591836737
PB-S02,14,33,3,3.4948979591836737
PB-S02,14,34,2,3.4948979591836737
PB-S02,14,35,3,3.4948979591836737
PB-S02,14,36,5,3.4948979591836737
PB-S02,14,37,3,3.4948979591836737
PB-S02,14,38,4,3.4948979591836737
PB-S02,14,39,3,3.4948979591836737
PB-S02,14,40,1,3.4948979591836737
PB-S02,14,41,5,3.4948979591836737
PB-S02,14,42,6,3.4948979591836737
PB-S02,14,43,1,3.4948979591836737
PB-S02,14,44,1,3.4948979591836737
PB-S02,14,45,2,3.4948979591836737
PB-S02,14,46,0,3.4948979591836737
PB-S02,14,47,2,3.4948979591836737
PB-S02,14,48,4,3.4948979591836737
PB-S02,14,49,4,3.4948979591836737
PB-S02,15,16,7,3.4948979591836737
PB-S02,15,17,2,3.4948979591836737
PB-S02,15,18,4,3.4948979591836737
PB-S02,15,19,2,3.4948979591836737
PB-S02,15,20,4,3.4948979591836737
PB-S02,15,21,3,3.4948979591836737
PB-S02,15,22,5,3.4948979591836737
PB-S02,15,23,7,3.4948979591836737
PB-S02,15,24,2,3.4948979591836737
PB-S02,15,25,6,3.4948979591836737
PB-S02,15,26,4,3.4948979591836737
PB-S02,15,27,8,3.4948979591836737
PB-S02,15,28,6,3.4948979591836737
PB-S02,15,29,2,3.4948979591836737
PB-S02,15,30,1,3.4948979591836737
PB-S02,15,31,4,3.4948979591836737
PB-S02,15,32,6,3.4948979591836737
PB-S02,15,33,4,3.4948979591836737
PB-S02,15,34,2,3.4948979591836737
PB-S02,15,35,4,3.4948979591836737
PB-S02,15,36,7,3.4948979591836737
PB-S02,15,37,5,3.4948979591836737
PB-S02,15,38,5,3.4948979591836737
PB-S02,15,39,6,3.4948979591836737
PB-S02,15,40,7,3.4948979591836737
PB-S02,15,41,3,3.4948979591836737
PB-S02,15,42,3,3.4948979591836737
PB-S02,15,43,10,3.4948979591836737
PB-S02,15,44,4,3.4948979591836737
PB-S02,15,45,2,3.4948979591836737
PB-S02,15,46,5,3.4948979591836737
PB-S02,15,47,7,3.4948979591836737
PB-S02,15,48,6,3.4948979591836737
PB-S02,15,49,2,3.4948979591836737
PB-S02,16,17,1,3.4948979591836737
PB-S02,16,18,4,3.4948979591836737
PB-S02,16,19,4,3.4948979591836737
PB-S02,16,20,5,3.4948979591836737
PB-S02,16,21,1,3.4948979591836737
PB-S02,16,22,3,3.4948979591836737
PB-S02,16,23,2,3.4948979591836737
PB-S02,16,24,6,3.4948979591836737
PB-S02,16,25,0,3.4948979591836737
PB-S02,16,26,7,3.4948979591836737
PB-S02,16,27,3,3.4948979591836737
PB-S02,16,28,10,3.4948979591836737
PB-S02,16,29,8,3.4948979591836737
PB-S02,16,30,2,3.4948979591836737
PB-S02,16,31,1,3.4948979591836737
PB-S02,16,32,5,3.4948979591836737
PB-S02,16,33,1,3.4948979591836737
PB-S02,16,34,5,3.4948979591836737
PB-S02,16,35,5,3.4948979591836737
PB-S02,16,36,3,3.4948979591836737
PB-S02,16,37,2,3.4948979591836737
PB-S02,16,38,3,3.4948979591836737
PB-S02,16,39,3,3.4948979591836737
PB-S02,16,40,3,3.4948979591836737
PB-S02,16,41,5,3.4948979591836737
PB-S02,16,42,2,3.4948979591836737
PB-S02,16,43,4,3.4948979591836737
PB-S02,16,44,2,3.4948979591836737
PB-S02,16,45,0,3.4948979591836737
PB-S02,16,46,3,3.4948979591836737
PB-S02,16,47,3,3.4948979591836737
PB-S02,16,48,2,3.4948979591836737
PB-S02,16,49,3,3.4948979591836737
PB-S02,17,18,1,3.4948979591836737
PB-S02,17,19,1,3.4948979591836737
PB-S02,17,20,3,3.4948979591836737
PB-S02,17,21,4,3.4948979591836737
PB-S02,17,22,1,3.4948979591836737
PB-S02,17,23,6,3.4948979591836737
PB-S02,17,24,3,3.4948979591836737
PB-S02,17,25,2,3.4948979591836737
PB-S02,17,26,3,3.4948979591836737
PB-S02,17,27,2,3.4948979591836737
PB-S02,17,28,5,3.4948979591836737
PB-S02,17,29,2,3.4948979591836737
PB-S02,17,30,2,3.4948979591836737
PB-S02,17,31,1,3.4948979591836737
PB-S02,17,32,0,3.4948979591836737
PB-S02,17,33,2,3.4948979591836737
PB-S02,17,34,1,3.4948979591836737
PB-S02,17,35,4,3.4948979591836737
PB-S02,17,36,5,3.4948979591836737
PB-S02,17,37,5,3.4948979591836737
PB-S02,17,38,0,3.4948979591836737
PB-S02,17,39,2,3.4948979591836737
PB-S02,17,40,3,3.4948979591836737
PB-S02,17,41,2,3.4948979591836737
PB-S02,17,42,4,3.4948979591836737
PB-S02,17,43,1,3.4948979591836737
PB-S02,17,44,4,3.4948979591836737
PB-S02,17,45,7,3.4948979591836737
PB-S02,17,46,0,3.4948979591836737
PB-S02,17,47,2,3.4948979591836737
PB-S02,17,48,2,3.4948979591836737
PB-S02,17,49,4,3.4948979591836737
PB-S02,18,19,1,3.4948979591836737
PB-S02,18,20,6,3.4948979591836737
PB-S02,18,21,2,3.4948979591836737
PB-S02,18,22,2,3.4948979591836737
PB-S02,18,23,0,3.4948979591836737
PB-S02,18,24,3,3.4948979591836737
PB-S02,18,25,3,3.4948979591836737
PB-S02,18,26,4,3.4948979591836737
PB-S02,18,27,2,3.4948979591836737
PB-S02,18,28,2,3.4948979591836737
PB-S02,18,29,3,3.4948979591836737
PB-S02,18,30,5,3.4948979591836737
PB-S02,18,31,3,3.4948979591836737
PB-S02,18,32,2,3.4948979591836737
PB-S02,18,33,3,3.4948979591836737
PB-S02,18,34,0,3.4948979591836737
PB-S02,18,35,3,3.4948979591836737
PB-S02,18,36,4,3.4948979591836737
PB-S02,18,37,2,3.4948979591836737
PB-S02,18,38,2,3.4948979591836737
PB-S02,18,39,2,3.4948979591836737
PB-S02,18,40,3,3.4948979591836737
PB-S02,18,41,4,3.4948979591836737
PB-S02,18,42,6,3.4948979591836737
PB-S02,18,43,4,3.4948979591836737
PB-S02,18,44,4,3.4948979591836737
PB-S02,18,45,2,3.4948979591836737
PB-S02,18,46,2,3.4948979591836737
PB-S02,18,47,3,3.4948979591836737
PB-S02,18,48,0,3.4948979591836737
PB-S02,18,49,1,3.4948979591836737
PB-S02,19,20,6,3.4948979591836737
PB-S02,19,21,2,3.4948979591836737
PB-S02,19,22,2,3.4948979591836737
PB-S02,19,23,1,3.4948979591836737
PB-S02,19,24,5,3.4948979591836737
PB-S02,19,25,3,3.4948979591836737
PB-S02,19,26,3,3.4948979591836737
PB-S02,19,27,4,3.4948979591836737
PB-S02,19,28,5,3.4948979591836737
PB-S02,19,29,5,3.4948979591836737
PB-S02,19,30,5,3.4948979591836737
PB-S02,19,31,2,3.4948979591836737
PB-S02,19,32,5,3.4948979591836737
PB-S02,19,33,5,3.4948979591836737
PB-S02,19,34,2,3.4948979591836737
PB-S02,19,35,5,3.4948979591836737
PB-S02,19,36,2,3.4948979591836737
PB-S02,19,37,2,3.4948979591836737
PB-S02,19,38,4,3.4948979591836737
PB-S02,19,39,3,3.4948979591836737
PB-S02,19,40,5,3.4948979591836737
PB-S02,19,41,2,3.4948979591836737
PB-S02,19,42,5,3.4948979591836737
PB-S02,19,43,5,3.4948979591836737
PB-S02,19,44,4,3.4948979591836737
PB-S02,19,45,7,3.4948979591836737
PB-S02,19,46,3,3.4948979591836737
PB-S02,19,47,3,3.4948979591836737
PB-S02,19,48,2,3.4948979591836737
PB-S02,19,49,8,3.4948979591836737
PB-S02,20,21,2,3.4948979591836737
PB-S02,20,22,4,3.4948979591836737
PB-S02,20,23,4,3.4948979591836737
PB-S02,20,24,3,3.4948979591836737
PB-S02,20,25,4,3.4948979591836737
PB-S02,20,26,6,3.4948979591836737
PB-S02,20,27,8,3.4948979591836737
PB-S02,20,28,4,3.4948979591836737
PB-S02,20,29,3,3.4948979591836737
PB-S02,20,30,3,3.4948979591836737
PB-S02,20,31,6,3.4948979591836737
PB-S02,20,32,3,3.4948979591836737
PB-S02,20,33,0,3.4948979591836737
PB-S02,20,34,2,3.4948979591836737
PB-S02,20,35,2,3.4948979591836737
PB-S02,20,36,1,3.4948979591836737
PB-S02,20,37,3,3.4948979591836737
PB-S02,20,38,2,3.4948979591836737
PB-S02,20,39,4,3.4948979591836737
PB-S02,20,40,5,3.4948979591836737
PB-S02,20,41,3,3.4948979591836737
PB-S02,20,42,5,3.4948979591836737
PB-S02,20,43,5,3.4948979591836737
PB-S02,20,44,7,3.4948979591836737
PB-S02,20,45,5,3.4948979591836737
PB-S02,20,46,6,3.4948979591836737
PB-S02,20,47,4,3.4948979591836737
PB-S02,20,48,3,3.4948979591836737
PB-S02,20,49,3,3.4948979591836737
PB-S02,21,22,5,3.4948979591836737
PB-S02,21,23,5,3.4948979591836737
PB-S02,21,24,2,3.4948979591836737
PB-S02,21,25,3,3.4948979591836737
PB-S02,21,26,2,3.4948979591836737
PB-S02,21,27,2,3.4948979591836737
PB-S02,21,28,5,3.4948979591836737
PB-S02,21,29,5,3.4948979591836737
PB-S02,21,30,3,3.4948979591836737
PB-S02,21,31,2,3.4948979591836737
PB-S02,21,32,5,3.4948979591836737
PB-S02,21,33,4,3.4948979591836737
PB-S02,21,34,3,3.4948979591836737
PB-S02,21,35,1,3.4948979591836737
PB-S02,21,36,3,3.4948979591836737
PB-S02,21,37,3,3.4948979591836737
PB-S02,21,38,2,3.4948979591836737
PB-S02,21,39,2,3.4948979591836737
PB-S02,21,40,5,3.4948979591836737
PB-S02,21,41,4,3.4948979591836737
PB-S02,21,42,4,3.4948979591836737
PB-S02,21,43,1,3.4948979591836737
PB-S02,21,44,3,3.4948979591836737
PB-S02,21,45,5,3.4948979591836737
PB-S02,21,46,3,3.4948979591836737
PB-S02,21,47,4,3.4948979591836737
PB-S02,21,48,1,3.4948979591836737
PB-S02,21,49,5,3.4948979591836737
PB-S02,22,23,5,3.4948979591836737
PB-S02,22,24,4,3.4948979591836737
PB-S02,22,25,5,3.4948979591836737
PB-S02,22,26,2,3.4948979591836737
PB-S02,22,27,4,3.4948979591836737
PB-S02,22,28,1,3.4948979591836737
PB-S02,22,29,5,3.4948979591836737
PB-S02,22,30,4,3.4948979591836737
PB-S02,22,31,4,3.4948979591836737
PB-S02,22,32,4,3.4948979591836737
PB-S02,22,33,0,3.4948979591836737
PB-S02,22,34,3,3.4948979591836737
PB-S02,22,35,2,3.4948979591836737
PB-S02,22,36,3,3.4948979591836737
PB-S02,22,37,1,3.4948979591836737
PB-S02,22,38,4,3.4948979591836737
PB-S02,22,39,6,3.4948979591836737
PB-S02,22,40,3,3.4948979591836737
PB-S02,22,41,7,3.4948979591836737
PB-S02,22,42,6,3.4948979591836737
PB-S02,22,43,4,3.4948979591836737
PB-S02,22,44,3,3.4948979591836737
PB-S02,22,45,2,3.4948979591836737
PB-S02,22,46,2,3.4948979591836737
PB-S02,22,47,4,3.4948979591836737
PB-S02,22,48,1,3.4948979591836737
PB-S02,22,49,4,3.4948979591836737
PB-S02,23,24,1,3.4948979591836737
PB-S02,23,25,1,3.4948979591836737
PB-S02,23,26,4,3.4948979591836737
PB-S02,23,27,2,3.4948979591836737
PB-S02,23,28,3,3.4948979591836737
PB-S02,23,29,3,3.4948979591836737
PB-S02,23,30,1,3.4948979591836737
PB-S02,23,31,4,3.4948979591836737
PB-S02,23,32,5,3.4948979591836737
PB-S02,23,33,3,3.4948979591836737
PB-S02,23,34,4,3.4948979591836737
PB-S02,23,35,3,3.4948979591836737
PB-S02,23,36,7,3.4948979591836737
PB-S02,23,37,3,3.4948979591836737
PB-S02,23,38,3,3.4948979591836737
PB-S02,23,39,4,3.4948979591836737
PB-S02,23,40,2,3.4948979591836737
PB-S02,23,41,2,3.4948979591836737
PB-S02,23,42,7,3.4948979591836737
PB-S02,23,43,5,3.4948979591836737
PB-S02,23,44,4,3.4948979591836737
PB-S02,23,45,7,3.4948979591836737
PB-S02,23,46,6,3.4948979591836737
PB-S02,23,47,1,3.4948979591836737
PB-S02,23,48,2,3.4948979591836737
PB-S02,23,49,4,3.4948979591836737
PB-S02,24,25,5,3.4948979591836737
PB-S02,24,26,5,3.4948979591836737
PB-S02,24,27,5,3.4948979591836737
PB-S02,24,28,4,3.4948979591836737
PB-S02,24,29,1,3.4948979591836737
PB-S02,24,30,6,3.4948979591836737
PB-S02,24,31,1,3.4948979591836737
PB-S02,24,32,3,3.4948979591836737
PB-S02,24,33,2,3.4948979591836737
PB-S02,24,34,3,3.4948979591836737
PB-S02,24,35,5,3.4948979591836737
PB-S02,24,36,1,3.4948979591836737
PB-S02,24,37,2,3.4948979591836737
PB-S02,24,38,4,3.4948979591836737
PB-S02,24,39,7,3.4948979591836737
PB-S02,24,40,3,3.4948979591836737
PB-S02,24,41,3,3.4948979591836737
PB-S02,24,42,5,3.4948979591836737
PB-S02,24,43,3,3.4948979591836737
PB-S02,24,44,7,3.4948979591836737
PB-S02,24,45,8,3.4948979591836737
PB-S02,24,46,2,3.4948979591836737
PB-S02,24,47,1,3.4948979591836737
PB-S02,24,48,3,3.4948979591836737
PB-S02,24,49,1,3.4948979591836737
PB-S02,25,26,2,3.4948979591836737
PB-S02,25,27,0,3.4948979591836737
PB-S02,25,28,2,3.4948979591836737
PB-S02,25,29,3,3.4948979591836737
PB-S02,25,30,7,3.4948979591836737
PB-S02,25,31,3,3.4948979591836737
PB-S02,25,32,4,3.4948979591836737
PB-S02,25,33,2,3.4948979591836737
PB-S02,25,34,3,3.4948979591836737
PB-S02,25,35,4,3.4948979591836737
PB-S02,25,36,6,3.4948979591836737
PB-S02,25,37,2,3.4948979591836737
PB-S02,25,38,4,3.4948979591836737
PB-S02,25,39,7,3.4948979591836737
PB-S02,25,40,5,3.4948979591836737
PB-S02,25,41,4,3.4948979591836737
PB-S02,25,42,1,3.4948979591836737
PB-S02,25,43,3,3.4948979591836737
PB-S02,25,44,2,3.4948979591836737
PB-S02,25,45,1,3.4948979591836737
PB-S02,25,46,4,3.4948979591836737
PB-S02,25,47,4,3.4948979591836737
PB-S02,25,48,3,3.4948979591836737
PB-S02,25,49,0,3.4948979591836737
PB-S02,26,27,4,3.4948979591836737
PB-S02,26,28,7,3.4948979591836737
PB-S02,26,29,6,3.4948979591836737
PB-S02,26,30,5,3.4948979591836737
PB-S02,26,31,7,3.4948979591836737
PB-S02,26,32,7,3.4948979591836737
PB-S02,26,33,3,3.4948979591836737
PB-S02,26,34,8,3.4948979591836737
PB-S02,26,35,3,3.4948979591836737
PB-S02,26,36,2,3.4948979591836737
PB-S02,26,37,3,3.4948979591836737
PB-S02,26,38,2,3.4948979591836737
PB-S02,26,39,6,3.4948979591836737
PB-S02,26,40,3,3.4948979591836737
PB-S02,26,41,7,3.4948979591836737
PB-S02,26,42,2,3.4948979591836737
PB-S02,26,43,2,3.4948979591836737
PB-S02,26,44,2,3.4948979591836737
PB-S02,26,45,6,3.4948979591836737
PB-S02,26,46,5,3.4948979591836737
PB-S02,26,47,0,3.4948979591836737
PB-S02,26,48,3,3.4948979591836737
PB-S02,26,49,8,3.4948979591836737
PB-S02,27,28,1,3.4948979591836737
PB-S02,27,29,4,3.4948979591836737
PB-S02,27,30,6,3.4948979591836737
PB-S02,27,31,6,3.4948979591836737
PB-S02,27,32,5,3.4948979591836737
PB-S02,27,33,3,3.4948979591836737
PB-S02,27,34,2,3.4948979591836737
PB-S02,27,35,2,3.4948979591836737
PB-S02,27,36,1,3.4948979591836737
PB-S02,27,37,4,3.4948979591836737
PB-S02,27,38,4,3.4948979591836737
PB-S02,27,39,6,3.4948979591836737
PB-S02,27,40,2,3.4948979591836737
PB-S02,27,41,6,3.4948979591836737
PB-S02,27,42,5,3.4948979591836737
PB-S02,27,43,5,3.4948979591836737
PB-S02,27,44,5,3.4948979591836737
PB-S02,27,45,1,3.4948979591836737
PB-S02,27,46,2,3.4948979591836737
PB-S02,27,47,2,3.4948979591836737
PB-S02,27,48,1,3.4948979591836737
PB-S02,27,49,5,3.4948979591836737
PB-S02,28,29,5,3.4948979591836737
PB-S02,28,30,3,3.4948979591836737
PB-S02,28,31,3,3.4948979591836737
PB-S02,28,32,4,3.4948979591836737
PB-S02,28,33,4,3.4948979591836737
PB-S02,28,34,2,3.4948979591836737
PB-S02,28,35,5,3.4948979591836737
PB-S02,28,36,4,3.4948979591836737
PB-S02,28,37,1,3.4948979591836737
PB-S02,28,38,4,3.4948979591836737
PB-S02,28,39,3,3.4948979591836737
PB-S02,28,40,6,3.4948979591836737
PB-S02,28,41,3,3.4948979591836737
PB-S02,28,42,4,3.4948979591836737
PB-S02,28,43,6,3.4948979591836737
PB-S02,28,44,3,3.4948979591836737
PB-S02,28,45,3,3.4948979591836737
PB-S02,28,46,0,3.4948979591836737
PB-S02,28,47,4,3.4948979591836737
PB-S02,28,48,5,3.4948979591836737
PB-S02,28,49,4,3.4948979591836737
PB-S02,29,30,4,3.4948979591836737
PB-S02,29,31,4,3.4948979591836737
PB-S02,29,32,1,3.4948979591836737
PB-S02,29,33,1,3.4948979591836737
PB-S02,29,34,4,3.4948979591836737
PB-S02,29,35,1,3.4948979591836737
PB-S02,29,36,6,3.4948979591836737
PB-S02,29,37,3,3.4948979591836737
PB-S02,29,38,5,3.4948979591836737
PB-S02,29,39,7,3.4948979591836737
PB-S02,29,40,5,3.4948979591836737
PB-S02,29,41,7,3.4948979591836737
PB-S02,29,42,3,3.4948979591836737
PB-S02,29,43,1,3.4948979591836737
PB-S02,29,44,5,3.4948979591836737
PB-S02,29,45,3,3.4948979591836737
PB-S02,29,46,5,3.4948979591836737
PB-S02,29,47,3,3.4948979591836737
PB-S02,29,48,0,3.4948979591836737
PB-S02,29,49,6,3.4948979591836737
PB-S02,30,31,1,3.4948979591836737
PB-S02,30,32,2,3.4948979591836737
PB-S02,30,33,4,3.4948979591836737
PB-S02,30,34,3,3.4948979591836737
PB-S02,30,35,1,3.4948979591836737
PB-S02,30,36,7,3.4948979591836737
PB-S02,30,37,3,3.4948979591836737
PB-S02,30,38,5,3.4948979591836737
PB-S02,30,39,5,3.4948979591836737
PB-S02,30,40,1,3.4948979591836737
PB-S02,30,41,2,3.4948979591836737
PB-S02,30,42,3,3.4948979591836737
PB-S02,30,43,4,3.4948979591836737
PB-S02,30,44,4,3.4948979591836737
PB-S02,30,45,3,3.4948979591836737
PB-S02,30,46,6,3.4948979591836737
PB-S02,30,47,2,3.4948979591836737
PB-S02,30,48,3,3.4948979591836737
PB-S02,30,49,5,3.4948979591836737
PB-S02,31,32,3,3.4948979591836737
PB-S02,31,33,2,3.4948979591836737
PB-S02,31,34,2,3.4948979591836737
PB-S02,31,35,2,3.4948979591836737
PB-S02,31,36,2,3.4948979591836737
PB-S02,31,37,5,3.4948979591836737
PB-S02,31,38,1,3.4948979591836737
PB-S02,31,39,5,3.4948979591836737
PB-S02,31,40,3,3.4948979591836737
PB-S02,31,41,7,3.4948979591836737
PB-S02,31,42,2,3.4948979591836737
PB-S02,31,43,3,3.4948979591836737
PB-S02,31,44,1,3.4948979591836737
PB-S02,31,45,1,3.4948979591836737
PB-S02,31,46,2,3.4948979591836737
PB-S02,31,47,4,3.4948979591836737
PB-S02,31,48,3,3.4948979591836737
PB-S02,31,49,4,3.4948979591836737
PB-S02,32,33,5,3.4948979591836737
PB-S02,32,34,5,3.4948979591836737
PB-S02,32,35,3,3.4948979591836737
PB-S02,32,36,4,3.4948979591836737
PB-S02,32,37,5,3.4948979591836737
PB-S02,32,38,3,3.4948979591836737
PB-S02,32,39,5,3.4948979591836737
PB-S02,32,40,3,3.4948979591836737
PB-S02,32,41,10,3.4948979591836737
PB-S02,32,42,6,3.4948979591836737
PB-S02,32,43,1,3.4948979591836737
PB-S02,32,44,5,3.4948979591836737
PB-S02,32,45,6,3.4948979591836737
PB-S02,32,46,3,3.4948979591836737
PB-S02,32,47,7,3.4948979591836737
PB-S02,32,48,3,3.4948979591836737
PB-S02,32,49,3,3.4948979591836737
PB-S02,33,34,5,3.4948979591836737
PB-S02,33,35,5,3.4948979591836737
PB-S02,33,36,2,3.4948979591836737
PB-S02,33,37,4,3.4948979591836737
PB-S02,33,38,3,3.4948979591836737
PB-S02,33,39,5,3.4948979591836737
PB-S02,33,40,3,3.4948979591836737
PB-S02,33,41,4,3.4948979591836737
PB-S02,33,42,6,3.4948979591836737
PB-S02,33,43,3,3.4948979591836737
PB-S02,33,44,1,3.4948979591836737
PB-S02,33,45,5,3.4948979591836737
PB-S02,33,46,2,3.4948979591836737
PB-S02,33,47,5,3.4948979591836737
PB-S02,33,48,3,3.4948979591836737
PB-S02,33,49,2,3.4948979591836737
PB-S02,34,35,4,3.4948979591836737
PB-S02,34,36,2,3.4948979591836737
PB-S02,34,37,3,3.4948979591836737
PB-S02,34,38,2,3.4948979591836737
PB-S02,34,39,8,3.4948979591836737
PB-S02,34,40,2,3.4948979591836737
PB-S02,34,41,6,3.4948979591836737
PB-S02,34,42,7,3.4948979591836737
PB-S02,34,43,0,3.4948979591836737
PB-S02,34,44,2,3.4948979591836737
PB-S02,34,45,2,3.4948979591836737
PB-S02,34,46,4,3.4948979591836737
PB-S02,34,47,5,3.4948979591836737
PB-S02,34,48,3,3.4948979591836737
PB-S02,34,49,5,3.4948979591836737
PB-S02,35,36,4,3.4948979591836737
PB-S02,35,37,5,3.4948979591836737
PB-S02,35,38,5,3.4948979591836737
PB-S02,35,39,1,3.4948979591836737
PB-S02,35,40,3,3.4948979591836737
PB-S02,35,41,5,3.4948979591836737
PB-S02,35,42,5,3.4948979591836737
PB-S02,35,43,1,3.4948979591836737
PB-S02,35,44,6,3.4948979591836737
PB-S02,35,45,3,3.4948979591836737
PB-S02,35,46,2,3.4948979591836737
PB-S02,35,47,6,3.4948979591836737
PB-S02,35,48,4,3.4948979591836737
PB-S02,35,49,2,3.4948979591836737
PB-S02,36,37,4,3.4948979591836737
PB-S02,36,38,3,3.4948979591836737
PB-S02,36,39,2,3.4948979591836737
PB-S02,36,40,2,3.4948979591836737
PB-S02,36,41,2,3.4948979591836737
PB-S02,36,42,2,3.4948979591836737
PB-S02,36,43,3,3.4948979591836737
PB-S02,36,44,1,3.4948979591836737
PB-S02,36,45,4,3.4948979591836737
PB-S02,36,46,1,3.4948979591836737
PB-S02,36,47,0,3.4948979591836737
PB-S02,36,48,6,3.4948979591836737
PB-S02,36,49,2,3.4948979591836737
PB-S02,37,38,1,3.4948979591836737
PB-S02,37,39,5,3.4948979591836737
PB-S02,37,40,5,3.4948979591836737
PB-S02,37,41,6,3.4948979591836737
PB-S02,37,42,5,3.4948979591836737
PB-S02,37,43,3,3.4948979591836737
PB-S02,37,44,5,3.4948979591836737
PB-S02,37,45,2,3.4948979591836737
PB-S02,37,46,0,3.4948979591836737
PB-S02,37,47,2,3.4948979591836737
PB-S02,37,48,2,3.4948979591836737
PB-S02,37,49,7,3.4948979591836737
PB-S02,38,39,3,3.4948979591836737
PB-S02,38,40,2,3.4948979591836737
PB-S02,38,41,4,3.4948979591836737
PB-S02,38,42,4,3.4948979591836737
PB-S02,38,43,2,3.4948979591836737
PB-S02,38,44,4,3.4948979591836737
PB-S02,38,45,0,3.4948979591836737
PB-S02,38,46,6,3.4948979591836737
PB-S02,38,47,5,3.4948979591836737
PB-S02,38,48,1,3.4948979591836737
PB-S02,38,49,2,3.4948979591836737
PB-S02,39,40,0,3.4948979591836737
PB-S02,39,41,7,3.4948979591836737
PB-S02,39,42,4,3.4948979591836737
PB-S02,39,43,5,3.4948979591836737
PB-S02,39,44,2,3.4948979591836737
PB-S02,39,45,5,3.4948979591836737
PB-S02,39,46,4,3.4948979591836737
PB-S02,39,47,2,3.4948979591836737
PB-S02,39,48,1,3.4948979591836737
PB-S02,39,49,3,3.4948979591836737
PB-S02,40,41,1,3.4948979591836737
PB-S02,40,42,2,3.4948979591836737
PB-S02,40,43,6,3.4948979591836737
PB-S02,40,44,5,3.4948979591836737
PB-S02,40,45,3,3.4948979591836737
PB-S02,40,46,2,3.4948979591836737
PB-S02,40,47,5,3.4948979591836737
PB-S02,40,48,6,3.4948979591836737
PB-S02,40,49,5,3.4948979591836737
PB-S02,41,42,2,3.4948979591836737
PB-S02,41,43,0,3.4948979591836737
PB-S02,41,44,5,3.4948979591836737
PB-S02,41,45,4,3.4948979591836737
PB-S02,41,46,5,3.4948979591836737
PB-S02,41,47,1,3.4948979591836737
PB-S02,41,48,1,3.4948979591836737
PB-S02,41,49,2,3.4948979591836737
PB-S02,42,43,4,3.4948979591836737
PB-S02,42,44,6,3.4948979591836737
PB-S02,42,45,5,3.4948979591836737
PB-S02,42,46,2,3.4948979591836737
PB-S02,42,47,4,3.4948979591836737
PB-S02,42,48,2,3.4948979591836737
PB-S02,42,49,5,3.4948979591836737
PB-S02,43,44,3,3.4948979591836737
PB-S02,43,45,4,3.4948979591836737
PB-S02,43,46,7,3.4948979591836737
PB-S02,43,47,3,3.4948979591836737
PB-S02,43,48,4,3.4948979591836737
PB-S02,43,49,2,3.4948979591836737
PB-S02,44,45,6,3.4948979591836737
PB-S02,44,46,1,3.4948979591836737
PB-S02,44,47,7,3.4948979591836737
PB-S02,44,48,2,3.4948979591836737
PB-S02,44,49,2,3.4948979591836737
PB-S02,45,46,4,3.4948979591836737
PB-S02,45,47,2,3.4948979591836737
PB-S02,45,48,5,3.4948979591836737
PB-S02,45,49,5,3.4948979591836737
PB-S02,46,47,5,3.4948979591836737
PB-S02,46,48,1,3.4948979591836737
PB-S02,46,49,2,3.4948979591836737
PB-S02,47,48,2,3.4948979591836737
PB-S02,47,49,2,3.4948979591836737
PB-S02,48,49,1,3.4948979591836737
PB-S03,1,2,1,1.748911465892598
PB-S03,1,3,2,1.748911465892598
PB-S03,1,4,1,1.748911465892598
PB-S03,1,5,2,1.748911465892598
PB-S03,1,6,5,1.748911465892598
PB-S03,1,7,2,1.748911465892598
PB-S03,1,8,2,1.748911465892598
PB-S03,1,9,0,1.748911465892598
PB-S03,1,10,4,1.748911465892598
PB-S03,1,11,3,1.748911465892598
PB-S03,1,12,0,1.748911465892598
PB-S03,1,13,0,1.748911465892598
PB-S03,1,14,0,1.748911465892598
PB-S03,1,15,0,1.748911465892598
PB-S03,1,16,2,1.748911465892598
PB-S03,1,17,2,1.748911465892598
PB-S03,1,18,0,1.748911465892598
PB-S03,1,19,1,1.748911465892598
PB-S03,1,20,4,1.748911465892598
PB-S03,1,21,2,1.748911465892598
PB-S03,1,22,1,1.748911465892598
PB-S03,1,23,0,1.748911465892598
PB-S03,1,24,0,1.748911465892598
PB-S03,1,25,3,1.748911465892598
PB-S03,1,26,2,1.748911465892598
PB-S03,1,27,1,1.748911465892598
PB-S03,1,28,1,1.748911465892598
PB-S03,1,29,3,1.748911465892598
PB-S03,1,30,3,1.748911465892598
PB-S03,1,31,2,1.748911465892598
PB-S03,1,32,2,1.748911465892598
PB-S03,1,33,1,1.748911465892598
PB-S03,1,34,2,1.748911465892598
PB-S03,1,35,1,1.748911465892598
PB-S03,1,36,1,1.748911465892598
PB-S03,1,37,6,1.748911465892598
PB-S03,1,38,4,1.748911465892598
PB-S03,1,39,4,1.748911465892598
PB-S03,1,40,2,1.748911465892598
PB-S03,1,41,2,1.748911465892598
PB-S03,1,42,2,1.748911465892598
PB-S03,1,43,2,1.748911465892598
PB-S03,1,44,1,1.748911465892598
PB-S03,1,45,2,1.748911465892598
PB-S03,1,46,3,1.748911465892598
PB-S03,1,47,2,1.748911465892598
PB-S03,1,48,1,1.748911465892598
PB-S03,1,49,1,1.748911465892598
PB-S03,1,50,4,1.748911465892598
PB-S03,1,51,1,1.748911465892598
PB-S03,1,52,0,1.748911465892598
PB-S03,1,53,3,1.748911465892598
PB-S03,2,3,1,1.748911465892598
PB-S03,2,4,1,1.748911465892598
PB-S03,2,5,2,1.748911465892598
PB-S03,2,6,2,1.748911465892598
PB-S03,2,7,3,1.748911465892598
PB-S03,2,8,0,1.748911465892598
PB-S03,2,9,5,1.748911465892598
PB-S03,2,10,2,1.748911465892598
PB-S03,2,11,2,1.748911465892598
PB-S03,2,12,0,1.748911465892598
PB-S03,2,13,5,1.748911465892598
PB-S03,2,14,5,1.748911465892598
PB-S03,2,15,2,1.748911465892598
PB-S03,2,16,2,1.748911465892598
PB-S03,2,17,2,1.748911465892598
PB-S03,2,18,1,1.748911465892598
PB-S03,2,19,2,1.748911465892598
PB-S03,2,20,2,1.748911465892598
PB-S03,2,21,2,1.748911465892598
PB-S03,2,22,1,1.748911465892598
PB-S03,2,23,1,1.748911465892598
PB-S03,2,24,5,1.748911465892598
PB-S03,2,25,1,1.748911465892598
PB-S03,2,26,1,1.748911465892598
PB-S03,2,27,3,1.748911465892598
PB-S03,2,28,2,1.748911465892598
PB-S03,2,29,3,1.748911465892598
PB-S03,2,30,3,1.748911465892598
PB-S03,2,31,4,1.748911465892598
PB-S03,2,32,2,1.748911465892598
PB-S03,2,33,2,1.748911465892598
PB-S03,2,34,2,1.748911465892598
PB-S03,2,35,3,1.748911465892598
PB-S03,2,36,3,1.748911465892598
PB-S03,2,37,3,1.748911465892598
PB-S03,2,38,1,1.748911465892598
PB-S03,2,39,1,1.748911465892598
PB-S03,2,40,0,1.748911465892598
PB-S03,2,41,0,1.748911465892598
PB-S03,2,42,0,1.748911465892598
PB-S03,2,43,1,1.748911465892598
PB-S03,2,44,3,1.748911465892598
PB-S03,2,45,1,1.748911465892598
PB-S03,2,46,0,1.748911465892598
PB-S03,2,47,2,1.748911465892598
PB-S03,2,48,3,1.748911465892598
PB-S03,2,49,0,1.748911465892598
PB-S03,2,50,3,1.748911465892598
PB-S03,2,51,0,1.748911465892598
PB-S03,2,52,3,1.748911465892598
PB-S03,2,53,1,1.748911465892598
PB-S03,3,4,0,1.748911465892598
PB-S03,3,5,0,1.748911465892598
PB-S03,3,6,1,1.748911465892598
PB-S03,3,7,0,1.748911465892598
PB-S03,3,8,1,1.748911465892598
PB-S03,3,9,1,1.748911465892598
PB-S03,3,10,2,1.748911465892598
PB-S03,3,11,0,1.748911465892598
PB-S03,3,12,1,1.748911465892598
PB-S03,3,13,1,1.748911465892598
PB-S03,3,14,0,1.748911465892598
PB-S03,3,15,0,1.748911465892598
PB-S03,3,16,2,1.748911465892598
PB-S03,3,17,3,1.748911465892598
PB-S03,3,18,0,1.748911465892598
PB-S03,3,19,1,1.748911465892598
PB-S03,3,20,0,1.748911465892598
PB-S03,3,21,0,1.748911465892598
PB-S03,3,22,0,1.748911465892598
PB-S03,3,23,0,1.748911465892598
PB-S03,3,24,0,1.748911465892598
PB-S03,3,25,1,1.748911465892598
PB-S03,3,26,0,1.748911465892598
PB-S03,3,27,4,1.748911465892598
PB-S03,3,28,2,1.748911465892598
PB-S03,3,29,2,1.748911465892598
PB-S03,3,30,2,1.748911465892598
PB-S03,3,31,2,1.748911465892598
PB-S03,3,32,1,1.748911465892598
PB-S03,3,33,1,1.748911465892598
PB-S03,3,34,0,1.748911465892598
PB-S03,3,35,1,1.748911465892598
PB-S03,3,36,1,1.748911465892598
PB-S03,3,37,3,1.748911465892598
PB-S03,3,38,3,1.748911465892598
PB-S03,3,39,1,1.748911465892598
PB-S03,3,40,1,1.748911465892598
PB-S03,3,41,2,1.748911465892598
PB-S03,3,42,1,1.748911465892598
PB-S03,3,43,1,1.748911465892598
PB-S03,3,44,1,1.748911465892598
PB-S03,3,45,0,1.748911465892598
PB-S03,3,46,1,1.748911465892598
PB-S03,3,47,3,1.748911465892598
PB-S03,3,48,2,1.748911465892598
PB-S03,3,49,1,1.748911465892598
PB-S03,3,50,0,1.748911465892598
PB-S03,3,51,0,1.748911465892598
PB-S03,3,52,1,1.748911465892598
PB-S03,3,53,2,1.748911465892598
PB-S03,4,5,3,1.748911465892598
PB-S03,4,6,0,1.748911465892598
PB-S03,4,7,2,1.748911465892598
PB-S03,4,8,0,1.748911465892598
PB-S03,4,9,0,1.748911465892598
PB-S03,4,10,2,1.748911465892598
PB-S03,4,11,2,1.748911465892598
PB-S03,4,12,0,1.748911465892598
PB-S03,4,13,0,1.748911465892598
PB-S03,4,14,1,1.748911465892598
PB-S03,4,15,0,1.748911465892598
PB-S03,4,16,1,1.748911465892598
PB-S03,4,17,4,1.748911465892598
PB-S03,4,18,3,1.748911465892598
PB-S03,4,19,3,1.748911465892598
PB-S03,4,20,1,1.748911465892598
PB-S03,4,21,2,1.748911465892598
PB-S03,4,22,1,1.748911465892598
PB-S03,4,23,0,1.748911465892598
PB-S03,4,24,1,1.748911465892598
PB-S03,4,25,2,1.748911465892598
PB-S03,4,26,1,1.748911465892598
PB-S03,4,27,0,1.748911465892598
PB-S03,4,28,1,1.748911465892598
PB-S03,4,29,3,1.748911465892598
PB-S03,4,30,3,1.748911465892598
PB-S03,4,31,0,1.748911465892598
PB-S03,4,32,1,1.748911465892598
PB-S03,4,33,1,1.748911465892598
PB-S03,4,34,3,1.748911465892598
PB-S03,4,35,1,1.748911465892598
PB-S03,4,36,1,1.748911465892598
PB-S03,4,37,3,1.748911465892598
PB-S03,4,38,0,1.748911465892598
PB-S03,4,39,2,1.748911465892598
PB-S03,4,40,2,1.748911465892598
PB-S03,4,41,4,1.748911465892598
PB-S03,4,42,4,1.748911465892598
PB-S03,4,43,1,1.748911465892598
PB-S03,4,44,3,1.748911465892598
PB-S03,4,45,1,1.748911465892598
PB-S03,4,46,0,1.748911465892598
PB-S03,4,47,1,1.748911465892598
PB-S03,4,48,2,1.748911465892598
PB-S03,4,49,0,1.748911465892598
PB-S03,4,50,5,1.748911465892598
PB-S03,4,51,1,1.748911465892598
PB-S03,4,52,2,1.748911465892598
PB-S03,4,53,0,1.748911465892598
PB-S03,5,6,4,1.748911465892598
PB-S03,5,7,2,1.748911465892598
PB-S03,5,8,1,1.748911465892598
PB-S03,5,9,2,1.748911465892598
PB-S03,5,10,2,1.748911465892598
PB-S03,5,11,3,1.748911465892598
PB-S03,5,12,1,1.748911465892598
PB-S03,5,13,2,1.748911465892598
PB-S03,5,14,2,1.748911465892598
PB-S03,5,15,0,1.748911465892598
PB-S03,5,16,2,1.748911465892598
PB-S03,5,17,4,1.748911465892598
PB-S03,5,18,2,1.748911465892598
PB-S03,5,19,2,1.748911465892598
PB-S03,5,20,2,1.748911465892598
PB-S03,5,21,2,1.748911465892598
PB-S03,5,22,4,1.748911465892598
PB-S03,5,23,1,1.748911465892598
PB-S03,5,24,2,1.748911465892598
PB-S03,5,25,2,1.748911465892598
PB-S03,5,26,4,1.748911465892598
PB-S03,5,27,0,1.748911465892598
PB-S03,5,28,2,1.748911465892598
PB-S03,5,29,4,1.748911465892598
PB-S03,5,30,0,1.748911465892598
PB-S03,5,31,1,1.748911465892598
PB-S03,5,32,1,1.748911465892598
PB-S03,5,33,2,1.748911465892598
PB-S03,5,34,2,1.748911465892598
PB-S03,5,35,2,1.748911465892598
PB-S03,5,36,2,1.748911465892598
PB-S03,5,37,2,1.748911465892598
PB-S03,5,38,2,1.748911465892598
PB-S03,5,39,2,1.748911465892598
PB-S03,5,40,0,1.748911465892598
PB-S03,5,41,2,1.748911465892598
PB-S03,5,42,4,1.748911465892598
PB-S03,5,43,2,1.748911465892598
PB-S03,5,44,2,1.748911465892598
PB-S03,5,45,2,1.748911465892598
PB-S03,5,46,1,1.748911465892598
PB-S03,5,47,3,1.748911465892598
PB-S03,5,48,2,1.748911465892598
PB-S03,5,49,2,1.748911465892598
PB-S03,5,50,5,1.748911465892598
PB-S03,5,51,1,1.748911465892598
PB-S03,5,52,4,1.748911465892598
PB-S03,5,53,3,1.748911465892598
PB-S03,6,7,4,1.748911465892598
PB-S03,6,8,1,1.748911465892598
PB-S03,6,9,4,1.748911465892598
PB-S03,6,10,3,1.748911465892598
PB-S03,6,11,2,1.748911465892598
PB-S03,6,12,2,1.748911465892598
PB-S03,6,13,0,1.748911465892598
PB-S03,6,14,2,1.748911465892598
PB-S03,6,15,1,1.748911465892598
PB-S03,6,16,5,1.748911465892598
PB-S03,6,17,3,1.748911465892598
PB-S03,6,18,1,1.748911465892598
PB-S03,6,19,4,1.748911465892598
PB-S03,6,20,5,1.748911465892598
PB-S03,6,21,0,1.748911465892598
PB-S03,6,22,3,1.748911465892598
PB-S03,6,23,0,1.748911465892598
PB-S03,6,24,1,1.748911465892598
PB-S03,6,25,2,1.748911465892598
PB-S03,6,26,4,1.748911465892598
PB-S03,6,27,3,1.748911465892598
PB-S03,6,28,3,1.748911465892598
PB-S03,6,29,2,1.748911465892598
PB-S03,6,30,2,1.748911465892598
PB-S03,6,31,1,1.748911465892598
PB-S03,6,32,2,1.748911465892598
PB-S03,6,33,2,1.748911465892598
PB-S03,6,34,3,1.748911465892598
PB-S03,6,35,2,1.748911465892598
PB-S03,6,36,0,1.748911465892598
PB-S03,6,37,2,1.748911465892598
PB-S03,6,38,5,1.748911465892598
PB-S03,6,39,3,1.748911465892598
PB-S03,6,40,2,1.748911465892598
PB-S03,6,41,4,1.748911465892598
PB-S03,6,42,0,1.748911465892598
PB-S03,6,43,2,1.748911465892598
PB-S03,6,44,3,1.748911465892598
PB-S03,6,45,2,1.748911465892598
PB-S03,6,46,0,1.748911465892598
PB-S03,6,47,1,1.748911465892598
PB-S03,6,48,2,1.748911465892598
PB-S03,6,49,0,1.748911465892598
PB-S03,6,50,2,1.748911465892598
PB-S03,6,51,2,1.748911465892598
PB-S03,6,52,4,1.748911465892598
PB-S03,6,53,3,1.748911465892598
PB-S03,7,8,1,1.748911465892598
PB-S03,7,9,2,1.748911465892598
PB-S03,7,10,1,1.748911465892598
PB-S03,7,11,2,1.748911465892598
PB-S03,7,12,2,1.748911465892598
PB-S03,7,13,1,1.748911465892598
PB-S03,7,14,3,1.748911465892598
PB-S03,7,15,1,1.748911465892598
PB-S03,7,16,2,1.748911465892598
PB-S03,7,17,2,1.748911465892598
PB-S03,7,18,2,1.748911465892598
PB-S03,7,19,2,1.748911465892598
PB-S03,7,20,2,1.748911465892598
PB-S03,7,21,0,1.748911465892598
PB-S03,7,22,1,1.748911465892598
PB-S03,7,23,1,1.748911465892598
PB-S03,7,24,2,1.748911465892598
PB-S03,7,25,2,1.748911465892598
PB-S03,7,26,1,1.748911465892598
PB-S03,7,27,1,1.748911465892598
PB-S03,7,28,2,1.748911465892598
PB-S03,7,29,0,1.748911465892598
PB-S03,7,30,1,1.748911465892598
PB-S03,7,31,1,1.748911465892598
PB-S03,7,32,3,1.748911465892598
PB-S03,7,33,1,1.748911465892598
PB-S03,7,34,0,1.748911465892598
PB-S03,7,35,2,1.748911465892598
PB-S03,7,36,1,1.748911465892598
PB-S03,7,37,2,1.748911465892598
PB-S03,7,38,0,1.748911465892598
PB-S03,7,39,0,1.748911465892598
PB-S03,7,40,0,1.748911465892598
PB-S03,7,41,3,1.748911465892598
PB-S03,7,42,1,1.748911465892598
PB-S03,7,43,2,1.748911465892598
PB-S03,7,44,2,1.748911465892598
PB-S03,7,45,0,1.748911465892598
PB-S03,7,46,1,1.748911465892598
PB-S03,7,47,1,1.748911465892598
PB-S03,7,48,1,1.748911465892598
PB-S03,7,49,3,1.748911465892598
PB-S03,7,50,0,1.748911465892598
PB-S03,7,51,0,1.748911465892598
PB-S03,7,52,0,1.748911465892598
PB-S03,7,53,1,1.748911465892598
PB-S03,8,9,2,1.748911465892598
PB-S03,8,10,0,1.748911465892598
PB-S03,8,11,2,1.748911465892598
PB-S03,8,12,1,1.748911465892598
PB-S03,8,13,2,1.748911465892598
PB-S03,8,14,0,1.748911465892598
PB-S03,8,15,1,1.748911465892598
PB-S03,8,16,1,1.748911465892598
PB-S03,8,17,3,1.748911465892598
PB-S03,8,18,0,1.748911465892598
PB-S03,8,19,1,1.748911465892598
PB-S03,8,20,1,1.748911465892598
PB-S03,8,21,0,1.748911465892598
PB-S03,8,22,3,1.748911465892598
PB-S03,8,23,0,1.748911465892598
PB-S03,8,24,3,1.748911465892598
PB-S03,8,25,1,1.748911465892598
PB-S03,8,26,0,1.748911465892598
PB-S03,8,27,0,1.748911465892598
PB-S03,8,28,1,1.748911465892598
PB-S03,8,29,1,1.748911465892598
PB-S03,8,30,1,1.748911465892598
PB-S03,8,31,1,1.748911465892598
PB-S03,8,32,3,1.748911465892598
PB-S03,8,33,0,1.748911465892598
PB-S03,8,34,4,1.748911465892598
PB-S03,8,35,2,1.748911465892598
PB-S03,8,36,0,1.748911465892598
PB-S03,8,37,1,1.748911465892598
PB-S03,8,38,1,1.748911465892598
PB-S03,8,39,1,1.748911465892598
PB-S03,8,40,0,1.748911465892598
PB-S03,8,41,0,1.748911465892598
PB-S03,8,42,2,1.748911465892598
PB-S03,8,43,0,1.748911465892598
PB-S03,8,44,2,1.748911465892598
PB-S03,8,45,1,1.748911465892598
PB-S03,8,46,1,1.748911465892598
PB-S03,8,47,1,1.748911465892598
PB-S03,8,48,5,1.748911465892598
PB-S03,8,49,0,1.748911465892598
PB-S03,8,50,1,1.748911465892598
PB-S03,8,51,1,1.748911465892598
PB-S03,8,52,2,1.748911465892598
PB-S03,8,53,1,1.748911465892598
PB-S03,9,10,3,1.748911465892598
PB-S03,9,11,2,1.748911465892598
PB-S03,9,12,3,1.748911465892598
PB-S03,9,13,0,1.748911465892598
PB-S03,9,14,1,1.748911465892598
PB-S03,9,15,0,1.748911465892598
PB-S03,9,16,5,1.748911465892598
PB-S03,9,17,6,1.748911465892598
PB-S03,9,18,1,1.748911465892598
PB-S03,9,19,3,1.748911465892598
PB-S03,9,20,2,1.748911465892598
PB-S03,9,21,1,1.748911465892598
PB-S03,9,22,2,1.748911465892598
PB-S03,9,23,1,1.748911465892598
PB-S03,9,24,3,1.748911465892598
PB-S03,9,25,2,1.748911465892598
PB-S03,9,26,0,1.748911465892598
PB-S03,9,27,0,1.748911465892598
PB-S03,9,28,0,1.748911465892598
PB-S03,9,29,2,1.748911465892598
PB-S03,9,30,4,1.748911465892598
PB-S03,9,31,0,1.748911465892598
PB-S03,9,32,5,1.748911465892598
PB-S03,9,33,1,1.748911465892598
PB-S03,9,34,2,1.748911465892598
PB-S03,9,35,1,1.748911465892598
PB-S03,9,36,3,1.748911465892598
PB-S03,9,37,2,1.748911465892598
PB-S03,9,38,1,1.748911465892598
PB-S03,9,39,2,1.748911465892598
PB-S03,9,40,1,1.748911465892598
PB-S03,9,41,5,1.748911465892598
PB-S03,9,42,1,1.748911465892598
PB-S03,9,43,3,1.748911465892598
PB-S03,9,44,1,1.748911465892598
PB-S03,9,45,4,1.748911465892598
PB-S03,9,46,2,1.748911465892598
PB-S03,9,47,2,1.748911465892598
PB-S03,9,48,7,1.748911465892598
PB-S03,9,49,4,1.748911465892598
PB-S03,9,50,1,1.748911465892598
PB-S03,9,51,2,1.748911465892598
PB-S03,9,52,1,1.748911465892598
PB-S03,9,53,0,1.748911465892598
PB-S03,10,11,1,1.748911465892598
PB-S03,10,12,2,1.748911465892598
PB-S03,10,13,0,1.748911465892598
PB-S03,10,14,0,1.748911465892598
PB-S03,10,15,1,1.748911465892598
PB-S03,10,16,0,1.748911465892598
PB-S03,10,17,0,1.748911465892598
PB-S03,10,18,2,1.748911465892598
PB-S03,10,19,1,1.748911465892598
PB-S03,10,20,2,1.748911465892598
PB-S03,10,21,0,1.748911465892598
PB-S03,10,22,1,1.748911465892598
PB-S03,10,23,1,1.748911465892598
PB-S03,10,24,1,1.748911465892598
PB-S03,10,25,1,1.748911465892598
PB-S03,10,26,1,1.748911465892598
PB-S03,10,27,2,1.748911465892598
PB-S03,10,28,2,1.748911465892598
PB-S03,10,29,1,1.748911465892598
PB-S03,10,30,4,1.748911465892598
PB-S03,10,31,3,1.748911465892598
PB-S03,10,32,2,1.748911465892598
PB-S03,10,33,1,1.748911465892598
PB-S03,10,34,3,1.748911465892598
PB-S03,10,35,3,1.748911465892598
PB-S03,10,36,0,1.748911465892598
PB-S03,10,37,2,1.748911465892598
PB-S03,10,38,2,1.748911465892598
PB-S03,10,39,1,1.748911465892598
PB-S03,10,40,2,1.748911465892598
PB-S03,10,41,1,1.748911465892598
PB-S03,10,42,2,1.748911465892598
PB-S03,10,43,4,1.748911465892598
PB-S03,10,44,0,1.748911465892598
PB-S03,10,45,0,1.748911465892598
PB-S03,10,46,2,1.748911465892598
PB-S03,10,47,2,1.748911465892598
PB-S03,10,48,3,1.748911465892598
PB-S03,10,49,3,1.748911465892598
PB-S03,10,50,1,1.748911465892598
PB-S03,10,51,2,1.748911465892598
PB-S03,10,52,2,1.748911465892598
PB-S03,10,53,1,1.748911465892598
PB-S03,11,12,1,1.748911465892598
PB-S03,11,13,2,1.748911465892598
PB-S03,11,14,2,1.748911465892598
PB-S03,11,15,0,1.748911465892598
PB-S03,11,16,2,1.748911465892598
PB-S03,11,17,7,1.748911465892598
PB-S03,11,18,1,1.748911465892598
PB-S03,11,19,2,1.748911465892598
PB-S03,11,20,1,1.748911465892598
PB-S03,11,21,2,1.748911465892598
PB-S03,11,22,4,1.748911465892598
PB-S03,11,23,2,1.748911465892598
PB-S03,11,24,3,1.748911465892598
PB-S03,11,25,1,1.748911465892598
PB-S03,11,26,3,1.748911465892598
PB-S03,11,27,1,1.748911465892598
PB-S03,11,28,1,1.748911465892598
PB-S03,11,29,0,1.748911465892598
PB-S03,11,30,0,1.748911465892598
PB-S03,11,31,5,1.748911465892598
PB-S03,11,32,2,1.748911465892598
PB-S03,11,33,2,1.748911465892598
PB-S03,11,34,2,1.748911465892598
PB-S03,11,35,2,1.748911465892598
PB-S03,11,36,1,1.748911465892598
PB-S03,11,37,3,1.748911465892598
PB-S03,11,38,1,1.748911465892598
PB-S03,11,39,2,1.748911465892598
PB-S03,11,40,4,1.748911465892598
PB-S03,11,41,2,1.748911465892598
PB-S03,11,42,2,1.748911465892598
PB-S03,11,43,3,1.748911465892598
PB-S03,11,44,3,1.748911465892598
PB-S03,11,45,4,1.748911465892598
PB-S03,11,46,1,1.748911465892598
PB-S03,11,47,1,1.748911465892598
PB-S03,11,48,4,1.748911465892598
PB-S03,11,49,0,1.748911465892598
PB-S03,11,50,1,1.748911465892598
PB-S03,11,51,3,1.748911465892598
PB-S03,11,52,0,1.748911465892598
PB-S03,11,53,2,1.748911465892598
PB-S03,12,13,0,1.748911465892598
PB-S03,12,14,2,1.748911465892598
PB-S03,12,15,1,1.748911465892598
PB-S03,12,16,2,1.748911465892598
PB-S03,12,17,4,1.748911465892598
PB-S03,12,18,0,1.748911465892598
PB-S03,12,19,2,1.748911465892598
PB-S03,12,20,2,1.748911465892598
PB-S03,12,21,0,1.748911465892598
PB-S03,12,22,1,1.748911465892598
PB-S03,12,23,0,1.748911465892598
PB-S03,12,24,1,1.748911465892598
PB-S03,12,25,2,1.748911465892598
PB-S03,12,26,2,1.748911465892598
PB-S03,12,27,2,1.748911465892598
PB-S03,12,28,0,1.748911465892598
PB-S03,12,29,2,1.748911465892598
PB-S03,12,30,3,1.748911465892598
PB-S03,12,31,0,1.748911465892598
PB-S03,12,32,1,1.748911465892598
PB-S03,12,33,3,1.748911465892598
PB-S03,12,34,0,1.748911465892598
PB-S03,12,35,1,1.748911465892598
PB-S03,12,36,0,1.748911465892598
PB-S03,12,37,0,1.748911465892598
PB-S03,12,38,0,1.748911465892598
PB-S03,12,39,2,1.748911465892598
PB-S03,12,40,2,1.748911465892598
PB-S03,12,41,1,1.748911465892598
PB-S03,12,42,1,1.748911465892598
PB-S03,12,43,1,1.748911465892598
PB-S03,12,44,2,1.748911465892598
PB-S03,12,45,2,1.748911465892598
PB-S03,12,46,1,1.748911465892598
PB-S03,12,47,3,1.748911465892598
PB-S03,12,48,1,1.748911465892598
PB-S03,12,49,2,1.748911465892598
PB-S03,12,50,3,1.748911465892598
PB-S03,12,51,1,1.748911465892598
PB-S03,12,52,1,1.748911465892598
PB-S03,12,53,1,1.748911465892598
PB-S03,13,14,0,1.748911465892598
PB-S03,13,15,2,1.748911465892598
PB-S03,13,16,0,1.748911465892598
PB-S03,13,17,4,1.748911465892598
PB-S03,13,18,2,1.748911465892598
PB-S03,13,19,1,1.748911465892598
PB-S03,13,20,3,1.748911465892598
PB-S03,13,21,2,1.748911465892598
PB-S03,13,22,2,1.748911465892598
PB-S03,13,23,1,1.748911465892598
PB-S03,13,24,0,1.748911465892598
PB-S03,13,25,1,1.748911465892598
PB-S03,13,26,1,1.748911465892598
PB-S03,13,27,1,1.748911465892598
PB-S03,13,28,1,1.748911465892598
PB-S03,13,29,3,1.748911465892598
PB-S03,13,30,0,1.748911465892598
PB-S03,13,31,1,1.748911465892598
PB-S03,13,32,2,1.748911465892598
PB-S03,13,33,2,1.748911465892598
PB-S03,13,34,2,1.748911465892598
PB-S03,13,35,5,1.748911465892598
PB-S03,13,36,1,1.748911465892598
PB-S03,13,37,1,1.748911465892598
PB-S03,13,38,0,1.748911465892598
PB-S03,13,39,1,1.748911465892598
PB-S03,13,40,1,1.748911465892598
PB-S03,13,41,1,1.748911465892598
PB-S03,13,42,2,1.748911465892598
PB-S03,13,43,0,1.748911465892598
PB-S03,13,44,2,1.748911465892598
PB-S03,13,45,2,1.748911465892598
PB-S03,13,46,1,1.748911465892598
PB-S03,13,47,0,1.748911465892598
PB-S03,13,48,2,1.748911465892598
PB-S03,13,49,0,1.748911465892598
PB-S03,13,50,3,1.748911465892598
PB-S03,13,51,1,1.748911465892598
PB-S03,13,52,1,1.748911465892598
PB-S03,13,53,0,1.748911465892598
PB-S03,14,15,2,1.748911465892598
PB-S03,14,16,1,1.748911465892598
PB-S03,14,17,1,1.748911465892598
PB-S03,14,18,2,1.748911465892598
PB-S03,14,19,0,1.748911465892598
PB-S03,14,20,0,1.748911465892598
PB-S03,14,21,4,1.748911465892598
PB-S03,14,22,2,1.748911465892598
PB-S03,14,23,2,1.748911465892598
PB-S03,14,24,2,1.748911465892598
PB-S03,14,25,0,1.748911465892598
PB-S03,14,26,2,1.748911465892598
PB-S03,14,27,3,1.748911465892598
PB-S03,14,28,0,1.748911465892598
PB-S03,14,29,4,1.748911465892598
PB-S03,14,30,2,1.748911465892598
PB-S03,14,31,6,1.748911465892598
PB-S03,14,32,1,1.748911465892598
PB-S03,14,33,3,1.748911465892598
PB-S03,14,34,2,1.748911465892598
PB-S03,14,35,1,1.748911465892598
PB-S03,14,36,2,1.748911465892598
PB-S03,14,37,2,1.748911465892598
PB-S03,14,38,0,1.748911465892598
PB-S03,14,39,3,1.748911465892598
PB-S03,14,40,2,1.748911465892598
PB-S03,14,41,2,1.748911465892598
PB-S03,14,42,0,1.748911465892598
PB-S03,14,43,2,1.748911465892598
PB-S03,14,44,4,1.748911465892598
PB-S03,14,45,4,1.748911465892598
PB-S03,14,46,2,1.748911465892598
PB-S03,14,47,2,1.748911465892598
PB-S03,14,48,2,1.748911465892598
PB-S03,14,49,1,1.748911465892598
PB-S03,14,50,1,1.748911465892598
PB-S03,14,51,2,1.748911465892598
PB-S03,14,52,1,1.748911465892598
PB-S03,14,53,2,1.748911465892598
PB-S03,15,16,1,1.748911465892598
PB-S03,15,17,1,1.748911465892598
PB-S03,15,18,2,1.748911465892598
PB-S03,15,19,3,1.748911465892598
PB-S03,15,20,3,1.748911465892598
PB-S03,15,21,2,1.748911465892598
PB-S03,15,22,1,1.748911465892598
PB-S03,15,23,1,1.748911465892598
PB-S03,15,24,2,1.748911465892598
PB-S03,15,25,2,1.748911465892598
PB-S03,15,26,2,1.748911465892598
PB-S03,15,27,1,1.748911465892598
PB-S03,15,28,0,1.748911465892598
PB-S03,15,29,0,1.748911465892598
PB-S03,15,30,1,1.748911465892598
PB-S03,15,31,4,1.748911465892598
PB-S03,15,32,1,1.748911465892598
PB-S03,15,33,0,1.748911465892598
PB-S03,15,34,3,1.748911465892598
PB-S03,15,35,1,1.748911465892598
PB-S03,15,36,2,1.748911465892598
PB-S03,15,37,2,1.748911465892598
PB-S03,15,38,1,1.748911465892598
PB-S03,15,39,1,1.748911465892598
PB-S03,15,40,0,1.748911465892598
PB-S03,15,41,2,1.748911465892598
PB-S03,15,42,1,1.748911465892598
PB-S03,15,43,3,1.748911465892598
PB-S03,15,44,1,1.748911465892598
PB-S03,15,45,0,1.748911465892598
PB-S03,15,46,2,1.748911465892598
PB-S03,15,47,0,1.748911465892598
PB-S03,15,48,1,1.748911465892598
PB-S03,15,49,3,1.748911465892598
PB-S03,15,50,3,1.748911465892598
PB-S03,15,51,2,1.748911465892598
PB-S03,15,52,1,1.748911465892598
PB-S03,15,53,1,1.748911465892598
PB-S03,16,17,5,1.748911465892598
PB-S03,16,18,1,1.748911465892598
PB-S03,16,19,4,1.748911465892598
PB-S03,16,20,1,1.748911465892598
PB-S03,16,21,3,1.748911465892598
PB-S03,16,22,2,1.748911465892598
PB-S03,16,23,2,1.748911465892598
PB-S03,16,24,1,1.748911465892598
PB-S03,16,25,1,1.748911465892598
PB-S03,16,26,5,1.748911465892598
PB-S03,16,27,1,1.748911465892598
PB-S03,16,28,3,1.748911465892598
PB-S03,16,29,1,1.748911465892598
PB-S03,16,30,2,1.748911465892598
PB-S03,16,31,0,1.748911465892598
PB-S03,16,32,3,1.748911465892598
PB-S03,16,33,1,1.748911465892598
PB-S03,16,34,4,1.748911465892598
PB-S03,16,35,3,1.748911465892598
PB-S03,16,36,2,1.748911465892598
PB-S03,16,37,5,1.748911465892598
PB-S03,16,38,1,1.748911465892598
PB-S03,16,39,5,1.748911465892598
PB-S03,16,40,1,1.748911465892598
PB-S03,16,41,3,1.748911465892598
PB-S03,16,42,1,1.748911465892598
PB-S03,16,43,2,1.748911465892598
PB-S03,16,44,4,1.748911465892598
PB-S03,16,45,1,1.748911465892598
PB-S03,16,46,2,1.748911465892598
PB-S03,16,47,3,1.748911465892598
PB-S03,16,48,2,1.748911465892598
PB-S03,16,49,1,1.748911465892598
PB-S03,16,50,2,1.748911465892598
PB-S03,16,51,2,1.748911465892598
PB-S03,16,52,2,1.748911465892598
PB-S03,16,53,2,1.748911465892598
PB-S03,17,18,0,1.748911465892598
PB-S03,17,19,4,1.748911465892598
PB-S03,17,20,1,1.748911465892598
PB-S03,17,21,0,1.748911465892598
PB-S03,17,22,0,1.748911465892598
PB-S03,17,23,2,1.748911465892598
PB-S03,17,24,2,1.748911465892598
PB-S03,17,25,4,1.748911465892598
PB-S03,17,26,5,1.748911465892598
PB-S03,17,27,3,1.748911465892598
PB-S03,17,28,3,1.748911465892598
PB-S03,17,29,2,1.748911465892598
PB-S03,17,30,3,1.748911465892598
PB-S03,17,31,0,1.748911465892598
PB-S03,17,32,5,1.748911465892598
PB-S03,17,33,2,1.748911465892598
PB-S03,17,34,4,1.748911465892598
PB-S03,17,35,3,1.748911465892598
PB-S03,17,36,1,1.748911465892598
PB-S03,17,37,3,1.748911465892598
PB-S03,17,38,1,1.748911465892598
PB-S03,17,39,1,1.748911465892598
PB-S03,17,40,4,1.748911465892598
PB-S03,17,41,4,1.748911465892598
PB-S03,17,42,3,1.748911465892598
PB-S03,17,43,2,1.748911465892598
PB-S03,17,44,6,1.748911465892598
PB-S03,17,45,6,1.748911465892598
PB-S03,17,46,4,1.748911465892598
PB-S03,17,47,5,1.748911465892598
PB-S03,17,48,4,1.748911465892598
PB-S03,17,49,2,1.748911465892598
PB-S03,17,50,3,1.748911465892598
PB-S03,17,51,2,1.748911465892598
PB-S03,17,52,2,1.748911465892598
PB-S03,17,53,1,1.748911465892598
PB-S03,18,19,1,1.748911465892598
PB-S03,18,20,3,1.748911465892598
PB-S03,18,21,1,1.748911465892598
PB-S03,18,22,2,1.748911465892598
PB-S03,18,23,2,1.748911465892598
PB-S03,18,24,0,1.748911465892598
PB-S03,18,25,3,1.748911465892598
PB-S03,18,26,3,1.748911465892598
PB-S03,18,27,1,1.748911465892598
PB-S03,18,28,2,1.748911465892598
PB-S03,18,29,0,1.748911465892598
PB-S03,18,30,3,1.748911465892598
PB-S03,18,31,3,1.748911465892598
PB-S03,18,32,1,1.748911465892598
PB-S03,18,33,2,1.748911465892598
PB-S03,18,34,3,1.748911465892598
PB-S03,18,35,2,1.748911465892598
PB-S03,18,36,0,1.748911465892598
PB-S03,18,37,0,1.748911465892598
PB-S03,18,38,2,1.748911465892598
PB-S03,18,39,2,1.748911465892598
PB-S03,18,40,3,1.748911465892598
PB-S03,18,41,2,1.748911465892598
PB-S03,18,42,3,1.748911465892598
PB-S03,18,43,4,1.748911465892598
PB-S03,18,44,1,1.748911465892598
PB-S03,18,45,0,1.748911465892598
PB-S03,18,46,1,1.748911465892598
PB-S03,18,47,1,1.748911465892598
PB-S03,18,48,2,1.748911465892598
PB-S03,18,49,3,1.748911465892598
PB-S03,18,50,2,1.748911465892598
PB-S03,18,51,1,1.748911465892598
PB-S03,18,52,0,1.748911465892598
PB-S03,18,53,1,1.748911465892598
PB-S03,19,20,3,1.748911465892598
PB-S03,19,21,6,1.748911465892598
PB-S03,19,22,2,1.748911465892598
PB-S03,19,23,1,1.748911465892598
PB-S03,19,24,2,1.748911465892598
PB-S03,19,25,1,1.748911465892598
PB-S03,19,26,2,1.748911465892598
PB-S03,19,27,2,1.748911465892598
PB-S03,19,28,2,1.748911465892598
PB-S03,19,29,1,1.748911465892598
PB-S03,19,30,0,1.748911465892598
PB-S03,19,31,1,1.748911465892598
PB-S03,19,32,2,1.748911465892598
PB-S03,19,33,0,1.748911465892598
PB-S03,19,34,3,1.748911465892598
PB-S03,19,35,0,1.748911465892598
PB-S03,19,36,1,1.748911465892598
PB-S03,19,37,2,1.748911465892598
PB-S03,19,38,1,1.748911465892598
PB-S03,19,39,1,1.748911465892598
PB-S03,19,40,3,1.748911465892598
PB-S03,19,41,1,1.748911465892598
PB-S03,19,42,0,1.748911465892598
PB-S03,19,43,1,1.748911465892598
PB-S03,19,44,3,1.748911465892598
PB-S03,19,45,1,1.748911465892598
PB-S03,19,46,1,1.748911465892598
PB-S03,19,47,5,1.748911465892598
PB-S03,19,48,0,1.748911465892598
PB-S03,19,49,3,1.748911465892598
PB-S03,19,50,4,1.748911465892598
PB-S03,19,51,2,1.748911465892598
PB-S03,19,52,0,1.748911465892598
PB-S03,19,53,2,1.748911465892598
PB-S03,20,21,4,1.748911465892598
PB-S03,20,22,5,1.748911465892598
PB-S03,20,23,2,1.748911465892598
PB-S03,20,24,2,1.748911465892598
PB-S03,20,25,3,1.748911465892598
PB-S03,20,26,0,1.748911465892598
PB-S03,20,27,2,1.748911465892598
PB-S03,20,28,2,1.748911465892598
PB-S03,20,29,0,1.748911465892598
PB-S03,20,30,3,1.748911465892598
PB-S03,20,31,0,1.748911465892598
PB-S03,20,32,1,1.748911465892598
PB-S03,20,33,1,1.748911465892598
PB-S03,20,34,1,1.748911465892598
PB-S03,20,35,1,1.748911465892598
PB-S03,20,36,2,1.748911465892598
PB-S03,20,37,1,1.748911465892598
PB-S03,20,38,2,1.748911465892598
PB-S03,20,39,3,1.748911465892598
PB-S03,20,40,4,1.748911465892598
PB-S03,20,41,3,1.748911465892598
PB-S03,20,42,3,1.748911465892598
PB-S03,20,43,4,1.748911465892598
PB-S03,20,44,0,1.748911465892598
PB-S03,20,45,4,1.748911465892598
PB-S03,20,46,1,1.748911465892598
PB-S03,20,47,2,1.748911465892598
PB-S03,20,48,4,1.748911465892598
PB-S03,20,49,1,1.748911465892598
PB-S03,20,50,1,1.748911465892598
PB-S03,20,51,0,1.748911465892598
PB-S03,20,52,3,1.748911465892598
PB-S03,20,53,1,1.748911465892598
PB-S03,21,22,1,1.748911465892598
PB-S03,21,23,2,1.748911465892598
PB-S03,21,24,1,1.748911465892598
PB-S03,21,25,1,1.748911465892598
PB-S03,21,26,2,1.748911465892598
PB-S03,21,27,1,1.748911465892598
PB-S03,21,28,0,1.748911465892598
PB-S03,21,29,3,1.748911465892598
PB-S03,21,30,0,1.748911465892598
PB-S03,21,31,1,1.748911465892598
PB-S03,21,32,2,1.748911465892598
PB-S03,21,33,0,1.748911465892598
PB-S03,21,34,0,1.748911465892598
PB-S03,21,35,1,1.748911465892598
PB-S03,21,36,0,1.748911465892598
PB-S03,21,37,2,1.748911465892598
PB-S03,21,38,1,1.748911465892598
PB-S03,21,39,2,1.748911465892598
PB-S03,21,40,2,1.748911465892598
PB-S03,21,41,1,1.748911465892598
PB-S03,21,42,0,1.748911465892598
PB-S03,21,43,2,1.748911465892598
PB-S03,21,44,1,1.748911465892598
PB-S03,21,45,5,1.748911465892598
PB-S03,21,46,1,1.748911465892598
PB-S03,21,47,1,1.748911465892598
PB-S03,21,48,0,1.748911465892598
PB-S03,21,49,2,1.748911465892598
PB-S03,21,50,2,1.748911465892598
PB-S03,21,51,2,1.748911465892598
PB-S03,21,52,0,1.748911465892598
PB-S03,21,53,0,1.748911465892598
PB-S03,22,23,1,1.748911465892598
PB-S03,22,24,1,1.748911465892598
PB-S03,22,25,1,1.748911465892598
PB-S03,22,26,5,1.748911465892598
PB-S03,22,27,0,1.748911465892598
PB-S03,22,28,0,1.748911465892598
PB-S03,22,29,1,1.748911465892598
PB-S03,22,30,1,1.748911465892598
PB-S03,22,31,1,1.748911465892598
PB-S03,22,32,1,1.748911465892598
PB-S03,22,33,3,1.748911465892598
PB-S03,22,34,3,1.748911465892598
PB-S03,22,35,3,1.748911465892598
PB-S03,22,36,2,1.748911465892598
PB-S03,22,37,1,1.748911465892598
PB-S03,22,38,2,1.748911465892598
PB-S03,22,39,1,1.748911465892598
PB-S03,22,40,1,1.748911465892598
PB-S03,22,41,2,1.748911465892598
PB-S03,22,42,2,1.748911465892598
PB-S03,22,43,1,1.748911465892598
PB-S03,22,44,4,1.748911465892598
PB-S03,22,45,0,1.748911465892598
PB-S03,22,46,2,1.748911465892598
PB-S03,22,47,1,1.748911465892598
PB-S03,22,48,2,1.748911465892598
PB-S03,22,49,2,1.748911465892598
PB-S03,22,50,0,1.748911465892598
PB-S03,22,51,1,1.748911465892598
PB-S03,22,52,2,1.748911465892598
PB-S03,22,53,2,1.748911465892598
PB-S03,23,24,0,1.748911465892598
PB-S03,23,25,1,1.748911465892598
PB-S03,23,26,4,1.748911465892598
PB-S03,23,27,2,1.748911465892598
PB-S03,23,28,0,1.748911465892598
PB-S03,23,29,0,1.748911465892598
PB-S03,23,30,0,1.748911465892598
PB-S03,23,31,3,1.748911465892598
PB-S03,23,32,1,1.748911465892598
PB-S03,23,33,1,1.748911465892598
PB-S03,23,34,2,1.748911465892598
PB-S03,23,35,0,1.748911465892598
PB-S03,23,36,1,1.748911465892598
PB-S03,23,37,0,1.748911465892598
PB-S03,23,38,2,1.748911465892598
PB-S03,23,39,0,1.748911465892598
PB-S03,23,40,1,1.748911465892598
PB-S03,23,41,1,1.748911465892598
PB-S03,23,42,0,1.748911465892598
PB-S03,23,43,0,1.748911465892598
PB-S03,23,44,2,1.748911465892598
PB-S03,23,45,1,1.748911465892598
PB-S03,23,46,2,1.748911465892598
PB-S03,23,47,1,1.748911465892598
PB-S03,23,48,0,1.748911465892598
PB-S03,23,49,2,1.748911465892598
PB-S03,23,50,3,1.748911465892598
PB-S03,23,51,1,1.748911465892598
PB-S03,23,52,1,1.748911465892598
PB-S03,23,53,1,1.748911465892598
PB-S03,24,25,3,1.748911465892598
PB-S03,24,26,2,1.748911465892598
PB-S03,24,27,1,1.748911465892598
PB-S03,24,28,1,1.748911465892598
PB-S03,24,29,1,1.748911465892598
PB-S03,24,30,0,1.748911465892598
PB-S03,24,31,3,1.748911465892598
PB-S03,24,32,1,1.748911465892598
PB-S03,24,33,1,1.748911465892598
PB-S03,24,34,1,1.748911465892598
PB-S03,24,35,1,1.748911465892598
PB-S03,24,36,2,1.748911465892598
PB-S03,24,37,3,1.748911465892598
PB-S03,24,38,2,1.748911465892598
PB-S03,24,39,0,1.748911465892598
PB-S03,24,40,1,1.748911465892598
PB-S03,24,41,1,1.748911465892598
PB-S03,24,42,2,1.748911465892598
PB-S03,24,43,3,1.748911465892598
PB-S03,24,44,6,1.748911465892598
PB-S03,24,45,3,1.748911465892598
PB-S03,24,46,1,1.748911465892598
PB-S03,24,47,0,1.748911465892598
PB-S03,24,48,1,1.748911465892598
PB-S03,24,49,2,1.748911465892598
PB-S03,24,50,3,1.748911465892598
PB-S03,24,51,0,1.748911465892598
PB-S03,24,52,3,1.748911465892598
PB-S03,24,53,1,1.748911465892598
PB-S03,25,26,4,1.748911465892598
PB-S03,25,27,1,1.748911465892598
PB-S03,25,28,1,1.748911465892598
PB-S03,25,29,1,1.748911465892598
PB-S03,25,30,2,1.748911465892598
PB-S03,25,31,1,1.748911465892598
PB-S03,25,32,2,1.748911465892598
PB-S03,25,33,1,1.748911465892598
PB-S03,25,34,3,1.748911465892598
PB-S03,25,35,2,1.748911465892598
PB-S03,25,36,3,1.748911465892598
PB-S03,25,37,1,1.748911465892598
PB-S03,25,38,0,1.748911465892598
PB-S03,25,39,1,1.748911465892598
PB-S03,25,40,3,1.748911465892598
PB-S03,25,41,3,1.748911465892598
PB-S03,25,42,1,1.748911465892598
PB-S03,25,43,1,1.748911465892598
PB-S03,25,44,2,1.748911465892598
PB-S03,25,45,1,1.748911465892598
PB-S03,25,46,3,1.748911465892598
PB-S03,25,47,0,1.748911465892598
PB-S03,25,48,2,1.748911465892598
PB-S03,25,49,2,1.748911465892598
PB-S03,25,50,1,1.748911465892598
PB-S03,25,51,0,1.748911465892598
PB-S03,25,52,2,1.748911465892598
PB-S03,25,53,3,1.748911465892598
PB-S03,26,27,2,1.748911465892598
PB-S03,26,28,0,1.748911465892598
PB-S03,26,29,2,1.748911465892598
PB-S03,26,30,1,1.748911465892598
PB-S03,26,31,4,1.748911465892598
PB-S03,26,32,1,1.748911465892598
PB-S03,26,33,1,1.748911465892598
PB-S03,26,34,1,1.748911465892598
PB-S03,26,35,2,1.748911465892598
PB-S03,26,36,1,1.748911465892598
PB-S03,26,37,3,1.748911465892598
PB-S03,26,38,1,1.748911465892598
PB-S03,26,39,2,1.748911465892598
PB-S03,26,40,4,1.748911465892598
PB-S03,26,41,1,1.748911465892598
PB-S03,26,42,4,1.748911465892598
PB-S03,26,43,3,1.748911465892598
PB-S03,26,44,5,1.748911465892598
PB-S03,26,45,1,1.748911465892598
PB-S03,26,46,5,1.748911465892598
PB-S03,26,47,2,1.748911465892598
PB-S03,26,48,4,1.748911465892598
PB-S03,26,49,3,1.748911465892598
PB-S03,26,50,2,1.748911465892598
PB-S03,26,51,3,1.748911465892598
PB-S03,26,52,3,1.748911465892598
PB-S03,26,53,3,1.748911465892598
PB-S03,27,28,4,1.748911465892598
PB-S03,27,29,0,1.748911465892598
PB-S03,27,30,3,1.748911465892598
PB-S03,27,31,2,1.748911465892598
PB-S03,27,32,1,1.748911465892598
PB-S03,27,33,1,1.748911465892598
PB-S03,27,34,2,1.748911465892598
PB-S03,27,35,1,1.748911465892598
PB-S03,27,36,2,1.748911465892598
PB-S03,27,37,1,1.748911465892598
PB-S03,27,38,2,1.748911465892598
PB-S03,27,39,3,1.748911465892598
PB-S03,27,40,3,1.748911465892598
PB-S03,27,41,2,1.748911465892598
PB-S03,27,42,1,1.748911465892598
PB-S03,27,43,1,1.748911465892598
PB-S03,27,44,2,1.748911465892598
PB-S03,27,45,0,1.748911465892598
PB-S03,27,46,1,1.748911465892598
PB-S03,27,47,0,1.748911465892598
PB-S03,27,48,2,1.748911465892598
PB-S03,27,49,2,1.748911465892598
PB-S03,27,50,2,1.748911465892598
PB-S03,27,51,0,1.748911465892598
PB-S03,27,52,2,1.748911465892598
PB-S03,27,53,2,1.748911465892598
PB-S03,28,29,0,1.748911465892598
PB-S03,28,30,2,1.748911465892598
PB-S03,28,31,2,1.748911465892598
PB-S03,28,32,1,1.748911465892598
PB-S03,28,33,3,1.748911465892598
PB-S03,28,34,0,1.748911465892598
PB-S03,28,35,5,1.748911465892598
PB-S03,28,36,2,1.748911465892598
PB-S03,28,37,2,1.748911465892598
PB-S03,28,38,2,1.748911465892598
PB-S03,28,39,0,1.748911465892598
PB-S03,28,40,2,1.748911465892598
PB-S03,28,41,1,1.748911465892598
PB-S03,28,42,0,1.748911465892598
PB-S03,28,43,1,1.748911465892598
PB-S03,28,44,2,1.748911465892598
PB-S03,28,45,0,1.748911465892598
PB-S03,28,46,0,1.748911465892598
PB-S03,28,47,2,1.748911465892598
PB-S03,28,48,0,1.748911465892598
PB-S03,28,49,1,1.748911465892598
PB-S03,28,50,2,1.748911465892598
PB-S03,28,51,1,1.748911465892598
PB-S03,28,52,4,1.748911465892598
PB-S03,28,53,1,1.748911465892598
PB-S03,29,30,3,1.748911465892598
PB-S03,29,31,2,1.748911465892598
PB-S03,29,32,2,1.748911465892598
PB-S03,29,33,3,1.748911465892598
PB-S03,29,34,2,1.748911465892598
PB-S03,29,35,1,1.748911465892598
PB-S03,29,36,0,1.748911465892598
PB-S03,29,37,0,1.748911465892598
PB-S03,29,38,2,1.748911465892598
PB-S03,29,39,2,1.748911465892598
PB-S03,29,40,0,1.748911465892598
PB-S03,29,41,1,1.748911465892598
PB-S03,29,42,2,1.748911465892598
PB-S03,29,43,1,1.748911465892598
PB-S03,29,44,3,1.748911465892598
PB-S03,29,45,6,1.748911465892598
PB-S03,29,46,0,1.748911465892598
PB-S03,29,47,2,1.748911465892598
PB-S03,29,48,3,1.748911465892598
PB-S03,29,49,1,1.748911465892598
PB-S03,29,50,1,1.748911465892598
PB-S03,29,51,1,1.748911465892598
PB-S03,29,52,2,1.748911465892598
PB-S03,29,53,2,1.748911465892598
PB-S03,30,31,1,1.748911465892598
PB-S03,30,32,4,1.748911465892598
PB-S03,30,33,1,1.748911465892598
PB-S03,30,34,4,1.748911465892598
PB-S03,30,35,2,1.748911465892598
PB-S03,30,36,1,1.748911465892598
PB-S03,30,37,2,1.748911465892598
PB-S03,30,38,1,1.748911465892598
PB-S03,30,39,2,1.748911465892598
PB-S03,30,40,3,1.748911465892598
PB-S03,30,41,4,1.748911465892598
PB-S03,30,42,1,1.748911465892598
PB-S03,30,43,1,1.748911465892598
PB-S03,30,44,1,1.748911465892598
PB-S03,30,45,3,1.748911465892598
PB-S03,30,46,1,1.748911465892598
PB-S03,30,47,2,1.748911465892598
PB-S03,30,48,4,1.748911465892598
PB-S03,30,49,1,1.748911465892598
PB-S03,30,50,1,1.748911465892598
PB-S03,30,51,0,1.748911465892598
PB-S03,30,52,2,1.748911465892598
PB-S03,30,53,2,1.748911465892598
PB-S03,31,32,0,1.748911465892598
PB-S03,31,33,4,1.748911465892598
PB-S03,31,34,4,1.748911465892598
PB-S03,31,35,6,1.748911465892598
PB-S03,31,36,3,1.748911465892598
PB-S03,31,37,3,1.748911465892598
PB-S03,31,38,3,1.748911465892598
PB-S03,31,39,2,1.748911465892598
PB-S03,31,40,2,1.748911465892598
PB-S03,31,41,1,1.748911465892598
PB-S03,31,42,4,1.748911465892598
PB-S03,31,43,0,1.748911465892598
PB-S03,31,44,3,1.748911465892598
PB-S03,31,45,4,1.748911465892598
PB-S03,31,46,4,1.748911465892598
PB-S03,31,47,3,1.748911465892598
PB-S03,31,48,2,1.748911465892598
PB-S03,31,49,2,1.748911465892598
PB-S03,31,50,3,1.748911465892598
PB-S03,31,51,3,1.748911465892598
PB-S03,31,52,1,1.748911465892598
PB-S03,31,53,0,1.748911465892598
PB-S03,32,33,4,1.748911465892598
PB-S03,32,34,5,1.748911465892598
PB-S03,32,35,4,1.748911465892598
PB-S03,32,36,0,1.748911465892598
PB-S03,32,37,1,1.748911465892598
PB-S03,32,38,0,1.748911465892598
PB-S03,32,39,2,1.748911465892598
PB-S03,32,40,1,1.748911465892598
PB-S03,32,41,2,1.748911465892598
PB-S03,32,42,0,1.748911465892598
PB-S03,32,43,3,1.748911465892598
PB-S03,32,44,0,1.748911465892598
PB-S03,32,45,3,1.748911465892598
PB-S03,32,46,0,1.748911465892598
PB-S03,32,47,2,1.748911465892598
PB-S03,32,48,3,1.748911465892598
PB-S03,32,49,1,1.748911465892598
PB-S03,32,50,1,1.748911465892598
PB-S03,32,51,1,1.748911465892598
PB-S03,32,52,1,1.748911465892598
PB-S03,32,53,1,1.748911465892598
PB-S03,33,34,4,1.748911465892598
PB-S03,33,35,4,1.748911465892598
PB-S03,33,36,0,1.748911465892598
PB-S03,33,37,2,1.748911465892598
PB-S03,33,38,2,1.748911465892598
PB-S03,33,39,1,1.748911465892598
PB-S03,33,40,4,1.748911465892598
PB-S03,33,41,0,1.748911465892598
PB-S03,33,42,1,1.748911465892598
PB-S03,33,43,0,1.748911465892598
PB-S03,33,44,3,1.748911465892598
PB-S03,33,45,2,1.748911465892598
PB-S03,33,46,0,1.748911465892598
PB-S03,33,47,0,1.748911465892598
PB-S03,33,48,0,1.748911465892598
PB-S03,33,49,1,1.748911465892598
PB-S03,33,50,3,1.748911465892598
PB-S03,33,51,3,1.748911465892598
PB-S03,33,52,3,1.748911465892598
PB-S03,33,53,0,1.748911465892598
PB-S03,34,35,4,1.748911465892598
PB-S03,34,36,1,1.748911465892598
PB-S03,34,37,3,1.748911465892598
PB-S03,34,38,0,1.748911465892598
PB-S03,34,39,4,1.748911465892598
PB-S03,34,40,1,1.748911465892598
PB-S03,34,41,3,1.748911465892598
PB-S03,34,42,4,1.748911465892598
PB-S03,34,43,2,1.748911465892598
PB-S03,34,44,1,1.748911465892598
PB-S03,34,45,2,1.748911465892598
PB-S03,34,46,2,1.748911465892598
PB-S03,34,47,2,1.748911465892598
PB-S03,34,48,3,1.748911465892598
PB-S03,34,49,2,1.748911465892598
PB-S03,34,50,1,1.748911465892598
PB-S03,34,51,3,1.748911465892598
PB-S03,34,52,4,1.748911465892598
PB-S03,34,53,2,1.748911465892598
PB-S03,35,36,2,1.748911465892598
PB-S03,35,37,3,1.748911465892598
PB-S03,35,38,2,1.748911465892598
PB-S03,35,39,2,1.748911465892598
PB-S03,35,40,3,1.748911465892598
PB-S03,35,41,2,1.748911465892598
PB-S03,35,42,2,1.748911465892598
PB-S03,35,43,4,1.748911465892598
PB-S03,35,44,2,1.748911465892598
PB-S03,35,45,5,1.748911465892598
PB-S03,35,46,2,1.748911465892598
PB-S03,35,47,3,1.748911465892598
PB-S03,35,48,3,1.748911465892598
PB-S03,35,49,1,1.748911465892598
PB-S03,35,50,3,1.748911465892598
PB-S03,35,51,3,1.748911465892598
PB-S03,35,52,1,1.748911465892598
PB-S03,35,53,0,1.748911465892598
PB-S03,36,37,1,1.748911465892598
PB-S03,36,38,2,1.748911465892598
PB-S03,36,39,1,1.748911465892598
PB-S03,36,40,1,1.748911465892598
PB-S03,36,41,1,1.748911465892598
PB-S03,36,42,4,1.748911465892598
PB-S03,36,43,1,1.748911465892598
PB-S03,36,44,3,1.748911465892598
PB-S03,36,45,1,1.748911465892598
PB-S03,36,46,3,1.748911465892598
PB-S03,36,47,2,1.748911465892598
PB-S03,36,48,1,1.748911465892598
PB-S03,36,49,3,1.748911465892598
PB-S03,36,50,2,1.748911465892598
PB-S03,36,51,1,1.748911465892598
PB-S03,36,52,0,1.748911465892598
PB-S03,36,53,1,1.748911465892598
PB-S03,37,38,1,1.748911465892598
PB-S03,37,39,1,1.748911465892598
PB-S03,37,40,4,1.748911465892598
PB-S03,37,41,4,1.748911465892598
PB-S03,37,42,1,1.748911465892598
PB-S03,37,43,2,1.748911465892598
PB-S03,37,44,1,1.748911465892598
PB-S03,37,45,1,1.748911465892598
PB-S03,37,46,0,1.748911465892598
PB-S03,37,47,2,1.748911465892598
PB-S03,37,48,1,1.748911465892598
PB-S03,37,49,2,1.748911465892598
PB-S03,37,50,2,1.748911465892598
PB-S03,37,51,4,1.748911465892598
PB-S03,37,52,0,1.748911465892598
PB-S03,37,53,1,1.748911465892598
PB-S03,38,39,1,1.748911465892598
PB-S03,38,40,2,1.748911465892598
PB-S03,38,41,0,1.748911465892598
PB-S03,38,42,3,1.748911465892598
PB-S03,38,43,2,1.748911465892598
PB-S03,38,44,2,1.748911465892598
PB-S03,38,45,0,1.748911465892598
PB-S03,38,46,1,1.748911465892598
PB-S03,38,47,0,1.748911465892598
PB-S03,38,48,0,1.748911465892598
PB-S03,38,49,0,1.748911465892598
PB-S03,38,50,3,1.748911465892598
PB-S03,38,51,1,1.748911465892598
PB-S03,38,52,1,1.748911465892598
PB-S03,38,53,3,1.748911465892598
PB-S03,39,40,4,1.748911465892598
PB-S03,39,41,2,1.748911465892598
PB-S03,39,42,1,1.748911465892598
PB-S03,39,43,2,1.748911465892598
PB-S03,39,44,0,1.748911465892598
PB-S03,39,45,2,1.748911465892598
PB-S03,39,46,2,1.748911465892598
PB-S03,39,47,3,1.748911465892598
PB-S03,39,48,2,1.748911465892598
PB-S03,39,49,0,1.748911465892598
PB-S03,39,50,4,1.748911465892598
PB-S03,39,51,2,1.748911465892598
PB-S03,39,52,2,1.748911465892598
PB-S03,39,53,1,1.748911465892598
PB-S03,40,41,2,1.748911465892598
PB-S03,40,42,3,1.748911465892598
PB-S03,40,43,1,1.748911465892598
PB-S03,40,44,2,1.748911465892598
PB-S03,40,45,0,1.748911465892598
PB-S03,40,46,2,1.748911465892598
PB-S03,40,47,2,1.748911465892598
PB-S03,40,48,3,1.748911465892598
PB-S03,40,49,0,1.748911465892598
PB-S03,40,50,3,1.748911465892598
PB-S03,40,51,3,1.748911465892598
PB-S03,40,52,1,1.748911465892598
PB-S03,40,53,2,1.748911465892598
PB-S03,41,42,4,1.748911465892598
PB-S03,41,43,0,1.748911465892598
PB-S03,41,44,1,1.748911465892598
PB-S03,41,45,3,1.748911465892598
PB-S03,41,46,2,1.748911465892598
PB-S03,41,47,1,1.748911465892598
PB-S03,41,48,2,1.748911465892598
PB-S03,41,49,2,1.748911465892598
PB-S03,41,50,1,1.748911465892598
PB-S03,41,51,0,1.748911465892598
PB-S03,41,52,1,1.748911465892598
PB-S03,41,53,1,1.748911465892598
PB-S03,42,43,2,1.748911465892598
PB-S03,42,44,2,1.748911465892598
PB-S03,42,45,1,1.748911465892598
PB-S03,42,46,3,1.748911465892598
PB-S03,42,47,1,1.748911465892598
PB-S03,42,48,1,1.748911465892598
PB-S03,42,49,3,1.748911465892598
PB-S03,42,50,3,1.748911465892598
PB-S03,42,51,1,1.748911465892598
PB-S03,42,52,1,1.748911465892598
PB-S03,42,53,1,1.748911465892598
PB-S03,43,44,1,1.748911465892598
PB-S03,43,45,2,1.748911465892598
PB-S03,43,46,2,1.748911465892598
PB-S03,43,47,2,1.748911465892598
PB-S03,43,48,3,1.748911465892598
PB-S03,43,49,0,1.748911465892598
PB-S03,43,50,2,1.748911465892598
PB-S03,43,51,1,1.748911465892598
PB-S03,43,52,1,1.748911465892598
PB-S03,43,53,1,1.748911465892598
PB-S03,44,45,2,1.748911465892598
PB-S03,44,46,2,1.748911465892598
PB-S03,44,47,1,1.748911465892598
PB-S03,44,48,3,1.748911465892598
PB-S03,44,49,0,1.748911465892598
PB-S03,44,50,4,1.748911465892598
PB-S03,44,51,2,1.748911465892598
PB-S03,44,52,1,1.748911465892598
PB-S03,44,53,0,1.748911465892598
PB-S03,45,46,3,1.748911465892598
PB-S03,45,47,3,1.748911465892598
PB-S03,45,48,6,1.748911465892598
PB-S03,45,49,1,1.748911465892598
PB-S03,45,50,5,1.748911465892598
PB-S03,45,51,2,1.748911465892598
PB-S03,45,52,2,1.748911465892598
PB-S03,45,53,1,1.748911465892598
PB-S03,46,47,0,1.748911465892598
PB-S03,46,48,3,1.748911465892598
PB-S03,46,49,4,1.748911465892598
PB-S03,46,50,1,1.748911465892598
PB-S03,46,51,3,1.748911465892598
PB-S03,46,52,2,1.748911465892598
PB-S03,46,53,0,1.748911465892598
PB-S03,47,48,4,1.748911465892598
PB-S03,47,49,3,1.748911465892598
PB-S03,47,50,1,1.748911465892598
PB-S03,47,51,1,1.748911465892598
PB-S03,47,52,0,1.748911465892598
PB-S03,47,53,1,1.748911465892598
PB-S03,48,49,1,1.748911465892598
PB-S03,48,50,3,1.748911465892598
PB-S03,48,51,1,1.748911465892598
PB-S03,48,52,2,1.748911465892598
PB-S03,48,53,1,1.748911465892598
PB-S03,49,50,3,1.748911465892598
PB-S03,49,51,3,1.748911465892598
PB-S03,49,52,3,1.748911465892598
PB-S03,49,53,1,1.748911465892598
PB-S03,50,51,2,1.748911465892598
PB-S03,50,52,4,1.748911465892598
PB-S03,50,53,0,1.748911465892598
PB-S03,51,52,1,1.748911465892598
PB-S03,51,53,0,1.748911465892598
PB-S03,52,53,1,1.748911465892598
PB-S04,1,2,1,1.8855218855218854
PB-S04,1,3,1,1.8855218855218854
PB-S04,1,4,0,1.8855218855218854
PB-S04,1,5,4,1.8855218855218854
PB-S04,1,6,1,1.8855218855218854
PB-S04,1,7,3,1.8855218855218854
PB-S04,1,8,4,1.8855218855218854
PB-S04,1,9,0,1.8855218855218854
PB-S04,1,10,2,1.8855218855218854
PB-S04,1,11,1,1.8855218855218854
PB-S04,1,12,0,1.8855218855218854
PB-S04,1,13,1,1.8855218855218854
PB-S04,1,14,1,1.8855218855218854
PB-S04,1,15,4,1.8855218855218854
PB-S04,1,16,1,1.8855218855218854
PB-S04,1,17,3,1.8855218855218854
PB-S04,1,18,0,1.8855218855218854
PB-S04,1,19,1,1.8855218855218854
PB-S04,1,20,0,1.8855218855218854
PB-S04,1,21,5,1.8855218855218854
PB-S04,1,22,1,1.8855218855218854
PB-S04,1,23,3,1.8855218855218854
PB-S04,1,24,1,1.8855218855218854
PB-S04,1,25,3,1.8855218855218854
PB-S04,1,26,4,1.8855218855218854
PB-S04,1,27,0,1.8855218855218854
PB-S04,1,28,0,1.8855218855218854
PB-S04,1,29,0,1.8855218855218854
PB-S04,1,30,2,1.8855218855218854
PB-S04,1,31,2,1.8855218855218854
PB-S04,1,32,1,1.8855218855218854
PB-S04,1,33,0,1.8855218855218854
PB-S04,1,34,5,1.8855218855218854
PB-S04,1,35,3,1.8855218855218854
PB-S04,1,36,3,1.8855218855218854
PB-S04,1,37,3,1.8855218855218854
PB-S04,1,38,2,1.8855218855218854
PB-S04,1,39,0,1.8855218855218854
PB-S04,1,40,5,1.8855218855218854
PB-S04,1,41,0,1.8855218855218854
PB-S04,1,42,2,1.8855218855218854
PB-S04,1,43,3,1.8855218855218854
PB-S04,1,44,1,1.8855218855218854
PB-S04,1,45,2,1.8855218855218854
PB-S04,1,46,1,1.8855218855218854
PB-S04,1,47,1,1.8855218855218854
PB-S04,1,48,1,1.8855218855218854
PB-S04,1,49,2,1.8855218855218854
PB-S04,1,50,2,1.8855218855218854
PB-S04,1,51,2,1.8855218855218854
PB-S04,1,52,0,1.8855218855218854
PB-S04,1,53,1,1.8855218855218854
PB-S04,1,54,0,1.8855218855218854
PB-S04,1,55,3,1.8855218855218854
PB-S04,2,3,2,1.8855218855218854
PB-S04,2,4,1,1.8855218855218854
PB-S04,2,5,1,1.8855218855218854
PB-S04,2,6,0,1.8855218855218854
PB-S04,2,7,0,1.8855218855218854
PB-S04,2,8,4,1.8855218855218854
PB-S04,2,9,3,1.8855218855218854
PB-S04,2,10,2,1.8855218855218854
PB-S04,2,11,2,1.8855218855218854
PB-S04,2,12,2,1.8855218855218854
PB-S04,2,13,3,1.8855218855218854
PB-S04,2,14,2,1.8855218855218854
PB-S04,2,15,5,1.8855218855218854
PB-S04,2,16,4,1.8855218855218854
PB-S04,2,17,2,1.8855218855218854
PB-S04,2,18,0,1.8855218855218854
PB-S04,2,19,2,1.8855218855218854
PB-S04,2,20,1,1.8855218855218854
PB-S04,2,21,4,1.8855218855218854
PB-S04,2,22,3,1.8855218855218854
PB-S04,2,23,4,1.8855218855218854
PB-S04,2,24,3,1.8855218855218854
PB-S04,2,25,2,1.8855218855218854
PB-S04,2,26,1,1.8855218855218854
PB-S04,2,27,2,1.8855218855218854
PB-S04,2,28,4,1.8855218855218854
PB-S04,2,29,2,1.8855218855218854
PB-S04,2,30,2,1.8855218855218854
PB-S04,2,31,5,1.8855218855218854
PB-S04,2,32,3,1.8855218855218854
PB-S04,2,33,0,1.8855218855218854
PB-S04,2,34,2,1.8855218855218854
PB-S04,2,35,3,1.8855218855218854
PB-S04,2,36,4,1.8855218855218854
PB-S04,2,37,2,1.8855218855218854
PB-S04,2,38,1,1.8855218855218854
PB-S04,2,39,1,1.8855218855218854
PB-S04,2,40,2,1.8855218855218854
PB-S04,2,41,3,1.8855218855218854
PB-S04,2,42,6,1.8855218855218854
PB-S04,2,43,3,1.8855218855218854
PB-S04,2,44,3,1.8855218855218854
PB-S04,2,45,3,1.8855218855218854
PB-S04,2,46,1,1.8855218855218854
PB-S04,2,47,2,1.8855218855218854
PB-S04,2,48,5,1.8855218855218854
PB-S04,2,49,1,1.8855218855218854
PB-S04,2,50,3,1.8855218855218854
PB-S04,2,51,2,1.8855218855218854
PB-S04,2,52,1,1.8855218855218854
PB-S04,2,53,0,1.8855218855218854
PB-S04,2,54,3,1.8855218855218854
PB-S04,2,55,5,1.8855218855218854
PB-S04,3,4,3,1.8855218855218854
PB-S04,3,5,1,1.8855218855218854
PB-S04,3,6,1,1.8855218855218854
PB-S04,3,7,1,1.8855218855218854
PB-S04,3,8,3,1.8855218855218854
PB-S04,3,9,3,1.8855218855218854
PB-S04,3,10,0,1.8855218855218854
PB-S04,3,11,3,1.8855218855218854
PB-S04,3,12,2,1.8855218855218854
PB-S04,3,13,3,1.8855218855218854
PB-S04,3,14,2,1.8855218855218854
PB-S04,3,15,0,1.8855218855218854
PB-S04,3,16,0,1.8855218855218854
PB-S04,3,17,1,1.8855218855218854
PB-S04,3,18,2,1.8855218855218854
PB-S04,3,19,4,1.8855218855218854
PB-S04,3,20,3,1.8855218855218854
PB-S04,3,21,2,1.8855218855218854
PB-S04,3,22,1,1.8855218855218854
PB-S04,3,23,0,1.8855218855218854
PB-S04,3,24,3,1.8855218855218854
PB-S04,3,25,0,1.8855218855218854
PB-S04,3,26,2,1.8855218855218854
PB-S04,3,27,1,1.8855218855218854
PB-S04,3,28,2,1.8855218855218854
PB-S04,3,29,1,1.8855218855218854
PB-S04,3,30,2,1.8855218855218854
PB-S04,3,31,2,1.8855218855218854
PB-S04,3,32,1,1.8855218855218854
PB-S04,3,33,1,1.8855218855218854
PB-S04,3,34,2,1.8855218855218854
PB-S04,3,35,3,1.8855218855218854
PB-S04,3,36,1,1.8855218855218854
PB-S04,3,37,2,1.8855218855218854
PB-S04,3,38,1,1.8855218855218854
PB-S04,3,39,4,1.8855218855218854
PB-S04,3,40,4,1.8855218855218854
PB-S04,3,41,0,1.8855218855218854
PB-S04,3,42,3,1.8855218855218854
PB-S04,3,43,4,1.8855218855218854
PB-S04,3,44,1,1.8855218855218854
PB-S04,3,45,3,1.8855218855218854
PB-S04,3,46,2,1.8855218855218854
PB-S04,3,47,2,1.8855218855218854
PB-S04,3,48,2,1.8855218855218854
PB-S04,3,49,2,1.8855218855218854
PB-S04,3,50,2,1.8855218855218854
PB-S04,3,51,2,1.8855218855218854
PB-S04,3,52,0,1.8855218855218854
PB-S04,3,53,0,1.8855218855218854
PB-S04,3,54,2,1.8855218855218854
PB-S04,3,55,1,1.8855218855218854
PB-S04,4,5,1,1.8855218855218854
PB-S04,4,6,2,1.8855218855218854
PB-S04,4,7,0,1.8855218855218854
PB-S04,4,8,4,1.8855218855218854
PB-S04,4,9,2,1.8855218855218854
PB-S04,4,10,2,1.8855218855218854
PB-S04,4,11,2,1.8855218855218854
PB-S04,4,12,1,1.8855218855218854
PB-S04,4,13,1,1.8855218855218854
PB-S04,4,14,2,1.8855218855218854
PB-S04,4,15,2,1.8855218855218854
PB-S04,4,16,2,1.8855218855218854
PB-S04,4,17,0,1.8855218855218854
PB-S04,4,18,3,1.8855218855218854
PB-S04,4,19,1,1.8855218855218854
PB-S04,4,20,2,1.8855218855218854
PB-S04,4,21,0,1.8855218855218854
PB-S04,4,22,1,1.8855218855218854
PB-S04,4,23,2,1.8855218855218854
PB-S04,4,24,1,1.8855218855218854
PB-S04,4,25,1,1.8855218855218854
PB-S04,4,26,1,1.8855218855218854
PB-S04,4,27,2,1.8855218855218854
PB-S04,4,28,2,1.8855218855218854
PB-S04,4,29,1,1.8855218855218854
PB-S04,4,30,4,1.8855218855218854
PB-S04,4,31,2,1.8855218855218854
PB-S04,4,32,1,1.8855218855218854
PB-S04,4,33,2,1.8855218855218854
PB-S04,4,34,1,1.8855218855218854
PB-S04,4,35,2,1.8855218855218854
PB-S04,4,36,0,1.8855218855218854
PB-S04,4,37,3,1.8855218855218854
PB-S04,4,38,2,1.8855218855218854
PB-S04,4,39,1,1.8855218855218854
PB-S04,4,40,3,1.8855218855218854
PB-S04,4,41,0,1.8855218855218854
PB-S04,4,42,1,1.8855218855218854
PB-S04,4,43,4,1.8855218855218854
PB-S04,4,44,3,1.8855218855218854
PB-S04,4,45,1,1.8855218855218854
PB-S04,4,46,1,1.8855218855218854
PB-S04,4,47,2,1.8855218855218854
PB-S04,4,48,2,1.8855218855218854
PB-S04,4,49,1,1.8855218855218854
PB-S04,4,50,1,1.8855218855218854
PB-S04,4,51,2,1.8855218855218854
PB-S04,4,52,1,1.8855218855218854
PB-S04,4,53,0,1.8855218855218854
PB-S04,4,54,1,1.8855218855218854
PB-S04,4,55,1,1.8855218855218854
PB-S04,5,6,2,1.8855218855218854
PB-S04,5,7,1,1.8855218855218854
PB-S04,5,8,0,1.8855218855218854
PB-S04,5,9,2,1.8855218855218854
PB-S04,5,10,3,1.8855218855218854
PB-S04,5,11,1,1.8855218855218854
PB-S04,5,12,2,1.8855218855218854
PB-S04,5,13,1,1.8855218855218854
PB-S04,5,14,2,1.8855218855218854
PB-S04,5,15,0,1.8855218855218854
PB-S04,5,16,2,1.8855218855218854
PB-S04,5,17,2,1.8855218855218854
PB-S04,5,18,4,1.8855218855218854
PB-S04,5,19,0,1.8855218855218854
PB-S04,5,20,2,1.8855218855218854
PB-S04,5,21,3,1.8855218855218854
PB-S04,5,22,1,1.8855218855218854
PB-S04,5,23,0,1.8855218855218854
PB-S04,5,24,2,1.8855218855218854
PB-S04,5,25,0,1.8855218855218854
PB-S04,5,26,2,1.8855218855218854
PB-S04,5,27,2,1.8855218855218854
PB-S04,5,28,3,1.8855218855218854
PB-S04,5,29,0,1.8855218855218854
PB-S04,5,30,0,1.8855218855218854
PB-S04,5,31,1,1.8855218855218854
PB-S04,5,32,2,1.8855218855218854
PB-S04,5,33,1,1.8855218855218854
PB-S04,5,34,2,1.8855218855218854
PB-S04,5,35,1,1.8855218855218854
PB-S04,5,36,2,1.8855218855218854
PB-S04,5,37,0,1.8855218855218854
PB-S04,5,38,3,1.8855218855218854
PB-S04,5,39,0,1.8855218855218854
PB-S04,5,40,1,1.8855218855218854
PB-S04,5,41,0,1.8855218855218854
PB-S04,5,42,1,1.8855218855218854
PB-S04,5,43,3,1.8855218855218854
PB-S04,5,44,1,1.8855218855218854
PB-S04,5,45,1,1.8855218855218854
PB-S04,5,46,1,1.8855218855218854
PB-S04,5,47,1,1.8855218855218854
PB-S04,5,48,2,1.8855218855218854
PB-S04,5,49,3,1.8855218855218854
PB-S04,5,50,1,1.8855218855218854
PB-S04,5,51,2,1.8855218855218854
PB-S04,5,52,1,1.8855218855218854
PB-S04,5,53,1,1.8855218855218854
PB-S04,5,54,0,1.8855218855218854
PB-S04,5,55,1,1.8855218855218854
PB-S04,6,7,2,1.8855218855218854
PB-S04,6,8,1,1.8855218855218854
PB-S04,6,9,0,1.8855218855218854
PB-S04,6,10,1,1.8855218855218854
PB-S04,6,11,1,1.8855218855218854
PB-S04,6,12,1,1.8855218855218854
PB-S04,6,13,1,1.8855218855218854
PB-S04,6,14,4,1.8855218855218854
PB-S04,6,15,2,1.8855218855218854
PB-S04,6,16,2,1.8855218855218854
PB-S04,6,17,1,1.8855218855218854
PB-S04,6,18,4,1.8855218855218854
PB-S04,6,19,1,1.8855218855218854
PB-S04,6,20,2,1.8855218855218854
PB-S04,6,21,0,1.8855218855218854
PB-S04,6,22,2,1.8855218855218854
PB-S04,6,23,1,1.8855218855218854
PB-S04,6,24,2,1.8855218855218854
PB-S04,6,25,0,1.8855218855218854
PB-S04,6,26,2,1.8855218855218854
PB-S04,6,27,3,1.8855218855218854
PB-S04,6,28,0,1.8855218855218854
PB-S04,6,29,2,1.8855218855218854
PB-S04,6,30,2,1.8855218855218854
PB-S04,6,31,0,1.8855218855218854
PB-S04,6,32,1,1.8855218855218854
PB-S04,6,33,0,1.8855218855218854
PB-S04,6,34,2,1.8855218855218854
PB-S04,6,35,1,1.8855218855218854
PB-S04,6,36,1,1.8855218855218854
PB-S04,6,37,2,1.8855218855218854
PB-S04,6,38,2,1.8855218855218854
PB-S04,6,39,1,1.8855218855218854
PB-S04,6,40,1,1.8855218855218854
PB-S04,6,41,3,1.8855218855218854
PB-S04,6,42,4,1.8855218855218854
PB-S04,6,43,1,1.8855218855218854
PB-S04,6,44,0,1.8855218855218854
PB-S04,6,45,0,1.8855218855218854
PB-S04,6,46,1,1.8855218855218854
PB-S04,6,47,3,1.8855218855218854
PB-S04,6,48,0,1.8855218855218854
PB-S04,6,49,2,1.8855218855218854
PB-S04,6,50,1,1.8855218855218854
PB-S04,6,51,2,1.8855218855218854
PB-S04,6,52,0,1.8855218855218854
PB-S04,6,53,1,1.8855218855218854
PB-S04,6,54,0,1.8855218855218854
PB-S04,6,55,0,1.8855218855218854
PB-S04,7,8,4,1.8855218855218854
PB-S04,7,9,0,1.8855218855218854
PB-S04,7,10,1,1.8855218855218854
PB-S04,7,11,0,1.8855218855218854
PB-S04,7,12,3,1.8855218855218854
PB-S04,7,13,2,1.8855218855218854
PB-S04,7,14,1,1.8855218855218854
PB-S04,7,15,0,1.8855218855218854
PB-S04,7,16,1,1.8855218855218854
PB-S04,7,17,3,1.8855218855218854
PB-S04,7,18,0,1.8855218855218854
PB-S04,7,19,0,1.8855218855218854
PB-S04,7,20,0,1.8855218855218854
PB-S04,7,21,2,1.8855218855218854
PB-S04,7,22,1,1.8855218855218854
PB-S04,7,23,2,1.8855218855218854
PB-S04,7,24,0,1.8855218855218854
PB-S04,7,25,3,1.8855218855218854
PB-S04,7,26,1,1.8855218855218854
PB-S04,7,27,4,1.8855218855218854
PB-S04,7,28,2,1.8855218855218854
PB-S04,7,29,2,1.8855218855218854
PB-S04,7,30,1,1.8855218855218854
PB-S04,7,31,0,1.8855218855218854
PB-S04,7,32,2,1.8855218855218854
PB-S04,7,33,1,1.8855218855218854
PB-S04,7,34,3,1.8855218855218854
PB-S04,7,35,3,1.8855218855218854
PB-S04,7,36,3,1.8855218855218854
PB-S04,7,37,1,1.8855218855218854
PB-S04,7,38,2,1.8855218855218854
PB-S04,7,39,2,1.8855218855218854
PB-S04,7,40,3,1.8855218855218854
PB-S04,7,41,2,1.8855218855218854
PB-S04,7,42,2,1.8855218855218854
PB-S04,7,43,2,1.8855218855218854
PB-S04,7,44,2,1.8855218855218854
PB-S04,7,45,2,1.8855218855218854
PB-S04,7,46,2,1.8855218855218854
PB-S04,7,47,1,1.8855218855218854
PB-S04,7,48,4,1.8855218855218854
PB-S04,7,49,1,1.8855218855218854
PB-S04,7,50,2,1.8855218855218854
PB-S04,7,51,2,1.8855218855218854
PB-S04,7,52,1,1.8855218855218854
PB-S04,7,53,1,1.8855218855218854
PB-S04,7,54,5,1.8855218855218854
PB-S04,7,55,3,1.8855218855218854
PB-S04,8,9,1,1.8855218855218854
PB-S04,8,10,1,1.8855218855218854
PB-S04,8,11,3,1.8855218855218854
PB-S04,8,12,3,1.8855218855218854
PB-S04,8,13,2,1.8855218855218854
PB-S04,8,14,0,1.8855218855218854
PB-S04,8,15,3,1.8855218855218854
PB-S04,8,16,2,1.8855218855218854
PB-S04,8,17,3,1.8855218855218854
PB-S04,8,18,1,1.8855218855218854
PB-S04,8,19,2,1.8855218855218854
PB-S04,8,20,3,1.8855218855218854
PB-S04,8,21,1,1.8855218855218854
PB-S04,8,22,1,1.8855218855218854
PB-S04,8,23,3,1.8855218855218854
PB-S04,8,24,2,1.8855218855218854
PB-S04,8,25,1,1.8855218855218854
PB-S04,8,26,2,1.8855218855218854
PB-S04,8,27,2,1.8855218855218854
PB-S04,8,28,1,1.8855218855218854
PB-S04,8,29,7,1.8855218855218854
PB-S04,8,30,2,1.8855218855218854
PB-S04,8,31,2,1.8855218855218854
PB-S04,8,32,4,1.8855218855218854
PB-S04,8,33,1,1.8855218855218854
PB-S04,8,34,1,1.8855218855218854
PB-S04,8,35,3,1.8855218855218854
PB-S04,8,36,1,1.8855218855218854
PB-S04,8,37,2,1.8855218855218854
PB-S04,8,38,2,1.8855218855218854
PB-S04,8,39,2,1.8855218855218854
PB-S04,8,40,1,1.8855218855218854
PB-S04,8,41,3,1.8855218855218854
PB-S04,8,42,3,1.8855218855218854
PB-S04,8,43,2,1.8855218855218854
PB-S04,8,44,0,1.8855218855218854
PB-S04,8,45,5,1.8855218855218854
PB-S04,8,46,1,1.8855218855218854
PB-S04,8,47,4,1.8855218855218854
PB-S04,8,48,1,1.8855218855218854
PB-S04,8,49,4,1.8855218855218854
PB-S04,8,50,1,1.8855218855218854
PB-S04,8,51,5,1.8855218855218854
PB-S04,8,52,1,1.8855218855218854
PB-S04,8,53,2,1.8855218855218854
PB-S04,8,54,5,1.8855218855218854
PB-S04,8,55,2,1.8855218855218854
PB-S04,9,10,0,1.8855218855218854
PB-S04,9,11,1,1.8855218855218854
PB-S04,9,12,5,1.8855218855218854
PB-S04,9,13,1,1.8855218855218854
PB-S04,9,14,2,1.8855218855218854
PB-S04,9,15,0,1.8855218855218854
PB-S04,9,16,3,1.8855218855218854
PB-S04,9,17,0,1.8855218855218854
PB-S04,9,18,3,1.8855218855218854
PB-S04,9,19,3,1.8855218855218854
PB-S04,9,20,2,1.8855218855218854
PB-S04,9,21,1,1.8855218855218854
PB-S04,9,22,1,1.8855218855218854
PB-S04,9,23,5,1.8855218855218854
PB-S04,9,24,3,1.8855218855218854
PB-S04,9,25,1,1.8855218855218854
PB-S04,9,26,0,1.8855218855218854
PB-S04,9,27,2,1.8855218855218854
PB-S04,9,28,1,1.8855218855218854
PB-S04,9,29,3,1.8855218855218854
PB-S04,9,30,1,1.8855218855218854
PB-S04,9,31,2,1.8855218855218854
PB-S04,9,32,0,1.8855218855218854
PB-S04,9,33,0,1.8855218855218854
PB-S04,9,34,0,1.8855218855218854
PB-S04,9,35,0,1.8855218855218854
PB-S04,9,36,2,1.8855218855218854
PB-S04,9,37,1,1.8855218855218854
PB-S04,9,38,1,1.8855218855218854
PB-S04,9,39,1,1.8855218855218854
PB-S04,9,40,1,1.8855218855218854
PB-S04,9,41,0,1.8855218855218854
PB-S04,9,42,2,1.8855218855218854
PB-S04,9,43,3,1.8855218855218854
PB-S04,9,44,1,1.8855218855218854
PB-S04,9,45,3,1.8855218855218854
PB-S04,9,46,0,1.8855218855218854
PB-S04,9,47,2,1.8855218855218854
PB-S04,9,48,2,1.8855218855218854
PB-S04,9,49,2,1.8855218855218854
PB-S04,9,50,1,1.8855218855218854
PB-S04,9,51,2,1.8855218855218854
PB-S04,9,52,3,1.8855218855218854
PB-S04,9,53,2,1.8855218855218854
PB-S04,9,54,1,1.8855218855218854
PB-S04,9,55,3,1.8855218855218854
PB-S04,10,11,5,1.8855218855218854
PB-S04,10,12,3,1.8855218855218854
PB-S04,10,13,3,1.8855218855218854
PB-S04,10,14,0,1.8855218855218854
PB-S04,10,15,1,1.8855218855218854
PB-S04,10,16,2,1.8855218855218854
PB-S04,10,17,1,1.8855218855218854
PB-S04,10,18,1,1.8855218855218854
PB-S04,10,19,2,1.8855218855218854
PB-S04,10,20,3,1.8855218855218854
PB-S04,10,21,0,1.8855218855218854
PB-S04,10,22,2,1.8855218855218854
PB-S04,10,23,3,1.8855218855218854
PB-S04,10,24,4,1.8855218855218854
PB-S04,10,25,2,1.8855218855218854
PB-S04,10,26,2,1.8855218855218854
PB-S04,10,27,1,1.8855218855218854
PB-S04,10,28,1,1.8855218855218854
PB-S04,10,29,0,1.8855218855218854
PB-S04,10,30,1,1.8855218855218854
PB-S04,10,31,2,1.8855218855218854
PB-S04,10,32,2,1.8855218855218854
PB-S04,10,33,1,1.8855218855218854
PB-S04,10,34,2,1.8855218855218854
PB-S04,10,35,3,1.8855218855218854
PB-S04,10,36,0,1.8855218855218854
PB-S04,10,37,3,1.8855218855218854
PB-S04,10,38,4,1.8855218855218854
PB-S04,10,39,2,1.8855218855218854
PB-S04,10,40,4,1.8855218855218854
PB-S04,10,41,2,1.8855218855218854
PB-S04,10,42,2,1.8855218855218854
PB-S04,10,43,5,1.8855218855218854
PB-S04,10,44,0,1.8855218855218854
PB-S04,10,45,0,1.8855218855218854
PB-S04,10,46,0,1.8855218855218854
PB-S04,10,47,1,1.8855218855218854
PB-S04,10,48,4,1.8855218855218854
PB-S04,10,49,2,1.8855218855218854
PB-S04,10,50,4,1.8855218855218854
PB-S04,10,51,0,1.8855218855218854
PB-S04,10,52,2,1.8855218855218854
PB-S04,10,53,1,1.8855218855218854
PB-S04,10,54,2,1.8855218855218854
PB-S04,10,55,3,1.8855218855218854
PB-S04,11,12,1,1.8855218855218854
PB-S04,11,13,3,1.8855218855218854
PB-S04,11,14,1,1.8855218855218854
PB-S04,11,15,0,1.8855218855218854
PB-S04,11,16,3,1.8855218855218854
PB-S04,11,17,0,1.8855218855218854
PB-S04,11,18,2,1.8855218855218854
PB-S04,11,19,1,1.8855218855218854
PB-S04,11,20,3,1.8855218855218854
PB-S04,11,21,3,1.8855218855218854
PB-S04,11,22,2,1.8855218855218854
PB-S04,11,23,0,1.8855218855218854
PB-S04,11,24,2,1.8855218855218854
PB-S04,11,25,0,1.8855218855218854
PB-S04,11,26,1,1.8855218855218854
PB-S04,11,27,1,1.8855218855218854
PB-S04,11,28,1,1.8855218855218854
PB-S04,11,29,1,1.8855218855218854
PB-S04,11,30,4,1.8855218855218854
PB-S04,11,31,1,1.8855218855218854
PB-S04,11,32,0,1.8855218855218854
PB-S04,11,33,1,1.8855218855218854
PB-S04,11,34,3,1.8855218855218854
PB-S04,11,35,2,1.8855218855218854
PB-S04,11,36,1,1.8855218855218854
PB-S04,11,37,3,1.8855218855218854
PB-S04,11,38,2,1.8855218855218854
PB-S04,11,39,3,1.8855218855218854
PB-S04,11,40,4,1.8855218855218854
PB-S04,11,41,2,1.8855218855218854
PB-S04,11,42,1,1.8855218855218854
PB-S04,11,43,3,1.8855218855218854
PB-S04,11,44,1,1.8855218855218854
PB-S04,11,45,1,1.8855218855218854
PB-S04,11,46,0,1.8855218855218854
PB-S04,11,47,1,1.8855218855218854
PB-S04,11,48,4,1.8855218855218854
PB-S04,11,49,1,1.8855218855218854
PB-S04,11,50,1,1.8855218855218854
PB-S04,11,51,1,1.8855218855218854
PB-S04,11,52,2,1.8855218855218854
PB-S04,11,53,2,1.8855218855218854
PB-S04,11,54,2,1.8855218855218854
PB-S04,11,55,2,1.8855218855218854
PB-S04,12,13,5,1.8855218855218854
PB-S04,12,14,1,1.8855218855218854
PB-S04,12,15,2,1.8855218855218854
PB-S04,12,16,2,1.8855218855218854
PB-S04,12,17,3,1.8855218855218854
PB-S04,12,18,0,1.8855218855218854
PB-S04,12,19,3,1.8855218855218854
PB-S04,12,20,3,1.8855218855218854
PB-S04,12,21,1,1.8855218855218854
PB-S04,12,22,2,1.8855218855218854
PB-S04,12,23,3,1.8855218855218854
PB-S04,12,24,4,1.8855218855218854
PB-S04,12,25,2,1.8855218855218854
PB-S04,12,26,3,1.8855218855218854
PB-S04,12,27,3,1.8855218855218854
PB-S04,12,28,2,1.8855218855218854
PB-S04,12,29,1,1.8855218855218854
PB-S04,12,30,5,1.8855218855218854
PB-S04,12,31,2,1.8855218855218854
PB-S04,12,32,2,1.8855218855218854
PB-S04,12,33,2,1.8855218855218854
PB-S04,12,34,2,1.8855218855218854
PB-S04,12,35,3,1.8855218855218854
PB-S04,12,36,4,1.8855218855218854
PB-S04,12,37,4,1.8855218855218854
PB-S04,12,38,4,1.8855218855218854
PB-S04,12,39,2,1.8855218855218854
PB-S04,12,40,2,1.8855218855218854
PB-S04,12,41,0,1.8855218855218854
PB-S04,12,42,2,1.8855218855218854
PB-S04,12,43,2,1.8855218855218854
PB-S04,12,44,1,1.8855218855218854
PB-S04,12,45,1,1.8855218855218854
PB-S04,12,46,1,1.8855218855218854
PB-S04,12,47,2,1.8855218855218854
PB-S04,12,48,4,1.8855218855218854
PB-S04,12,49,3,1.8855218855218854
PB-S04,12,50,3,1.8855218855218854
PB-S04,12,51,2,1.8855218855218854
PB-S04,12,52,0,1.8855218855218854
PB-S04,12,53,2,1.8855218855218854
PB-S04,12,54,4,1.8855218855218854
PB-S04,12,55,2,1.8855218855218854
PB-S04,13,14,3,1.8855218855218854
PB-S04,13,15,0,1.8855218855218854
PB-S04,13,16,4,1.8855218855218854
PB-S04,13,17,2,1.8855218855218854
PB-S04,13,18,3,1.8855218855218854
PB-S04,13,19,6,1.8855218855218854
PB-S04,13,20,4,1.8855218855218854
PB-S04,13,21,3,1.8855218855218854
PB-S04,13,22,2,1.8855218855218854
PB-S04,13,23,4,1.8855218855218854
PB-S04,13,24,4,1.8855218855218854
PB-S04,13,25,1,1.8855218855218854
PB-S04,13,26,1,1.8855218855218854
PB-S04,13,27,3,1.8855218855218854
PB-S04,13,28,2,1.8855218855218854
PB-S04,13,29,2,1.8855218855218854
PB-S04,13,30,5,1.8855218855218854
PB-S04,13,31,1,1.8855218855218854
PB-S04,13,32,2,1.8855218855218854
PB-S04,13,33,3,1.8855218855218854
PB-S04,13,34,1,1.8855218855218854
PB-S04,13,35,3,1.8855218855218854
PB-S04,13,36,0,1.8855218855218854
PB-S04,13,37,0,1.8855218855218854
PB-S04,13,38,2,1.8855218855218854
PB-S04,13,39,3,1.8855218855218854
PB-S04,13,40,4,1.8855218855218854
PB-S04,13,41,2,1.8855218855218854
PB-S04,13,42,2,1.8855218855218854
PB-S04,13,43,2,1.8855218855218854
PB-S04,13,44,3,1.8855218855218854
PB-S04,13,45,1,1.8855218855218854
PB-S04,13,46,4,1.8855218855218854
PB-S04,13,47,3,1.8855218855218854
PB-S04,13,48,2,1.8855218855218854
PB-S04,13,49,1,1.8855218855218854
PB-S04,13,50,4,1.8855218855218854
PB-S04,13,51,2,1.8855218855218854
PB-S04,13,52,2,1.8855218855218854
PB-S04,13,53,2,1.8855218855218854
PB-S04,13,54,2,1.8855218855218854
PB-S04,13,55,2,1.8855218855218854
PB-S04,14,15,5,1.8855218855218854
PB-S04,14,16,2,1.8855218855218854
PB-S04,14,17,2,1.8855218855218854
PB-S04,14,18,3,1.8855218855218854
PB-S04,14,19,3,1.8855218855218854
PB-S04,14,20,0,1.8855218855218854
PB-S04,14,21,0,1.8855218855218854
PB-S04,14,22,2,1.8855218855218854
PB-S04,14,23,0,1.8855218855218854
PB-S04,14,24,1,1.8855218855218854
PB-S04,14,25,2,1.8855218855218854
PB-S04,14,26,4,1.8855218855218854
PB-S04,14,27,4,1.8855218855218854
PB-S04,14,28,3,1.8855218855218854
PB-S04,14,29,1,1.8855218855218854
PB-S04,14,30,2,1.8855218855218854
PB-S04,14,31,1,1.8855218855218854
PB-S04,14,32,1,1.8855218855218854
PB-S04,14,33,1,1.8855218855218854
PB-S04,14,34,2,1.8855218855218854
PB-S04,14,35,0,1.8855218855218854
PB-S04,14,36,1,1.8855218855218854
PB-S04,14,37,0,1.8855218855218854
PB-S04,14,38,1,1.8855218855218854
PB-S04,14,39,2,1.8855218855218854
PB-S04,14,40,5,1.8855218855218854
PB-S04,14,41,4,1.8855218855218854
PB-S04,14,42,3,1.8855218855218854
PB-S04,14,43,3,1.8855218855218854
PB-S04,14,44,1,1.8855218855218854
PB-S04,14,45,1,1.8855218855218854
PB-S04,14,46,3,1.8855218855218854
PB-S04,14,47,1,1.8855218855218854
PB-S04,14,48,3,1.8855218855218854
PB-S04,14,49,2,1.8855218855218854
PB-S04,14,50,1,1.8855218855218854
PB-S04,14,51,0,1.8855218855218854
PB-S04,14,52,0,1.8855218855218854
PB-S04,14,53,2,1.8855218855218854
PB-S04,14,54,4,1.8855218855218854
PB-S04,14,55,3,1.8855218855218854
PB-S04,15,16,2,1.8855218855218854
PB-S04,15,17,4,1.8855218855218854
PB-S04,15,18,1,1.8855218855218854
PB-S04,15,19,3,1.8855218855218854
PB-S04,15,20,1,1.8855218855218854
PB-S04,15,21,2,1.8855218855218854
PB-S04,15,22,1,1.8855218855218854
PB-S04,15,23,2,1.8855218855218854
PB-S04,15,24,2,1.8855218855218854
PB-S04,15,25,2,1.8855218855218854
PB-S04,15,26,5,1.8855218855218854
PB-S04,15,27,3,1.8855218855218854
PB-S04,15,28,3,1.8855218855218854
PB-S04,15,29,1,1.8855218855218854
PB-S04,15,30,3,1.8855218855218854
PB-S04,15,31,2,1.8855218855218854
PB-S04,15,32,1,1.8855218855218854
PB-S04,15,33,0,1.8855218855218854
PB-S04,15,34,0,1.8855218855218854
PB-S04,15,35,2,1.8855218855218854
PB-S04,15,36,1,1.8855218855218854
PB-S04,15,37,2,1.8855218855218854
PB-S04,15,38,2,1.8855218855218854
PB-S04,15,39,1,1.8855218855218854
PB-S04,15,40,2,1.8855218855218854
PB-S04,15,41,2,1.8855218855218854
PB-S04,15,42,5,1.8855218855218854
PB-S04,15,43,2,1.8855218855218854
PB-S04,15,44,1,1.8855218855218854
PB-S04,15,45,4,1.8855218855218854
PB-S04,15,46,2,1.8855218855218854
PB-S04,15,47,3,1.8855218855218854
PB-S04,15,48,3,1.8855218855218854
PB-S04,15,49,1,1.8855218855218854
PB-S04,15,50,1,1.8855218855218854
PB-S04,15,51,2,1.8855218855218854
PB-S04,15,52,1,1.8855218855218854
PB-S04,15,53,2,1.8855218855218854
PB-S04,15,54,2,1.8855218855218854
PB-S04,15,55,1,1.8855218855218854
PB-S04,16,17,0,1.8855218855218854
PB-S04,16,18,4,1.8855218855218854
PB-S04,16,19,3,1.8855218855218854
PB-S04,16,20,1,1.8855218855218854
PB-S04,16,21,3,1.8855218855218854
PB-S04,16,22,2,1.8855218855218854
PB-S04,16,23,3,1.8855218855218854
PB-S04,16,24,3,1.8855218855218854
PB-S04,16,25,1,1.8855218855218854
PB-S04,16,26,3,1.8855218855218854
PB-S04,16,27,2,1.8855218855218854
PB-S04,16,28,0,1.8855218855218854
PB-S04,16,29,2,1.8855218855218854
PB-S04,16,30,2,1.8855218855218854
PB-S04,16,31,2,1.8855218855218854
PB-S04,16,32,1,1.8855218855218854
PB-S04,16,33,3,1.8855218855218854
PB-S04,16,34,2,1.8855218855218854
PB-S04,16,35,4,1.8855218855218854
PB-S04,16,36,2,1.8855218855218854
PB-S04,16,37,2,1.8855218855218854
PB-S04,16,38,1,1.8855218855218854
PB-S04,16,39,0,1.8855218855218854
PB-S04,16,40,3,1.8855218855218854
PB-S04,16,41,4,1.8855218855218854
PB-S04,16,42,3,1.8855218855218854
PB-S04,16,43,5,1.8855218855218854
PB-S04,16,44,2,1.8855218855218854
PB-S04,16,45,2,1.8855218855218854
PB-S04,16,46,2,1.8855218855218854
PB-S04,16,47,2,1.8855218855218854
PB-S04,16,48,5,1.8855218855218854
PB-S04,16,49,2,1.8855218855218854
PB-S04,16,50,1,1.8855218855218854
PB-S04,16,51,5,1.8855218855218854
PB-S04,16,52,5,1.8855218855218854
PB-S04,16,53,1,1.8855218855218854
PB-S04,16,54,4,1.8855218855218854
PB-S04,16,55,0,1.8855218855218854
PB-S04,17,18,1,1.8855218855218854
PB-S04,17,19,1,1.8855218855218854
PB-S04,17,20,0,1.8855218855218854
PB-S04,17,21,0,1.8855218855218854
PB-S04,17,22,0,1.8855218855218854
PB-S04,17,23,0,1.8855218855218854
PB-S04,17,24,3,1.8855218855218854
PB-S04,17,25,1,1.8855218855218854
PB-S04,17,26,2,1.8855218855218854
PB-S04,17,27,2,1.8855218855218854
PB-S04,17,28,1,1.8855218855218854
PB-S04,17,29,2,1.8855218855218854
PB-S04,17,30,0,1.8855218855218854
PB-S04,17,31,1,1.8855218855218854
PB-S04,17,32,0,1.8855218855218854
PB-S04,17,33,0,1.8855218855218854
PB-S04,17,34,2,1.8855218855218854
PB-S04,17,35,2,1.8855218855218854
PB-S04,17,36,1,1.8855218855218854
PB-S04,17,37,1,1.8855218855218854
PB-S04,17,38,1,1.8855218855218854
PB-S04,17,39,0,1.8855218855218854
PB-S04,17,40,1,1.8855218855218854
PB-S04,17,41,3,1.8855218855218854
PB-S04,17,42,1,1.8855218855218854
PB-S04,17,43,3,1.8855218855218854
PB-S04,17,44,2,1.8855218855218854
PB-S04,17,45,2,1.8855218855218854
PB-S04,17,46,0,1.8855218855218854
PB-S04,17,47,1,1.8855218855218854
PB-S04,17,48,2,1.8855218855218854
PB-S04,17,49,4,1.8855218855218854
PB-S04,17,50,2,1.8855218855218854
PB-S04,17,51,3,1.8855218855218854
PB-S04,17,52,1,1.8855218855218854
PB-S04,17,53,2,1.8855218855218854
PB-S04,17,54,3,1.8855218855218854
PB-S04,17,55,2,1.8855218855218854
PB-S04,18,19,3,1.8855218855218854
PB-S04,18,20,4,1.8855218855218854
PB-S04,18,21,2,1.8855218855218854
PB-S04,18,22,2,1.8855218855218854
PB-S04,18,23,3,1.8855218855218854
PB-S04,18,24,0,1.8855218855218854
PB-S04,18,25,1,1.8855218855218854
PB-S04,18,26,0,1.8855218855218854
PB-S04,18,27,2,1.8855218855218854
PB-S04,18,28,2,1.8855218855218854
PB-S04,18,29,1,1.8855218855218854
PB-S04,18,30,2,1.8855218855218854
PB-S04,18,31,2,1.8855218855218854
PB-S04,18,32,0,1.8855218855218854
PB-S04,18,33,1,1.8855218855218854
PB-S04,18,34,1,1.8855218855218854
PB-S04,18,35,0,1.8855218855218854
PB-S04,18,36,1,1.8855218855218854
PB-S04,18,37,1,1.8855218855218854
PB-S04,18,38,3,1.8855218855218854
PB-S04,18,39,1,1.8855218855218854
PB-S04,18,40,0,1.8855218855218854
PB-S04,18,41,0,1.8855218855218854
PB-S04,18,42,2,1.8855218855218854
PB-S04,18,43,3,1.8855218855218854
PB-S04,18,44,1,1.8855218855218854
PB-S04,18,45,2,1.8855218855218854
PB-S04,18,46,2,1.8855218855218854
PB-S04,18,47,1,1.8855218855218854
PB-S04,18,48,1,1.8855218855218854
PB-S04,18,49,2,1.8855218855218854
PB-S04,18,50,1,1.8855218855218854
PB-S04,18,51,2,1.8855218855218854
PB-S04,18,52,1,1.8855218855218854
PB-S04,18,53,0,1.8855218855218854
PB-S04,18,54,4,1.8855218855218854
PB-S04,18,55,2,1.8855218855218854
PB-S04,19,20,1,1.8855218855218854
PB-S04,19,21,2,1.8855218855218854
PB-S04,19,22,5,1.8855218855218854
PB-S04,19,23,2,1.8855218855218854
PB-S04,19,24,4,1.8855218855218854
PB-S04,19,25,0,1.8855218855218854
PB-S04,19,26,4,1.8855218855218854
PB-S04,19,27,3,1.8855218855218854
PB-S04,19,28,1,1.8855218855218854
PB-S04,19,29,1,1.8855218855218854
PB-S04,19,30,7,1.8855218855218854
PB-S04,19,31,2,1.8855218855218854
PB-S04,19,32,4,1.8855218855218854
PB-S04,19,33,4,1.8855218855218854
PB-S04,19,34,2,1.8855218855218854
PB-S04,19,35,2,1.8855218855218854
PB-S04,19,36,2,1.8855218855218854
PB-S04,19,37,1,1.8855218855218854
PB-S04,19,38,4,1.8855218855218854
PB-S04,19,39,4,1.8855218855218854
PB-S04,19,40,2,1.8855218855218854
PB-S04,19,41,5,1.8855218855218854
PB-S04,19,42,6,1.8855218855218854
PB-S04,19,43,3,1.8855218855218854
PB-S04,19,44,0,1.8855218855218854
PB-S04,19,45,4,1.8855218855218854
PB-S04,19,46,3,1.8855218855218854
PB-S04,19,47,5,1.8855218855218854
PB-S04,19,48,0,1.8855218855218854
PB-S04,19,49,0,1.8855218855218854
PB-S04,19,50,2,1.8855218855218854
PB-S04,19,51,2,1.8855218855218854
PB-S04,19,52,3,1.8855218855218854
PB-S04,19,53,2,1.8855218855218854
PB-S04,19,54,3,1.8855218855218854
PB-S04,19,55,2,1.8855218855218854
PB-S04,20,21,4,1.8855218855218854
PB-S04,20,22,5,1.8855218855218854
PB-S04,20,23,2,1.8855218855218854
PB-S04,20,24,1,1.8855218855218854
PB-S04,20,25,3,1.8855218855218854
PB-S04,20,26,2,1.8855218855218854
PB-S04,20,27,1,1.8855218855218854
PB-S04,20,28,1,1.8855218855218854
PB-S04,20,29,1,1.8855218855218854
PB-S04,20,30,2,1.8855218855218854
PB-S04,20,31,1,1.8855218855218854
PB-S04,20,32,0,1.8855218855218854
PB-S04,20,33,1,1.8855218855218854
PB-S04,20,34,1,1.8855218855218854
PB-S04,20,35,2,1.8855218855218854
PB-S04,20,36,3,1.8855218855218854
PB-S04,20,37,4,1.8855218855218854
PB-S04,20,38,0,1.8855218855218854
PB-S04,20,39,3,1.8855218855218854
PB-S04,20,40,2,1.8855218855218854
PB-S04,20,41,2,1.8855218855218854
PB-S04,20,42,3,1.8855218855218854
PB-S04,20,43,2,1.8855218855218854
PB-S04,20,44,1,1.8855218855218854
PB-S04,20,45,2,1.8855218855218854
PB-S04,20,46,1,1.8855218855218854
PB-S04,20,47,3,1.8855218855218854
PB-S04,20,48,4,1.8855218855218854
PB-S04,20,49,3,1.8855218855218854
PB-S04,20,50,2,1.8855218855218854
PB-S04,20,51,0,1.8855218855218854
PB-S04,20,52,0,1.8855218855218854
PB-S04,20,53,2,1.8855218855218854
PB-S04,20,54,1,1.8855218855218854
PB-S04,20,55,0,1.8855218855218854
PB-S04,21,22,1,1.8855218855218854
PB-S04,21,23,2,1.8855218855218854
PB-S04,21,24,1,1.8855218855218854
PB-S04,21,25,1,1.8855218855218854
PB-S04,21,26,3,1.8855218855218854
PB-S04,21,27,2,1.8855218855218854
PB-S04,21,28,0,1.8855218855218854
PB-S04,21,29,1,1.8855218855218854
PB-S04,21,30,4,1.8855218855218854
PB-S04,21,31,1,1.8855218855218854
PB-S04,21,32,1,1.8855218855218854
PB-S04,21,33,0,1.8855218855218854
PB-S04,21,34,3,1.8855218855218854
PB-S04,21,35,1,1.8855218855218854
PB-S04,21,36,3,1.8855218855218854
PB-S04,21,37,0,1.8855218855218854
PB-S04,21,38,1,1.8855218855218854
PB-S04,21,39,1,1.8855218855218854
PB-S04,21,40,1,1.8855218855218854
PB-S04,21,41,1,1.8855218855218854
PB-S04,21,42,2,1.8855218855218854
PB-S04,21,43,3,1.8855218855218854
PB-S04,21,44,2,1.8855218855218854
PB-S04,21,45,3,1.8855218855218854
PB-S04,21,46,1,1.8855218855218854
PB-S04,21,47,1,1.8855218855218854
PB-S04,21,48,1,1.8855218855218854
PB-S04,21,49,4,1.8855218855218854
PB-S04,21,50,3,1.8855218855218854
PB-S04,21,51,2,1.8855218855218854
PB-S04,21,52,1,1.8855218855218854
PB-S04,21,53,0,1.8855218855218854
PB-S04,21,54,0,1.8855218855218854
PB-S04,21,55,3,1.8855218855218854
PB-S04,22,23,2,1.8855218855218854
PB-S04,22,24,2,1.8855218855218854
PB-S04,22,25,0,1.8855218855218854
PB-S04,22,26,3,1.8855218855218854
PB-S04,22,27,2,1.8855218855218854
PB-S04,22,28,2,1.8855218855218854
PB-S04,22,29,3,1.8855218855218854
PB-S04,22,30,3,1.8855218855218854
PB-S04,22,31,0,1.8855218855218854
PB-S04,22,32,2,1.8855218855218854
PB-S04,22,33,1,1.8855218855218854
PB-S04,22,34,1,1.8855218855218854
PB-S04,22,35,1,1.8855218855218854
PB-S04,22,36,3,1.8855218855218854
PB-S04,22,37,3,1.8855218855218854
PB-S04,22,38,3,1.8855218855218854
PB-S04,22,39,2,1.8855218855218854
PB-S04,22,40,0,1.8855218855218854
PB-S04,22,41,2,1.8855218855218854
PB-S04,22,42,2,1.8855218855218854
PB-S04,22,43,4,1.8855218855218854
PB-S04,22,44,0,1.8855218855218854
PB-S04,22,45,3,1.8855218855218854
PB-S04,22,46,2,1.8855218855218854
PB-S04,22,47,4,1.8855218855218854
PB-S04,22,48,5,1.8855218855218854
PB-S04,22,49,3,1.8855218855218854
PB-S04,22,50,4,1.8855218855218854
PB-S04,22,51,2,1.8855218855218854
PB-S04,22,52,4,1.8855218855218854
PB-S04,22,53,0,1.8855218855218854
PB-S04,22,54,0,1.8855218855218854
PB-S04,22,55,2,1.8855218855218854
PB-S04,23,24,2,1.8855218855218854
PB-S04,23,25,3,1.8855218855218854
PB-S04,23,26,1,1.8855218855218854
PB-S04,23,27,4,1.8855218855218854
PB-S04,23,28,4,1.8855218855218854
PB-S04,23,29,2,1.8855218855218854
PB-S04,23,30,1,1.8855218855218854
PB-S04,23,31,3,1.8855218855218854
PB-S04,23,32,3,1.8855218855218854
PB-S04,23,33,1,1.8855218855218854
PB-S04,23,34,0,1.8855218855218854
PB-S04,23,35,5,1.8855218855218854
PB-S04,23,36,2,1.8855218855218854
PB-S04,23,37,3,1.8855218855218854
PB-S04,23,38,2,1.8855218855218854
PB-S04,23,39,3,1.8855218855218854
PB-S04,23,40,0,1.8855218855218854
PB-S04,23,41,1,1.8855218855218854
PB-S04,23,42,3,1.8855218855218854
PB-S04,23,43,4,1.8855218855218854
PB-S04,23,44,2,1.8855218855218854
PB-S04,23,45,2,1.8855218855218854
PB-S04,23,46,1,1.8855218855218854
PB-S04,23,47,4,1.8855218855218854
PB-S04,23,48,1,1.8855218855218854
PB-S04,23,49,1,1.8855218855218854
PB-S04,23,50,1,1.8855218855218854
PB-S04,23,51,1,1.8855218855218854
PB-S04,23,52,2,1.8855218855218854
PB-S04,23,53,2,1.8855218855218854
PB-S04,23,54,2,1.8855218855218854
PB-S04,23,55,4,1.8855218855218854
PB-S04,24,25,1,1.8855218855218854
PB-S04,24,26,6,1.8855218855218854
PB-S04,24,27,3,1.8855218855218854
PB-S04,24,28,2,1.8855218855218854
PB-S04,24,29,1,1.8855218855218854
PB-S04,24,30,2,1.8855218855218854
PB-S04,24,31,0,1.8855218855218854
PB-S04,24,32,0,1.8855218855218854
PB-S04,24,33,2,1.8855218855218854
PB-S04,24,34,1,1.8855218855218854
PB-S04,24,35,2,1.8855218855218854
PB-S04,24,36,4,1.8855218855218854
PB-S04,24,37,1,1.8855218855218854
PB-S04,24,38,6,1.8855218855218854
PB-S04,24,39,3,1.8855218855218854
PB-S04,24,40,1,1.8855218855218854
PB-S04,24,41,1,1.8855218855218854
PB-S04,24,42,2,1.8855218855218854
PB-S04,24,43,3,1.8855218855218854
PB-S04,24,44,1,1.8855218855218854
PB-S04,24,45,0,1.8855218855218854
PB-S04,24,46,3,1.8855218855218854
PB-S04,24,47,3,1.8855218855218854
PB-S04,24,48,3,1.8855218855218854
PB-S04,24,49,3,1.8855218855218854
PB-S04,24,50,2,1.8855218855218854
PB-S04,24,51,2,1.8855218855218854
PB-S04,24,52,0,1.8855218855218854
PB-S04,24,53,3,1.8855218855218854
PB-S04,24,54,3,1.8855218855218854
PB-S04,24,55,2,1.8855218855218854
PB-S04,25,26,3,1.8855218855218854
PB-S04,25,27,3,1.8855218855218854
PB-S04,25,28,2,1.8855218855218854
PB-S04,25,29,2,1.8855218855218854
PB-S04,25,30,2,1.8855218855218854
PB-S04,25,31,3,1.8855218855218854
PB-S04,25,32,3,1.8855218855218854
PB-S04,25,33,0,1.8855218855218854
PB-S04,25,34,1,1.8855218855218854
PB-S04,25,35,1,1.8855218855218854
PB-S04,25,36,2,1.8855218855218854
PB-S04,25,37,1,1.8855218855218854
PB-S04,25,38,2,1.8855218855218854
PB-S04,25,39,0,1.8855218855218854
PB-S04,25,40,1,1.8855218855218854
PB-S04,25,41,2,1.8855218855218854
PB-S04,25,42,2,1.8855218855218854
PB-S04,25,43,2,1.8855218855218854
PB-S04,25,44,2,1.8855218855218854
PB-S04,25,45,2,1.8855218855218854
PB-S04,25,46,2,1.8855218855218854
PB-S04,25,47,0,1.8855218855218854
PB-S04,25,48,3,1.8855218855218854
PB-S04,25,49,0,1.8855218855218854
PB-S04,25,50,1,1.8855218855218854
PB-S04,25,51,1,1.8855218855218854
PB-S04,25,52,0,1.8855218855218854
PB-S04,25,53,0,1.8855218855218854
PB-S04,25,54,2,1.8855218855218854
PB-S04,25,55,0,1.8855218855218854
PB-S04,26,27,2,1.8855218855218854
PB-S04,26,28,2,1.8855218855218854
PB-S04,26,29,1,1.8855218855218854
PB-S04,26,30,2,1.8855218855218854
PB-S04,26,31,1,1.8855218855218854
PB-S04,26,32,2,1.8855218855218854
PB-S04,26,33,2,1.8855218855218854
PB-S04,26,34,2,1.8855218855218854
PB-S04,26,35,3,1.8855218855218854
PB-S04,26,36,2,1.8855218855218854
PB-S04,26,37,1,1.8855218855218854
PB-S04,26,38,2,1.8855218855218854
PB-S04,26,39,2,1.8855218855218854
PB-S04,26,40,2,1.8855218855218854
PB-S04,26,41,2,1.8855218855218854
PB-S04,26,42,3,1.8855218855218854
PB-S04,26,43,0,1.8855218855218854
PB-S04,26,44,1,1.8855218855218854
PB-S04,26,45,5,1.8855218855218854
PB-S04,26,46,3,1.8855218855218854
PB-S04,26,47,2,1.8855218855218854
PB-S04,26,48,1,1.8855218855218854
PB-S04,26,49,0,1.8855218855218854
PB-S04,26,50,2,1.8855218855218854
PB-S04,26,51,1,1.8855218855218854
PB-S04,26,52,1,1.8855218855218854
PB-S04,26,53,2,1.8855218855218854
PB-S04,26,54,2,1.8855218855218854
PB-S04,26,55,3,1.8855218855218854
PB-S04,27,28,1,1.8855218855218854
PB-S04,27,29,1,1.8855218855218854
PB-S04,27,30,2,1.8855218855218854
PB-S04,27,31,1,1.8855218855218854
PB-S04,27,32,1,1.8855218855218854
PB-S04,27,33,0,1.8855218855218854
PB-S04,27,34,0,1.8855218855218854
PB-S04,27,35,1,1.8855218855218854
PB-S04,27,36,1,1.8855218855218854
PB-S04,27,37,1,1.8855218855218854
PB-S04,27,38,0,1.8855218855218854
PB-S04,27,39,2,1.8855218855218854
PB-S04,27,40,1,1.8855218855218854
PB-S04,27,41,4,1.8855218855218854
PB-S04,27,42,2,1.8855218855218854
PB-S04,27,43,2,1.8855218855218854
PB-S04,27,44,2,1.8855218855218854
PB-S04,27,45,1,1.8855218855218854
PB-S04,27,46,0,1.8855218855218854
PB-S04,27,47,4,1.8855218855218854
PB-S04,27,48,2,1.8855218855218854
PB-S04,27,49,2,1.8855218855218854
PB-S04,27,50,1,1.8855218855218854
PB-S04,27,51,1,1.8855218855218854
PB-S04,27,52,5,1.8855218855218854
PB-S04,27,53,3,1.8855218855218854
PB-S04,27,54,2,1.8855218855218854
PB-S04,27,55,2,1.8855218855218854
PB-S04,28,29,0,1.8855218855218854
PB-S04,28,30,4,1.8855218855218854
PB-S04,28,31,3,1.8855218855218854
PB-S04,28,32,1,1.8855218855218854
PB-S04,28,33,2,1.8855218855218854
PB-S04,28,34,4,1.8855218855218854
PB-S04,28,35,3,1.8855218855218854
PB-S04,28,36,4,1.8855218855218854
PB-S04,28,37,2,1.8855218855218854
PB-S04,28,38,0,1.8855218855218854
PB-S04,28,39,0,1.8855218855218854
PB-S04,28,40,1,1.8855218855218854
PB-S04,28,41,0,1.8855218855218854
PB-S04,28,42,1,1.8855218855218854
PB-S04,28,43,1,1.8855218855218854
PB-S04,28,44,0,1.8855218855218854
PB-S04,28,45,2,1.8855218855218854
PB-S04,28,46,3,1.8855218855218854
PB-S04,28,47,3,1.8855218855218854
PB-S04,28,48,2,1.8855218855218854
PB-S04,28,49,3,1.8855218855218854
PB-S04,28,50,2,1.8855218855218854
PB-S04,28,51,1,1.8855218855218854
PB-S04,28,52,1,1.8855218855218854
PB-S04,28,53,3,1.8855218855218854
PB-S04,28,54,3,1.8855218855218854
PB-S04,28,55,2,1.8855218855218854
PB-S04,29,30,0,1.8855218855218854
PB-S04,29,31,3,1.8855218855218854
PB-S04,29,32,0,1.8855218855218854
PB-S04,29,33,0,1.8855218855218854
PB-S04,29,34,1,1.8855218855218854
PB-S04,29,35,2,1.8855218855218854
PB-S04,29,36,0,1.8855218855218854
PB-S04,29,37,3,1.8855218855218854
PB-S04,29,38,1,1.8855218855218854
PB-S04,29,39,1,1.8855218855218854
PB-S04,29,40,1,1.8855218855218854
PB-S04,29,41,2,1.8855218855218854
PB-S04,29,42,2,1.8855218855218854
PB-S04,29,43,1,1.8855218855218854
PB-S04,29,44,0,1.8855218855218854
PB-S04,29,45,1,1.8855218855218854
PB-S04,29,46,1,1.8855218855218854
PB-S04,29,47,1,1.8855218855218854
PB-S04,29,48,1,1.8855218855218854
PB-S04,29,49,2,1.8855218855218854
PB-S04,29,50,2,1.8855218855218854
PB-S04,29,51,1,1.8855218855218854
PB-S04,29,52,3,1.8855218855218854
PB-S04,29,53,2,1.8855218855218854
PB-S04,29,54,1,1.8855218855218854
PB-S04,29,55,2,1.8855218855218854
PB-S04,30,31,2,1.8855218855218854
PB-S04,30,32,2,1.8855218855218854
PB-S04,30,33,2,1.8855218855218854
PB-S04,30,34,5,1.8855218855218854
PB-S04,30,35,2,1.8855218855218854
PB-S04,30,36,3,1.8855218855218854
PB-S04,30,37,2,1.8855218855218854
PB-S04,30,38,2,1.8855218855218854
PB-S04,30,39,5,1.8855218855218854
PB-S04,30,40,3,1.8855218855218854
PB-S04,30,41,3,1.8855218855218854
PB-S04,30,42,0,1.8855218855218854
PB-S04,30,43,6,1.8855218855218854
PB-S04,30,44,3,1.8855218855218854
PB-S04,30,45,2,1.8855218855218854
PB-S04,30,46,4,1.8855218855218854
PB-S04,30,47,4,1.8855218855218854
PB-S04,30,48,3,1.8855218855218854
PB-S04,30,49,1,1.8855218855218854
PB-S04,30,50,0,1.8855218855218854
PB-S04,30,51,2,1.8855218855218854
PB-S04,30,52,3,1.8855218855218854
PB-S04,30,53,2,1.8855218855218854
PB-S04,30,54,4,1.8855218855218854
PB-S04,30,55,2,1.8855218855218854
PB-S04,31,32,1,1.8855218855218854
PB-S04,31,33,3,1.8855218855218854
PB-S04,31,34,2,1.8855218855218854
PB-S04,31,35,2,1.8855218855218854
PB-S04,31,36,2,1.8855218855218854
PB-S04,31,37,1,1.8855218855218854
PB-S04,31,38,2,1.8855218855218854
PB-S04,31,39,0,1.8855218855218854
PB-S04,31,40,2,1.8855218855218854
PB-S04,31,41,0,1.8855218855218854
PB-S04,31,42,1,1.8855218855218854
PB-S04,31,43,2,1.8855218855218854
PB-S04,31,44,1,1.8855218855218854
PB-S04,31,45,2,1.8855218855218854
PB-S04,31,46,1,1.8855218855218854
PB-S04,31,47,0,1.8855218855218854
PB-S04,31,48,1,1.8855218855218854
PB-S04,31,49,3,1.8855218855218854
PB-S04,31,50,2,1.8855218855218854
PB-S04,31,51,0,1.8855218855218854
PB-S04,31,52,0,1.8855218855218854
PB-S04,31,53,1,1.8855218855218854
PB-S04,31,54,3,1.8855218855218854
PB-S04,31,55,6,1.8855218855218854
PB-S04,32,33,2,1.8855218855218854
PB-S04,32,34,1,1.8855218855218854
PB-S04,32,35,0,1.8855218855218854
PB-S04,32,36,2,1.8855218855218854
PB-S04,32,37,3,1.8855218855218854
PB-S04,32,38,4,1.8855218855218854
PB-S04,32,39,3,1.8855218855218854
PB-S04,32,40,1,1.8855218855218854
PB-S04,32,41,3,1.8855218855218854
PB-S04,32,42,1,1.8855218855218854
PB-S04,32,43,1,1.8855218855218854
PB-S04,32,44,2,1.8855218855218854
PB-S04,32,45,0,1.8855218855218854
PB-S04,32,46,1,1.8855218855218854
PB-S04,32,47,2,1.8855218855218854
PB-S04,32,48,1,1.8855218855218854
PB-S04,32,49,2,1.8855218855218854
PB-S04,32,50,3,1.8855218855218854
PB-S04,32,51,3,1.8855218855218854
PB-S04,32,52,0,1.8855218855218854
PB-S04,32,53,1,1.8855218855218854
PB-S04,32,54,4,1.8855218855218854
PB-S04,32,55,4,1.8855218855218854
PB-S04,33,34,1,1.8855218855218854
PB-S04,33,35,2,1.8855218855218854
PB-S04,33,36,0,1.8855218855218854
PB-S04,33,37,0,1.8855218855218854
PB-S04,33,38,1,1.8855218855218854
PB-S04,33,39,1,1.8855218855218854
PB-S04,33,40,2,1.8855218855218854
PB-S04,33,41,0,1.8855218855218854
PB-S04,33,42,2,1.8855218855218854
PB-S04,33,43,1,1.8855218855218854
PB-S04,33,44,1,1.8855218855218854
PB-S04,33,45,1,1.8855218855218854
PB-S04,33,46,0,1.8855218855218854
PB-S04,33,47,2,1.8855218855218854
PB-S04,33,48,0,1.8855218855218854
PB-S04,33,49,2,1.8855218855218854
PB-S04,33,50,1,1.8855218855218854
PB-S04,33,51,1,1.8855218855218854
PB-S04,33,52,0,1.8855218855218854
PB-S04,33,53,0,1.8855218855218854
PB-S04,33,54,2,1.8855218855218854
PB-S04,33,55,2,1.8855218855218854
PB-S04,34,35,3,1.8855218855218854
PB-S04,34,36,5,1.8855218855218854
PB-S04,34,37,3,1.8855218855218854
PB-S04,34,38,2,1.8855218855218854
PB-S04,34,39,2,1.8855218855218854
PB-S04,34,40,0,1.8855218855218854
PB-S04,34,41,2,1.8855218855218854
PB-S04,34,42,5,1.8855218855218854
PB-S04,34,43,2,1.8855218855218854
PB-S04,34,44,2,1.8855218855218854
PB-S04,34,45,5,1.8855218855218854
PB-S04,34,46,0,1.8855218855218854
PB-S04,34,47,0,1.8855218855218854
PB-S04,34,48,2,1.8855218855218854
PB-S04,34,49,2,1.8855218855218854
PB-S04,34,50,3,1.8855218855218854
PB-S04,34,51,0,1.8855218855218854
PB-S04,34,52,1,1.8855218855218854
PB-S04,34,53,2,1.8855218855218854
PB-S04,34,54,0,1.8855218855218854
PB-S04,34,55,1,1.8855218855218854
PB-S04,35,36,2,1.8855218855218854
PB-S04,35,37,3,1.8855218855218854
PB-S04,35,38,4,1.8855218855218854
PB-S04,35,39,2,1.8855218855218854
PB-S04,35,40,6,1.8855218855218854
PB-S04,35,41,3,1.8855218855218854
PB-S04,35,42,1,1.8855218855218854
PB-S04,35,43,2,1.8855218855218854
PB-S04,35,44,1,1.8855218855218854
PB-S04,35,45,1,1.8855218855218854
PB-S04,35,46,2,1.8855218855218854
PB-S04,35,47,5,1.8855218855218854
PB-S04,35,48,1,1.8855218855218854
PB-S04,35,49,4,1.8855218855218854
PB-S04,35,50,4,1.8855218855218854
PB-S04,35,51,0,1.8855218855218854
PB-S04,35,52,3,1.8855218855218854
PB-S04,35,53,2,1.8855218855218854
PB-S04,35,54,3,1.8855218855218854
PB-S04,35,55,5,1.8855218855218854
PB-S04,36,37,0,1.8855218855218854
PB-S04,36,38,4,1.8855218855218854
PB-S04,36,39,0,1.8855218855218854
PB-S04,36,40,1,1.8855218855218854
PB-S04,36,41,0,1.8855218855218854
PB-S04,36,42,5,1.8855218855218854
PB-S04,36,43,0,1.8855218855218854
PB-S04,36,44,1,1.8855218855218854
PB-S04,36,45,1,1.8855218855218854
PB-S04,36,46,2,1.8855218855218854
PB-S04,36,47,2,1.8855218855218854
PB-S04,36,48,1,1.8855218855218854
PB-S04,36,49,3,1.8855218855218854
PB-S04,36,50,1,1.8855218855218854
PB-S04,36,51,2,1.8855218855218854
PB-S04,36,52,0,1.8855218855218854
PB-S04,36,53,3,1.8855218855218854
PB-S04,36,54,4,1.8855218855218854
PB-S04,36,55,2,1.8855218855218854
PB-S04,37,38,0,1.8855218855218854
PB-S04,37,39,3,1.8855218855218854
PB-S04,37,40,3,1.8855218855218854
PB-S04,37,41,1,1.8855218855218854
PB-S04,37,42,1,1.8855218855218854
PB-S04,37,43,2,1.8855218855218854
PB-S04,37,44,3,1.8855218855218854
PB-S04,37,45,3,1.8855218855218854
PB-S04,37,46,2,1.8855218855218854
PB-S04,37,47,3,1.8855218855218854
PB-S04,37,48,5,1.8855218855218854
PB-S04,37,49,2,1.8855218855218854
PB-S04,37,50,5,1.8855218855218854
PB-S04,37,51,1,1.8855218855218854
PB-S04,37,52,3,1.8855218855218854
PB-S04,37,53,2,1.8855218855218854
PB-S04,37,54,2,1.8855218855218854
PB-S04,37,55,3,1.8855218855218854
PB-S04,38,39,1,1.8855218855218854
PB-S04,38,40,4,1.8855218855218854
PB-S04,38,41,2,1.8855218855218854
PB-S04,38,42,4,1.8855218855218854
PB-S04,38,43,0,1.8855218855218854
PB-S04,38,44,1,1.8855218855218854
PB-S04,38,45,2,1.8855218855218854
PB-S04,38,46,2,1.8855218855218854
PB-S04,38,47,2,1.8855218855218854
PB-S04,38,48,1,1.8855218855218854
PB-S04,38,49,3,1.8855218855218854
PB-S04,38,50,1,1.8855218855218854
PB-S04,38,51,5,1.8855218855218854
PB-S04,38,52,2,1.8855218855218854
PB-S04,38,53,4,1.8855218855218854
PB-S04,38,54,3,1.8855218855218854
PB-S04,38,55,3,1.8855218855218854
PB-S04,39,40,3,1.8855218855218854
PB-S04,39,41,2,1.8855218855218854
PB-S04,39,42,1,1.8855218855218854
PB-S04,39,43,4,1.8855218855218854
PB-S04,39,44,2,1.8855218855218854
PB-S04,39,45,1,1.8855218855218854
PB-S04,39,46,2,1.8855218855218854
PB-S04,39,47,3,1.8855218855218854
PB-S04,39,48,1,1.8855218855218854
PB-S04,39,49,0,1.8855218855218854
PB-S04,39,50,0,1.8855218855218854
PB-S04,39,51,0,1.8855218855218854
PB-S04,39,52,1,1.8855218855218854
PB-S04,39,53,4,1.8855218855218854
PB-S04,39,54,2,1.8855218855218854
PB-S04,39,55,2,1.8855218855218854
PB-S04,40,41,1,1.8855218855218854
PB-S04,40,42,3,1.8855218855218854
PB-S04,40,43,2,1.8855218855218854
PB-S04,40,44,0,1.8855218855218854
PB-S04,40,45,0,1.8855218855218854
PB-S04,40,46,1,1.8855218855218854
PB-S04,40,47,3,1.8855218855218854
PB-S04,40,48,4,1.8855218855218854
PB-S04,40,49,3,1.8855218855218854
PB-S04,40,50,4,1.8855218855218854
PB-S04,40,51,1,1.8855218855218854
PB-S04,40,52,1,1.8855218855218854
PB-S04,40,53,4,1.8855218855218854
PB-S04,40,54,3,1.8855218855218854
PB-S04,40,55,3,1.8855218855218854
PB-S04,41,42,2,1.8855218855218854
PB-S04,41,43,1,1.8855218855218854
PB-S04,41,44,0,1.8855218855218854
PB-S04,41,45,1,1.8855218855218854
PB-S04,41,46,0,1.8855218855218854
PB-S04,41,47,2,1.8855218855218854
PB-S04,41,48,2,1.8855218855218854
PB-S04,41,49,1,1.8855218855218854
PB-S04,41,50,2,1.8855218855218854
PB-S04,41,51,0,1.8855218855218854
PB-S04,41,52,2,1.8855218855218854
PB-S04,41,53,2,1.8855218855218854
PB-S04,41,54,4,1.8855218855218854
PB-S04,41,55,4,1.8855218855218854
PB-S04,42,43,6,1.8855218855218854
PB-S04,42,44,0,1.8855218855218854
PB-S04,42,45,3,1.8855218855218854
PB-S04,42,46,3,1.8855218855218854
PB-S04,42,47,1,1.8855218855218854
PB-S04,42,48,3,1.8855218855218854
PB-S04,42,49,1,1.8855218855218854
PB-S04,42,50,2,1.8855218855218854
PB-S04,42,51,1,1.8855218855218854
PB-S04,42,52,1,1.8855218855218854
PB-S04,42,53,3,1.8855218855218854
PB-S04,42,54,4,1.8855218855218854
PB-S04,42,55,1,1.8855218855218854
PB-S04,43,44,3,1.8855218855218854
PB-S04,43,45,1,1.8855218855218854
PB-S04,43,46,3,1.8855218855218854
PB-S04,43,47,2,1.8855218855218854
PB-S04,43,48,2,1.8855218855218854
PB-S04,43,49,3,1.8855218855218854
PB-S04,43,50,1,1.8855218855218854
PB-S04,43,51,1,1.8855218855218854
PB-S04,43,52,3,1.8855218855218854
PB-S04,43,53,3,1.8855218855218854
PB-S04,43,54,1,1.8855218855218854
PB-S04,43,55,2,1.8855218855218854
PB-S04,44,45,1,1.8855218855218854
PB-S04,44,46,2,1.8855218855218854
PB-S04,44,47,2,1.8855218855218854
PB-S04,44,48,1,1.8855218855218854
PB-S04,44,49,2,1.8855218855218854
PB-S04,44,50,2,1.8855218855218854
PB-S04,44,51,1,1.8855218855218854
PB-S04,44,52,1,1.8855218855218854
PB-S04,44,53,2,1.8855218855218854
PB-S04,44,54,2,1.8855218855218854
PB-S04,44,55,1,1.8855218855218854
PB-S04,45,46,1,1.8855218855218854
PB-S04,45,47,1,1.8855218855218854
PB-S04,45,48,1,1.8855218855218854
PB-S04,45,49,0,1.8855218855218854
PB-S04,45,50,2,1.8855218855218854
PB-S04,45,51,2,1.8855218855218854
PB-S04,45,52,0,1.8855218855218854
PB-S04,45,53,2,1.8855218855218854
PB-S04,45,54,3,1.8855218855218854
PB-S04,45,55,1,1.8855218855218854
PB-S04,46,47,1,1.8855218855218854
PB-S04,46,48,2,1.8855218855218854
PB-S04,46,49,2,1.8855218855218854
PB-S04,46,50,1,1.8855218855218854
PB-S04,46,51,3,1.8855218855218854
PB-S04,46,52,1,1.8855218855218854
PB-S04,46,53,2,1.8855218855218854
PB-S04,46,54,2,1.8855218855218854
PB-S04,46,55,0,1.8855218855218854
PB-S04,47,48,2,1.8855218855218854
PB-S04,47,49,0,1.8855218855218854
PB-S04,47,50,2,1.8855218855218854
PB-S04,47,51,2,1.8855218855218854
PB-S04,47,52,0,1.8855218855218854
PB-S04,47,53,3,1.8855218855218854
PB-S04,47,54,3,1.8855218855218854
PB-S04,47,55,2,1.8855218855218854
PB-S04,48,49,0,1.8855218855218854
PB-S04,48,50,6,1.8855218855218854
PB-S04,48,51,2,1.8855218855218854
PB-S04,48,52,1,1.8855218855218854
PB-S04,48,53,2,1.8855218855218854
PB-S04,48,54,3,1.8855218855218854
PB-S04,48,55,3,1.8855218855218854
PB-S04,49,50,4,1.8855218855218854
PB-S04,49,51,0,1.8855218855218854
PB-S04,49,52,4,1.8855218855218854
PB-S04,49,53,1,1.8855218855218854
PB-S04,49,54,0,1.8855218855218854
PB-S04,49,55,4,1.8855218855218854
PB-S04,50,51,0,1.8855218855218854
PB-S04,50,52,2,1.8855218855218854
PB-S04,50,53,0,1.8855218855218854
PB-S04,50,54,1,1.8855218855218854
PB-S04,50,55,1,1.8855218855218854
PB-S04,51,52,2,1.8855218855218854
PB-S04,51,53,2,1.8855218855218854
PB-S04,51,54,1,1.8855218855218854
PB-S04,51,55,0,1.8855218855218854
PB-S04,52,53,4,1.8855218855218854
PB-S04,52,54,1,1.8855218855218854
PB-S04,52,55,2,1.8855218855218854
PB-S04,53,54,3,1.8855218855218854
PB-S04,53,55,1,1.8855218855218854
PB-S04,54,55,7,1.8855218855218854
PB-S05,1,2,0,1.472822910578609
PB-S05,1,3,1,1.472822910578609
PB-S05,1,4,2,1.472822910578609
PB-S05,1,5,1,1.472822910578609
PB-S05,1,6,3,1.472822910578609
PB-S05,1,7,1,1.472822910578609
PB-S05,1,8,1,1.472822910578609
PB-S05,1,9,0,1.472822910578609
PB-S05,1,10,2,1.472822910578609
PB-S05,1,11,1,1.472822910578609
PB-S05,1,12,3,1.472822910578609
PB-S05,1,13,2,1.472822910578609
PB-S05,1,14,1,1.472822910578609
PB-S05,1,15,0,1.472822910578609
PB-S05,1,16,1,1.472822910578609
PB-S05,1,17,2,1.472822910578609
PB-S05,1,18,1,1.472822910578609
PB-S05,1,19,1,1.472822910578609
PB-S05,1,20,5,1.472822910578609
PB-S05,1,21,1,1.472822910578609
PB-S05,1,22,0,1.472822910578609
PB-S05,1,23,2,1.472822910578609
PB-S05,1,24,1,1.472822910578609
PB-S05,1,25,1,1.472822910578609
PB-S05,1,26,1,1.472822910578609
PB-S05,1,27,2,1.472822910578609
PB-S05,1,28,1,1.472822910578609
PB-S05,1,29,0,1.472822910578609
PB-S05,1,30,1,1.472822910578609
PB-S05,1,31,0,1.472822910578609
PB-S05,1,32,0,1.472822910578609
PB-S05,1,33,1,1.472822910578609
PB-S05,1,34,0,1.472822910578609
PB-S05,1,35,0,1.472822910578609
PB-S05,1,36,1,1.472822910578609
PB-S05,1,37,2,1.472822910578609
PB-S05,1,38,1,1.472822910578609
PB-S05,1,39,2,1.472822910578609
PB-S05,1,40,0,1.472822910578609
PB-S05,1,41,4,1.472822910578609
PB-S05,1,42,2,1.472822910578609
PB-S05,1,43,1,1.472822910578609
PB-S05,1,44,2,1.472822910578609
PB-S05,1,45,0,1.472822910578609
PB-S05,1,46,0,1.472822910578609
PB-S05,1,47,1,1.472822910578609
PB-S05,1,48,1,1.472822910578609
PB-S05,1,49,2,1.472822910578609
PB-S05,1,50,1,1.472822910578609
PB-S05,1,51,1,1.472822910578609
PB-S05,1,52,3,1.472822910578609
PB-S05,1,53,2,1.472822910578609
PB-S05,1,54,0,1.472822910578609
PB-S05,1,55,1,1.472822910578609
PB-S05,1,56,2,1.472822910578609
PB-S05,1,57,2,1.472822910578609
PB-S05,1,58,1,1.472822910578609
PB-S05,1,59,1,1.472822910578609
PB-S05,2,3,1,1.472822910578609
PB-S05,2,4,0,1.472822910578609
PB-S05,2,5,2,1.472822910578609
PB-S05,2,6,1,1.472822910578609
PB-S05,2,7,2,1.472822910578609
PB-S05,2,8,2,1.472822910578609
PB-S05,2,9,3,1.472822910578609
PB-S05,2,10,0,1.472822910578609
PB-S05,2,11,1,1.472822910578609
PB-S05,2,12,0,1.472822910578609
PB-S05,2,13,0,1.472822910578609
PB-S05,2,14,0,1.472822910578609
PB-S05,2,15,1,1.472822910578609
PB-S05,2,16,2,1.472822910578609
PB-S05,2,17,0,1.472822910578609
PB-S05,2,18,0,1.472822910578609
PB-S05,2,19,1,1.472822910578609
PB-S05,2,20,2,1.472822910578609
PB-S05,2,21,1,1.472822910578609
PB-S05,2,22,0,1.472822910578609
PB-S05,2,23,2,1.472822910578609
PB-S05,2,24,0,1.472822910578609
PB-S05,2,25,0,1.472822910578609
PB-S05,2,26,1,1.472822910578609
PB-S05,2,27,1,1.472822910578609
PB-S05,2,28,0,1.472822910578609
PB-S05,2,29,1,1.472822910578609
PB-S05,2,30,0,1.472822910578609
PB-S05,2,31,1,1.472822910578609
PB-S05,2,32,1,1.472822910578609
PB-S05,2,33,2,1.472822910578609
PB-S05,2,34,0,1.472822910578609
PB-S05,2,35,0,1.472822910578609
PB-S05,2,36,0,1.472822910578609
PB-S05,2,37,0,1.472822910578609
PB-S05,2,38,2,1.472822910578609
PB-S05,2,39,1,1.472822910578609
PB-S05,2,40,1,1.472822910578609
PB-S05,2,41,3,1.472822910578609
PB-S05,2,42,2,1.472822910578609
PB-S05,2,43,1,1.472822910578609
PB-S05,2,44,1,1.472822910578609
PB-S05,2,45,1,1.472822910578609
PB-S05,2,46,1,1.472822910578609
PB-S05,2,47,1,1.472822910578609
PB-S05,2,48,2,1.472822910578609
PB-S05,2,49,2,1.472822910578609
PB-S05,2,50,2,1.472822910578609
PB-S05,2,51,0,1.472822910578609
PB-S05,2,52,0,1.472822910578609
PB-S05,2,53,0,1.472822910578609
PB-S05,2,54,2,1.472822910578609
PB-S05,2,55,2,1.472822910578609
PB-S05,2,56,1,1.472822910578609
PB-S05,2,57,0,1.472822910578609
PB-S05,2,58,1,1.472822910578609
PB-S05,2,59,2,1.472822910578609
PB-S05,3,4,0,1.472822910578609
PB-S05,3,5,0,1.472822910578609
PB-S05,3,6,1,1.472822910578609
PB-S05,3,7,2,1.472822910578609
PB-S05,3,8,0,1.472822910578609
PB-S05,3,9,0,1.472822910578609
PB-S05,3,10,1,1.472822910578609
PB-S05,3,11,4,1.472822910578609
PB-S05,3,12,1,1.472822910578609
PB-S05,3,13,1,1.472822910578609
PB-S05,3,14,2,1.472822910578609
PB-S05,3,15,1,1.472822910578609
PB-S05,3,16,3,1.472822910578609
PB-S05,3,17,0,1.472822910578609
PB-S05,3,18,2,1.472822910578609
PB-S05,3,19,0,1.472822910578609
PB-S05,3,20,5,1.472822910578609
PB-S05,3,21,0,1.472822910578609
PB-S05,3,22,1,1.472822910578609
PB-S05,3,23,1,1.472822910578609
PB-S05,3,24,1,1.472822910578609
PB-S05,3,25,0,1.472822910578609
PB-S05,3,26,1,1.472822910578609
PB-S05,3,27,3,1.472822910578609
PB-S05,3,28,2,1.472822910578609
PB-S05,3,29,1,1.472822910578609
PB-S05,3,30,0,1.472822910578609
PB-S05,3,31,0,1.472822910578609
PB-S05,3,32,1,1.472822910578609
PB-S05,3,33,1,1.472822910578609
PB-S05,3,34,2,1.472822910578609
PB-S05,3,35,0,1.472822910578609
PB-S05,3,36,0,1.472822910578609
PB-S05,3,37,2,1.472822910578609
PB-S05,3,38,1,1.472822910578609
PB-S05,3,39,0,1.472822910578609
PB-S05,3,40,0,1.472822910578609
PB-S05,3,41,3,1.472822910578609
PB-S05,3,42,4,1.472822910578609
PB-S05,3,43,0,1.472822910578609
PB-S05,3,44,0,1.472822910578609
PB-S05,3,45,1,1.472822910578609
PB-S05,3,46,2,1.472822910578609
PB-S05,3,47,2,1.472822910578609
PB-S05,3,48,2,1.472822910578609
PB-S05,3,49,0,1.472822910578609
PB-S05,3,50,0,1.472822910578609
PB-S05,3,51,2,1.472822910578609
PB-S05,3,52,1,1.472822910578609
PB-S05,3,53,2,1.472822910578609
PB-S05,3,54,0,1.472822910578609
PB-S05,3,55,0,1.472822910578609
PB-S05,3,56,0,1.472822910578609
PB-S05,3,57,1,1.472822910578609
PB-S05,3,58,2,1.472822910578609
PB-S05,3,59,0,1.472822910578609
PB-S05,4,5,1,1.472822910578609
PB-S05,4,6,1,1.472822910578609
PB-S05,4,7,0,1.472822910578609
PB-S05,4,8,0,1.472822910578609
PB-S05,4,9,2,1.472822910578609
PB-S05,4,10,1,1.472822910578609
PB-S05,4,11,2,1.472822910578609
PB-S05,4,12,1,1.472822910578609
PB-S05,4,13,2,1.472822910578609
PB-S05,4,14,1,1.472822910578609
PB-S05,4,15,1,1.472822910578609
PB-S05,4,16,2,1.472822910578609
PB-S05,4,17,2,1.472822910578609
PB-S05,4,18,2,1.472822910578609
PB-S05,4,19,2,1.472822910578609
PB-S05,4,20,1,1.472822910578609
PB-S05,4,21,2,1.472822910578609
PB-S05,4,22,4,1.472822910578609
PB-S05,4,23,2,1.472822910578609
PB-S05,4,24,1,1.472822910578609
PB-S05,4,25,0,1.472822910578609
PB-S05,4,26,2,1.472822910578609
PB-S05,4,27,1,1.472822910578609
PB-S05,4,28,1,1.472822910578609
PB-S05,4,29,0,1.472822910578609
PB-S05,4,30,0,1.472822910578609
PB-S05,4,31,2,1.472822910578609
PB-S05,4,32,4,1.472822910578609
PB-S05,4,33,4,1.472822910578609
PB-S05,4,34,0,1.472822910578609
PB-S05,4,35,1,1.472822910578609
PB-S05,4,36,2,1.472822910578609
PB-S05,4,37,1,1.472822910578609
PB-S05,4,38,0,1.472822910578609
PB-S05,4,39,3,1.472822910578609
PB-S05,4,40,2,1.472822910578609
PB-S05,4,41,2,1.472822910578609
PB-S05,4,42,2,1.472822910578609
PB-S05,4,43,2,1.472822910578609
PB-S05,4,44,3,1.472822910578609
PB-S05,4,45,2,1.472822910578609
PB-S05,4,46,0,1.472822910578609
PB-S05,4,47,4,1.472822910578609
PB-S05,4,48,0,1.472822910578609
PB-S05,4,49,3,1.472822910578609
PB-S05,4,50,4,1.472822910578609
PB-S05,4,51,1,1.472822910578609
PB-S05,4,52,2,1.472822910578609
PB-S05,4,53,1,1.472822910578609
PB-S05,4,54,0,1.472822910578609
PB-S05,4,55,2,1.472822910578609
PB-S05,4,56,1,1.472822910578609
PB-S05,4,57,1,1.472822910578609
PB-S05,4,58,2,1.472822910578609
PB-S05,4,59,1,1.472822910578609
PB-S05,5,6,1,1.472822910578609
PB-S05,5,7,0,1.472822910578609
PB-S05,5,8,2,1.472822910578609
PB-S05,5,9,2,1.472822910578609
PB-S05,5,10,3,1.472822910578609
PB-S05,5,11,2,1.472822910578609
PB-S05,5,12,3,1.472822910578609
PB-S05,5,13,2,1.472822910578609
PB-S05,5,14,2,1.472822910578609
PB-S05,5,15,2,1.472822910578609
PB-S05,5,16,2,1.472822910578609
PB-S05,5,17,2,1.472822910578609
PB-S05,5,18,2,1.472822910578609
PB-S05,5,19,0,1.472822910578609
PB-S05,5,20,2,1.472822910578609
PB-S05,5,21,2,1.472822910578609
PB-S05,5,22,3,1.472822910578609
PB-S05,5,23,2,1.472822910578609
PB-S05,5,24,1,1.472822910578609
PB-S05,5,25,3,1.472822910578609
PB-S05,5,26,1,1.472822910578609
PB-S05,5,27,0,1.472822910578609
PB-S05,5,28,2,1.472822910578609
PB-S05,5,29,1,1.472822910578609
PB-S05,5,30,3,1.472822910578609
PB-S05,5,31,0,1.472822910578609
PB-S05,5,32,3,1.472822910578609
PB-S05,5,33,1,1.472822910578609
PB-S05,5,34,1,1.472822910578609
PB-S05,5,35,0,1.472822910578609
PB-S05,5,36,1,1.472822910578609
PB-S05,5,37,3,1.472822910578609
PB-S05,5,38,3,1.472822910578609
PB-S05,5,39,2,1.472822910578609
PB-S05,5,40,2,1.472822910578609
PB-S05,5,41,2,1.472822910578609
PB-S05,5,42,1,1.472822910578609
PB-S05,5,43,1,1.472822910578609
PB-S05,5,44,1,1.472822910578609
PB-S05,5,45,2,1.472822910578609
PB-S05,5,46,2,1.472822910578609
PB-S05,5,47,1,1.472822910578609
PB-S05,5,48,0,1.472822910578609
PB-S05,5,49,4,1.472822910578609
PB-S05,5,50,0,1.472822910578609
PB-S05,5,51,0,1.472822910578609
PB-S05,5,52,2,1.472822910578609
PB-S05,5,53,4,1.472822910578609
PB-S05,5,54,1,1.472822910578609
PB-S05,5,55,0,1.472822910578609
PB-S05,5,56,1,1.472822910578609
PB-S05,5,57,1,1.472822910578609
PB-S05,5,58,2,1.472822910578609
PB-S05,5,59,2,1.472822910578609
PB-S05,6,7,2,1.472822910578609
PB-S05,6,8,0,1.472822910578609
PB-S05,6,9,0,1.472822910578609
PB-S05,6,10,1,1.472822910578609
PB-S05,6,11,0,1.472822910578609
PB-S05,6,12,1,1.472822910578609
PB-S05,6,13,2,1.472822910578609
PB-S05,6,14,1,1.472822910578609
PB-S05,6,15,2,1.472822910578609
PB-S05,6,16,4,1.472822910578609
PB-S05,6,17,0,1.472822910578609
PB-S05,6,18,0,1.472822910578609
PB-S05,6,19,1,1.472822910578609
PB-S05,6,20,5,1.472822910578609
PB-S05,6,21,1,1.472822910578609
PB-S05,6,22,2,1.472822910578609
PB-S05,6,23,0,1.472822910578609
PB-S05,6,24,0,1.472822910578609
PB-S05,6,25,1,1.472822910578609
PB-S05,6,26,3,1.472822910578609
PB-S05,6,27,0,1.472822910578609
PB-S05,6,28,0,1.472822910578609
PB-S05,6,29,0,1.472822910578609
PB-S05,6,30,0,1.472822910578609
PB-S05,6,31,3,1.472822910578609
PB-S05,6,32,5,1.472822910578609
PB-S05,6,33,1,1.472822910578609
PB-S05,6,34,2,1.472822910578609
PB-S05,6,35,1,1.472822910578609
PB-S05,6,36,2,1.472822910578609
PB-S05,6,37,1,1.472822910578609
PB-S05,6,38,2,1.472822910578609
PB-S05,6,39,0,1.472822910578609
PB-S05,6,40,1,1.472822910578609
PB-S05,6,41,1,1.472822910578609
PB-S05,6,42,2,1.472822910578609
PB-S05,6,43,2,1.472822910578609
PB-S05,6,44,1,1.472822910578609
PB-S05,6,45,2,1.472822910578609
PB-S05,6,46,0,1.472822910578609
PB-S05,6,47,2,1.472822910578609
PB-S05,6,48,3,1.472822910578609
PB-S05,6,49,2,1.472822910578609
PB-S05,6,50,1,1.472822910578609
PB-S05,6,51,2,1.472822910578609
PB-S05,6,52,3,1.472822910578609
PB-S05,6,53,0,1.472822910578609
PB-S05,6,54,0,1.472822910578609
PB-S05,6,55,1,1.472822910578609
PB-S05,6,56,2,1.472822910578609
PB-S05,6,57,0,1.472822910578609
PB-S05,6,58,0,1.472822910578609
PB-S05,6,59,1,1.472822910578609
PB-S05,7,8,4,1.472822910578609
PB-S05,7,9,1,1.472822910578609
PB-S05,7,10,2,1.472822910578609
PB-S05,7,11,1,1.472822910578609
PB-S05,7,12,4,1.472822910578609
PB-S05,7,13,2,1.472822910578609
PB-S05,7,14,1,1.472822910578609
PB-S05,7,15,1,1.472822910578609
PB-S05,7,16,1,1.472822910578609
PB-S05,7,17,2,1.472822910578609
PB-S05,7,18,0,1.472822910578609
PB-S05,7,19,1,1.472822910578609
PB-S05,7,20,5,1.472822910578609
PB-S05,7,21,2,1.472822910578609
PB-S05,7,22,3,1.472822910578609
PB-S05,7,23,4,1.472822910578609
PB-S05,7,24,1,1.472822910578609
PB-S05,7,25,1,1.472822910578609
PB-S05,7,26,3,1.472822910578609
PB-S05,7,27,3,1.472822910578609
PB-S05,7,28,2,1.472822910578609
PB-S05,7,29,2,1.472822910578609
PB-S05,7,30,2,1.472822910578609
PB-S05,7,31,3,1.472822910578609
PB-S05,7,32,3,1.472822910578609
PB-S05,7,33,2,1.472822910578609
PB-S05,7,34,3,1.472822910578609
PB-S05,7,35,1,1.472822910578609
PB-S05,7,36,4,1.472822910578609
PB-S05,7,37,1,1.472822910578609
PB-S05,7,38,1,1.472822910578609
PB-S05,7,39,2,1.472822910578609
PB-S05,7,40,1,1.472822910578609
PB-S05,7,41,1,1.472822910578609
PB-S05,7,42,3,1.472822910578609
PB-S05,7,43,2,1.472822910578609
PB-S05,7,44,4,1.472822910578609
PB-S05,7,45,1,1.472822910578609
PB-S05,7,46,3,1.472822910578609
PB-S05,7,47,1,1.472822910578609
PB-S05,7,48,0,1.472822910578609
PB-S05,7,49,5,1.472822910578609
PB-S05,7,50,2,1.472822910578609
PB-S05,7,51,3,1.472822910578609
PB-S05,7,52,3,1.472822910578609
PB-S05,7,53,0,1.472822910578609
PB-S05,7,54,0,1.472822910578609
PB-S05,7,55,2,1.472822910578609
PB-S05,7,56,1,1.472822910578609
PB-S05,7,57,0,1.472822910578609
PB-S05,7,58,3,1.472822910578609
PB-S05,7,59,2,1.472822910578609
PB-S05,8,9,1,1.472822910578609
PB-S05,8,10,2,1.472822910578609
PB-S05,8,11,4,1.472822910578609
PB-S05,8,12,2,1.472822910578609
PB-S05,8,13,0,1.472822910578609
PB-S05,8,14,1,1.472822910578609
PB-S05,8,15,1,1.472822910578609
PB-S05,8,16,1,1.472822910578609
PB-S05,8,17,1,1.472822910578609
PB-S05,8,18,4,1.472822910578609
PB-S05,8,19,2,1.472822910578609
PB-S05,8,20,3,1.472822910578609
PB-S05,8,21,1,1.472822910578609
PB-S05,8,22,2,1.472822910578609
PB-S05,8,23,1,1.472822910578609
PB-S05,8,24,0,1.472822910578609
PB-S05,8,25,3,1.472822910578609
PB-S05,8,26,2,1.472822910578609
PB-S05,8,27,1,1.472822910578609
PB-S05,8,28,0,1.472822910578609
PB-S05,8,29,4,1.472822910578609
PB-S05,8,30,1,1.472822910578609
PB-S05,8,31,1,1.472822910578609
PB-S05,8,32,3,1.472822910578609
PB-S05,8,33,1,1.472822910578609
PB-S05,8,34,1,1.472822910578609
PB-S05,8,35,1,1.472822910578609
PB-S05,8,36,2,1.472822910578609
PB-S05,8,37,2,1.472822910578609
PB-S05,8,38,2,1.472822910578609
PB-S05,8,39,1,1.472822910578609
PB-S05,8,40,3,1.472822910578609
PB-S05,8,41,2,1.472822910578609
PB-S05,8,42,2,1.472822910578609
PB-S05,8,43,1,1.472822910578609
PB-S05,8,44,2,1.472822910578609
PB-S05,8,45,1,1.472822910578609
PB-S05,8,46,2,1.472822910578609
PB-S05,8,47,0,1.472822910578609
PB-S05,8,48,0,1.472822910578609
PB-S05,8,49,2,1.472822910578609
PB-S05,8,50,2,1.472822910578609
PB-S05,8,51,1,1.472822910578609
PB-S05,8,52,2,1.472822910578609
PB-S05,8,53,0,1.472822910578609
PB-S05,8,54,0,1.472822910578609
PB-S05,8,55,1,1.472822910578609
PB-S05,8,56,2,1.472822910578609
PB-S05,8,57,0,1.472822910578609
PB-S05,8,58,1,1.472822910578609
PB-S05,8,59,0,1.472822910578609
PB-S05,9,10,0,1.472822910578609
PB-S05,9,11,0,1.472822910578609
PB-S05,9,12,1,1.472822910578609
PB-S05,9,13,3,1.472822910578609
PB-S05,9,14,2,1.472822910578609
PB-S05,9,15,0,1.472822910578609
PB-S05,9,16,1,1.472822910578609
PB-S05,9,17,1,1.472822910578609
PB-S05,9,18,0,1.472822910578609
PB-S05,9,19,0,1.472822910578609
PB-S05,9,20,0,1.472822910578609
PB-S05,9,21,1,1.472822910578609
PB-S05,9,22,2,1.472822910578609
PB-S05,9,23,3,1.472822910578609
PB-S05,9,24,1,1.472822910578609
PB-S05,9,25,0,1.472822910578609
PB-S05,9,26,0,1.472822910578609
PB-S05,9,27,1,1.472822910578609
PB-S05,9,28,0,1.472822910578609
PB-S05,9,29,0,1.472822910578609
PB-S05,9,30,1,1.472822910578609
PB-S05,9,31,1,1.472822910578609
PB-S05,9,32,2,1.472822910578609
PB-S05,9,33,3,1.472822910578609
PB-S05,9,34,1,1.472822910578609
PB-S05,9,35,2,1.472822910578609
PB-S05,9,36,3,1.472822910578609
PB-S05,9,37,2,1.472822910578609
PB-S05,9,38,2,1.472822910578609
PB-S05,9,39,2,1.472822910578609
PB-S05,9,40,0,1.472822910578609
PB-S05,9,41,2,1.472822910578609
PB-S05,9,42,1,1.472822910578609
PB-S05,9,43,3,1.472822910578609
PB-S05,9,44,2,1.472822910578609
PB-S05,9,45,4,1.472822910578609
PB-S05,9,46,0,1.472822910578609
PB-S05,9,47,0,1.472822910578609
PB-S05,9,48,1,1.472822910578609
PB-S05,9,49,1,1.472822910578609
PB-S05,9,50,2,1.472822910578609
PB-S05,9,51,0,1.472822910578609
PB-S05,9,52,1,1.472822910578609
PB-S05,9,53,2,1.472822910578609
PB-S05,9,54,2,1.472822910578609
PB-S05,9,55,0,1.472822910578609
PB-S05,9,56,0,1.472822910578609
PB-S05,9,57,1,1.472822910578609
PB-S05,9,58,1,1.472822910578609
PB-S05,9,59,1,1.472822910578609
PB-S05,10,11,4,1.472822910578609
PB-S05,10,12,3,1.472822910578609
PB-S05,10,13,1,1.472822910578609
PB-S05,10,14,3,1.472822910578609
PB-S05,10,15,1,1.472822910578609
PB-S05,10,16,0,1.472822910578609
PB-S05,10,17,0,1.472822910578609
PB-S05,10,18,5,1.472822910578609
PB-S05,10,19,2,1.472822910578609
PB-S05,10,20,4,1.472822910578609
PB-S05,10,21,0,1.472822910578609
PB-S05,10,22,3,1.472822910578609
PB-S05,10,23,4,1.472822910578609
PB-S05,10,24,1,1.472822910578609
PB-S05,10,25,1,1.472822910578609
PB-S05,10,26,0,1.472822910578609
PB-S05,10,27,1,1.472822910578609
PB-S05,10,28,0,1.472822910578609
PB-S05,10,29,1,1.472822910578609
PB-S05,10,30,3,1.472822910578609
PB-S05,10,31,1,1.472822910578609
PB-S05,10,32,3,1.472822910578609
PB-S05,10,33,2,1.472822910578609
PB-S05,10,34,1,1.472822910578609
PB-S05,10,35,1,1.472822910578609
PB-S05,10,36,1,1.472822910578609
PB-S05,10,37,1,1.472822910578609
PB-S05,10,38,1,1.472822910578609
PB-S05,10,39,1,1.472822910578609
PB-S05,10,40,1,1.472822910578609
PB-S05,10,41,3,1.472822910578609
PB-S05,10,42,0,1.472822910578609
PB-S05,10,43,1,1.472822910578609
PB-S05,10,44,1,1.472822910578609
PB-S05,10,45,4,1.472822910578609
PB-S05,10,46,0,1.472822910578609
PB-S05,10,47,3,1.472822910578609
PB-S05,10,48,1,1.472822910578609
PB-S05,10,49,1,1.472822910578609
PB-S05,10,50,0,1.472822910578609
PB-S05,10,51,3,1.472822910578609
PB-S05,10,52,4,1.472822910578609
PB-S05,10,53,2,1.472822910578609
PB-S05,10,54,2,1.472822910578609
PB-S05,10,55,2,1.472822910578609
PB-S05,10,56,3,1.472822910578609
PB-S05,10,57,2,1.472822910578609
PB-S05,10,58,0,1.472822910578609
PB-S05,10,59,2,1.472822910578609
PB-S05,11,12,2,1.472822910578609
PB-S05,11,13,0,1.472822910578609
PB-S05,11,14,2,1.472822910578609
PB-S05,11,15,2,1.472822910578609
PB-S05,11,16,1,1.472822910578609
PB-S05,11,17,0,1.472822910578609
PB-S05,11,18,3,1.472822910578609
PB-S05,11,19,2,1.472822910578609
PB-S05,11,20,3,1.472822910578609
PB-S05,11,21,0,1.472822910578609
PB-S05,11,22,2,1.472822910578609
PB-S05,11,23,0,1.472822910578609
PB-S05,11,24,0,1.472822910578609
PB-S05,11,25,2,1.472822910578609
PB-S05,11,26,1,1.472822910578609
PB-S05,11,27,3,1.472822910578609
PB-S05,11,28,2,1.472822910578609
PB-S05,11,29,1,1.472822910578609
PB-S05,11,30,1,1.472822910578609
PB-S05,11,31,0,1.472822910578609
PB-S05,11,32,3,1.472822910578609
PB-S05,11,33,4,1.472822910578609
PB-S05,11,34,1,1.472822910578609
PB-S05,11,35,0,1.472822910578609
PB-S05,11,36,2,1.472822910578609
PB-S05,11,37,0,1.472822910578609
PB-S05,11,38,0,1.472822910578609
PB-S05,11,39,1,1.472822910578609
PB-S05,11,40,1,1.472822910578609
PB-S05,11,41,2,1.472822910578609
PB-S05,11,42,2,1.472822910578609
PB-S05,11,43,1,1.472822910578609
PB-S05,11,44,2,1.472822910578609
PB-S05,11,45,3,1.472822910578609
PB-S05,11,46,3,1.472822910578609
PB-S05,11,47,4,1.472822910578609
PB-S05,11,48,3,1.472822910578609
PB-S05,11,49,1,1.472822910578609
PB-S05,11,50,1,1.472822910578609
PB-S05,11,51,3,1.472822910578609
PB-S05,11,52,1,1.472822910578609
PB-S05,11,53,0,1.472822910578609
PB-S05,11,54,0,1.472822910578609
PB-S05,11,55,2,1.472822910578609
PB-S05,11,56,0,1.472822910578609
PB-S05,11,57,0,1.472822910578609
PB-S05,11,58,2,1.472822910578609
PB-S05,11,59,0,1.472822910578609
PB-S05,12,13,4,1.472822910578609
PB-S05,12,14,2,1.472822910578609
PB-S05,12,15,1,1.472822910578609
PB-S05,12,16,2,1.472822910578609
PB-S05,12,17,0,1.472822910578609
PB-S05,12,18,0,1.472822910578609
PB-S05,12,19,0,1.472822910578609
PB-S05,12,20,4,1.472822910578609
PB-S05,12,21,1,1.472822910578609
PB-S05,12,22,5,1.472822910578609
PB-S05,12,23,1,1.472822910578609
PB-S05,12,24,1,1.472822910578609
PB-S05,12,25,1,1.472822910578609
PB-S05,12,26,0,1.472822910578609
PB-S05,12,27,1,1.472822910578609
PB-S05,12,28,3,1.472822910578609
PB-S05,12,29,1,1.472822910578609
PB-S05,12,30,1,1.472822910578609
PB-S05,12,31,1,1.472822910578609
PB-S05,12,32,1,1.472822910578609
PB-S05,12,33,0,1.472822910578609
PB-S05,12,34,3,1.472822910578609
PB-S05,12,35,2,1.472822910578609
PB-S05,12,36,1,1.472822910578609
PB-S05,12,37,1,1.472822910578609
PB-S05,12,38,3,1.472822910578609
PB-S05,12,39,0,1.472822910578609
PB-S05,12,40,1,1.472822910578609
PB-S05,12,41,2,1.472822910578609
PB-S05,12,42,2,1.472822910578609
PB-S05,12,43,1,1.472822910578609
PB-S05,12,44,1,1.472822910578609
PB-S05,12,45,0,1.472822910578609
PB-S05,12,46,1,1.472822910578609
PB-S05,12,47,2,1.472822910578609
PB-S05,12,48,2,1.472822910578609
PB-S05,12,49,1,1.472822910578609
PB-S05,12,50,1,1.472822910578609
PB-S05,12,51,1,1.472822910578609
PB-S05,12,52,0,1.472822910578609
PB-S05,12,53,2,1.472822910578609
PB-S05,12,54,0,1.472822910578609
PB-S05,12,55,1,1.472822910578609
PB-S05,12,56,1,1.472822910578609
PB-S05,12,57,3,1.472822910578609
PB-S05,12,58,1,1.472822910578609
PB-S05,12,59,0,1.472822910578609
PB-S05,13,14,1,1.472822910578609
PB-S05,13,15,1,1.472822910578609
PB-S05,13,16,1,1.472822910578609
PB-S05,13,17,2,1.472822910578609
PB-S05,13,18,1,1.472822910578609
PB-S05,13,19,0,1.472822910578609
PB-S05,13,20,2,1.472822910578609
PB-S05,13,21,2,1.472822910578609
PB-S05,13,22,1,1.472822910578609
PB-S05,13,23,3,1.472822910578609
PB-S05,13,24,1,1.472822910578609
PB-S05,13,25,1,1.472822910578609
PB-S05,13,26,0,1.472822910578609
PB-S05,13,27,2,1.472822910578609
PB-S05,13,28,1,1.472822910578609
PB-S05,13,29,0,1.472822910578609
PB-S05,13,30,1,1.472822910578609
PB-S05,13,31,2,1.472822910578609
PB-S05,13,32,3,1.472822910578609
PB-S05,13,33,0,1.472822910578609
PB-S05,13,34,2,1.472822910578609
PB-S05,13,35,4,1.472822910578609
PB-S05,13,36,0,1.472822910578609
PB-S05,13,37,2,1.472822910578609
PB-S05,13,38,3,1.472822910578609
PB-S05,13,39,0,1.472822910578609
PB-S05,13,40,1,1.472822910578609
PB-S05,13,41,6,1.472822910578609
PB-S05,13,42,2,1.472822910578609
PB-S05,13,43,1,1.472822910578609
PB-S05,13,44,1,1.472822910578609
PB-S05,13,45,4,1.472822910578609
PB-S05,13,46,1,1.472822910578609
PB-S05,13,47,2,1.472822910578609
PB-S05,13,48,1,1.472822910578609
PB-S05,13,49,3,1.472822910578609
PB-S05,13,50,1,1.472822910578609
PB-S05,13,51,1,1.472822910578609
PB-S05,13,52,1,1.472822910578609
PB-S05,13,53,0,1.472822910578609
PB-S05,13,54,2,1.472822910578609
PB-S05,13,55,1,1.472822910578609
PB-S05,13,56,1,1.472822910578609
PB-S05,13,57,2,1.472822910578609
PB-S05,13,58,1,1.472822910578609
PB-S05,13,59,1,1.472822910578609
PB-S05,14,15,1,1.472822910578609
PB-S05,14,16,1,1.472822910578609
PB-S05,14,17,0,1.472822910578609
PB-S05,14,18,0,1.472822910578609
PB-S05,14,19,0,1.472822910578609
PB-S05,14,20,1,1.472822910578609
PB-S05,14,21,1,1.472822910578609
PB-S05,14,22,5,1.472822910578609
PB-S05,14,23,0,1.472822910578609
PB-S05,14,24,2,1.472822910578609
PB-S05,14,25,0,1.472822910578609
PB-S05,14,26,3,1.472822910578609
PB-S05,14,27,1,1.472822910578609
PB-S05,14,28,0,1.472822910578609
PB-S05,14,29,1,1.472822910578609
PB-S05,14,30,1,1.472822910578609
PB-S05,14,31,1,1.472822910578609
PB-S05,14,32,4,1.472822910578609
PB-S05,14,33,3,1.472822910578609
PB-S05,14,34,1,1.472822910578609
PB-S05,14,35,1,1.472822910578609
PB-S05,14,36,1,1.472822910578609
PB-S05,14,37,2,1.472822910578609
PB-S05,14,38,3,1.472822910578609
PB-S05,14,39,3,1.472822910578609
PB-S05,14,40,1,1.472822910578609
PB-S05,14,41,3,1.472822910578609
PB-S05,14,42,1,1.472822910578609
PB-S05,14,43,2,1.472822910578609
PB-S05,14,44,0,1.472822910578609
PB-S05,14,45,2,1.472822910578609
PB-S05,14,46,2,1.472822910578609
PB-S05,14,47,0,1.472822910578609
PB-S05,14,48,0,1.472822910578609
PB-S05,14,49,4,1.472822910578609
PB-S05,14,50,1,1.472822910578609
PB-S05,14,51,3,1.472822910578609
PB-S05,14,52,4,1.472822910578609
PB-S05,14,53,4,1.472822910578609
PB-S05,14,54,2,1.472822910578609
PB-S05,14,55,1,1.472822910578609
PB-S05,14,56,1,1.472822910578609
PB-S05,14,57,2,1.472822910578609
PB-S05,14,58,1,1.472822910578609
PB-S05,14,59,3,1.472822910578609
PB-S05,15,16,2,1.472822910578609
PB-S05,15,17,0,1.472822910578609
PB-S05,15,18,0,1.472822910578609
PB-S05,15,19,0,1.472822910578609
PB-S05,15,20,2,1.472822910578609
PB-S05,15,21,1,1.472822910578609
PB-S05,15,22,1,1.472822910578609
PB-S05,15,23,1,1.472822910578609
PB-S05,15,24,0,1.472822910578609
PB-S05,15,25,1,1.472822910578609
PB-S05,15,26,4,1.472822910578609
PB-S05,15,27,2,1.472822910578609
PB-S05,15,28,4,1.472822910578609
PB-S05,15,29,1,1.472822910578609
PB-S05,15,30,2,1.472822910578609
PB-S05,15,31,2,1.472822910578609
PB-S05,15,32,6,1.472822910578609
PB-S05,15,33,0,1.472822910578609
PB-S05,15,34,0,1.472822910578609
PB-S05,15,35,0,1.472822910578609
PB-S05,15,36,2,1.472822910578609
PB-S05,15,37,2,1.472822910578609
PB-S05,15,38,0,1.472822910578609
PB-S05,15,39,1,1.472822910578609
PB-S05,15,40,1,1.472822910578609
PB-S05,15,41,3,1.472822910578609
PB-S05,15,42,2,1.472822910578609
PB-S05,15,43,2,1.472822910578609
PB-S05,15,44,3,1.472822910578609
PB-S05,15,45,0,1.472822910578609
PB-S05,15,46,1,1.472822910578609
PB-S05,15,47,0,1.472822910578609
PB-S05,15,48,1,1.472822910578609
PB-S05,15,49,1,1.472822910578609
PB-S05,15,50,1,1.472822910578609
PB-S05,15,51,0,1.472822910578609
PB-S05,15,52,1,1.472822910578609
PB-S05,15,53,1,1.472822910578609
PB-S05,15,54,0,1.472822910578609
PB-S05,15,55,0,1.472822910578609
PB-S05,15,56,2,1.472822910578609
PB-S05,15,57,0,1.472822910578609
PB-S05,15,58,2,1.472822910578609
PB-S05,15,59,2,1.472822910578609
PB-S05,16,17,2,1.472822910578609
PB-S05,16,18,3,1.472822910578609
PB-S05,16,19,0,1.472822910578609
PB-S05,16,20,7,1.472822910578609
PB-S05,16,21,1,1.472822910578609
PB-S05,16,22,4,1.472822910578609
PB-S05,16,23,1,1.472822910578609
PB-S05,16,24,1,1.472822910578609
PB-S05,16,25,2,1.472822910578609
PB-S05,16,26,2,1.472822910578609
PB-S05,16,27,3,1.472822910578609
PB-S05,16,28,1,1.472822910578609
PB-S05,16,29,2,1.472822910578609
PB-S05,16,30,2,1.472822910578609
PB-S05,16,31,2,1.472822910578609
PB-S05,16,32,2,1.472822910578609
PB-S05,16,33,0,1.472822910578609
PB-S05,16,34,1,1.472822910578609
PB-S05,16,35,3,1.472822910578609
PB-S05,16,36,2,1.472822910578609
PB-S05,16,37,2,1.472822910578609
PB-S05,16,38,0,1.472822910578609
PB-S05,16,39,0,1.472822910578609
PB-S05,16,40,0,1.472822910578609
PB-S05,16,41,4,1.472822910578609
PB-S05,16,42,3,1.472822910578609
PB-S05,16,43,0,1.472822910578609
PB-S05,16,44,0,1.472822910578609
PB-S05,16,45,2,1.472822910578609
PB-S05,16,46,1,1.472822910578609
PB-S05,16,47,0,1.472822910578609
PB-S05,16,48,1,1.472822910578609
PB-S05,16,49,2,1.472822910578609
PB-S05,16,50,0,1.472822910578609
PB-S05,16,51,4,1.472822910578609
PB-S05,16,52,0,1.472822910578609
PB-S05,16,53,4,1.472822910578609
PB-S05,16,54,1,1.472822910578609
PB-S05,16,55,0,1.472822910578609
PB-S05,16,56,0,1.472822910578609
PB-S05,16,57,2,1.472822910578609
PB-S05,16,58,3,1.472822910578609
PB-S05,16,59,2,1.472822910578609
PB-S05,17,18,1,1.472822910578609
PB-S05,17,19,1,1.472822910578609
PB-S05,17,20,3,1.472822910578609
PB-S05,17,21,3,1.472822910578609
PB-S05,17,22,1,1.472822910578609
PB-S05,17,23,0,1.472822910578609
PB-S05,17,24,1,1.472822910578609
PB-S05,17,25,0,1.472822910578609
PB-S05,17,26,0,1.472822910578609
PB-S05,17,27,0,1.472822910578609
PB-S05,17,28,0,1.472822910578609
PB-S05,17,29,1,1.472822910578609
PB-S05,17,30,1,1.472822910578609
PB-S05,17,31,1,1.472822910578609
PB-S05,17,32,2,1.472822910578609
PB-S05,17,33,1,1.472822910578609
PB-S05,17,34,0,1.472822910578609
PB-S05,17,35,1,1.472822910578609
PB-S05,17,36,3,1.472822910578609
PB-S05,17,37,3,1.472822910578609
PB-S05,17,38,1,1.472822910578609
PB-S05,17,39,3,1.472822910578609
PB-S05,17,40,3,1.472822910578609
PB-S05,17,41,4,1.472822910578609
PB-S05,17,42,1,1.472822910578609
PB-S05,17,43,1,1.472822910578609
PB-S05,17,44,1,1.472822910578609
PB-S05,17,45,3,1.472822910578609
PB-S05,17,46,1,1.472822910578609
PB-S05,17,47,1,1.472822910578609
PB-S05,17,48,1,1.472822910578609
PB-S05,17,49,1,1.472822910578609
PB-S05,17,50,3,1.472822910578609
PB-S05,17,51,3,1.472822910578609
PB-S05,17,52,3,1.472822910578609
PB-S05,17,53,0,1.472822910578609
PB-S05,17,54,2,1.472822910578609
PB-S05,17,55,0,1.472822910578609
PB-S05,17,56,2,1.472822910578609
PB-S05,17,57,2,1.472822910578609
PB-S05,17,58,1,1.472822910578609
PB-S05,17,59,2,1.472822910578609
PB-S05,18,19,0,1.472822910578609
PB-S05,18,20,3,1.472822910578609
PB-S05,18,21,0,1.472822910578609
PB-S05,18,22,3,1.472822910578609
PB-S05,18,23,3,1.472822910578609
PB-S05,18,24,1,1.472822910578609
PB-S05,18,25,0,1.472822910578609
PB-S05,18,26,1,1.472822910578609
PB-S05,18,27,0,1.472822910578609
PB-S05,18,28,2,1.472822910578609
PB-S05,18,29,1,1.472822910578609
PB-S05,18,30,1,1.472822910578609
PB-S05,18,31,0,1.472822910578609
PB-S05,18,32,2,1.472822910578609
PB-S05,18,33,0,1.472822910578609
PB-S05,18,34,2,1.472822910578609
PB-S05,18,35,0,1.472822910578609
PB-S05,18,36,3,1.472822910578609
PB-S05,18,37,3,1.472822910578609
PB-S05,18,38,1,1.472822910578609
PB-S05,18,39,3,1.472822910578609
PB-S05,18,40,2,1.472822910578609
PB-S05,18,41,1,1.472822910578609
PB-S05,18,42,0,1.472822910578609
PB-S05,18,43,1,1.472822910578609
PB-S05,18,44,2,1.472822910578609
PB-S05,18,45,2,1.472822910578609
PB-S05,18,46,1,1.472822910578609
PB-S05,18,47,3,1.472822910578609
PB-S05,18,48,2,1.472822910578609
PB-S05,18,49,1,1.472822910578609
PB-S05,18,50,0,1.472822910578609
PB-S05,18,51,3,1.472822910578609
PB-S05,18,52,0,1.472822910578609
PB-S05,18,53,4,1.472822910578609
PB-S05,18,54,1,1.472822910578609
PB-S05,18,55,1,1.472822910578609
PB-S05,18,56,3,1.472822910578609
PB-S05,18,57,0,1.472822910578609
PB-S05,18,58,1,1.472822910578609
PB-S05,18,59,3,1.472822910578609
PB-S05,19,20,3,1.472822910578609
PB-S05,19,21,1,1.472822910578609
PB-S05,19,22,0,1.472822910578609
PB-S05,19,23,3,1.472822910578609
PB-S05,19,24,0,1.472822910578609
PB-S05,19,25,0,1.472822910578609
PB-S05,19,26,2,1.472822910578609
PB-S05,19,27,1,1.472822910578609
PB-S05,19,28,1,1.472822910578609
PB-S05,19,29,0,1.472822910578609
PB-S05,19,30,3,1.472822910578609
PB-S05,19,31,0,1.472822910578609
PB-S05,19,32,2,1.472822910578609
PB-S05,19,33,2,1.472822910578609
PB-S05,19,34,1,1.472822910578609
PB-S05,19,35,0,1.472822910578609
PB-S05,19,36,2,1.472822910578609
PB-S05,19,37,2,1.472822910578609
PB-S05,19,38,0,1.472822910578609
PB-S05,19,39,1,1.472822910578609
PB-S05,19,40,3,1.472822910578609
PB-S05,19,41,2,1.472822910578609
PB-S05,19,42,2,1.472822910578609
PB-S05,19,43,1,1.472822910578609
PB-S05,19,44,0,1.472822910578609
PB-S05,19,45,0,1.472822910578609
PB-S05,19,46,0,1.472822910578609
PB-S05,19,47,1,1.472822910578609
PB-S05,19,48,2,1.472822910578609
PB-S05,19,49,1,1.472822910578609
PB-S05,19,50,2,1.472822910578609
PB-S05,19,51,0,1.472822910578609
PB-S05,19,52,2,1.472822910578609
PB-S05,19,53,2,1.472822910578609
PB-S05,19,54,1,1.472822910578609
PB-S05,19,55,0,1.472822910578609
PB-S05,19,56,2,1.472822910578609
PB-S05,19,57,3,1.472822910578609
PB-S05,19,58,2,1.472822910578609
PB-S05,19,59,1,1.472822910578609
PB-S05,20,21,6,1.472822910578609
PB-S05,20,22,1,1.472822910578609
PB-S05,20,23,2,1.472822910578609
PB-S05,20,24,2,1.472822910578609
PB-S05,20,25,4,1.472822910578609
PB-S05,20,26,2,1.472822910578609
PB-S05,20,27,4,1.472822910578609
PB-S05,20,28,3,1.472822910578609
PB-S05,20,29,2,1.472822910578609
PB-S05,20,30,2,1.472822910578609
PB-S05,20,31,2,1.472822910578609
PB-S05,20,32,3,1.472822910578609
PB-S05,20,33,0,1.472822910578609
PB-S05,20,34,2,1.472822910578609
PB-S05,20,35,1,1.472822910578609
PB-S05,20,36,4,1.472822910578609
PB-S05,20,37,5,1.472822910578609
PB-S05,20,38,5,1.472822910578609
PB-S05,20,39,4,1.472822910578609
PB-S05,20,40,3,1.472822910578609
PB-S05,20,41,2,1.472822910578609
PB-S05,20,42,7,1.472822910578609
PB-S05,20,43,2,1.472822910578609
PB-S05,20,44,1,1.472822910578609
PB-S05,20,45,1,1.472822910578609
PB-S05,20,46,4,1.472822910578609
PB-S05,20,47,3,1.472822910578609
PB-S05,20,48,1,1.472822910578609
PB-S05,20,49,1,1.472822910578609
PB-S05,20,50,2,1.472822910578609
PB-S05,20,51,3,1.472822910578609
PB-S05,20,52,1,1.472822910578609
PB-S05,20,53,4,1.472822910578609
PB-S05,20,54,3,1.472822910578609
PB-S05,20,55,1,1.472822910578609
PB-S05,20,56,3,1.472822910578609
PB-S05,20,57,1,1.472822910578609
PB-S05,20,58,3,1.472822910578609
PB-S05,20,59,4,1.472822910578609
PB-S05,21,22,2,1.472822910578609
PB-S05,21,23,5,1.472822910578609
PB-S05,21,24,0,1.472822910578609
PB-S05,21,25,0,1.472822910578609
PB-S05,21,26,1,1.472822910578609
PB-S05,21,27,2,1.472822910578609
PB-S05,21,28,4,1.472822910578609
PB-S05,21,29,0,1.472822910578609
PB-S05,21,30,1,1.472822910578609
PB-S05,21,31,0,1.472822910578609
PB-S05,21,32,2,1.472822910578609
PB-S05,21,33,1,1.472822910578609
PB-S05,21,34,1,1.472822910578609
PB-S05,21,35,0,1.472822910578609
PB-S05,21,36,1,1.472822910578609
PB-S05,21,37,2,1.472822910578609
PB-S05,21,38,2,1.472822910578609
PB-S05,21,39,0,1.472822910578609
PB-S05,21,40,2,1.472822910578609
PB-S05,21,41,2,1.472822910578609
PB-S05,21,42,1,1.472822910578609
PB-S05,21,43,2,1.472822910578609
PB-S05,21,44,2,1.472822910578609
PB-S05,21,45,2,1.472822910578609
PB-S05,21,46,0,1.472822910578609
PB-S05,21,47,1,1.472822910578609
PB-S05,21,48,2,1.472822910578609
PB-S05,21,49,2,1.472822910578609
PB-S05,21,50,3,1.472822910578609
PB-S05,21,51,1,1.472822910578609
PB-S05,21,52,2,1.472822910578609
PB-S05,21,53,0,1.472822910578609
PB-S05,21,54,0,1.472822910578609
PB-S05,21,55,1,1.472822910578609
PB-S05,21,56,2,1.472822910578609
PB-S05,21,57,1,1.472822910578609
PB-S05,21,58,2,1.472822910578609
PB-S05,21,59,1,1.472822910578609
PB-S05,22,23,2,1.472822910578609
PB-S05,22,24,0,1.472822910578609
PB-S05,22,25,1,1.472822910578609
PB-S05,22,26,4,1.472822910578609
PB-S05,22,27,5,1.472822910578609
PB-S05,22,28,2,1.472822910578609
PB-S05,22,29,1,1.472822910578609
PB-S05,22,30,2,1.472822910578609
PB-S05,22,31,2,1.472822910578609
PB-S05,22,32,6,1.472822910578609
PB-S05,22,33,1,1.472822910578609
PB-S05,22,34,3,1.472822910578609
PB-S05,22,35,1,1.472822910578609
PB-S05,22,36,2,1.472822910578609
PB-S05,22,37,6,1.472822910578609
PB-S05,22,38,2,1.472822910578609
PB-S05,22,39,1,1.472822910578609
PB-S05,22,40,1,1.472822910578609
PB-S05,22,41,3,1.472822910578609
PB-S05,22,42,1,1.472822910578609
PB-S05,22,43,1,1.472822910578609
PB-S05,22,44,2,1.472822910578609
PB-S05,22,45,3,1.472822910578609
PB-S05,22,46,1,1.472822910578609
PB-S05,22,47,1,1.472822910578609
PB-S05,22,48,2,1.472822910578609
PB-S05,22,49,5,1.472822910578609
PB-S05,22,50,0,1.472822910578609
PB-S05,22,51,2,1.472822910578609
PB-S05,22,52,5,1.472822910578609
PB-S05,22,53,0,1.472822910578609
PB-S05,22,54,2,1.472822910578609
PB-S05,22,55,0,1.472822910578609
PB-S05,22,56,2,1.472822910578609
PB-S05,22,57,1,1.472822910578609
PB-S05,22,58,2,1.472822910578609
PB-S05,22,59,4,1.472822910578609
PB-S05,23,24,0,1.472822910578609
PB-S05,23,25,2,1.472822910578609
PB-S05,23,26,0,1.472822910578609
PB-S05,23,27,2,1.472822910578609
PB-S05,23,28,1,1.472822910578609
PB-S05,23,29,0,1.472822910578609
PB-S05,23,30,3,1.472822910578609
PB-S05,23,31,4,1.472822910578609
PB-S05,23,32,1,1.472822910578609
PB-S05,23,33,1,1.472822910578609
PB-S05,23,34,2,1.472822910578609
PB-S05,23,35,2,1.472822910578609
PB-S05,23,36,2,1.472822910578609
PB-S05,23,37,1,1.472822910578609
PB-S05,23,38,3,1.472822910578609
PB-S05,23,39,1,1.472822910578609
PB-S05,23,40,1,1.472822910578609
PB-S05,23,41,1,1.472822910578609
PB-S05,23,42,6,1.472822910578609
PB-S05,23,43,2,1.472822910578609
PB-S05,23,44,0,1.472822910578609
PB-S05,23,45,1,1.472822910578609
PB-S05,23,46,0,1.472822910578609
PB-S05,23,47,2,1.472822910578609
PB-S05,23,48,3,1.472822910578609
PB-S05,23,49,3,1.472822910578609
PB-S05,23,50,2,1.472822910578609
PB-S05,23,51,1,1.472822910578609
PB-S05,23,52,4,1.472822910578609
PB-S05,23,53,0,1.472822910578609
PB-S05,23,54,1,1.472822910578609
PB-S05,23,55,1,1.472822910578609
PB-S05,23,56,0,1.472822910578609
PB-S05,23,57,1,1.472822910578609
PB-S05,23,58,1,1.472822910578609
PB-S05,23,59,3,1.472822910578609
PB-S05,24,25,2,1.472822910578609
PB-S05,24,26,1,1.472822910578609
PB-S05,24,27,1,1.472822910578609
PB-S05,24,28,2,1.472822910578609
PB-S05,24,29,0,1.472822910578609
PB-S05,24,30,2,1.472822910578609
PB-S05,24,31,2,1.472822910578609
PB-S05,24,32,1,1.472822910578609
PB-S05,24,33,0,1.472822910578609
PB-S05,24,34,1,1.472822910578609
PB-S05,24,35,0,1.472822910578609
PB-S05,24,36,2,1.472822910578609
PB-S05,24,37,0,1.472822910578609
PB-S05,24,38,0,1.472822910578609
PB-S05,24,39,2,1.472822910578609
PB-S05,24,40,1,1.472822910578609
PB-S05,24,41,2,1.472822910578609
PB-S05,24,42,1,1.472822910578609
PB-S05,24,43,2,1.472822910578609
PB-S05,24,44,2,1.472822910578609
PB-S05,24,45,2,1.472822910578609
PB-S05,24,46,0,1.472822910578609
PB-S05,24,47,1,1.472822910578609
PB-S05,24,48,2,1.472822910578609
PB-S05,24,49,3,1.472822910578609
PB-S05,24,50,1,1.472822910578609
PB-S05,24,51,2,1.472822910578609
PB-S05,24,52,2,1.472822910578609
PB-S05,24,53,2,1.472822910578609
PB-S05,24,54,0,1.472822910578609
PB-S05,24,55,3,1.472822910578609
PB-S05,24,56,0,1.472822910578609
PB-S05,24,57,1,1.472822910578609
PB-S05,24,58,0,1.472822910578609
PB-S05,24,59,1,1.472822910578609
PB-S05,25,26,0,1.472822910578609
PB-S05,25,27,1,1.472822910578609
PB-S05,25,28,1,1.472822910578609
PB-S05,25,29,1,1.472822910578609
PB-S05,25,30,3,1.472822910578609
PB-S05,25,31,0,1.472822910578609
PB-S05,25,32,1,1.472822910578609
PB-S05,25,33,0,1.472822910578609
PB-S05,25,34,3,1.472822910578609
PB-S05,25,35,1,1.472822910578609
PB-S05,25,36,0,1.472822910578609
PB-S05,25,37,1,1.472822910578609
PB-S05,25,38,0,1.472822910578609
PB-S05,25,39,1,1.472822910578609
PB-S05,25,40,1,1.472822910578609
PB-S05,25,41,2,1.472822910578609
PB-S05,25,42,1,1.472822910578609
PB-S05,25,43,1,1.472822910578609
PB-S05,25,44,1,1.472822910578609
PB-S05,25,45,0,1.472822910578609
PB-S05,25,46,2,1.472822910578609
PB-S05,25,47,1,1.472822910578609
PB-S05,25,48,0,1.472822910578609
PB-S05,25,49,4,1.472822910578609
PB-S05,25,50,0,1.472822910578609
PB-S05,25,51,0,1.472822910578609
PB-S05,25,52,0,1.472822910578609
PB-S05,25,53,1,1.472822910578609
PB-S05,25,54,0,1.472822910578609
PB-S05,25,55,0,1.472822910578609
PB-S05,25,56,0,1.472822910578609
PB-S05,25,57,0,1.472822910578609
PB-S05,25,58,2,1.472822910578609
PB-S05,25,59,1,1.472822910578609
PB-S05,26,27,3,1.472822910578609
PB-S05,26,28,3,1.472822910578609
PB-S05,26,29,1,1.472822910578609
PB-S05,26,30,1,1.472822910578609
PB-S05,26,31,2,1.472822910578609
PB-S05,26,32,3,1.472822910578609
PB-S05,26,33,2,1.472822910578609
PB-S05,26,34,0,1.472822910578609
PB-S05,26,35,1,1.472822910578609
PB-S05,26,36,3,1.472822910578609
PB-S05,26,37,1,1.472822910578609
PB-S05,26,38,2,1.472822910578609
PB-S05,26,39,1,1.472822910578609
PB-S05,26,40,1,1.472822910578609
PB-S05,26,41,4,1.472822910578609
PB-S05,26,42,2,1.472822910578609
PB-S05,26,43,0,1.472822910578609
PB-S05,26,44,0,1.472822910578609
PB-S05,26,45,2,1.472822910578609
PB-S05,26,46,4,1.472822910578609
PB-S05,26,47,2,1.472822910578609
PB-S05,26,48,3,1.472822910578609
PB-S05,26,49,1,1.472822910578609
PB-S05,26,50,2,1.472822910578609
PB-S05,26,51,2,1.472822910578609
PB-S05,26,52,4,1.472822910578609
PB-S05,26,53,0,1.472822910578609
PB-S05,26,54,2,1.472822910578609
PB-S05,26,55,1,1.472822910578609
PB-S05,26,56,0,1.472822910578609
PB-S05,26,57,1,1.472822910578609
PB-S05,26,58,2,1.472822910578609
PB-S05,26,59,1,1.472822910578609
PB-S05,27,28,3,1.472822910578609
PB-S05,27,29,2,1.472822910578609
PB-S05,27,30,0,1.472822910578609
PB-S05,27,31,1,1.472822910578609
PB-S05,27,32,2,1.472822910578609
PB-S05,27,33,0,1.472822910578609
PB-S05,27,34,0,1.472822910578609
PB-S05,27,35,3,1.472822910578609
PB-S05,27,36,1,1.472822910578609
PB-S05,27,37,2,1.472822910578609
PB-S05,27,38,0,1.472822910578609
PB-S05,27,39,1,1.472822910578609
PB-S05,27,40,0,1.472822910578609
PB-S05,27,41,3,1.472822910578609
PB-S05,27,42,4,1.472822910578609
PB-S05,27,43,0,1.472822910578609
PB-S05,27,44,1,1.472822910578609
PB-S05,27,45,1,1.472822910578609
PB-S05,27,46,2,1.472822910578609
PB-S05,27,47,1,1.472822910578609
PB-S05,27,48,0,1.472822910578609
PB-S05,27,49,3,1.472822910578609
PB-S05,27,50,1,1.472822910578609
PB-S05,27,51,0,1.472822910578609
PB-S05,27,52,1,1.472822910578609
PB-S05,27,53,0,1.472822910578609
PB-S05,27,54,1,1.472822910578609
PB-S05,27,55,1,1.472822910578609
PB-S05,27,56,4,1.472822910578609
PB-S05,27,57,1,1.472822910578609
PB-S05,27,58,3,1.472822910578609
PB-S05,27,59,2,1.472822910578609
PB-S05,28,29,0,1.472822910578609
PB-S05,28,30,1,1.472822910578609
PB-S05,28,31,0,1.472822910578609
PB-S05,28,32,1,1.472822910578609
PB-S05,28,33,0,1.472822910578609
PB-S05,28,34,0,1.472822910578609
PB-S05,28,35,1,1.472822910578609
PB-S05,28,36,1,1.472822910578609
PB-S05,28,37,1,1.472822910578609
PB-S05,28,38,1,1.472822910578609
PB-S05,28,39,1,1.472822910578609
PB-S05,28,40,2,1.472822910578609
PB-S05,28,41,2,1.472822910578609
PB-S05,28,42,0,1.472822910578609
PB-S05,28,43,1,1.472822910578609
PB-S05,28,44,2,1.472822910578609
PB-S05,28,45,1,1.472822910578609
PB-S05,28,46,2,1.472822910578609
PB-S05,28,47,1,1.472822910578609
PB-S05,28,48,2,1.472822910578609
PB-S05,28,49,2,1.472822910578609
PB-S05,28,50,1,1.472822910578609
PB-S05,28,51,0,1.472822910578609
PB-S05,28,52,1,1.472822910578609
PB-S05,28,53,3,1.472822910578609
PB-S05,28,54,0,1.472822910578609
PB-S05,28,55,0,1.472822910578609
PB-S05,28,56,3,1.472822910578609
PB-S05,28,57,0,1.472822910578609
PB-S05,28,58,0,1.472822910578609
PB-S05,28,59,1,1.472822910578609
PB-S05,29,30,0,1.472822910578609
PB-S05,29,31,1,1.472822910578609
PB-S05,29,32,1,1.472822910578609
PB-S05,29,33,1,1.472822910578609
PB-S05,29,34,0,1.472822910578609
PB-S05,29,35,0,1.472822910578609
PB-S05,29,36,3,1.472822910578609
PB-S05,29,37,1,1.472822910578609
PB-S05,29,38,1,1.472822910578609
PB-S05,29,39,1,1.472822910578609
PB-S05,29,40,0,1.472822910578609
PB-S05,29,41,3,1.472822910578609
PB-S05,29,42,0,1.472822910578609
PB-S05,29,43,0,1.472822910578609
PB-S05,29,44,0,1.472822910578609
PB-S05,29,45,1,1.472822910578609
PB-S05,29,46,0,1.472822910578609
PB-S05,29,47,0,1.472822910578609
PB-S05,29,48,0,1.472822910578609
PB-S05,29,49,1,1.472822910578609
PB-S05,29,50,0,1.472822910578609
PB-S05,29,51,0,1.472822910578609
PB-S05,29,52,0,1.472822910578609
PB-S05,29,53,0,1.472822910578609
PB-S05,29,54,0,1.472822910578609
PB-S05,29,55,1,1.472822910578609
PB-S05,29,56,1,1.472822910578609
PB-S05,29,57,0,1.472822910578609
PB-S05,29,58,2,1.472822910578609
PB-S05,29,59,1,1.472822910578609
PB-S05,30,31,3,1.472822910578609
PB-S05,30,32,4,1.472822910578609
PB-S05,30,33,1,1.472822910578609
PB-S05,30,34,1,1.472822910578609
PB-S05,30,35,1,1.472822910578609
PB-S05,30,36,1,1.472822910578609
PB-S05,30,37,4,1.472822910578609
PB-S05,30,38,2,1.472822910578609
PB-S05,30,39,0,1.472822910578609
PB-S05,30,40,3,1.472822910578609
PB-S05,30,41,0,1.472822910578609
PB-S05,30,42,2,1.472822910578609
PB-S05,30,43,1,1.472822910578609
PB-S05,30,44,2,1.472822910578609
PB-S05,30,45,3,1.472822910578609
PB-S05,30,46,1,1.472822910578609
PB-S05,30,47,3,1.472822910578609
PB-S05,30,48,4,1.472822910578609
PB-S05,30,49,2,1.472822910578609
PB-S05,30,50,1,1.472822910578609
PB-S05,30,51,5,1.472822910578609
PB-S05,30,52,1,1.472822910578609
PB-S05,30,53,1,1.472822910578609
PB-S05,30,54,3,1.472822910578609
PB-S05,30,55,0,1.472822910578609
PB-S05,30,56,0,1.472822910578609
PB-S05,30,57,2,1.472822910578609
PB-S05,30,58,1,1.472822910578609
PB-S05,30,59,1,1.472822910578609
PB-S05,31,32,0,1.472822910578609
PB-S05,31,33,1,1.472822910578609
PB-S05,31,34,1,1.472822910578609
PB-S05,31,35,1,1.472822910578609
PB-S05,31,36,2,1.472822910578609
PB-S05,31,37,0,1.472822910578609
PB-S05,31,38,1,1.472822910578609
PB-S05,31,39,0,1.472822910578609
PB-S05,31,40,1,1.472822910578609
PB-S05,31,41,1,1.472822910578609
PB-S05,31,42,4,1.472822910578609
PB-S05,31,43,1,1.472822910578609
PB-S05,31,44,0,1.472822910578609
PB-S05,31,45,2,1.472822910578609
PB-S05,31,46,1,1.472822910578609
PB-S05,31,47,0,1.472822910578609
PB-S05,31,48,1,1.472822910578609
PB-S05,31,49,0,1.472822910578609
PB-S05,31,50,3,1.472822910578609
PB-S05,31,51,3,1.472822910578609
PB-S05,31,52,3,1.472822910578609
PB-S05,31,53,0,1.472822910578609
PB-S05,31,54,1,1.472822910578609
PB-S05,31,55,0,1.472822910578609
PB-S05,31,56,1,1.472822910578609
PB-S05,31,57,0,1.472822910578609
PB-S05,31,58,1,1.472822910578609
PB-S05,31,59,1,1.472822910578609
PB-S05,32,33,1,1.472822910578609
PB-S05,32,34,2,1.472822910578609
PB-S05,32,35,0,1.472822910578609
PB-S05,32,36,4,1.472822910578609
PB-S05,32,37,5,1.472822910578609
PB-S05,32,38,4,1.472822910578609
PB-S05,32,39,1,1.472822910578609
PB-S05,32,40,2,1.472822910578609
PB-S05,32,41,2,1.472822910578609
PB-S05,32,42,3,1.472822910578609
PB-S05,32,43,2,1.472822910578609
PB-S05,32,44,3,1.472822910578609
PB-S05,32,45,3,1.472822910578609
PB-S05,32,46,3,1.472822910578609
PB-S05,32,47,2,1.472822910578609
PB-S05,32,48,2,1.472822910578609
PB-S05,32,49,7,1.472822910578609
PB-S05,32,50,4,1.472822910578609
PB-S05,32,51,2,1.472822910578609
PB-S05,32,52,5,1.472822910578609
PB-S05,32,53,3,1.472822910578609
PB-S05,32,54,0,1.472822910578609
PB-S05,32,55,1,1.472822910578609
PB-S05,32,56,3,1.472822910578609
PB-S05,32,57,2,1.472822910578609
PB-S05,32,58,2,1.472822910578609
PB-S05,32,59,1,1.472822910578609
PB-S05,33,34,0,1.472822910578609
PB-S05,33,35,0,1.472822910578609
PB-S05,33,36,1,1.472822910578609
PB-S05,33,37,1,1.472822910578609
PB-S05,33,38,1,1.472822910578609
PB-S05,33,39,0,1.472822910578609
PB-S05,33,40,0,1.472822910578609
PB-S05,33,41,3,1.472822910578609
PB-S05,33,42,1,1.472822910578609
PB-S05,33,43,1,1.472822910578609
PB-S05,33,44,3,1.472822910578609
PB-S05,33,45,3,1.472822910578609
PB-S05,33,46,2,1.472822910578609
PB-S05,33,47,2,1.472822910578609
PB-S05,33,48,0,1.472822910578609
PB-S05,33,49,0,1.472822910578609
PB-S05,33,50,2,1.472822910578609
PB-S05,33,51,1,1.472822910578609
PB-S05,33,52,3,1.472822910578609
PB-S05,33,53,1,1.472822910578609
PB-S05,33,54,1,1.472822910578609
PB-S05,33,55,2,1.472822910578609
PB-S05,33,56,0,1.472822910578609
PB-S05,33,57,1,1.472822910578609
PB-S05,33,58,1,1.472822910578609
PB-S05,33,59,1,1.472822910578609
PB-S05,34,35,0,1.472822910578609
PB-S05,34,36,2,1.472822910578609
PB-S05,34,37,2,1.472822910578609
PB-S05,34,38,2,1.472822910578609
PB-S05,34,39,3,1.472822910578609
PB-S05,34,40,2,1.472822910578609
PB-S05,34,41,3,1.472822910578609
PB-S05,34,42,1,1.472822910578609
PB-S05,34,43,3,1.472822910578609
PB-S05,34,44,0,1.472822910578609
PB-S05,34,45,4,1.472822910578609
PB-S05,34,46,4,1.472822910578609
PB-S05,34,47,3,1.472822910578609
PB-S05,34,48,1,1.472822910578609
PB-S05,34,49,2,1.472822910578609
PB-S05,34,50,1,1.472822910578609
PB-S05,34,51,2,1.472822910578609
PB-S05,34,52,1,1.472822910578609
PB-S05,34,53,0,1.472822910578609
PB-S05,34,54,0,1.472822910578609
PB-S05,34,55,2,1.472822910578609
PB-S05,34,56,0,1.472822910578609
PB-S05,34,57,3,1.472822910578609
PB-S05,34,58,0,1.472822910578609
PB-S05,34,59,1,1.472822910578609
PB-S05,35,36,0,1.472822910578609
PB-S05,35,37,1,1.472822910578609
PB-S05,35,38,1,1.472822910578609
PB-S05,35,39,1,1.472822910578609
PB-S05,35,40,0,1.472822910578609
PB-S05,35,41,2,1.472822910578609
PB-S05,35,42,2,1.472822910578609
PB-S05,35,43,1,1.472822910578609
PB-S05,35,44,0,1.472822910578609
PB-S05,35,45,1,1.472822910578609
PB-S05,35,46,1,1.472822910578609
PB-S05,35,47,1,1.472822910578609
PB-S05,35,48,1,1.472822910578609
PB-S05,35,49,1,1.472822910578609
PB-S05,35,50,1,1.472822910578609
PB-S05,35,51,1,1.472822910578609
PB-S05,35,52,0,1.472822910578609
PB-S05,35,53,0,1.472822910578609
PB-S05,35,54,0,1.472822910578609
PB-S05,35,55,0,1.472822910578609
PB-S05,35,56,0,1.472822910578609
PB-S05,35,57,3,1.472822910578609
PB-S05,35,58,0,1.472822910578609
PB-S05,35,59,0,1.472822910578609
PB-S05,36,37,2,1.472822910578609
PB-S05,36,38,0,1.472822910578609
PB-S05,36,39,3,1.472822910578609
PB-S05,36,40,1,1.472822910578609
PB-S05,36,41,1,1.472822910578609
PB-S05,36,42,0,1.472822910578609
PB-S05,36,43,1,1.472822910578609
PB-S05,36,44,2,1.472822910578609
PB-S05,36,45,1,1.472822910578609
PB-S05,36,46,0,1.472822910578609
PB-S05,36,47,3,1.472822910578609
PB-S05,36,48,1,1.472822910578609
PB-S05,36,49,3,1.472822910578609
PB-S05,36,50,2,1.472822910578609
PB-S05,36,51,1,1.472822910578609
PB-S05,36,52,4,1.472822910578609
PB-S05,36,53,1,1.472822910578609
PB-S05,36,54,0,1.472822910578609
PB-S05,36,55,1,1.472822910578609
PB-S05,36,56,1,1.472822910578609
PB-S05,36,57,0,1.472822910578609
PB-S05,36,58,3,1.472822910578609
PB-S05,36,59,4,1.472822910578609
PB-S05,37,38,1,1.472822910578609
PB-S05,37,39,2,1.472822910578609
PB-S05,37,40,2,1.472822910578609
PB-S05,37,41,5,1.472822910578609
PB-S05,37,42,3,1.472822910578609
PB-S05,37,43,0,1.472822910578609
PB-S05,37,44,1,1.472822910578609
PB-S05,37,45,2,1.472822910578609
PB-S05,37,46,4,1.472822910578609
PB-S05,37,47,2,1.472822910578609
PB-S05,37,48,1,1.472822910578609
PB-S05,37,49,0,1.472822910578609
PB-S05,37,50,3,1.472822910578609
PB-S05,37,51,2,1.472822910578609
PB-S05,37,52,3,1.472822910578609
PB-S05,37,53,6,1.472822910578609
PB-S05,37,54,3,1.472822910578609
PB-S05,37,55,1,1.472822910578609
PB-S05,37,56,2,1.472822910578609
PB-S05,37,57,0,1.472822910578609
PB-S05,37,58,1,1.472822910578609
PB-S05,37,59,1,1.472822910578609
PB-S05,38,39,2,1.472822910578609
PB-S05,38,40,1,1.472822910578609
PB-S05,38,41,1,1.472822910578609
PB-S05,38,42,2,1.472822910578609
PB-S05,38,43,2,1.472822910578609
PB-S05,38,44,0,1.472822910578609
PB-S05,38,45,2,1.472822910578609
PB-S05,38,46,3,1.472822910578609
PB-S05,38,47,1,1.472822910578609
PB-S05,38,48,1,1.472822910578609
PB-S05,38,49,1,1.472822910578609
PB-S05,38,50,3,1.472822910578609
PB-S05,38,51,0,1.472822910578609
PB-S05,38,52,5,1.472822910578609
PB-S05,38,53,2,1.472822910578609
PB-S05,38,54,1,1.472822910578609
PB-S05,38,55,0,1.472822910578609
PB-S05,38,56,2,1.472822910578609
PB-S05,38,57,2,1.472822910578609
PB-S05,38,58,0,1.472822910578609
PB-S05,38,59,3,1.472822910578609
PB-S05,39,40,1,1.472822910578609
PB-S05,39,41,3,1.472822910578609
PB-S05,39,42,2,1.472822910578609
PB-S05,39,43,1,1.472822910578609
PB-S05,39,44,4,1.472822910578609
PB-S05,39,45,2,1.472822910578609
PB-S05,39,46,2,1.472822910578609
PB-S05,39,47,1,1.472822910578609
PB-S05,39,48,2,1.472822910578609
PB-S05,39,49,3,1.472822910578609
PB-S05,39,50,2,1.472822910578609
PB-S05,39,51,2,1.472822910578609
PB-S05,39,52,1,1.472822910578609
PB-S05,39,53,2,1.472822910578609
PB-S05,39,54,0,1.472822910578609
PB-S05,39,55,0,1.472822910578609
PB-S05,39,56,1,1.472822910578609
PB-S05,39,57,1,1.472822910578609
PB-S05,39,58,2,1.472822910578609
PB-S05,39,59,1,1.472822910578609
PB-S05,40,41,0,1.472822910578609
PB-S05,40,42,0,1.472822910578609
PB-S05,40,43,0,1.472822910578609
PB-S05,40,44,4,1.472822910578609
PB-S05,40,45,0,1.472822910578609
PB-S05,40,46,0,1.472822910578609
PB-S05,40,47,2,1.472822910578609
PB-S05,40,48,4,1.472822910578609
PB-S05,40,49,1,1.472822910578609
PB-S05,40,50,1,1.472822910578609
PB-S05,40,51,3,1.472822910578609
PB-S05,40,52,1,1.472822910578609
PB-S05,40,53,1,1.472822910578609
PB-S05,40,54,0,1.472822910578609
PB-S05,40,55,1,1.472822910578609
PB-S05,40,56,2,1.472822910578609
PB-S05,40,57,2,1.472822910578609
PB-S05,40,58,0,1.472822910578609
PB-S05,40,59,1,1.472822910578609
PB-S05,41,42,1,1.472822910578609
PB-S05,41,43,0,1.472822910578609
PB-S05,41,44,4,1.472822910578609
PB-S05,41,45,2,1.472822910578609
PB-S05,41,46,3,1.472822910578609
PB-S05,41,47,2,1.472822910578609
PB-S05,41,48,2,1.472822910578609
PB-S05,41,49,3,1.472822910578609
PB-S05,41,50,2,1.472822910578609
PB-S05,41,51,0,1.472822910578609
PB-S05,41,52,1,1.472822910578609
PB-S05,41,53,1,1.472822910578609
PB-S05,41,54,5,1.472822910578609
PB-S05,41,55,3,1.472822910578609
PB-S05,41,56,4,1.472822910578609
PB-S05,41,57,3,1.472822910578609
PB-S05,41,58,3,1.472822910578609
PB-S05,41,59,2,1.472822910578609
PB-S05,42,43,0,1.472822910578609
PB-S05,42,44,0,1.472822910578609
PB-S05,42,45,1,1.472822910578609
PB-S05,42,46,0,1.472822910578609
PB-S05,42,47,0,1.472822910578609
PB-S05,42,48,1,1.472822910578609
PB-S05,42,49,3,1.472822910578609
PB-S05,42,50,3,1.472822910578609
PB-S05,42,51,2,1.472822910578609
PB-S05,42,52,2,1.472822910578609
PB-S05,42,53,3,1.472822910578609
PB-S05,42,54,1,1.472822910578609
PB-S05,42,55,0,1.472822910578609
PB-S05,42,56,3,1.472822910578609
PB-S05,42,57,1,1.472822910578609
PB-S05,42,58,4,1.472822910578609
PB-S05,42,59,2,1.472822910578609
PB-S05,43,44,2,1.472822910578609
PB-S05,43,45,2,1.472822910578609
PB-S05,43,46,1,1.472822910578609
PB-S05,43,47,1,1.472822910578609
PB-S05,43,48,1,1.472822910578609
PB-S05,43,49,0,1.472822910578609
PB-S05,43,50,0,1.472822910578609
PB-S05,43,51,2,1.472822910578609
PB-S05,43,52,0,1.472822910578609
PB-S05,43,53,0,1.472822910578609
PB-S05,43,54,0,1.472822910578609
PB-S05,43,55,1,1.472822910578609
PB-S05,43,56,1,1.472822910578609
PB-S05,43,57,0,1.472822910578609
PB-S05,43,58,0,1.472822910578609
PB-S05,43,59,1,1.472822910578609
PB-S05,44,45,2,1.472822910578609
PB-S05,44,46,2,1.472822910578609
PB-S05,44,47,1,1.472822910578609
PB-S05,44,48,1,1.472822910578609
PB-S05,44,49,1,1.472822910578609
PB-S05,44,50,1,1.472822910578609
PB-S05,44,51,2,1.472822910578609
PB-S05,44,52,3,1.472822910578609
PB-S05,44,53,0,1.472822910578609
PB-S05,44,54,1,1.472822910578609
PB-S05,44,55,4,1.472822910578609
PB-S05,44,56,2,1.472822910578609
PB-S05,44,57,0,1.472822910578609
PB-S05,44,58,1,1.472822910578609
PB-S05,44,59,0,1.472822910578609
PB-S05,45,46,1,1.472822910578609
PB-S05,45,47,1,1.472822910578609
PB-S05,45,48,2,1.472822910578609
PB-S05,45,49,4,1.472822910578609
PB-S05,45,50,3,1.472822910578609
PB-S05,45,51,3,1.472822910578609
PB-S05,45,52,1,1.472822910578609
PB-S05,45,53,0,1.472822910578609
PB-S05,45,54,1,1.472822910578609
PB-S05,45,55,2,1.472822910578609
PB-S05,45,56,0,1.472822910578609
PB-S05,45,57,0,1.472822910578609
PB-S05,45,58,0,1.472822910578609
PB-S05,45,59,0,1.472822910578609
PB-S05,46,47,1,1.472822910578609
PB-S05,46,48,0,1.472822910578609
PB-S05,46,49,2,1.472822910578609
PB-S05,46,50,2,1.472822910578609
PB-S05,46,51,1,1.472822910578609
PB-S05,46,52,1,1.472822910578609
PB-S05,46,53,1,1.472822910578609
PB-S05,46,54,1,1.472822910578609
PB-S05,46,55,1,1.472822910578609
PB-S05,46,56,1,1.472822910578609
PB-S05,46,57,0,1.472822910578609
PB-S05,46,58,0,1.472822910578609
PB-S05,46,59,1,1.472822910578609
PB-S05,47,48,4,1.472822910578609
PB-S05,47,49,0,1.472822910578609
PB-S05,47,50,0,1.472822910578609
PB-S05,47,51,1,1.472822910578609
PB-S05,47,52,0,1.472822910578609
PB-S05,47,53,1,1.472822910578609
PB-S05,47,54,3,1.472822910578609
PB-S05,47,55,2,1.472822910578609
PB-S05,47,56,0,1.472822910578609
PB-S05,47,57,2,1.472822910578609
PB-S05,47,58,3,1.472822910578609
PB-S05,47,59,1,1.472822910578609
PB-S05,48,49,0,1.472822910578609
PB-S05,48,50,1,1.472822910578609
PB-S05,48,51,1,1.472822910578609
PB-S05,48,52,2,1.472822910578609
PB-S05,48,53,1,1.472822910578609
PB-S05,48,54,1,1.472822910578609
PB-S05,48,55,1,1.472822910578609
PB-S05,48,56,2,1.472822910578609
PB-S05,48,57,2,1.472822910578609
PB-S05,48,58,1,1.472822910578609
PB-S05,48,59,1,1.472822910578609
PB-S05,49,50,3,1.472822910578609
PB-S05,49,51,1,1.472822910578609
PB-S05,49,52,4,1.472822910578609
PB-S05,49,53,0,1.472822910578609
PB-S05,49,54,0,1.472822910578609
PB-S05,49,55,2,1.472822910578609
PB-S05,49,56,1,1.472822910578609
PB-S05,49,57,0,1.472822910578609
PB-S05,49,58,4,1.472822910578609
PB-S05,49,59,2,1.472822910578609
PB-S05,50,51,2,1.472822910578609
PB-S05,50,52,2,1.472822910578609
PB-S05,50,53,1,1.472822910578609
PB-S05,50,54,2,1.472822910578609
PB-S05,50,55,0,1.472822910578609
PB-S05,50,56,1,1.472822910578609
PB-S05,50,57,4,1.472822910578609
PB-S05,50,58,4,1.472822910578609
PB-S05,50,59,2,1.472822910578609
PB-S05,51,52,4,1.472822910578609
PB-S05,51,53,4,1.472822910578609
PB-S05,51,54,1,1.472822910578609
PB-S05,51,55,2,1.472822910578609
PB-S05,51,56,2,1.472822910578609
PB-S05,51,57,2,1.472822910578609
PB-S05,51,58,4,1.472822910578609
PB-S05,51,59,2,1.472822910578609
PB-S05,52,53,4,1.472822910578609
PB-S05,52,54,2,1.472822910578609
PB-S05,52,55,2,1.472822910578609
PB-S05,52,56,1,1.472822910578609
PB-S05,52,57,3,1.472822910578609
PB-S05,52,58,2,1.472822910578609
PB-S05,52,59,2,1.472822910578609
PB-S05,53,54,1,1.472822910578609
PB-S05,53,55,0,1.472822910578609
PB-S05,53,56,3,1.472822910578609
PB-S05,53,57,3,1.472822910578609
PB-S05,53,58,2,1.472822910578609
PB-S05,53,59,2,1.472822910578609
PB-S05,54,55,0,1.472822910578609
PB-S05,54,56,0,1.472822910578609
PB-S05,54,57,1,1.472822910578609
PB-S05,54,58,0,1.472822910578609
PB-S05,54,59,2,1.472822910578609
PB-S05,55,56,1,1.472822910578609
PB-S05,55,57,0,1.472822910578609
PB-S05,55,58,1,1.472822910578609
PB-S05,55,59,0,1.472822910578609
PB-S05,56,57,1,1.472822910578609
PB-S05,56,58,2,1.472822910578609
PB-S05,56,59,3,1.472822910578609
PB-S05,57,58,1,1.472822910578609
PB-S05,57,59,0,1.472822910578609
PB-S05,58,59,1,1.472822910578609
PB-S06,1,2,1,1.8118059614260666
PB-S06,1,3,2,1.8118059614260666
PB-S06,1,4,2,1.8118059614260666
PB-S06,1,5,2,1.8118059614260666
PB-S06,1,6,3,1.8118059614260666
PB-S06,1,7,5,1.8118059614260666
PB-S06,1,8,4,1.8118059614260666
PB-S06,1,9,1,1.8118059614260666
PB-S06,1,10,5,1.8118059614260666
PB-S06,1,11,2,1.8118059614260666
PB-S06,1,12,1,1.8118059614260666
PB-S06,1,13,2,1.8118059614260666
PB-S06,1,14,0,1.8118059614260666
PB-S06,1,15,2,1.8118059614260666
PB-S06,1,16,1,1.8118059614260666
PB-S06,1,17,2,1.8118059614260666
PB-S06,1,18,4,1.8118059614260666
PB-S06,1,19,1,1.8118059614260666
PB-S06,1,20,2,1.8118059614260666
PB-S06,1,21,0,1.8118059614260666
PB-S06,1,22,2,1.8118059614260666
PB-S06,1,23,2,1.8118059614260666
PB-S06,1,24,2,1.8118059614260666
PB-S06,1,25,2,1.8118059614260666
PB-S06,1,26,1,1.8118059614260666
PB-S06,1,27,1,1.8118059614260666
PB-S06,1,28,1,1.8118059614260666
PB-S06,1,29,0,1.8118059614260666
PB-S06,1,30,0,1.8118059614260666
PB-S06,1,31,1,1.8118059614260666
PB-S06,1,32,0,1.8118059614260666
PB-S06,1,33,2,1.8118059614260666
PB-S06,1,34,1,1.8118059614260666
PB-S06,1,35,4,1.8118059614260666
PB-S06,1,36,1,1.8118059614260666
PB-S06,1,37,4,1.8118059614260666
PB-S06,1,38,2,1.8118059614260666
PB-S06,1,39,3,1.8118059614260666
PB-S06,1,40,1,1.8118059614260666
PB-S06,1,41,2,1.8118059614260666
PB-S06,1,42,2,1.8118059614260666
PB-S06,1,43,0,1.8118059614260666
PB-S06,1,44,3,1.8118059614260666
PB-S06,1,45,3,1.8118059614260666
PB-S06,1,46,2,1.8118059614260666
PB-S06,1,47,1,1.8118059614260666
PB-S06,1,48,1,1.8118059614260666
PB-S06,1,49,6,1.8118059614260666
PB-S06,1,50,1,1.8118059614260666
PB-S06,1,51,0,1.8118059614260666
PB-S06,1,52,2,1.8118059614260666
PB-S06,1,53,3,1.8118059614260666
PB-S06,1,54,1,1.8118059614260666
PB-S06,1,55,2,1.8118059614260666
PB-S06,1,56,1,1.8118059614260666
PB-S06,1,57,1,1.8118059614260666
PB-S06,1,58,0,1.8118059614260666
PB-S06,1,59,1,1.8118059614260666
PB-S06,2,3,3,1.8118059614260666
PB-S06,2,4,0,1.8118059614260666
PB-S06,2,5,4,1.8118059614260666
PB-S06,2,6,1,1.8118059614260666
PB-S06,2,7,4,1.8118059614260666
PB-S06,2,8,1,1.8118059614260666
PB-S06,2,9,4,1.8118059614260666
PB-S06,2,10,0,1.8118059614260666
PB-S06,2,11,5,1.8118059614260666
PB-S06,2,12,1,1.8118059614260666
PB-S06,2,13,2,1.8118059614260666
PB-S06,2,14,3,1.8118059614260666
PB-S06,2,15,0,1.8118059614260666
PB-S06,2,16,2,1.8118059614260666
PB-S06,2,17,1,1.8118059614260666
PB-S06,2,18,1,1.8118059614260666
PB-S06,2,19,5,1.8118059614260666
PB-S06,2,20,1,1.8118059614260666
PB-S06,2,21,3,1.8118059614260666
PB-S06,2,22,3,1.8118059614260666
PB-S06,2,23,4,1.8118059614260666
PB-S06,2,24,1,1.8118059614260666
PB-S06,2,25,2,1.8118059614260666
PB-S06,2,26,5,1.8118059614260666
PB-S06,2,27,2,1.8118059614260666
PB-S06,2,28,1,1.8118059614260666
PB-S06,2,29,0,1.8118059614260666
PB-S06,2,30,0,1.8118059614260666
PB-S06,2,31,1,1.8118059614260666
PB-S06,2,32,2,1.8118059614260666
PB-S06,2,33,0,1.8118059614260666
PB-S06,2,34,3,1.8118059614260666
PB-S06,2,35,3,1.8118059614260666
PB-S06,2,36,2,1.8118059614260666
PB-S06,2,37,1,1.8118059614260666
PB-S06,2,38,1,1.8118059614260666
PB-S06,2,39,2,1.8118059614260666
PB-S06,2,40,4,1.8118059614260666
PB-S06,2,41,2,1.8118059614260666
PB-S06,2,42,2,1.8118059614260666
PB-S06,2,43,3,1.8118059614260666
PB-S06,2,44,0,1.8118059614260666
PB-S06,2,45,3,1.8118059614260666
PB-S06,2,46,0,1.8118059614260666
PB-S06,2,47,1,1.8118059614260666
PB-S06,2,48,0,1.8118059614260666
PB-S06,2,49,3,1.8118059614260666
PB-S06,2,50,1,1.8118059614260666
PB-S06,2,51,3,1.8118059614260666
PB-S06,2,52,2,1.8118059614260666
PB-S06,2,53,1,1.8118059614260666
PB-S06,2,54,3,1.8118059614260666
PB-S06,2,55,1,1.8118059614260666
PB-S06,2,56,1,1.8118059614260666
PB-S06,2,57,1,1.8118059614260666
PB-S06,2,58,1,1.8118059614260666
PB-S06,2,59,1,1.8118059614260666
PB-S06,3,4,0,1.8118059614260666
PB-S06,3,5,1,1.8118059614260666
PB-S06,3,6,1,1.8118059614260666
PB-S06,3,7,6,1.8118059614260666
PB-S06,3,8,2,1.8118059614260666
PB-S06,3,9,3,1.8118059614260666
PB-S06,3,10,1,1.8118059614260666
PB-S06,3,11,1,1.8118059614260666
PB-S06,3,12,2,1.8118059614260666
PB-S06,3,13,3,1.8118059614260666
PB-S06,3,14,3,1.8118059614260666
PB-S06,3,15,2,1.8118059614260666
PB-S06,3,16,1,1.8118059614260666
PB-S06,3,17,1,1.8118059614260666
PB-S06,3,18,1,1.8118059614260666
PB-S06,3,19,3,1.8118059614260666
PB-S06,3,20,2,1.8118059614260666
PB-S06,3,21,3,1.8118059614260666
PB-S06,3,22,2,1.8118059614260666
PB-S06,3,23,4,1.8118059614260666
PB-S06,3,24,0,1.8118059614260666
PB-S06,3,25,3,1.8118059614260666
PB-S06,3,26,4,1.8118059614260666
PB-S06,3,27,2,1.8118059614260666
PB-S06,3,28,3,1.8118059614260666
PB-S06,3,29,2,1.8118059614260666
PB-S06,3,30,2,1.8118059614260666
PB-S06,3,31,2,1.8118059614260666
PB-S06,3,32,1,1.8118059614260666
PB-S06,3,33,2,1.8118059614260666
PB-S06,3,34,4,1.8118059614260666
PB-S06,3,35,1,1.8118059614260666
PB-S06,3,36,1,1.8118059614260666
PB-S06,3,37,1,1.8118059614260666
PB-S06,3,38,4,1.8118059614260666
PB-S06,3,39,1,1.8118059614260666
PB-S06,3,40,1,1.8118059614260666
PB-S06,3,41,3,1.8118059614260666
PB-S06,3,42,1,1.8118059614260666
PB-S06,3,43,2,1.8118059614260666
PB-S06,3,44,2,1.8118059614260666
PB-S06,3,45,0,1.8118059614260666
PB-S06,3,46,2,1.8118059614260666
PB-S06,3,47,2,1.8118059614260666
PB-S06,3,48,4,1.8118059614260666
PB-S06,3,49,2,1.8118059614260666
PB-S06,3,50,1,1.8118059614260666
PB-S06,3,51,3,1.8118059614260666
PB-S06,3,52,0,1.8118059614260666
PB-S06,3,53,2,1.8118059614260666
PB-S06,3,54,3,1.8118059614260666
PB-S06,3,55,1,1.8118059614260666
PB-S06,3,56,3,1.8118059614260666
PB-S06,3,57,0,1.8118059614260666
PB-S06,3,58,2,1.8118059614260666
PB-S06,3,59,2,1.8118059614260666
PB-S06,4,5,0,1.8118059614260666
PB-S06,4,6,2,1.8118059614260666
PB-S06,4,7,3,1.8118059614260666
PB-S06,4,8,2,1.8118059614260666
PB-S06,4,9,1,1.8118059614260666
PB-S06,4,10,1,1.8118059614260666
PB-S06,4,11,2,1.8118059614260666
PB-S06,4,12,2,1.8118059614260666
PB-S06,4,13,1,1.8118059614260666
PB-S06,4,14,1,1.8118059614260666
PB-S06,4,15,0,1.8118059614260666
PB-S06,4,16,1,1.8118059614260666
PB-S06,4,17,1,1.8118059614260666
PB-S06,4,18,3,1.8118059614260666
PB-S06,4,19,2,1.8118059614260666
PB-S06,4,20,2,1.8118059614260666
PB-S06,4,21,2,1.8118059614260666
PB-S06,4,22,1,1.8118059614260666
PB-S06,4,23,2,1.8118059614260666
PB-S06,4,24,0,1.8118059614260666
PB-S06,4,25,2,1.8118059614260666
PB-S06,4,26,4,1.8118059614260666
PB-S06,4,27,0,1.8118059614260666
PB-S06,4,28,2,1.8118059614260666
PB-S06,4,29,3,1.8118059614260666
PB-S06,4,30,1,1.8118059614260666
PB-S06,4,31,3,1.8118059614260666
PB-S06,4,32,2,1.8118059614260666
PB-S06,4,33,1,1.8118059614260666
PB-S06,4,34,3,1.8118059614260666
PB-S06,4,35,0,1.8118059614260666
PB-S06,4,36,1,1.8118059614260666
PB-S06,4,37,2,1.8118059614260666
PB-S06,4,38,1,1.8118059614260666
PB-S06,4,39,3,1.8118059614260666
PB-S06,4,40,1,1.8118059614260666
PB-S06,4,41,1,1.8118059614260666
PB-S06,4,42,2,1.8118059614260666
PB-S06,4,43,3,1.8118059614260666
PB-S06,4,44,1,1.8118059614260666
PB-S06,4,45,2,1.8118059614260666
PB-S06,4,46,3,1.8118059614260666
PB-S06,4,47,2,1.8118059614260666
PB-S06,4,48,0,1.8118059614260666
PB-S06,4,49,1,1.8118059614260666
PB-S06,4,50,0,1.8118059614260666
PB-S06,4,51,4,1.8118059614260666
PB-S06,4,52,0,1.8118059614260666
PB-S06,4,53,1,1.8118059614260666
PB-S06,4,54,1,1.8118059614260666
PB-S06,4,55,3,1.8118059614260666
PB-S06,4,56,1,1.8118059614260666
PB-S06,4,57,0,1.8118059614260666
PB-S06,4,58,2,1.8118059614260666
PB-S06,4,59,1,1.8118059614260666
PB-S06,5,6,4,1.8118059614260666
PB-S06,5,7,1,1.8118059614260666
PB-S06,5,8,2,1.8118059614260666
PB-S06,5,9,1,1.8118059614260666
PB-S06,5,10,1,1.8118059614260666
PB-S06,5,11,0,1.8118059614260666
PB-S06,5,12,2,1.8118059614260666
PB-S06,5,13,3,1.8118059614260666
PB-S06,5,14,2,1.8118059614260666
PB-S06,5,15,4,1.8118059614260666
PB-S06,5,16,4,1.8118059614260666
PB-S06,5,17,2,1.8118059614260666
PB-S06,5,18,1,1.8118059614260666
PB-S06,5,19,1,1.8118059614260666
PB-S06,5,20,4,1.8118059614260666
PB-S06,5,21,0,1.8118059614260666
PB-S06,5,22,2,1.8118059614260666
PB-S06,5,23,3,1.8118059614260666
PB-S06,5,24,0,1.8118059614260666
PB-S06,5,25,2,1.8118059614260666
PB-S06,5,26,3,1.8118059614260666
PB-S06,5,27,3,1.8118059614260666
PB-S06,5,28,4,1.8118059614260666
PB-S06,5,29,3,1.8118059614260666
PB-S06,5,30,3,1.8118059614260666
PB-S06,5,31,4,1.8118059614260666
PB-S06,5,32,2,1.8118059614260666
PB-S06,5,33,1,1.8118059614260666
PB-S06,5,34,1,1.8118059614260666
PB-S06,5,35,1,1.8118059614260666
PB-S06,5,36,5,1.8118059614260666
PB-S06,5,37,1,1.8118059614260666
PB-S06,5,38,3,1.8118059614260666
PB-S06,5,39,3,1.8118059614260666
PB-S06,5,40,0,1.8118059614260666
PB-S06,5,41,5,1.8118059614260666
PB-S06,5,42,0,1.8118059614260666
PB-S06,5,43,2,1.8118059614260666
PB-S06,5,44,1,1.8118059614260666
PB-S06,5,45,1,1.8118059614260666
PB-S06,5,46,2,1.8118059614260666
PB-S06,5,47,0,1.8118059614260666
PB-S06,5,48,0,1.8118059614260666
PB-S06,5,49,4,1.8118059614260666
PB-S06,5,50,4,1.8118059614260666
PB-S06,5,51,2,1.8118059614260666
PB-S06,5,52,2,1.8118059614260666
PB-S06,5,53,0,1.8118059614260666
PB-S06,5,54,3,1.8118059614260666
PB-S06,5,55,4,1.8118059614260666
PB-S06,5,56,1,1.8118059614260666
PB-S06,5,57,2,1.8118059614260666
PB-S06,5,58,4,1.8118059614260666
PB-S06,5,59,4,1.8118059614260666
PB-S06,6,7,2,1.8118059614260666
PB-S06,6,8,3,1.8118059614260666
PB-S06,6,9,3,1.8118059614260666
PB-S06,6,10,2,1.8118059614260666
PB-S06,6,11,2,1.8118059614260666
PB-S06,6,12,1,1.8118059614260666
PB-S06,6,13,2,1.8118059614260666
PB-S06,6,14,0,1.8118059614260666
PB-S06,6,15,0,1.8118059614260666
PB-S06,6,16,2,1.8118059614260666
PB-S06,6,17,0,1.8118059614260666
PB-S06,6,18,0,1.8118059614260666
PB-S06,6,19,3,1.8118059614260666
PB-S06,6,20,3,1.8118059614260666
PB-S06,6,21,1,1.8118059614260666
PB-S06,6,22,0,1.8118059614260666
PB-S06,6,23,2,1.8118059614260666
PB-S06,6,24,0,1.8118059614260666
PB-S06,6,25,1,1.8118059614260666
PB-S06,6,26,0,1.8118059614260666
PB-S06,6,27,2,1.8118059614260666
PB-S06,6,28,0,1.8118059614260666
PB-S06,6,29,4,1.8118059614260666
PB-S06,6,30,1,1.8118059614260666
PB-S06,6,31,1,1.8118059614260666
PB-S06,6,32,1,1.8118059614260666
PB-S06,6,33,0,1.8118059614260666
PB-S06,6,34,4,1.8118059614260666
PB-S06,6,35,2,1.8118059614260666
PB-S06,6,36,3,1.8118059614260666
PB-S06,6,37,2,1.8118059614260666
PB-S06,6,38,1,1.8118059614260666
PB-S06,6,39,1,1.8118059614260666
PB-S06,6,40,2,1.8118059614260666
PB-S06,6,41,2,1.8118059614260666
PB-S06,6,42,3,1.8118059614260666
PB-S06,6,43,1,1.8118059614260666
PB-S06,6,44,3,1.8118059614260666
PB-S06,6,45,1,1.8118059614260666
PB-S06,6,46,2,1.8118059614260666
PB-S06,6,47,0,1.8118059614260666
PB-S06,6,48,3,1.8118059614260666
PB-S06,6,49,2,1.8118059614260666
PB-S06,6,50,2,1.8118059614260666
PB-S06,6,51,7,1.8118059614260666
PB-S06,6,52,1,1.8118059614260666
PB-S06,6,53,2,1.8118059614260666
PB-S06,6,54,3,1.8118059614260666
PB-S06,6,55,0,1.8118059614260666
PB-S06,6,56,2,1.8118059614260666
PB-S06,6,57,1,1.8118059614260666
PB-S06,6,58,2,1.8118059614260666
PB-S06,6,59,1,1.8118059614260666
PB-S06,7,8,4,1.8118059614260666
PB-S06,7,9,5,1.8118059614260666
PB-S06,7,10,5,1.8118059614260666
PB-S06,7,11,3,1.8118059614260666
PB-S06,7,12,1,1.8118059614260666
PB-S06,7,13,0,1.8118059614260666
PB-S06,7,14,3,1.8118059614260666
PB-S06,7,15,2,1.8118059614260666
PB-S06,7,16,1,1.8118059614260666
PB-S06,7,17,3,1.8118059614260666
PB-S06,7,18,0,1.8118059614260666
PB-S06,7,19,2,1.8118059614260666
PB-S06,7,20,2,1.8118059614260666
PB-S06,7,21,3,1.8118059614260666
PB-S06,7,22,3,1.8118059614260666
PB-S06,7,23,3,1.8118059614260666
PB-S06,7,24,3,1.8118059614260666
PB-S06,7,25,1,1.8118059614260666
PB-S06,7,26,4,1.8118059614260666
PB-S06,7,27,1,1.8118059614260666
PB-S06,7,28,3,1.8118059614260666
PB-S06,7,29,2,1.8118059614260666
PB-S06,7,30,2,1.8118059614260666
PB-S06,7,31,0,1.8118059614260666
PB-S06,7,32,2,1.8118059614260666
PB-S06,7,33,4,1.8118059614260666
PB-S06,7,34,0,1.8118059614260666
PB-S06,7,35,1,1.8118059614260666
PB-S06,7,36,2,1.8118059614260666
PB-S06,7,37,2,1.8118059614260666
PB-S06,7,38,1,1.8118059614260666
PB-S06,7,39,4,1.8118059614260666
PB-S06,7,40,4,1.8118059614260666
PB-S06,7,41,2,1.8118059614260666
PB-S06,7,42,1,1.8118059614260666
PB-S06,7,43,2,1.8118059614260666
PB-S06,7,44,2,1.8118059614260666
PB-S06,7,45,0,1.8118059614260666
PB-S06,7,46,1,1.8118059614260666
PB-S06,7,47,1,1.8118059614260666
PB-S06,7,48,2,1.8118059614260666
PB-S06,7,49,3,1.8118059614260666
PB-S06,7,50,1,1.8118059614260666
PB-S06,7,51,2,1.8118059614260666
PB-S06,7,52,3,1.8118059614260666
PB-S06,7,53,4,1.8118059614260666
PB-S06,7,54,2,1.8118059614260666
PB-S06,7,55,3,1.8118059614260666
PB-S06,7,56,2,1.8118059614260666
PB-S06,7,57,2,1.8118059614260666
PB-S06,7,58,0,1.8118059614260666
PB-S06,7,59,2,1.8118059614260666
PB-S06,8,9,1,1.8118059614260666
PB-S06,8,10,3,1.8118059614260666
PB-S06,8,11,1,1.8118059614260666
PB-S06,8,12,3,1.8118059614260666
PB-S06,8,13,4,1.8118059614260666
PB-S06,8,14,1,1.8118059614260666
PB-S06,8,15,1,1.8118059614260666
PB-S06,8,16,1,1.8118059614260666
PB-S06,8,17,3,1.8118059614260666
PB-S06,8,18,3,1.8118059614260666
PB-S06,8,19,1,1.8118059614260666
PB-S06,8,20,2,1.8118059614260666
PB-S06,8,21,2,1.8118059614260666
PB-S06,8,22,2,1.8118059614260666
PB-S06,8,23,1,1.8118059614260666
PB-S06,8,24,4,1.8118059614260666
PB-S06,8,25,2,1.8118059614260666
PB-S06,8,26,1,1.8118059614260666
PB-S06,8,27,1,1.8118059614260666
PB-S06,8,28,3,1.8118059614260666
PB-S06,8,29,3,1.8118059614260666
PB-S06,8,30,6,1.8118059614260666
PB-S06,8,31,0,1.8118059614260666
PB-S06,8,32,1,1.8118059614260666
PB-S06,8,33,1,1.8118059614260666
PB-S06,8,34,3,1.8118059614260666
PB-S06,8,35,4,1.8118059614260666
PB-S06,8,36,1,1.8118059614260666
PB-S06,8,37,2,1.8118059614260666
PB-S06,8,38,3,1.8118059614260666
PB-S06,8,39,6,1.8118059614260666
PB-S06,8,40,2,1.8118059614260666
PB-S06,8,41,2,1.8118059614260666
PB-S06,8,42,1,1.8118059614260666
PB-S06,8,43,1,1.8118059614260666
PB-S06,8,44,4,1.8118059614260666
PB-S06,8,45,1,1.8118059614260666
PB-S06,8,46,2,1.8118059614260666
PB-S06,8,47,1,1.8118059614260666
PB-S06,8,48,2,1.8118059614260666
PB-S06,8,49,3,1.8118059614260666
PB-S06,8,50,2,1.8118059614260666
PB-S06,8,51,3,1.8118059614260666
PB-S06,8,52,1,1.8118059614260666
PB-S06,8,53,3,1.8118059614260666
PB-S06,8,54,0,1.8118059614260666
PB-S06,8,55,1,1.8118059614260666
PB-S06,8,56,4,1.8118059614260666
PB-S06,8,57,3,1.8118059614260666
PB-S06,8,58,3,1.8118059614260666
PB-S06,8,59,5,1.8118059614260666
PB-S06,9,10,2,1.8118059614260666
PB-S06,9,11,2,1.8118059614260666
PB-S06,9,12,1,1.8118059614260666
PB-S06,9,13,0,1.8118059614260666
PB-S06,9,14,3,1.8118059614260666
PB-S06,9,15,0,1.8118059614260666
PB-S06,9,16,0,1.8118059614260666
PB-S06,9,17,2,1.8118059614260666
PB-S06,9,18,0,1.8118059614260666
PB-S06,9,19,5,1.8118059614260666
PB-S06,9,20,1,1.8118059614260666
PB-S06,9,21,2,1.8118059614260666
PB-S06,9,22,0,1.8118059614260666
PB-S06,9,23,2,1.8118059614260666
PB-S06,9,24,2,1.8118059614260666
PB-S06,9,25,1,1.8118059614260666
PB-S06,9,26,2,1.8118059614260666
PB-S06,9,27,0,1.8118059614260666
PB-S06,9,28,2,1.8118059614260666
PB-S06,9,29,5,1.8118059614260666
PB-S06,9,30,1,1.8118059614260666
PB-S06,9,31,5,1.8118059614260666
PB-S06,9,32,3,1.8118059614260666
PB-S06,9,33,4,1.8118059614260666
PB-S06,9,34,0,1.8118059614260666
PB-S06,9,35,1,1.8118059614260666
PB-S06,9,36,0,1.8118059614260666
PB-S06,9,37,1,1.8118059614260666
PB-S06,9,38,4,1.8118059614260666
PB-S06,9,39,0,1.8118059614260666
PB-S06,9,40,2,1.8118059614260666
PB-S06,9,41,1,1.8118059614260666
PB-S06,9,42,2,1.8118059614260666
PB-S06,9,43,1,1.8118059614260666
PB-S06,9,44,4,1.8118059614260666
PB-S06,9,45,3,1.8118059614260666
PB-S06,9,46,0,1.8118059614260666
PB-S06,9,47,1,1.8118059614260666
PB-S06,9,48,1,1.8118059614260666
PB-S06,9,49,3,1.8118059614260666
PB-S06,9,50,2,1.8118059614260666
PB-S06,9,51,1,1.8118059614260666
PB-S06,9,52,2,1.8118059614260666
PB-S06,9,53,1,1.8118059614260666
PB-S06,9,54,7,1.8118059614260666
PB-S06,9,55,2,1.8118059614260666
PB-S06,9,56,5,1.8118059614260666
PB-S06,9,57,4,1.8118059614260666
PB-S06,9,58,1,1.8118059614260666
PB-S06,9,59,3,1.8118059614260666
PB-S06,10,11,1,1.8118059614260666
PB-S06,10,12,2,1.8118059614260666
PB-S06,10,13,2,1.8118059614260666
PB-S06,10,14,5,1.8118059614260666
PB-S06,10,15,2,1.8118059614260666
PB-S06,10,16,0,1.8118059614260666
PB-S06,10,17,2,1.8118059614260666
PB-S06,10,18,1,1.8118059614260666
PB-S06,10,19,3,1.8118059614260666
PB-S06,10,20,1,1.8118059614260666
PB-S06,10,21,1,1.8118059614260666
PB-S06,10,22,4,1.8118059614260666
PB-S06,10,23,3,1.8118059614260666
PB-S06,10,24,3,1.8118059614260666
PB-S06,10,25,3,1.8118059614260666
PB-S06,10,26,1,1.8118059614260666
PB-S06,10,27,0,1.8118059614260666
PB-S06,10,28,1,1.8118059614260666
PB-S06,10,29,2,1.8118059614260666
PB-S06,10,30,1,1.8118059614260666
PB-S06,10,31,2,1.8118059614260666
PB-S06,10,32,2,1.8118059614260666
PB-S06,10,33,2,1.8118059614260666
PB-S06,10,34,0,1.8118059614260666
PB-S06,10,35,2,1.8118059614260666
PB-S06,10,36,3,1.8118059614260666
PB-S06,10,37,4,1.8118059614260666
PB-S06,10,38,1,1.8118059614260666
PB-S06,10,39,2,1.8118059614260666
PB-S06,10,40,1,1.8118059614260666
PB-S06,10,41,2,1.8118059614260666
PB-S06,10,42,1,1.8118059614260666
PB-S06,10,43,0,1.8118059614260666
PB-S06,10,44,3,1.8118059614260666
PB-S06,10,45,3,1.8118059614260666
PB-S06,10,46,2,1.8118059614260666
PB-S06,10,47,2,1.8118059614260666
PB-S06,10,48,1,1.8118059614260666
PB-S06,10,49,2,1.8118059614260666
PB-S06,10,50,1,1.8118059614260666
PB-S06,10,51,1,1.8118059614260666
PB-S06,10,52,4,1.8118059614260666
PB-S06,10,53,3,1.8118059614260666
PB-S06,10,54,2,1.8118059614260666
PB-S06,10,55,0,1.8118059614260666
PB-S06,10,56,2,1.8118059614260666
PB-S06,10,57,5,1.8118059614260666
PB-S06,10,58,4,1.8118059614260666
PB-S06,10,59,1,1.8118059614260666
PB-S06,11,12,5,1.8118059614260666
PB-S06,11,13,2,1.8118059614260666
PB-S06,11,14,2,1.8118059614260666
PB-S06,11,15,1,1.8118059614260666
PB-S06,11,16,2,1.8118059614260666
PB-S06,11,17,4,1.8118059614260666
PB-S06,11,18,0,1.8118059614260666
PB-S06,11,19,3,1.8118059614260666
PB-S06,11,20,1,1.8118059614260666
PB-S06,11,21,3,1.8118059614260666
PB-S06,11,22,1,1.8118059614260666
PB-S06,11,23,4,1.8118059614260666
PB-S06,11,24,1,1.8118059614260666
PB-S06,11,25,0,1.8118059614260666
PB-S06,11,26,5,1.8118059614260666
PB-S06,11,27,1,1.8118059614260666
PB-S06,11,28,2,1.8118059614260666
PB-S06,11,29,2,1.8118059614260666
PB-S06,11,30,0,1.8118059614260666
PB-S06,11,31,1,1.8118059614260666
PB-S06,11,32,3,1.8118059614260666
PB-S06,11,33,3,1.8118059614260666
PB-S06,11,34,2,1.8118059614260666
PB-S06,11,35,1,1.8118059614260666
PB-S06,11,36,1,1.8118059614260666
PB-S06,11,37,0,1.8118059614260666
PB-S06,11,38,1,1.8118059614260666
PB-S06,11,39,1,1.8118059614260666
PB-S06,11,40,2,1.8118059614260666
PB-S06,11,41,2,1.8118059614260666
PB-S06,11,42,4,1.8118059614260666
PB-S06,11,43,3,1.8118059614260666
PB-S06,11,44,2,1.8118059614260666
PB-S06,11,45,1,1.8118059614260666
PB-S06,11,46,2,1.8118059614260666
PB-S06,11,47,2,1.8118059614260666
PB-S06,11,48,0,1.8118059614260666
PB-S06,11,49,2,1.8118059614260666
PB-S06,11,50,3,1.8118059614260666
PB-S06,11,51,1,1.8118059614260666
PB-S06,11,52,3,1.8118059614260666
PB-S06,11,53,1,1.8118059614260666
PB-S06,11,54,3,1.8118059614260666
PB-S06,11,55,3,1.8118059614260666
PB-S06,11,56,3,1.8118059614260666
PB-S06,11,57,1,1.8118059614260666
PB-S06,11,58,2,1.8118059614260666
PB-S06,11,59,1,1.8118059614260666
PB-S06,12,13,0,1.8118059614260666
PB-S06,12,14,1,1.8118059614260666
PB-S06,12,15,2,1.8118059614260666
PB-S06,12,16,0,1.8118059614260666
PB-S06,12,17,4,1.8118059614260666
PB-S06,12,18,1,1.8118059614260666
PB-S06,12,19,0,1.8118059614260666
PB-S06,12,20,1,1.8118059614260666
PB-S06,12,21,0,1.8118059614260666
PB-S06,12,22,2,1.8118059614260666
PB-S06,12,23,1,1.8118059614260666
PB-S06,12,24,2,1.8118059614260666
PB-S06,12,25,2,1.8118059614260666
PB-S06,12,26,2,1.8118059614260666
PB-S06,12,27,3,1.8118059614260666
PB-S06,12,28,0,1.8118059614260666
PB-S06,12,29,0,1.8118059614260666
PB-S06,12,30,0,1.8118059614260666
PB-S06,12,31,3,1.8118059614260666
PB-S06,12,32,1,1.8118059614260666
PB-S06,12,33,0,1.8118059614260666
PB-S06,12,34,2,1.8118059614260666
PB-S06,12,35,2,1.8118059614260666
PB-S06,12,36,1,1.8118059614260666
PB-S06,12,37,1,1.8118059614260666
PB-S06,12,38,3,1.8118059614260666
PB-S06,12,39,1,1.8118059614260666
PB-S06,12,40,2,1.8118059614260666
PB-S06,12,41,0,1.8118059614260666
PB-S06,12,42,1,1.8118059614260666
PB-S06,12,43,6,1.8118059614260666
PB-S06,12,44,3,1.8118059614260666
PB-S06,12,45,5,1.8118059614260666
PB-S06,12,46,3,1.8118059614260666
PB-S06,12,47,3,1.8118059614260666
PB-S06,12,48,0,1.8118059614260666
PB-S06,12,49,1,1.8118059614260666
PB-S06,12,50,1,1.8118059614260666
PB-S06,12,51,1,1.8118059614260666
PB-S06,12,52,2,1.8118059614260666
PB-S06,12,53,0,1.8118059614260666
PB-S06,12,54,1,1.8118059614260666
PB-S06,12,55,2,1.8118059614260666
PB-S06,12,56,3,1.8118059614260666
PB-S06,12,57,2,1.8118059614260666
PB-S06,12,58,2,1.8118059614260666
PB-S06,12,59,2,1.8118059614260666
PB-S06,13,14,5,1.8118059614260666
PB-S06,13,15,0,1.8118059614260666
PB-S06,13,16,1,1.8118059614260666
PB-S06,13,17,4,1.8118059614260666
PB-S06,13,18,3,1.8118059614260666
PB-S06,13,19,6,1.8118059614260666
PB-S06,13,20,3,1.8118059614260666
PB-S06,13,21,0,1.8118059614260666
PB-S06,13,22,2,1.8118059614260666
PB-S06,13,23,4,1.8118059614260666
PB-S06,13,24,3,1.8118059614260666
PB-S06,13,25,2,1.8118059614260666
PB-S06,13,26,1,1.8118059614260666
PB-S06,13,27,3,1.8118059614260666
PB-S06,13,28,2,1.8118059614260666
PB-S06,13,29,0,1.8118059614260666
PB-S06,13,30,3,1.8118059614260666
PB-S06,13,31,2,1.8118059614260666
PB-S06,13,32,1,1.8118059614260666
PB-S06,13,33,3,1.8118059614260666
PB-S06,13,34,1,1.8118059614260666
PB-S06,13,35,3,1.8118059614260666
PB-S06,13,36,3,1.8118059614260666
PB-S06,13,37,0,1.8118059614260666
PB-S06,13,38,3,1.8118059614260666
PB-S06,13,39,2,1.8118059614260666
PB-S06,13,40,1,1.8118059614260666
PB-S06,13,41,3,1.8118059614260666
PB-S06,13,42,3,1.8118059614260666
PB-S06,13,43,4,1.8118059614260666
PB-S06,13,44,0,1.8118059614260666
PB-S06,13,45,1,1.8118059614260666
PB-S06,13,46,2,1.8118059614260666
PB-S06,13,47,0,1.8118059614260666
PB-S06,13,48,3,1.8118059614260666
PB-S06,13,49,2,1.8118059614260666
PB-S06,13,50,1,1.8118059614260666
PB-S06,13,51,3,1.8118059614260666
PB-S06,13,52,2,1.8118059614260666
PB-S06,13,53,2,1.8118059614260666
PB-S06,13,54,3,1.8118059614260666
PB-S06,13,55,2,1.8118059614260666
PB-S06,13,56,1,1.8118059614260666
PB-S06,13,57,1,1.8118059614260666
PB-S06,13,58,2,1.8118059614260666
PB-S06,13,59,3,1.8118059614260666
PB-S06,14,15,4,1.8118059614260666
PB-S06,14,16,3,1.8118059614260666
PB-S06,14,17,3,1.8118059614260666
PB-S06,14,18,2,1.8118059614260666
PB-S06,14,19,4,1.8118059614260666
PB-S06,14,20,2,1.8118059614260666
PB-S06,14,21,3,1.8118059614260666
PB-S06,14,22,1,1.8118059614260666
PB-S06,14,23,2,1.8118059614260666
PB-S06,14,24,3,1.8118059614260666
PB-S06,14,25,3,1.8118059614260666
PB-S06,14,26,2,1.8118059614260666
PB-S06,14,27,2,1.8118059614260666
PB-S06,14,28,2,1.8118059614260666
PB-S06,14,29,1,1.8118059614260666
PB-S06,14,30,0,1.8118059614260666
PB-S06,14,31,2,1.8118059614260666
PB-S06,14,32,3,1.8118059614260666
PB-S06,14,33,3,1.8118059614260666
PB-S06,14,34,1,1.8118059614260666
PB-S06,14,35,2,1.8118059614260666
PB-S06,14,36,2,1.8118059614260666
PB-S06,14,37,2,1.8118059614260666
PB-S06,14,38,3,1.8118059614260666
PB-S06,14,39,2,1.8118059614260666
PB-S06,14,40,1,1.8118059614260666
PB-S06,14,41,6,1.8118059614260666
PB-S06,14,42,0,1.8118059614260666
PB-S06,14,43,2,1.8118059614260666
PB-S06,14,44,1,1.8118059614260666
PB-S06,14,45,1,1.8118059614260666
PB-S06,14,46,1,1.8118059614260666
PB-S06,14,47,3,1.8118059614260666
PB-S06,14,48,2,1.8118059614260666
PB-S06,14,49,5,1.8118059614260666
PB-S06,14,50,0,1.8118059614260666
PB-S06,14,51,0,1.8118059614260666
PB-S06,14,52,3,1.8118059614260666
PB-S06,14,53,1,1.8118059614260666
PB-S06,14,54,6,1.8118059614260666
PB-S06,14,55,3,1.8118059614260666
PB-S06,14,56,2,1.8118059614260666
PB-S06,14,57,3,1.8118059614260666
PB-S06,14,58,4,1.8118059614260666
PB-S06,14,59,2,1.8118059614260666
PB-S06,15,16,5,1.8118059614260666
PB-S06,15,17,0,1.8118059614260666
PB-S06,15,18,1,1.8118059614260666
PB-S06,15,19,2,1.8118059614260666
PB-S06,15,20,1,1.8118059614260666
PB-S06,15,21,0,1.8118059614260666
PB-S06,15,22,1,1.8118059614260666
PB-S06,15,23,2,1.8118059614260666
PB-S06,15,24,2,1.8118059614260666
PB-S06,15,25,0,1.8118059614260666
PB-S06,15,26,2,1.8118059614260666
PB-S06,15,27,4,1.8118059614260666
PB-S06,15,28,3,1.8118059614260666
PB-S06,15,29,0,1.8118059614260666
PB-S06,15,30,0,1.8118059614260666
PB-S06,15,31,2,1.8118059614260666
PB-S06,15,32,1,1.8118059614260666
PB-S06,15,33,1,1.8118059614260666
PB-S06,15,34,2,1.8118059614260666
PB-S06,15,35,1,1.8118059614260666
PB-S06,15,36,1,1.8118059614260666
PB-S06,15,37,2,1.8118059614260666
PB-S06,15,38,1,1.8118059614260666
PB-S06,15,39,0,1.8118059614260666
PB-S06,15,40,2,1.8118059614260666
PB-S06,15,41,1,1.8118059614260666
PB-S06,15,42,0,1.8118059614260666
PB-S06,15,43,2,1.8118059614260666
PB-S06,15,44,2,1.8118059614260666
PB-S06,15,45,1,1.8118059614260666
PB-S06,15,46,2,1.8118059614260666
PB-S06,15,47,1,1.8118059614260666
PB-S06,15,48,3,1.8118059614260666
PB-S06,15,49,4,1.8118059614260666
PB-S06,15,50,1,1.8118059614260666
PB-S06,15,51,0,1.8118059614260666
PB-S06,15,52,1,1.8118059614260666
PB-S06,15,53,0,1.8118059614260666
PB-S06,15,54,2,1.8118059614260666
PB-S06,15,55,2,1.8118059614260666
PB-S06,15,56,2,1.8118059614260666
PB-S06,15,57,0,1.8118059614260666
PB-S06,15,58,2,1.8118059614260666
PB-S06,15,59,2,1.8118059614260666
PB-S06,16,17,2,1.8118059614260666
PB-S06,16,18,1,1.8118059614260666
PB-S06,16,19,1,1.8118059614260666
PB-S06,16,20,0,1.8118059614260666
PB-S06,16,21,0,1.8118059614260666
PB-S06,16,22,3,1.8118059614260666
PB-S06,16,23,3,1.8118059614260666
PB-S06,16,24,1,1.8118059614260666
PB-S06,16,25,0,1.8118059614260666
PB-S06,16,26,0,1.8118059614260666
PB-S06,16,27,1,1.8118059614260666
PB-S06,16,28,1,1.8118059614260666
PB-S06,16,29,2,1.8118059614260666
PB-S06,16,30,0,1.8118059614260666
PB-S06,16,31,1,1.8118059614260666
PB-S06,16,32,2,1.8118059614260666
PB-S06,16,33,2,1.8118059614260666
PB-S06,16,34,0,1.8118059614260666
PB-S06,16,35,1,1.8118059614260666
PB-S06,16,36,1,1.8118059614260666
PB-S06,16,37,2,1.8118059614260666
PB-S06,16,38,0,1.8118059614260666
PB-S06,16,39,1,1.8118059614260666
PB-S06,16,40,2,1.8118059614260666
PB-S06,16,41,1,1.8118059614260666
PB-S06,16,42,3,1.8118059614260666
PB-S06,16,43,1,1.8118059614260666
PB-S06,16,44,1,1.8118059614260666
PB-S06,16,45,1,1.8118059614260666
PB-S06,16,46,5,1.8118059614260666
PB-S06,16,47,2,1.8118059614260666
PB-S06,16,48,1,1.8118059614260666
PB-S06,16,49,2,1.8118059614260666
PB-S06,16,50,3,1.8118059614260666
PB-S06,16,51,3,1.8118059614260666
PB-S06,16,52,1,1.8118059614260666
PB-S06,16,53,1,1.8118059614260666
PB-S06,16,54,1,1.8118059614260666
PB-S06,16,55,2,1.8118059614260666
PB-S06,16,56,1,1.8118059614260666
PB-S06,16,57,0,1.8118059614260666
PB-S06,16,58,4,1.8118059614260666
PB-S06,16,59,0,1.8118059614260666
PB-S06,17,18,0,1.8118059614260666
PB-S06,17,19,2,1.8118059614260666
PB-S06,17,20,2,1.8118059614260666
PB-S06,17,21,0,1.8118059614260666
PB-S06,17,22,1,1.8118059614260666
PB-S06,17,23,1,1.8118059614260666
PB-S06,17,24,1,1.8118059614260666
PB-S06,17,25,4,1.8118059614260666
PB-S06,17,26,1,1.8118059614260666
PB-S06,17,27,2,1.8118059614260666
PB-S06,17,28,1,1.8118059614260666
PB-S06,17,29,4,1.8118059614260666
PB-S06,17,30,1,1.8118059614260666
PB-S06,17,31,2,1.8118059614260666
PB-S06,17,32,2,1.8118059614260666
PB-S06,17,33,0,1.8118059614260666
PB-S06,17,34,1,1.8118059614260666
PB-S06,17,35,1,1.8118059614260666
PB-S06,17,36,1,1.8118059614260666
PB-S06,17,37,2,1.8118059614260666
PB-S06,17,38,3,1.8118059614260666
PB-S06,17,39,3,1.8118059614260666
PB-S06,17,40,2,1.8118059614260666
PB-S06,17,41,1,1.8118059614260666
PB-S06,17,42,1,1.8118059614260666
PB-S06,17,43,2,1.8118059614260666
PB-S06,17,44,1,1.8118059614260666
PB-S06,17,45,5,1.8118059614260666
PB-S06,17,46,2,1.8118059614260666
PB-S06,17,47,0,1.8118059614260666
PB-S06,17,48,2,1.8118059614260666
PB-S06,17,49,4,1.8118059614260666
PB-S06,17,50,0,1.8118059614260666
PB-S06,17,51,3,1.8118059614260666
PB-S06,17,52,1,1.8118059614260666
PB-S06,17,53,4,1.8118059614260666
PB-S06,17,54,4,1.8118059614260666
PB-S06,17,55,1,1.8118059614260666
PB-S06,17,56,1,1.8118059614260666
PB-S06,17,57,3,1.8118059614260666
PB-S06,17,58,1,1.8118059614260666
PB-S06,17,59,5,1.8118059614260666
PB-S06,18,19,1,1.8118059614260666
PB-S06,18,20,2,1.8118059614260666
PB-S06,18,21,2,1.8118059614260666
PB-S06,18,22,1,1.8118059614260666
PB-S06,18,23,2,1.8118059614260666
PB-S06,18,24,2,1.8118059614260666
PB-S06,18,25,4,1.8118059614260666
PB-S06,18,26,2,1.8118059614260666
PB-S06,18,27,0,1.8118059614260666
PB-S06,18,28,2,1.8118059614260666
PB-S06,18,29,2,1.8118059614260666
PB-S06,18,30,1,1.8118059614260666
PB-S06,18,31,0,1.8118059614260666
PB-S06,18,32,2,1.8118059614260666
PB-S06,18,33,3,1.8118059614260666
PB-S06,18,34,0,1.8118059614260666
PB-S06,18,35,3,1.8118059614260666
PB-S06,18,36,2,1.8118059614260666
PB-S06,18,37,0,1.8118059614260666
PB-S06,18,38,0,1.8118059614260666
PB-S06,18,39,3,1.8118059614260666
PB-S06,18,40,1,1.8118059614260666
PB-S06,18,41,0,1.8118059614260666
PB-S06,18,42,1,1.8118059614260666
PB-S06,18,43,2,1.8118059614260666
PB-S06,18,44,1,1.8118059614260666
PB-S06,18,45,4,1.8118059614260666
PB-S06,18,46,3,1.8118059614260666
PB-S06,18,47,0,1.8118059614260666
PB-S06,18,48,2,1.8118059614260666
PB-S06,18,49,1,1.8118059614260666
PB-S06,18,50,3,1.8118059614260666
PB-S06,18,51,0,1.8118059614260666
PB-S06,18,52,0,1.8118059614260666
PB-S06,18,53,2,1.8118059614260666
PB-S06,18,54,1,1.8118059614260666
PB-S06,18,55,3,1.8118059614260666
PB-S06,18,56,2,1.8118059614260666
PB-S06,18,57,4,1.8118059614260666
PB-S06,18,58,2,1.8118059614260666
PB-S06,18,59,0,1.8118059614260666
PB-S06,19,20,1,1.8118059614260666
PB-S06,19,21,2,1.8118059614260666
PB-S06,19,22,2,1.8118059614260666
PB-S06,19,23,3,1.8118059614260666
PB-S06,19,24,1,1.8118059614260666
PB-S06,19,25,2,1.8118059614260666
PB-S06,19,26,2,1.8118059614260666
PB-S06,19,27,3,1.8118059614260666
PB-S06,19,28,2,1.8118059614260666
PB-S06,19,29,2,1.8118059614260666
PB-S06,19,30,2,1.8118059614260666
PB-S06,19,31,3,1.8118059614260666
PB-S06,19,32,2,1.8118059614260666
PB-S06,19,33,5,1.8118059614260666
PB-S06,19,34,1,1.8118059614260666
PB-S06,19,35,1,1.8118059614260666
PB-S06,19,36,2,1.8118059614260666
PB-S06,19,37,2,1.8118059614260666
PB-S06,19,38,5,1.8118059614260666
PB-S06,19,39,2,1.8118059614260666
PB-S06,19,40,0,1.8118059614260666
PB-S06,19,41,1,1.8118059614260666
PB-S06,19,42,3,1.8118059614260666
PB-S06,19,43,2,1.8118059614260666
PB-S06,19,44,0,1.8118059614260666
PB-S06,19,45,1,1.8118059614260666
PB-S06,19,46,1,1.8118059614260666
PB-S06,19,47,1,1.8118059614260666
PB-S06,19,48,3,1.8118059614260666
PB-S06,19,49,0,1.8118059614260666
PB-S06,19,50,1,1.8118059614260666
PB-S06,19,51,1,1.8118059614260666
PB-S06,19,52,1,1.8118059614260666
PB-S06,19,53,2,1.8118059614260666
PB-S06,19,54,1,1.8118059614260666
PB-S06,19,55,1,1.8118059614260666
PB-S06,19,56,3,1.8118059614260666
PB-S06,19,57,1,1.8118059614260666
PB-S06,19,58,1,1.8118059614260666
PB-S06,19,59,2,1.8118059614260666
PB-S06,20,21,0,1.8118059614260666
PB-S06,20,22,1,1.8118059614260666
PB-S06,20,23,2,1.8118059614260666
PB-S06,20,24,0,1.8118059614260666
PB-S06,20,25,1,1.8118059614260666
PB-S06,20,26,2,1.8118059614260666
PB-S06,20,27,2,1.8118059614260666
PB-S06,20,28,1,1.8118059614260666
PB-S06,20,29,0,1.8118059614260666
PB-S06,20,30,2,1.8118059614260666
PB-S06,20,31,0,1.8118059614260666
PB-S06,20,32,1,1.8118059614260666
PB-S06,20,33,0,1.8118059614260666
PB-S06,20,34,3,1.8118059614260666
PB-S06,20,35,1,1.8118059614260666
PB-S06,20,36,1,1.8118059614260666
PB-S06,20,37,1,1.8118059614260666
PB-S06,20,38,0,1.8118059614260666
PB-S06,20,39,2,1.8118059614260666
PB-S06,20,40,0,1.8118059614260666
PB-S06,20,41,3,1.8118059614260666
PB-S06,20,42,1,1.8118059614260666
PB-S06,20,43,1,1.8118059614260666
PB-S06,20,44,3,1.8118059614260666
PB-S06,20,45,2,1.8118059614260666
PB-S06,20,46,1,1.8118059614260666
PB-S06,20,47,0,1.8118059614260666
PB-S06,20,48,4,1.8118059614260666
PB-S06,20,49,2,1.8118059614260666
PB-S06,20,50,1,1.8118059614260666
PB-S06,20,51,1,1.8118059614260666
PB-S06,20,52,0,1.8118059614260666
PB-S06,20,53,2,1.8118059614260666
PB-S06,20,54,1,1.8118059614260666
PB-S06,20,55,0,1.8118059614260666
PB-S06,20,56,0,1.8118059614260666
PB-S06,20,57,1,1.8118059614260666
PB-S06,20,58,2,1.8118059614260666
PB-S06,20,59,2,1.8118059614260666
PB-S06,21,22,1,1.8118059614260666
PB-S06,21,23,3,1.8118059614260666
PB-S06,21,24,2,1.8118059614260666
PB-S06,21,25,0,1.8118059614260666
PB-S06,21,26,2,1.8118059614260666
PB-S06,21,27,1,1.8118059614260666
PB-S06,21,28,3,1.8118059614260666
PB-S06,21,29,0,1.8118059614260666
PB-S06,21,30,1,1.8118059614260666
PB-S06,21,31,1,1.8118059614260666
PB-S06,21,32,1,1.8118059614260666
PB-S06,21,33,1,1.8118059614260666
PB-S06,21,34,1,1.8118059614260666
PB-S06,21,35,0,1.8118059614260666
PB-S06,21,36,1,1.8118059614260666
PB-S06,21,37,0,1.8118059614260666
PB-S06,21,38,1,1.8118059614260666
PB-S06,21,39,0,1.8118059614260666
PB-S06,21,40,1,1.8118059614260666
PB-S06,21,41,1,1.8118059614260666
PB-S06,21,42,2,1.8118059614260666
PB-S06,21,43,1,1.8118059614260666
PB-S06,21,44,3,1.8118059614260666
PB-S06,21,45,1,1.8118059614260666
PB-S06,21,46,1,1.8118059614260666
PB-S06,21,47,1,1.8118059614260666
PB-S06,21,48,0,1.8118059614260666
PB-S06,21,49,1,1.8118059614260666
PB-S06,21,50,1,1.8118059614260666
PB-S06,21,51,1,1.8118059614260666
PB-S06,21,52,0,1.8118059614260666
PB-S06,21,53,1,1.8118059614260666
PB-S06,21,54,1,1.8118059614260666
PB-S06,21,55,0,1.8118059614260666
PB-S06,21,56,1,1.8118059614260666
PB-S06,21,57,1,1.8118059614260666
PB-S06,21,58,0,1.8118059614260666
PB-S06,21,59,0,1.8118059614260666
PB-S06,22,23,3,1.8118059614260666
PB-S06,22,24,0,1.8118059614260666
PB-S06,22,25,0,1.8118059614260666
PB-S06,22,26,5,1.8118059614260666
PB-S06,22,27,0,1.8118059614260666
PB-S06,22,28,1,1.8118059614260666
PB-S06,22,29,2,1.8118059614260666
PB-S06,22,30,3,1.8118059614260666
PB-S06,22,31,4,1.8118059614260666
PB-S06,22,32,4,1.8118059614260666
PB-S06,22,33,2,1.8118059614260666
PB-S06,22,34,2,1.8118059614260666
PB-S06,22,35,2,1.8118059614260666
PB-S06,22,36,2,1.8118059614260666
PB-S06,22,37,3,1.8118059614260666
PB-S06,22,38,2,1.8118059614260666
PB-S06,22,39,2,1.8118059614260666
PB-S06,22,40,0,1.8118059614260666
PB-S06,22,41,1,1.8118059614260666
PB-S06,22,42,2,1.8118059614260666
PB-S06,22,43,1,1.8118059614260666
PB-S06,22,44,1,1.8118059614260666
PB-S06,22,45,2,1.8118059614260666
PB-S06,22,46,2,1.8118059614260666
PB-S06,22,47,2,1.8118059614260666
PB-S06,22,48,1,1.8118059614260666
PB-S06,22,49,5,1.8118059614260666
PB-S06,22,50,1,1.8118059614260666
PB-S06,22,51,0,1.8118059614260666
PB-S06,22,52,1,1.8118059614260666
PB-S06,22,53,2,1.8118059614260666
PB-S06,22,54,2,1.8118059614260666
PB-S06,22,55,4,1.8118059614260666
PB-S06,22,56,2,1.8118059614260666
PB-S06,22,57,2,1.8118059614260666
PB-S06,22,58,0,1.8118059614260666
PB-S06,22,59,1,1.8118059614260666
PB-S06,23,24,1,1.8118059614260666
PB-S06,23,25,1,1.8118059614260666
PB-S06,23,26,3,1.8118059614260666
PB-S06,23,27,2,1.8118059614260666
PB-S06,23,28,3,1.8118059614260666
PB-S06,23,29,1,1.8118059614260666
PB-S06,23,30,2,1.8118059614260666
PB-S06,23,31,1,1.8118059614260666
PB-S06,23,32,3,1.8118059614260666
PB-S06,23,33,1,1.8118059614260666
PB-S06,23,34,2,1.8118059614260666
PB-S06,23,35,0,1.8118059614260666
PB-S06,23,36,1,1.8118059614260666
PB-S06,23,37,1,1.8118059614260666
PB-S06,23,38,1,1.8118059614260666
PB-S06,23,39,3,1.8118059614260666
PB-S06,23,40,4,1.8118059614260666
PB-S06,23,41,1,1.8118059614260666
PB-S06,23,42,3,1.8118059614260666
PB-S06,23,43,5,1.8118059614260666
PB-S06,23,44,2,1.8118059614260666
PB-S06,23,45,3,1.8118059614260666
PB-S06,23,46,1,1.8118059614260666
PB-S06,23,47,5,1.8118059614260666
PB-S06,23,48,1,1.8118059614260666
PB-S06,23,49,2,1.8118059614260666
PB-S06,23,50,2,1.8118059614260666
PB-S06,23,51,1,1.8118059614260666
PB-S06,23,52,0,1.8118059614260666
PB-S06,23,53,3,1.8118059614260666
PB-S06,23,54,3,1.8118059614260666
PB-S06,23,55,5,1.8118059614260666
PB-S06,23,56,3,1.8118059614260666
PB-S06,23,57,3,1.8118059614260666
PB-S06,23,58,1,1.8118059614260666
PB-S06,23,59,2,1.8118059614260666
PB-S06,24,25,2,1.8118059614260666
PB-S06,24,26,1,1.8118059614260666
PB-S06,24,27,1,1.8118059614260666
PB-S06,24,28,3,1.8118059614260666
PB-S06,24,29,1,1.8118059614260666
PB-S06,24,30,3,1.8118059614260666
PB-S06,24,31,0,1.8118059614260666
PB-S06,24,32,2,1.8118059614260666
PB-S06,24,33,3,1.8118059614260666
PB-S06,24,34,2,1.8118059614260666
PB-S06,24,35,1,1.8118059614260666
PB-S06,24,36,3,1.8118059614260666
PB-S06,24,37,2,1.8118059614260666
PB-S06,24,38,1,1.8118059614260666
PB-S06,24,39,4,1.8118059614260666
PB-S06,24,40,3,1.8118059614260666
PB-S06,24,41,2,1.8118059614260666
PB-S06,24,42,2,1.8118059614260666
PB-S06,24,43,2,1.8118059614260666
PB-S06,24,44,1,1.8118059614260666
PB-S06,24,45,5,1.8118059614260666
PB-S06,24,46,1,1.8118059614260666
PB-S06,24,47,0,1.8118059614260666
PB-S06,24,48,3,1.8118059614260666
PB-S06,24,49,3,1.8118059614260666
PB-S06,24,50,0,1.8118059614260666
PB-S06,24,51,0,1.8118059614260666
PB-S06,24,52,2,1.8118059614260666
PB-S06,24,53,1,1.8118059614260666
PB-S06,24,54,1,1.8118059614260666
PB-S06,24,55,0,1.8118059614260666
PB-S06,24,56,2,1.8118059614260666
PB-S06,24,57,1,1.8118059614260666
PB-S06,24,58,2,1.8118059614260666
PB-S06,24,59,2,1.8118059614260666
PB-S06,25,26,1,1.8118059614260666
PB-S06,25,27,2,1.8118059614260666
PB-S06,25,28,2,1.8118059614260666
PB-S06,25,29,2,1.8118059614260666
PB-S06,25,30,3,1.8118059614260666
PB-S06,25,31,0,1.8118059614260666
PB-S06,25,32,3,1.8118059614260666
PB-S06,25,33,3,1.8118059614260666
PB-S06,25,34,2,1.8118059614260666
PB-S06,25,35,0,1.8118059614260666
PB-S06,25,36,4,1.8118059614260666
PB-S06,25,37,2,1.8118059614260666
PB-S06,25,38,2,1.8118059614260666
PB-S06,25,39,0,1.8118059614260666
PB-S06,25,40,2,1.8118059614260666
PB-S06,25,41,1,1.8118059614260666
PB-S06,25,42,2,1.8118059614260666
PB-S06,25,43,2,1.8118059614260666
PB-S06,25,44,2,1.8118059614260666
PB-S06,25,45,3,1.8118059614260666
PB-S06,25,46,1,1.8118059614260666
PB-S06,25,47,1,1.8118059614260666
PB-S06,25,48,3,1.8118059614260666
PB-S06,25,49,3,1.8118059614260666
PB-S06,25,50,3,1.8118059614260666
PB-S06,25,51,2,1.8118059614260666
PB-S06,25,52,0,1.8118059614260666
PB-S06,25,53,2,1.8118059614260666
PB-S06,25,54,3,1.8118059614260666
PB-S06,25,55,2,1.8118059614260666
PB-S06,25,56,2,1.8118059614260666
PB-S06,25,57,3,1.8118059614260666
PB-S06,25,58,2,1.8118059614260666
PB-S06,25,59,3,1.8118059614260666
PB-S06,26,27,1,1.8118059614260666
PB-S06,26,28,1,1.8118059614260666
PB-S06,26,29,1,1.8118059614260666
PB-S06,26,30,2,1.8118059614260666
PB-S06,26,31,1,1.8118059614260666
PB-S06,26,32,2,1.8118059614260666
PB-S06,26,33,2,1.8118059614260666
PB-S06,26,34,4,1.8118059614260666
PB-S06,26,35,1,1.8118059614260666
PB-S06,26,36,4,1.8118059614260666
PB-S06,26,37,0,1.8118059614260666
PB-S06,26,38,0,1.8118059614260666
PB-S06,26,39,1,1.8118059614260666
PB-S06,26,40,2,1.8118059614260666
PB-S06,26,41,4,1.8118059614260666
PB-S06,26,42,3,1.8118059614260666
PB-S06,26,43,2,1.8118059614260666
PB-S06,26,44,2,1.8118059614260666
PB-S06,26,45,5,1.8118059614260666
PB-S06,26,46,3,1.8118059614260666
PB-S06,26,47,2,1.8118059614260666
PB-S06,26,48,1,1.8118059614260666
PB-S06,26,49,3,1.8118059614260666
PB-S06,26,50,0,1.8118059614260666
PB-S06,26,51,2,1.8118059614260666
PB-S06,26,52,0,1.8118059614260666
PB-S06,26,53,2,1.8118059614260666
PB-S06,26,54,5,1.8118059614260666
PB-S06,26,55,5,1.8118059614260666
PB-S06,26,56,0,1.8118059614260666
PB-S06,26,57,3,1.8118059614260666
PB-S06,26,58,1,1.8118059614260666
PB-S06,26,59,3,1.8118059614260666
PB-S06,27,28,1,1.8118059614260666
PB-S06,27,29,0,1.8118059614260666
PB-S06,27,30,0,1.8118059614260666
PB-S06,27,31,2,1.8118059614260666
PB-S06,27,32,0,1.8118059614260666
PB-S06,27,33,0,1.8118059614260666
PB-S06,27,34,1,1.8118059614260666
PB-S06,27,35,0,1.8118059614260666
PB-S06,27,36,2,1.8118059614260666
PB-S06,27,37,1,1.8118059614260666
PB-S06,27,38,5,1.8118059614260666
PB-S06,27,39,0,1.8118059614260666
PB-S06,27,40,2,1.8118059614260666
PB-S06,27,41,1,1.8118059614260666
PB-S06,27,42,0,1.8118059614260666
PB-S06,27,43,1,1.8118059614260666
PB-S06,27,44,0,1.8118059614260666
PB-S06,27,45,1,1.8118059614260666
PB-S06,27,46,1,1.8118059614260666
PB-S06,27,47,0,1.8118059614260666
PB-S06,27,48,2,1.8118059614260666
PB-S06,27,49,0,1.8118059614260666
PB-S06,27,50,0,1.8118059614260666
PB-S06,27,51,1,1.8118059614260666
PB-S06,27,52,0,1.8118059614260666
PB-S06,27,53,1,1.8118059614260666
PB-S06,27,54,1,1.8118059614260666
PB-S06,27,55,0,1.8118059614260666
PB-S06,27,56,1,1.8118059614260666
PB-S06,27,57,0,1.8118059614260666
PB-S06,27,58,2,1.8118059614260666
PB-S06,27,59,2,1.8118059614260666
PB-S06,28,29,3,1.8118059614260666
PB-S06,28,30,3,1.8118059614260666
PB-S06,28,31,3,1.8118059614260666
PB-S06,28,32,5,1.8118059614260666
PB-S06,28,33,2,1.8118059614260666
PB-S06,28,34,2,1.8118059614260666
PB-S06,28,35,3,1.8118059614260666
PB-S06,28,36,2,1.8118059614260666
PB-S06,28,37,1,1.8118059614260666
PB-S06,28,38,5,1.8118059614260666
PB-S06,28,39,4,1.8118059614260666
PB-S06,28,40,1,1.8118059614260666
PB-S06,28,41,1,1.8118059614260666
PB-S06,28,42,1,1.8118059614260666
PB-S06,28,43,2,1.8118059614260666
PB-S06,28,44,2,1.8118059614260666
PB-S06,28,45,0,1.8118059614260666
PB-S06,28,46,0,1.8118059614260666
PB-S06,28,47,3,1.8118059614260666
PB-S06,28,48,2,1.8118059614260666
PB-S06,28,49,3,1.8118059614260666
PB-S06,28,50,1,1.8118059614260666
PB-S06,28,51,2,1.8118059614260666
PB-S06,28,52,2,1.8118059614260666
PB-S06,28,53,3,1.8118059614260666
PB-S06,28,54,2,1.8118059614260666
PB-S06,28,55,4,1.8118059614260666
PB-S06,28,56,4,1.8118059614260666
PB-S06,28,57,2,1.8118059614260666
PB-S06,28,58,3,1.8118059614260666
PB-S06,28,59,7,1.8118059614260666
PB-S06,29,30,2,1.8118059614260666
PB-S06,29,31,4,1.8118059614260666
PB-S06,29,32,0,1.8118059614260666
PB-S06,29,33,0,1.8118059614260666
PB-S06,29,34,3,1.8118059614260666
PB-S06,29,35,2,1.8118059614260666
PB-S06,29,36,1,1.8118059614260666
PB-S06,29,37,1,1.8118059614260666
PB-S06,29,38,1,1.8118059614260666
PB-S06,29,39,2,1.8118059614260666
PB-S06,29,40,3,1.8118059614260666
PB-S06,29,41,0,1.8118059614260666
PB-S06,29,42,1,1.8118059614260666
PB-S06,29,43,3,1.8118059614260666
PB-S06,29,44,3,1.8118059614260666
PB-S06,29,45,2,1.8118059614260666
PB-S06,29,46,0,1.8118059614260666
PB-S06,29,47,3,1.8118059614260666
PB-S06,29,48,2,1.8118059614260666
PB-S06,29,49,2,1.8118059614260666
PB-S06,29,50,4,1.8118059614260666
PB-S06,29,51,2,1.8118059614260666
PB-S06,29,52,2,1.8118059614260666
PB-S06,29,53,1,1.8118059614260666
PB-S06,29,54,1,1.8118059614260666
PB-S06,29,55,1,1.8118059614260666
PB-S06,29,56,1,1.8118059614260666
PB-S06,29,57,2,1.8118059614260666
PB-S06,29,58,1,1.8118059614260666
PB-S06,29,59,3,1.8118059614260666
PB-S06,30,31,1,1.8118059614260666
PB-S06,30,32,1,1.8118059614260666
PB-S06,30,33,2,1.8118059614260666
PB-S06,30,34,0,1.8118059614260666
PB-S06,30,35,1,1.8118059614260666
PB-S06,30,36,0,1.8118059614260666
PB-S06,30,37,1,1.8118059614260666
PB-S06,30,38,1,1.8118059614260666
PB-S06,30,39,4,1.8118059614260666
PB-S06,30,40,2,1.8118059614260666
PB-S06,30,41,0,1.8118059614260666
PB-S06,30,42,4,1.8118059614260666
PB-S06,30,43,0,1.8118059614260666
PB-S06,30,44,1,1.8118059614260666
PB-S06,30,45,2,1.8118059614260666
PB-S06,30,46,2,1.8118059614260666
PB-S06,30,47,2,1.8118059614260666
PB-S06,30,48,5,1.8118059614260666
PB-S06,30,49,3,1.8118059614260666
PB-S06,30,50,1,1.8118059614260666
PB-S06,30,51,1,1.8118059614260666
PB-S06,30,52,0,1.8118059614260666
PB-S06,30,53,3,1.8118059614260666
PB-S06,30,54,3,1.8118059614260666
PB-S06,30,55,2,1.8118059614260666
PB-S06,30,56,1,1.8118059614260666
PB-S06,30,57,1,1.8118059614260666
PB-S06,30,58,3,1.8118059614260666
PB-S06,30,59,4,1.8118059614260666
PB-S06,31,32,0,1.8118059614260666
PB-S06,31,33,0,1.8118059614260666
PB-S06,31,34,3,1.8118059614260666
PB-S06,31,35,1,1.8118059614260666
PB-S06,31,36,0,1.8118059614260666
PB-S06,31,37,0,1.8118059614260666
PB-S06,31,38,3,1.8118059614260666
PB-S06,31,39,2,1.8118059614260666
PB-S06,31,40,1,1.8118059614260666
PB-S06,31,41,3,1.8118059614260666
PB-S06,31,42,0,1.8118059614260666
PB-S06,31,43,1,1.8118059614260666
PB-S06,31,44,2,1.8118059614260666
PB-S06,31,45,2,1.8118059614260666
PB-S06,31,46,1,1.8118059614260666
PB-S06,31,47,4,1.8118059614260666
PB-S06,31,48,4,1.8118059614260666
PB-S06,31,49,1,1.8118059614260666
PB-S06,31,50,3,1.8118059614260666
PB-S06,31,51,1,1.8118059614260666
PB-S06,31,52,2,1.8118059614260666
PB-S06,31,53,1,1.8118059614260666
PB-S06,31,54,2,1.8118059614260666
PB-S06,31,55,6,1.8118059614260666
PB-S06,31,56,5,1.8118059614260666
PB-S06,31,57,3,1.8118059614260666
PB-S06,31,58,2,1.8118059614260666
PB-S06,31,59,3,1.8118059614260666
PB-S06,32,33,1,1.8118059614260666
PB-S06,32,34,2,1.8118059614260666
PB-S06,32,35,2,1.8118059614260666
PB-S06,32,36,2,1.8118059614260666
PB-S06,32,37,2,1.8118059614260666
PB-S06,32,38,1,1.8118059614260666
PB-S06,32,39,1,1.8118059614260666
PB-S06,32,40,0,1.8118059614260666
PB-S06,32,41,2,1.8118059614260666
PB-S06,32,42,1,1.8118059614260666
PB-S06,32,43,1,1.8118059614260666
PB-S06,32,44,1,1.8118059614260666
PB-S06,32,45,3,1.8118059614260666
PB-S06,32,46,2,1.8118059614260666
PB-S06,32,47,3,1.8118059614260666
PB-S06,32,48,1,1.8118059614260666
PB-S06,32,49,1,1.8118059614260666
PB-S06,32,50,2,1.8118059614260666
PB-S06,32,51,1,1.8118059614260666
PB-S06,32,52,4,1.8118059614260666
PB-S06,32,53,1,1.8118059614260666
PB-S06,32,54,2,1.8118059614260666
PB-S06,32,55,2,1.8118059614260666
PB-S06,32,56,3,1.8118059614260666
PB-S06,32,57,1,1.8118059614260666
PB-S06,32,58,1,1.8118059614260666
PB-S06,32,59,2,1.8118059614260666
PB-S06,33,34,1,1.8118059614260666
PB-S06,33,35,1,1.8118059614260666
PB-S06,33,36,2,1.8118059614260666
PB-S06,33,37,0,1.8118059614260666
PB-S06,33,38,3,1.8118059614260666
PB-S06,33,39,2,1.8118059614260666
PB-S06,33,40,1,1.8118059614260666
PB-S06,33,41,4,1.8118059614260666
PB-S06,33,42,2,1.8118059614260666
PB-S06,33,43,0,1.8118059614260666
PB-S06,33,44,1,1.8118059614260666
PB-S06,33,45,2,1.8118059614260666
PB-S06,33,46,1,1.8118059614260666
PB-S06,33,47,0,1.8118059614260666
PB-S06,33,48,3,1.8118059614260666
PB-S06,33,49,2,1.8118059614260666
PB-S06,33,50,1,1.8118059614260666
PB-S06,33,51,1,1.8118059614260666
PB-S06,33,52,2,1.8118059614260666
PB-S06,33,53,1,1.8118059614260666
PB-S06,33,54,5,1.8118059614260666
PB-S06,33,55,2,1.8118059614260666
PB-S06,33,56,2,1.8118059614260666
PB-S06,33,57,3,1.8118059614260666
PB-S06,33,58,0,1.8118059614260666
PB-S06,33,59,4,1.8118059614260666
PB-S06,34,35,0,1.8118059614260666
PB-S06,34,36,3,1.8118059614260666
PB-S06,34,37,1,1.8118059614260666
PB-S06,34,38,2,1.8118059614260666
PB-S06,34,39,2,1.8118059614260666
PB-S06,34,40,1,1.8118059614260666
PB-S06,34,41,1,1.8118059614260666
PB-S06,34,42,3,1.8118059614260666
PB-S06,34,43,3,1.8118059614260666
PB-S06,34,44,4,1.8118059614260666
PB-S06,34,45,1,1.8118059614260666
PB-S06,34,46,1,1.8118059614260666
PB-S06,34,47,1,1.8118059614260666
PB-S06,34,48,4,1.8118059614260666
PB-S06,34,49,1,1.8118059614260666
PB-S06,34,50,1,1.8118059614260666
PB-S06,34,51,2,1.8118059614260666
PB-S06,34,52,1,1.8118059614260666
PB-S06,34,53,0,1.8118059614260666
PB-S06,34,54,2,1.8118059614260666
PB-S06,34,55,1,1.8118059614260666
PB-S06,34,56,3,1.8118059614260666
PB-S06,34,57,1,1.8118059614260666
PB-S06,34,58,5,1.8118059614260666
PB-S06,34,59,3,1.8118059614260666
PB-S06,35,36,2,1.8118059614260666
PB-S06,35,37,2,1.8118059614260666
PB-S06,35,38,1,1.8118059614260666
PB-S06,35,39,2,1.8118059614260666
PB-S06,35,40,0,1.8118059614260666
PB-S06,35,41,1,1.8118059614260666
PB-S06,35,42,0,1.8118059614260666
PB-S06,35,43,1,1.8118059614260666
PB-S06,35,44,2,1.8118059614260666
PB-S06,35,45,1,1.8118059614260666
PB-S06,35,46,3,1.8118059614260666
PB-S06,35,47,2,1.8118059614260666
PB-S06,35,48,0,1.8118059614260666
PB-S06,35,49,1,1.8118059614260666
PB-S06,35,50,0,1.8118059614260666
PB-S06,35,51,4,1.8118059614260666
PB-S06,35,52,3,1.8118059614260666
PB-S06,35,53,2,1.8118059614260666
PB-S06,35,54,2,1.8118059614260666
PB-S06,35,55,0,1.8118059614260666
PB-S06,35,56,2,1.8118059614260666
PB-S06,35,57,1,1.8118059614260666
PB-S06,35,58,2,1.8118059614260666
PB-S06,35,59,1,1.8118059614260666
PB-S06,36,37,0,1.8118059614260666
PB-S06,36,38,2,1.8118059614260666
PB-S06,36,39,0,1.8118059614260666
PB-S06,36,40,5,1.8118059614260666
PB-S06,36,41,1,1.8118059614260666
PB-S06,36,42,1,1.8118059614260666
PB-S06,36,43,0,1.8118059614260666
PB-S06,36,44,2,1.8118059614260666
PB-S06,36,45,2,1.8118059614260666
PB-S06,36,46,2,1.8118059614260666
PB-S06,36,47,0,1.8118059614260666
PB-S06,36,48,6,1.8118059614260666
PB-S06,36,49,3,1.8118059614260666
PB-S06,36,50,3,1.8118059614260666
PB-S06,36,51,2,1.8118059614260666
PB-S06,36,52,5,1.8118059614260666
PB-S06,36,53,1,1.8118059614260666
PB-S06,36,54,3,1.8118059614260666
PB-S06,36,55,5,1.8118059614260666
PB-S06,36,56,2,1.8118059614260666
PB-S06,36,57,2,1.8118059614260666
PB-S06,36,58,4,1.8118059614260666
PB-S06,36,59,2,1.8118059614260666
PB-S06,37,38,1,1.8118059614260666
PB-S06,37,39,5,1.8118059614260666
PB-S06,37,40,4,1.8118059614260666
PB-S06,37,41,2,1.8118059614260666
PB-S06,37,42,0,1.8118059614260666
PB-S06,37,43,1,1.8118059614260666
PB-S06,37,44,3,1.8118059614260666
PB-S06,37,45,0,1.8118059614260666
PB-S06,37,46,2,1.8118059614260666
PB-S06,37,47,1,1.8118059614260666
PB-S06,37,48,1,1.8118059614260666
PB-S06,37,49,1,1.8118059614260666
PB-S06,37,50,1,1.8118059614260666
PB-S06,37,51,1,1.8118059614260666
PB-S06,37,52,5,1.8118059614260666
PB-S06,37,53,2,1.8118059614260666
PB-S06,37,54,3,1.8118059614260666
PB-S06,37,55,1,1.8118059614260666
PB-S06,37,56,1,1.8118059614260666
PB-S06,37,57,1,1.8118059614260666
PB-S06,37,58,2,1.8118059614260666
PB-S06,37,59,1,1.8118059614260666
PB-S06,38,39,4,1.8118059614260666
PB-S06,38,40,1,1.8118059614260666
PB-S06,38,41,1,1.8118059614260666
PB-S06,38,42,2,1.8118059614260666
PB-S06,38,43,0,1.8118059614260666
PB-S06,38,44,0,1.8118059614260666
PB-S06,38,45,0,1.8118059614260666
PB-S06,38,46,1,1.8118059614260666
PB-S06,38,47,1,1.8118059614260666
PB-S06,38,48,2,1.8118059614260666
PB-S06,38,49,0,1.8118059614260666
PB-S06,38,50,1,1.8118059614260666
PB-S06,38,51,2,1.8118059614260666
PB-S06,38,52,0,1.8118059614260666
PB-S06,38,53,0,1.8118059614260666
PB-S06,38,54,2,1.8118059614260666
PB-S06,38,55,0,1.8118059614260666
PB-S06,38,56,2,1.8118059614260666
PB-S06,38,57,0,1.8118059614260666
PB-S06,38,58,1,1.8118059614260666
PB-S06,38,59,0,1.8118059614260666
PB-S06,39,40,5,1.8118059614260666
PB-S06,39,41,2,1.8118059614260666
PB-S06,39,42,2,1.8118059614260666
PB-S06,39,43,1,1.8118059614260666
PB-S06,39,44,2,1.8118059614260666
PB-S06,39,45,0,1.8118059614260666
PB-S06,39,46,3,1.8118059614260666
PB-S06,39,47,2,1.8118059614260666
PB-S06,39,48,1,1.8118059614260666
PB-S06,39,49,3,1.8118059614260666
PB-S06,39,50,1,1.8118059614260666
PB-S06,39,51,4,1.8118059614260666
PB-S06,39,52,3,1.8118059614260666
PB-S06,39,53,0,1.8118059614260666
PB-S06,39,54,0,1.8118059614260666
PB-S06,39,55,2,1.8118059614260666
PB-S06,39,56,2,1.8118059614260666
PB-S06,39,57,1,1.8118059614260666
PB-S06,39,58,3,1.8118059614260666
PB-S06,39,59,3,1.8118059614260666
PB-S06,40,41,1,1.8118059614260666
PB-S06,40,42,3,1.8118059614260666
PB-S06,40,43,1,1.8118059614260666
PB-S06,40,44,2,1.8118059614260666
PB-S06,40,45,1,1.8118059614260666
PB-S06,40,46,3,1.8118059614260666
PB-S06,40,47,0,1.8118059614260666
PB-S06,40,48,3,1.8118059614260666
PB-S06,40,49,1,1.8118059614260666
PB-S06,40,50,1,1.8118059614260666
PB-S06,40,51,2,1.8118059614260666
PB-S06,40,52,4,1.8118059614260666
PB-S06,40,53,4,1.8118059614260666
PB-S06,40,54,2,1.8118059614260666
PB-S06,40,55,2,1.8118059614260666
PB-S06,40,56,1,1.8118059614260666
PB-S06,40,57,1,1.8118059614260666
PB-S06,40,58,3,1.8118059614260666
PB-S06,40,59,0,1.8118059614260666
PB-S06,41,42,1,1.8118059614260666
PB-S06,41,43,0,1.8118059614260666
PB-S06,41,44,3,1.8118059614260666
PB-S06,41,45,1,1.8118059614260666
PB-S06,41,46,1,1.8118059614260666
PB-S06,41,47,1,1.8118059614260666
PB-S06,41,48,0,1.8118059614260666
PB-S06,41,49,2,1.8118059614260666
PB-S06,41,50,0,1.8118059614260666
PB-S06,41,51,0,1.8118059614260666
PB-S06,41,52,0,1.8118059614260666
PB-S06,41,53,1,1.8118059614260666
PB-S06,41,54,2,1.8118059614260666
PB-S06,41,55,2,1.8118059614260666
PB-S06,41,56,1,1.8118059614260666
PB-S06,41,57,1,1.8118059614260666
PB-S06,41,58,1,1.8118059614260666
PB-S06,41,59,5,1.8118059614260666
PB-S06,42,43,0,1.8118059614260666
PB-S06,42,44,2,1.8118059614260666
PB-S06,42,45,2,1.8118059614260666
PB-S06,42,46,1,1.8118059614260666
PB-S06,42,47,1,1.8118059614260666
PB-S06,42,48,2,1.8118059614260666
PB-S06,42,49,1,1.8118059614260666
PB-S06,42,50,2,1.8118059614260666
PB-S06,42,51,3,1.8118059614260666
PB-S06,42,52,1,1.8118059614260666
PB-S06,42,53,2,1.8118059614260666
PB-S06,42,54,3,1.8118059614260666
PB-S06,42,55,3,1.8118059614260666
PB-S06,42,56,0,1.8118059614260666
PB-S06,42,57,1,1.8118059614260666
PB-S06,42,58,0,1.8118059614260666
PB-S06,42,59,1,1.8118059614260666
PB-S06,43,44,1,1.8118059614260666
PB-S06,43,45,4,1.8118059614260666
PB-S06,43,46,1,1.8118059614260666
PB-S06,43,47,0,1.8118059614260666
PB-S06,43,48,2,1.8118059614260666
PB-S06,43,49,1,1.8118059614260666
PB-S06,43,50,1,1.8118059614260666
PB-S06,43,51,2,1.8118059614260666
PB-S06,43,52,2,1.8118059614260666
PB-S06,43,53,1,1.8118059614260666
PB-S06,43,54,2,1.8118059614260666
PB-S06,43,55,4,1.8118059614260666
PB-S06,43,56,3,1.8118059614260666
PB-S06,43,57,0,1.8118059614260666
PB-S06,43,58,0,1.8118059614260666
PB-S06,43,59,0,1.8118059614260666
PB-S06,44,45,2,1.8118059614260666
PB-S06,44,46,1,1.8118059614260666
PB-S06,44,47,2,1.8118059614260666
PB-S06,44,48,3,1.8118059614260666
PB-S06,44,49,3,1.8118059614260666
PB-S06,44,50,2,1.8118059614260666
PB-S06,44,51,1,1.8118059614260666
PB-S06,44,52,1,1.8118059614260666
PB-S06,44,53,2,1.8118059614260666
PB-S06,44,54,2,1.8118059614260666
PB-S06,44,55,2,1.8118059614260666
PB-S06,44,56,1,1.8118059614260666
PB-S06,44,57,2,1.8118059614260666
PB-S06,44,58,1,1.8118059614260666
PB-S06,44,59,4,1.8118059614260666
PB-S06,45,46,2,1.8118059614260666
PB-S06,45,47,3,1.8118059614260666
PB-S06,45,48,2,1.8118059614260666
PB-S06,45,49,2,1.8118059614260666
PB-S06,45,50,0,1.8118059614260666
PB-S06,45,51,2,1.8118059614260666
PB-S06,45,52,1,1.8118059614260666
PB-S06,45,53,2,1.8118059614260666
PB-S06,45,54,3,1.8118059614260666
PB-S06,45,55,2,1.8118059614260666
PB-S06,45,56,2,1.8118059614260666
PB-S06,45,57,2,1.8118059614260666
PB-S06,45,58,3,1.8118059614260666
PB-S06,45,59,2,1.8118059614260666
PB-S06,46,47,4,1.8118059614260666
PB-S06,46,48,1,1.8118059614260666
PB-S06,46,49,2,1.8118059614260666
PB-S06,46,50,4,1.8118059614260666
PB-S06,46,51,3,1.8118059614260666
PB-S06,46,52,3,1.8118059614260666
PB-S06,46,53,0,1.8118059614260666
PB-S06,46,54,3,1.8118059614260666
PB-S06,46,55,3,1.8118059614260666
PB-S06,46,56,2,1.8118059614260666
PB-S06,46,57,1,1.8118059614260666
PB-S06,46,58,2,1.8118059614260666
PB-S06,46,59,1,1.8118059614260666
PB-S06,47,48,1,1.8118059614260666
PB-S06,47,49,2,1.8118059614260666
PB-S06,47,50,1,1.8118059614260666
PB-S06,47,51,0,1.8118059614260666
PB-S06,47,52,3,1.8118059614260666
PB-S06,47,53,1,1.8118059614260666
PB-S06,47,54,1,1.8118059614260666
PB-S06,47,55,2,1.8118059614260666
PB-S06,47,56,0,1.8118059614260666
PB-S06,47,57,1,1.8118059614260666
PB-S06,47,58,1,1.8118059614260666
PB-S06,47,59,0,1.8118059614260666
PB-S06,48,49,2,1.8118059614260666
PB-S06,48,50,1,1.8118059614260666
PB-S06,48,51,1,1.8118059614260666
PB-S06,48,52,2,1.8118059614260666
PB-S06,48,53,1,1.8118059614260666
PB-S06,48,54,3,1.8118059614260666
PB-S06,48,55,4,1.8118059614260666
PB-S06,48,56,2,1.8118059614260666
PB-S06,48,57,1,1.8118059614260666
PB-S06,48,58,2,1.8118059614260666
PB-S06,48,59,3,1.8118059614260666
PB-S06,49,50,0,1.8118059614260666
PB-S06,49,51,1,1.8118059614260666
PB-S06,49,52,1,1.8118059614260666
PB-S06,49,53,3,1.8118059614260666
PB-S06,49,54,5,1.8118059614260666
PB-S06,49,55,3,1.8118059614260666
PB-S06,49,56,3,1.8118059614260666
PB-S06,49,57,3,1.8118059614260666
PB-S06,49,58,1,1.8118059614260666
PB-S06,49,59,2,1.8118059614260666
PB-S06,50,51,0,1.8118059614260666
PB-S06,50,52,1,1.8118059614260666
PB-S06,50,53,1,1.8118059614260666
PB-S06,50,54,1,1.8118059614260666
PB-S06,50,55,4,1.8118059614260666
PB-S06,50,56,2,1.8118059614260666
PB-S06,50,57,1,1.8118059614260666
PB-S06,50,58,2,1.8118059614260666
PB-S06,50,59,1,1.8118059614260666
PB-S06,51,52,1,1.8118059614260666
PB-S06,51,53,0,1.8118059614260666
PB-S06,51,54,2,1.8118059614260666
PB-S06,51,55,1,1.8118059614260666
PB-S06,51,56,2,1.8118059614260666
PB-S06,51,57,1,1.8118059614260666
PB-S06,51,58,1,1.8118059614260666
PB-S06,51,59,0,1.8118059614260666
PB-S06,52,53,3,1.8118059614260666
PB-S06,52,54,2,1.8118059614260666
PB-S06,52,55,4,1.8118059614260666
PB-S06,52,56,2,1.8118059614260666
PB-S06,52,57,3,1.8118059614260666
PB-S06,52,58,1,1.8118059614260666
PB-S06,52,59,2,1.8118059614260666
PB-S06,53,54,3,1.8118059614260666
PB-S06,53,55,2,1.8118059614260666
PB-S06,53,56,2,1.8118059614260666
PB-S06,53,57,1,1.8118059614260666
PB-S06,53,58,3,1.8118059614260666
PB-S06,53,59,2,1.8118059614260666
PB-S06,54,55,5,1.8118059614260666
PB-S06,54,56,4,1.8118059614260666
PB-S06,54,57,3,1.8118059614260666
PB-S06,54,58,2,1.8118059614260666
PB-S06,54,59,1,1.8118059614260666
PB-S06,55,56,3,1.8118059614260666
PB-S06,55,57,3,1.8118059614260666
PB-S06,55,58,2,1.8118059614260666
PB-S06,55,59,3,1.8118059614260666
PB-S06,56,57,4,1.8118059614260666
PB-S06,56,58,1,1.8118059614260666
PB-S06,56,59,2,1.8118059614260666
PB-S06,57,58,3,1.8118059614260666
PB-S06,57,59,2,1.8118059614260666
PB-S06,58,59,3,1.8118059614260666
PB-S07,1,2,10,4.816709292412617
PB-S07,1,3,9,4.816709292412617
PB-S07,1,4,6,4.816709292412617
PB-S07,1,5,4,4.816709292412617
PB-S07,1,6,3,4.816709292412617
PB-S07,1,7,8,4.816709292412617
PB-S07,1,8,1,4.816709292412617
PB-S07,1,9,1,4.816709292412617
PB-S07,1,10,2,4.816709292412617
PB-S07,1,11,5,4.816709292412617
PB-S07,1,12,4,4.816709292412617
PB-S07,1,13,7,4.816709292412617
PB-S07,1,14,1,4.816709292412617
PB-S07,1,15,6,4.816709292412617
PB-S07,1,16,7,4.816709292412617
PB-S07,1,17,4,4.816709292412617
PB-S07,1,18,3,4.816709292412617
PB-S07,1,19,6,4.816709292412617
PB-S07,1,20,5,4.816709292412617
PB-S07,1,21,8,4.816709292412617
PB-S07,1,22,7,4.816709292412617
PB-S07,1,23,3,4.816709292412617
PB-S07,1,24,3,4.816709292412617
PB-S07,1,25,8,4.816709292412617
PB-S07,1,26,6,4.816709292412617
PB-S07,1,27,8,4.816709292412617
PB-S07,1,28,10,4.816709292412617
PB-S07,1,29,1,4.816709292412617
PB-S07,1,30,3,4.816709292412617
PB-S07,1,31,6,4.816709292412617
PB-S07,1,32,4,4.816709292412617
PB-S07,1,33,5,4.816709292412617
PB-S07,1,34,3,4.816709292412617
PB-S07,1,35,2,4.816709292412617
PB-S07,1,36,3,4.816709292412617
PB-S07,1,37,3,4.816709292412617
PB-S07,1,38,3,4.816709292412617
PB-S07,1,39,5,4.816709292412617
PB-S07,1,40,6,4.816709292412617
PB-S07,1,41,3,4.816709292412617
PB-S07,1,42,2,4.816709292412617
PB-S07,1,43,5,4.816709292412617
PB-S07,1,44,3,4.816709292412617
PB-S07,1,45,6,4.816709292412617
PB-S07,1,46,5,4.816709292412617
PB-S07,1,47,8,4.816709292412617
PB-S07,1,48,5,4.816709292412617
PB-S07,1,49,3,4.816709292412617
PB-S07,1,50,4,4.816709292412617
PB-S07,1,51,3,4.816709292412617
PB-S07,1,52,4,4.816709292412617
PB-S07,1,53,3,4.816709292412617
PB-S07,1,54,6,4.816709292412617
PB-S07,1,55,4,4.816709292412617
PB-S07,1,56,3,4.816709292412617
PB-S07,1,57,8,4.816709292412617
PB-S07,1,58,3,4.816709292412617
PB-S07,1,59,3,4.816709292412617
PB-S07,1,60,2,4.816709292412617
PB-S07,1,61,6,4.816709292412617
PB-S07,1,62,5,4.816709292412617
PB-S07,1,63,5,4.816709292412617
PB-S07,1,64,8,4.816709292412617
PB-S07,1,65,2,4.816709292412617
PB-S07,1,66,7,4.816709292412617
PB-S07,1,67,9,4.816709292412617
PB-S07,1,68,6,4.816709292412617
PB-S07,1,69,8,4.816709292412617
PB-S07,2,3,5,4.816709292412617
PB-S07,2,4,4,4.816709292412617
PB-S07,2,5,0,4.816709292412617
PB-S07,2,6,5,4.816709292412617
PB-S07,2,7,5,4.816709292412617
PB-S07,2,8,4,4.816709292412617
PB-S07,2,9,5,4.816709292412617
PB-S07,2,10,3,4.816709292412617
PB-S07,2,11,4,4.816709292412617
PB-S07,2,12,7,4.816709292412617
PB-S07,2,13,3,4.816709292412617
PB-S07,2,14,3,4.816709292412617
PB-S07,2,15,5,4.816709292412617
PB-S07,2,16,5,4.816709292412617
PB-S07,2,17,5,4.816709292412617
PB-S07,2,18,9,4.816709292412617
PB-S07,2,19,4,4.816709292412617
PB-S07,2,20,4,4.816709292412617
PB-S07,2,21,5,4.816709292412617
PB-S07,2,22,4,4.816709292412617
PB-S07,2,23,9,4.816709292412617
PB-S07,2,24,7,4.816709292412617
PB-S07,2,25,2,4.816709292412617
PB-S07,2,26,4,4.816709292412617
PB-S07,2,27,6,4.816709292412617
PB-S07,2,28,4,4.816709292412617
PB-S07,2,29,5,4.816709292412617
PB-S07,2,30,5,4.816709292412617
PB-S07,2,31,5,4.816709292412617
PB-S07,2,32,4,4.816709292412617
PB-S07,2,33,5,4.816709292412617
PB-S07,2,34,4,4.816709292412617
PB-S07,2,35,3,4.816709292412617
PB-S07,2,36,4,4.816709292412617
PB-S07,2,37,6,4.816709292412617
PB-S07,2,38,4,4.816709292412617
PB-S07,2,39,11,4.816709292412617
PB-S07,2,40,5,4.816709292412617
PB-S07,2,41,3,4.816709292412617
PB-S07,2,42,5,4.816709292412617
PB-S07,2,43,4,4.816709292412617
PB-S07,2,44,6,4.816709292412617
PB-S07,2,45,5,4.816709292412617
PB-S07,2,46,6,4.816709292412617
PB-S07,2,47,4,4.816709292412617
PB-S07,2,48,4,4.816709292412617
PB-S07,2,49,3,4.816709292412617
PB-S07,2,50,8,4.816709292412617
PB-S07,2,51,5,4.816709292412617
PB-S07,2,52,4,4.816709292412617
PB-S07,2,53,3,4.816709292412617
PB-S07,2,54,4,4.816709292412617
PB-S07,2,55,4,4.816709292412617
PB-S07,2,56,4,4.816709292412617
PB-S07,2,57,5,4.816709292412617
PB-S07,2,58,6,4.816709292412617
PB-S07,2,59,2,4.816709292412617
PB-S07,2,60,3,4.816709292412617
PB-S07,2,61,10,4.816709292412617
PB-S07,2,62,7,4.816709292412617
PB-S07,2,63,5,4.816709292412617
PB-S07,2,64,5,4.816709292412617
PB-S07,2,65,8,4.816709292412617
PB-S07,2,66,8,4.816709292412617
PB-S07,2,67,5,4.816709292412617
PB-S07,2,68,2,4.816709292412617
PB-S07,2,69,6,4.816709292412617
PB-S07,3,4,6,4.816709292412617
PB-S07,3,5,1,4.816709292412617
PB-S07,3,6,10,4.816709292412617
PB-S07,3,7,6,4.816709292412617
PB-S07,3,8,2,4.816709292412617
PB-S07,3,9,9,4.816709292412617
PB-S07,3,10,6,4.816709292412617
PB-S07,3,11,5,4.816709292412617
PB-S07,3,12,6,4.816709292412617
PB-S07,3,13,6,4.816709292412617
PB-S07,3,14,3,4.816709292412617
PB-S07,3,15,6,4.816709292412617
PB-S07,3,16,9,4.816709292412617
PB-S07,3,17,4,4.816709292412617
PB-S07,3,18,6,4.816709292412617
PB-S07,3,19,3,4.816709292412617
PB-S07,3,20,6,4.816709292412617
PB-S07,3,21,9,4.816709292412617
PB-S07,3,22,2,4.816709292412617
PB-S07,3,23,5,4.816709292412617
PB-S07,3,24,5,4.816709292412617
PB-S07,3,25,3,4.816709292412617
PB-S07,3,26,5,4.816709292412617
PB-S07,3,27,6,4.816709292412617
PB-S07,3,28,4,4.816709292412617
PB-S07,3,29,3,4.816709292412617
PB-S07,3,30,2,4.816709292412617
PB-S07,3,31,4,4.816709292412617
PB-S07,3,32,7,4.816709292412617
PB-S07,3,33,7,4.816709292412617
PB-S07,3,34,6,4.816709292412617
PB-S07,3,35,2,4.816709292412617
PB-S07,3,36,5,4.816709292412617
PB-S07,3,37,7,4.816709292412617
PB-S07,3,38,4,4.816709292412617
PB-S07,3,39,3,4.816709292412617
PB-S07,3,40,7,4.816709292412617
PB-S07,3,41,4,4.816709292412617
PB-S07,3,42,5,4.816709292412617
PB-S07,3,43,2,4.816709292412617
PB-S07,3,44,7,4.816709292412617
PB-S07,3,45,5,4.816709292412617
PB-S07,3,46,3,4.816709292412617
PB-S07,3,47,1,4.816709292412617
PB-S07,3,48,5,4.816709292412617
PB-S07,3,49,3,4.816709292412617
PB-S07,3,50,3,4.816709292412617
PB-S07,3,51,8,4.816709292412617
PB-S07,3,52,4,4.816709292412617
PB-S07,3,53,6,4.816709292412617
PB-S07,3,54,5,4.816709292412617
PB-S07,3,55,3,4.816709292412617
PB-S07,3,56,7,4.816709292412617
PB-S07,3,57,6,4.816709292412617
PB-S07,3,58,5,4.816709292412617
PB-S07,3,59,6,4.816709292412617
PB-S07,3,60,5,4.816709292412617
PB-S07,3,61,10,4.816709292412617
PB-S07,3,62,3,4.816709292412617
PB-S07,3,63,4,4.816709292412617
PB-S07,3,64,9,4.816709292412617
PB-S07,3,65,2,4.816709292412617
PB-S07,3,66,4,4.816709292412617
PB-S07,3,67,5,4.816709292412617
PB-S07,3,68,7,4.816709292412617
PB-S07,3,69,7,4.816709292412617
PB-S07,4,5,3,4.816709292412617
PB-S07,4,6,5,4.816709292412617
PB-S07,4,7,4,4.816709292412617
PB-S07,4,8,6,4.816709292412617
PB-S07,4,9,5,4.816709292412617
PB-S07,4,10,2,4.816709292412617
PB-S07,4,11,7,4.816709292412617
PB-S07,4,12,3,4.816709292412617
PB-S07,4,13,3,4.816709292412617
PB-S07,4,14,4,4.816709292412617
PB-S07,4,15,2,4.816709292412617
PB-S07,4,16,3,4.816709292412617
PB-S07,4,17,5,4.816709292412617
PB-S07,4,18,3,4.816709292412617
PB-S07,4,19,4,4.816709292412617
PB-S07,4,20,2,4.816709292412617
PB-S07,4,21,3,4.816709292412617
PB-S07,4,22,4,4.816709292412617
PB-S07,4,23,6,4.816709292412617
PB-S07,4,24,4,4.816709292412617
PB-S07,4,25,2,4.816709292412617
PB-S07,4,26,4,4.816709292412617
PB-S07,4,27,5,4.816709292412617
PB-S07,4,28,4,4.816709292412617
PB-S07,4,29,4,4.816709292412617
PB-S07,4,30,4,4.816709292412617
PB-S07,4,31,3,4.816709292412617
PB-S07,4,32,7,4.816709292412617
PB-S07,4,33,5,4.816709292412617
PB-S07,4,34,4,4.816709292412617
PB-S07,4,35,6,4.816709292412617
PB-S07,4,36,4,4.816709292412617
PB-S07,4,37,3,4.816709292412617
PB-S07,4,38,8,4.816709292412617
PB-S07,4,39,8,4.816709292412617
PB-S07,4,40,0,4.816709292412617
PB-S07,4,41,4,4.816709292412617
PB-S07,4,42,1,4.816709292412617
PB-S07,4,43,4,4.816709292412617
PB-S07,4,44,5,4.816709292412617
PB-S07,4,45,3,4.816709292412617
PB-S07,4,46,8,4.816709292412617
PB-S07,4,47,4,4.816709292412617
PB-S07,4,48,6,4.816709292412617
PB-S07,4,49,9,4.816709292412617
PB-S07,4,50,4,4.816709292412617
PB-S07,4,51,3,4.816709292412617
PB-S07,4,52,4,4.816709292412617
PB-S07,4,53,5,4.816709292412617
PB-S07,4,54,4,4.816709292412617
PB-S07,4,55,3,4.816709292412617
PB-S07,4,56,7,4.816709292412617
PB-S07,4,57,1,4.816709292412617
PB-S07,4,58,4,4.816709292412617
PB-S07,4,59,4,4.816709292412617
PB-S07,4,60,4,4.816709292412617
PB-S07,4,61,7,4.816709292412617
PB-S07,4,62,4,4.816709292412617
PB-S07,4,63,4,4.816709292412617
PB-S07,4,64,5,4.816709292412617
PB-S07,4,65,3,4.816709292412617
PB-S07,4,66,2,4.816709292412617
PB-S07,4,67,6,4.816709292412617
PB-S07,4,68,6,4.816709292412617
PB-S07,4,69,7,4.816709292412617
PB-S07,5,6,4,4.816709292412617
PB-S07,5,7,4,4.816709292412617
PB-S07,5,8,5,4.816709292412617
PB-S07,5,9,8,4.816709292412617
PB-S07,5,10,2,4.816709292412617
PB-S07,5,11,5,4.816709292412617
PB-S07,5,12,5,4.816709292412617
PB-S07,5,13,1,4.816709292412617
PB-S07,5,14,4,4.816709292412617
PB-S07,5,15,5,4.816709292412617
PB-S07,5,16,5,4.816709292412617
PB-S07,5,17,4,4.816709292412617
PB-S07,5,18,3,4.816709292412617
PB-S07,5,19,2,4.816709292412617
PB-S07,5,20,3,4.816709292412617
PB-S07,5,21,6,4.816709292412617
PB-S07,5,22,8,4.816709292412617
PB-S07,5,23,6,4.816709292412617
PB-S07,5,24,4,4.816709292412617
PB-S07,5,25,5,4.816709292412617
PB-S07,5,26,5,4.816709292412617
PB-S07,5,27,3,4.816709292412617
PB-S07,5,28,7,4.816709292412617
PB-S07,5,29,6,4.816709292412617
PB-S07,5,30,0,4.816709292412617
PB-S07,5,31,4,4.816709292412617
PB-S07,5,32,8,4.816709292412617
PB-S07,5,33,5,4.816709292412617
PB-S07,5,34,5,4.816709292412617
PB-S07,5,35,5,4.816709292412617
PB-S07,5,36,6,4.816709292412617
PB-S07,5,37,2,4.816709292412617
PB-S07,5,38,7,4.816709292412617
PB-S07,5,39,8,4.816709292412617
PB-S07,5,40,4,4.816709292412617
PB-S07,5,41,3,4.816709292412617
PB-S07,5,42,5,4.816709292412617
PB-S07,5,43,8,4.816709292412617
PB-S07,5,44,3,4.816709292412617
PB-S07,5,45,6,4.816709292412617
PB-S07,5,46,1,4.816709292412617
PB-S07,5,47,5,4.816709292412617
PB-S07,5,48,0,4.816709292412617
PB-S07,5,49,2,4.816709292412617
PB-S07,5,50,5,4.816709292412617
PB-S07,5,51,3,4.816709292412617
PB-S07,5,52,3,4.816709292412617
PB-S07,5,53,4,4.816709292412617
PB-S07,5,54,3,4.816709292412617
PB-S07,5,55,3,4.816709292412617
PB-S07,5,56,6,4.816709292412617
PB-S07,5,57,6,4.816709292412617
PB-S07,5,58,2,4.816709292412617
PB-S07,5,59,1,4.816709292412617
PB-S07,5,60,3,4.816709292412617
PB-S07,5,61,8,4.816709292412617
PB-S07,5,62,4,4.816709292412617
PB-S07,5,63,6,4.816709292412617
PB-S07,5,64,7,4.816709292412617
PB-S07,5,65,3,4.816709292412617
PB-S07,5,66,7,4.816709292412617
PB-S07,5,67,5,4.816709292412617
PB-S07,5,68,1,4.816709292412617
PB-S07,5,69,7,4.816709292412617
PB-S07,6,7,4,4.816709292412617
PB-S07,6,8,4,4.816709292412617
PB-S07,6,9,3,4.816709292412617
PB-S07,6,10,5,4.816709292412617
PB-S07,6,11,3,4.816709292412617
PB-S07,6,12,5,4.816709292412617
PB-S07,6,13,6,4.816709292412617
PB-S07,6,14,6,4.816709292412617
PB-S07,6,15,7,4.816709292412617
PB-S07,6,16,6,4.816709292412617
PB-S07,6,17,5,4.816709292412617
PB-S07,6,18,2,4.816709292412617
PB-S07,6,19,5,4.816709292412617
PB-S07,6,20,5,4.816709292412617
PB-S07,6,21,6,4.816709292412617
PB-S07,6,22,3,4.816709292412617
PB-S07,6,23,4,4.816709292412617
PB-S07,6,24,8,4.816709292412617
PB-S07,6,25,6,4.816709292412617
PB-S07,6,26,4,4.816709292412617
PB-S07,6,27,2,4.816709292412617
PB-S07,6,28,7,4.816709292412617
PB-S07,6,29,2,4.816709292412617
PB-S07,6,30,3,4.816709292412617
PB-S07,6,31,3,4.816709292412617
PB-S07,6,32,5,4.816709292412617
PB-S07,6,33,8,4.816709292412617
PB-S07,6,34,5,4.816709292412617
PB-S07,6,35,9,4.816709292412617
PB-S07,6,36,10,4.816709292412617
PB-S07,6,37,6,4.816709292412617
PB-S07,6,38,2,4.816709292412617
PB-S07,6,39,7,4.816709292412617
PB-S07,6,40,5,4.816709292412617
PB-S07,6,41,3,4.816709292412617
PB-S07,6,42,6,4.816709292412617
PB-S07,6,43,2,4.816709292412617
PB-S07,6,44,5,4.816709292412617
PB-S07,6,45,6,4.816709292412617
PB-S07,6,46,2,4.816709292412617
PB-S07,6,47,7,4.816709292412617
PB-S07,6,48,6,4.816709292412617
PB-S07,6,49,3,4.816709292412617
PB-S07,6,50,3,4.816709292412617
PB-S07,6,51,6,4.816709292412617
PB-S07,6,52,6,4.816709292412617
PB-S07,6,53,7,4.816709292412617
PB-S07,6,54,5,4.816709292412617
PB-S07,6,55,3,4.816709292412617
PB-S07,6,56,4,4.816709292412617
PB-S07,6,57,3,4.816709292412617
PB-S07,6,58,3,4.816709292412617
PB-S07,6,59,8,4.816709292412617
PB-S07,6,60,3,4.816709292412617
PB-S07,6,61,5,4.816709292412617
PB-S07,6,62,4,4.816709292412617
PB-S07,6,63,1,4.816709292412617
PB-S07,6,64,5,4.816709292412617
PB-S07,6,65,4,4.816709292412617
PB-S07,6,66,7,4.816709292412617
PB-S07,6,67,8,4.816709292412617
PB-S07,6,68,7,4.816709292412617
PB-S07,6,69,2,4.816709292412617
PB-S07,7,8,2,4.816709292412617
PB-S07,7,9,4,4.816709292412617
PB-S07,7,10,5,4.816709292412617
PB-S07,7,11,5,4.816709292412617
PB-S07,7,12,3,4.816709292412617
PB-S07,7,13,2,4.816709292412617
PB-S07,7,14,4,4.816709292412617
PB-S07,7,15,11,4.816709292412617
PB-S07,7,16,7,4.816709292412617
PB-S07,7,17,5,4.816709292412617
PB-S07,7,18,2,4.816709292412617
PB-S07,7,19,6,4.816709292412617
PB-S07,7,20,3,4.816709292412617
PB-S07,7,21,5,4.816709292412617
PB-S07,7,22,1,4.816709292412617
PB-S07,7,23,6,4.816709292412617
PB-S07,7,24,9,4.816709292412617
PB-S07,7,25,2,4.816709292412617
PB-S07,7,26,2,4.816709292412617
PB-S07,7,27,3,4.816709292412617
PB-S07,7,28,4,4.816709292412617
PB-S07,7,29,5,4.816709292412617
PB-S07,7,30,2,4.816709292412617
PB-S07,7,31,5,4.816709292412617
PB-S07,7,32,7,4.816709292412617
PB-S07,7,33,7,4.816709292412617
PB-S07,7,34,2,4.816709292412617
PB-S07,7,35,3,4.816709292412617
PB-S07,7,36,8,4.816709292412617
PB-S07,7,37,3,4.816709292412617
PB-S07,7,38,4,4.816709292412617
PB-S07,7,39,6,4.816709292412617
PB-S07,7,40,8,4.816709292412617
PB-S07,7,41,6,4.816709292412617
PB-S07,7,42,2,4.816709292412617
PB-S07,7,43,5,4.816709292412617
PB-S07,7,44,4,4.816709292412617
PB-S07,7,45,5,4.816709292412617
PB-S07,7,46,5,4.816709292412617
PB-S07,7,47,5,4.816709292412617
PB-S07,7,48,4,4.816709292412617
PB-S07,7,49,2,4.816709292412617
PB-S07,7,50,6,4.816709292412617
PB-S07,7,51,1,4.816709292412617
PB-S07,7,52,1,4.816709292412617
PB-S07,7,53,2,4.816709292412617
PB-S07,7,54,1,4.816709292412617
PB-S07,7,55,5,4.816709292412617
PB-S07,7,56,5,4.816709292412617
PB-S07,7,57,4,4.816709292412617
PB-S07,7,58,1,4.816709292412617
PB-S07,7,59,3,4.816709292412617
PB-S07,7,60,2,4.816709292412617
PB-S07,7,61,5,4.816709292412617
PB-S07,7,62,5,4.816709292412617
PB-S07,7,63,5,4.816709292412617
PB-S07,7,64,6,4.816709292412617
PB-S07,7,65,4,4.816709292412617
PB-S07,7,66,5,4.816709292412617
PB-S07,7,67,5,4.816709292412617
PB-S07,7,68,7,4.816709292412617
PB-S07,7,69,7,4.816709292412617
PB-S07,8,9,5,4.816709292412617
PB-S07,8,10,5,4.816709292412617
PB-S07,8,11,3,4.816709292412617
PB-S07,8,12,8,4.816709292412617
PB-S07,8,13,2,4.816709292412617
PB-S07,8,14,5,4.816709292412617
PB-S07,8,15,6,4.816709292412617
PB-S07,8,16,2,4.816709292412617
PB-S07,8,17,4,4.816709292412617
PB-S07,8,18,4,4.816709292412617
PB-S07,8,19,7,4.816709292412617
PB-S07,8,20,4,4.816709292412617
PB-S07,8,21,8,4.816709292412617
PB-S07,8,22,3,4.816709292412617
PB-S07,8,23,6,4.816709292412617
PB-S07,8,24,5,4.816709292412617
PB-S07,8,25,3,4.816709292412617
PB-S07,8,26,4,4.816709292412617
PB-S07,8,27,12,4.816709292412617
PB-S07,8,28,2,4.816709292412617
PB-S07,8,29,4,4.816709292412617
PB-S07,8,30,3,4.816709292412617
PB-S07,8,31,5,4.816709292412617
PB-S07,8,32,6,4.816709292412617
PB-S07,8,33,3,4.816709292412617
PB-S07,8,34,4,4.816709292412617
PB-S07,8,35,2,4.816709292412617
PB-S07,8,36,3,4.816709292412617
PB-S07,8,37,3,4.816709292412617
PB-S07,8,38,3,4.816709292412617
PB-S07,8,39,4,4.816709292412617
PB-S07,8,40,7,4.816709292412617
PB-S07,8,41,6,4.816709292412617
PB-S07,8,42,6,4.816709292412617
PB-S07,8,43,4,4.816709292412617
PB-S07,8,44,3,4.816709292412617
PB-S07,8,45,3,4.816709292412617
PB-S07,8,46,7,4.816709292412617
PB-S07,8,47,4,4.816709292412617
PB-S07,8,48,5,4.816709292412617
PB-S07,8,49,5,4.816709292412617
PB-S07,8,50,1,4.816709292412617
PB-S07,8,51,4,4.816709292412617
PB-S07,8,52,10,4.816709292412617
PB-S07,8,53,7,4.816709292412617
PB-S07,8,54,4,4.816709292412617
PB-S07,8,55,4,4.816709292412617
PB-S07,8,56,3,4.816709292412617
PB-S07,8,57,2,4.816709292412617
PB-S07,8,58,6,4.816709292412617
PB-S07,8,59,5,4.816709292412617
PB-S07,8,60,3,4.816709292412617
PB-S07,8,61,3,4.816709292412617
PB-S07,8,62,5,4.816709292412617
PB-S07,8,63,3,4.816709292412617
PB-S07,8,64,6,4.816709292412617
PB-S07,8,65,4,4.816709292412617
PB-S07,8,66,2,4.816709292412617
PB-S07,8,67,2,4.816709292412617
PB-S07,8,68,3,4.816709292412617
PB-S07,8,69,3,4.816709292412617
PB-S07,9,10,6,4.816709292412617
PB-S07,9,11,9,4.816709292412617
PB-S07,9,12,3,4.816709292412617
PB-S07,9,13,1,4.816709292412617
PB-S07,9,14,2,4.816709292412617
PB-S07,9,15,2,4.816709292412617
PB-S07,9,16,3,4.816709292412617
PB-S07,9,17,10,4.816709292412617
PB-S07,9,18,2,4.816709292412617
PB-S07,9,19,2,4.816709292412617
PB-S07,9,20,7,4.816709292412617
PB-S07,9,21,4,4.816709292412617
PB-S07,9,22,4,4.816709292412617
PB-S07,9,23,7,4.816709292412617
PB-S07,9,24,4,4.816709292412617
PB-S07,9,25,4,4.816709292412617
PB-S07,9,26,4,4.816709292412617
PB-S07,9,27,7,4.816709292412617
PB-S07,9,28,2,4.816709292412617
PB-S07,9,29,4,4.816709292412617
PB-S07,9,30,5,4.816709292412617
PB-S07,9,31,5,4.816709292412617
PB-S07,9,32,6,4.816709292412617
PB-S07,9,33,4,4.816709292412617
PB-S07,9,34,2,4.816709292412617
PB-S07,9,35,3,4.816709292412617
PB-S07,9,36,9,4.816709292412617
PB-S07,9,37,6,4.816709292412617
PB-S07,9,38,4,4.816709292412617
PB-S07,9,39,5,4.816709292412617
PB-S07,9,40,6,4.816709292412617
PB-S07,9,41,6,4.816709292412617
PB-S07,9,42,6,4.816709292412617
PB-S07,9,43,5,4.816709292412617
PB-S07,9,44,4,4.816709292412617
PB-S07,9,45,3,4.816709292412617
PB-S07,9,46,3,4.816709292412617
PB-S07,9,47,4,4.816709292412617
PB-S07,9,48,3,4.816709292412617
PB-S07,9,49,3,4.816709292412617
PB-S07,9,50,1,4.816709292412617
PB-S07,9,51,1,4.816709292412617
PB-S07,9,52,5,4.816709292412617
PB-S07,9,53,5,4.816709292412617
PB-S07,9,54,3,4.816709292412617
PB-S07,9,55,7,4.816709292412617
PB-S07,9,56,7,4.816709292412617
PB-S07,9,57,5,4.816709292412617
PB-S07,9,58,4,4.816709292412617
PB-S07,9,59,6,4.816709292412617
PB-S07,9,60,5,4.816709292412617
PB-S07,9,61,4,4.816709292412617
PB-S07,9,62,7,4.816709292412617
PB-S07,9,63,4,4.816709292412617
PB-S07,9,64,10,4.816709292412617
PB-S07,9,65,4,4.816709292412617
PB-S07,9,66,8,4.816709292412617
PB-S07,9,67,4,4.816709292412617
PB-S07,9,68,8,4.816709292412617
PB-S07,9,69,3,4.816709292412617
PB-S07,10,11,5,4.816709292412617
PB-S07,10,12,6,4.816709292412617
PB-S07,10,13,5,4.816709292412617
PB-S07,10,14,1,4.816709292412617
PB-S07,10,15,5,4.816709292412617
PB-S07,10,16,5,4.816709292412617
PB-S07,10,17,4,4.816709292412617
PB-S07,10,18,2,4.816709292412617
PB-S07,10,19,2,4.816709292412617
PB-S07,10,20,6,4.816709292412617
PB-S07,10,21,8,4.816709292412617
PB-S07,10,22,4,4.816709292412617
PB-S07,10,23,5,4.816709292412617
PB-S07,10,24,5,4.816709292412617
PB-S07,10,25,4,4.816709292412617
PB-S07,10,26,3,4.816709292412617
PB-S07,10,27,6,4.816709292412617
PB-S07,10,28,5,4.816709292412617
PB-S07,10,29,3,4.816709292412617
PB-S07,10,30,5,4.816709292412617
PB-S07,10,31,5,4.816709292412617
PB-S07,10,32,5,4.816709292412617
PB-S07,10,33,9,4.816709292412617
PB-S07,10,34,4,4.816709292412617
PB-S07,10,35,3,4.816709292412617
PB-S07,10,36,7,4.816709292412617
PB-S07,10,37,4,4.816709292412617
PB-S07,10,38,2,4.816709292412617
PB-S07,10,39,4,4.816709292412617
PB-S07,10,40,5,4.816709292412617
PB-S07,10,41,6,4.816709292412617
PB-S07,10,42,2,4.816709292412617
PB-S07,10,43,6,4.816709292412617
PB-S07,10,44,6,4.816709292412617
PB-S07,10,45,5,4.816709292412617
PB-S07,10,46,6,4.816709292412617
PB-S07,10,47,4,4.816709292412617
PB-S07,10,48,3,4.816709292412617
PB-S07,10,49,4,4.816709292412617
PB-S07,10,50,5,4.816709292412617
PB-S07,10,51,5,4.816709292412617
PB-S07,10,52,5,4.816709292412617
PB-S07,10,53,8,4.816709292412617
PB-S07,10,54,2,4.816709292412617
PB-S07,10,55,7,4.816709292412617
PB-S07,10,56,8,4.816709292412617
PB-S07,10,57,2,4.816709292412617
PB-S07,10,58,6,4.816709292412617
PB-S07,10,59,8,4.816709292412617
PB-S07,10,60,0,4.816709292412617
PB-S07,10,61,7,4.816709292412617
PB-S07,10,62,5,4.816709292412617
PB-S07,10,63,10,4.816709292412617
PB-S07,10,64,3,4.816709292412617
PB-S07,10,65,7,4.816709292412617
PB-S07,10,66,2,4.816709292412617
PB-S07,10,67,8,4.816709292412617
PB-S07,10,68,3,4.816709292412617
PB-S07,10,69,4,4.816709292412617
PB-S07,11,12,2,4.816709292412617
PB-S07,11,13,5,4.816709292412617
PB-S07,11,14,5,4.816709292412617
PB-S07,11,15,2,4.816709292412617
PB-S07,11,16,4,4.816709292412617
PB-S07,11,17,5,4.816709292412617
PB-S07,11,18,2,4.816709292412617
PB-S07,11,19,7,4.816709292412617
PB-S07,11,20,5,4.816709292412617
PB-S07,11,21,9,4.816709292412617
PB-S07,11,22,8,4.816709292412617
PB-S07,11,23,6,4.816709292412617
PB-S07,11,24,7,4.816709292412617
PB-S07,11,25,2,4.816709292412617
PB-S07,11,26,1,4.816709292412617
PB-S07,11,27,9,4.816709292412617
PB-S07,11,28,4,4.816709292412617
PB-S07,11,29,3,4.816709292412617
PB-S07,11,30,4,4.816709292412617
PB-S07,11,31,6,4.816709292412617
PB-S07,11,32,3,4.816709292412617
PB-S07,11,33,9,4.816709292412617
PB-S07,11,34,1,4.816709292412617
PB-S07,11,35,2,4.816709292412617
PB-S07,11,36,4,4.816709292412617
PB-S07,11,37,3,4.816709292412617
PB-S07,11,38,8,4.816709292412617
PB-S07,11,39,5,4.816709292412617
PB-S07,11,40,2,4.816709292412617
PB-S07,11,41,6,4.816709292412617
PB-S07,11,42,2,4.816709292412617
PB-S07,11,43,5,4.816709292412617
PB-S07,11,44,4,4.816709292412617
PB-S07,11,45,2,4.816709292412617
PB-S07,11,46,3,4.816709292412617
PB-S07,11,47,7,4.816709292412617
PB-S07,11,48,3,4.816709292412617
PB-S07,11,49,2,4.816709292412617
PB-S07,11,50,5,4.816709292412617
PB-S07,11,51,4,4.816709292412617
PB-S07,11,52,3,4.816709292412617
PB-S07,11,53,4,4.816709292412617
PB-S07,11,54,5,4.816709292412617
PB-S07,11,55,5,4.816709292412617
PB-S07,11,56,6,4.816709292412617
PB-S07,11,57,3,4.816709292412617
PB-S07,11,58,8,4.816709292412617
PB-S07,11,59,5,4.816709292412617
PB-S07,11,60,3,4.816709292412617
PB-S07,11,61,4,4.816709292412617
PB-S07,11,62,7,4.816709292412617
PB-S07,11,63,4,4.816709292412617
PB-S07,11,64,4,4.816709292412617
PB-S07,11,65,6,4.816709292412617
PB-S07,11,66,8,4.816709292412617
PB-S07,11,67,8,4.816709292412617
PB-S07,11,68,7,4.816709292412617
PB-S07,11,69,7,4.816709292412617
PB-S07,12,13,5,4.816709292412617
PB-S07,12,14,3,4.816709292412617
PB-S07,12,15,6,4.816709292412617
PB-S07,12,16,5,4.816709292412617
PB-S07,12,17,6,4.816709292412617
PB-S07,12,18,4,4.816709292412617
PB-S07,12,19,3,4.816709292412617
PB-S07,12,20,11,4.816709292412617
PB-S07,12,21,11,4.816709292412617
PB-S07,12,22,6,4.816709292412617
PB-S07,12,23,3,4.816709292412617
PB-S07,12,24,6,4.816709292412617
PB-S07,12,25,4,4.816709292412617
PB-S07,12,26,5,4.816709292412617
PB-S07,12,27,6,4.816709292412617
PB-S07,12,28,3,4.816709292412617
PB-S07,12,29,7,4.816709292412617
PB-S07,12,30,7,4.816709292412617
PB-S07,12,31,5,4.816709292412617
PB-S07,12,32,8,4.816709292412617
PB-S07,12,33,7,4.816709292412617
PB-S07,12,34,7,4.816709292412617
PB-S07,12,35,0,4.816709292412617
PB-S07,12,36,6,4.816709292412617
PB-S07,12,37,4,4.816709292412617
PB-S07,12,38,2,4.816709292412617
PB-S07,12,39,7,4.816709292412617
PB-S07,12,40,3,4.816709292412617
PB-S07,12,41,3,4.816709292412617
PB-S07,12,42,5,4.816709292412617
PB-S07,12,43,4,4.816709292412617
PB-S07,12,44,7,4.816709292412617
PB-S07,12,45,5,4.816709292412617
PB-S07,12,46,6,4.816709292412617
PB-S07,12,47,6,4.816709292412617
PB-S07,12,48,4,4.816709292412617
PB-S07,12,49,4,4.816709292412617
PB-S07,12,50,8,4.816709292412617
PB-S07,12,51,4,4.816709292412617
PB-S07,12,52,6,4.816709292412617
PB-S07,12,53,3,4.816709292412617
PB-S07,12,54,5,4.816709292412617
PB-S07,12,55,2,4.816709292412617
PB-S07,12,56,5,4.816709292412617
PB-S07,12,57,4,4.816709292412617
PB-S07,12,58,4,4.816709292412617
PB-S07,12,59,4,4.816709292412617
PB-S07,12,60,4,4.816709292412617
PB-S07,12,61,8,4.816709292412617
PB-S07,12,62,8,4.816709292412617
PB-S07,12,63,2,4.816709292412617
PB-S07,12,64,4,4.816709292412617
PB-S07,12,65,8,4.816709292412617
PB-S07,12,66,3,4.816709292412617
PB-S07,12,67,7,4.816709292412617
PB-S07,12,68,3,4.816709292412617
PB-S07,12,69,6,4.816709292412617
PB-S07,13,14,0,4.816709292412617
PB-S07,13,15,2,4.816709292412617
PB-S07,13,16,4,4.816709292412617
PB-S07,13,17,4,4.816709292412617
PB-S07,13,18,2,4.816709292412617
PB-S07,13,19,4,4.816709292412617
PB-S07,13,20,5,4.816709292412617
PB-S07,13,21,0,4.816709292412617
PB-S07,13,22,4,4.816709292412617
PB-S07,13,23,3,4.816709292412617
PB-S07,13,24,3,4.816709292412617
PB-S07,13,25,2,4.816709292412617
PB-S07,13,26,1,4.816709292412617
PB-S07,13,27,7,4.816709292412617
PB-S07,13,28,2,4.816709292412617
PB-S07,13,29,2,4.816709292412617
PB-S07,13,30,4,4.816709292412617
PB-S07,13,31,3,4.816709292412617
PB-S07,13,32,6,4.816709292412617
PB-S07,13,33,10,4.816709292412617
PB-S07,13,34,3,4.816709292412617
PB-S07,13,35,5,4.816709292412617
PB-S07,13,36,6,4.816709292412617
PB-S07,13,37,3,4.816709292412617
PB-S07,13,38,3,4.816709292412617
PB-S07,13,39,4,4.816709292412617
PB-S07,13,40,4,4.816709292412617
PB-S07,13,41,2,4.816709292412617
PB-S07,13,42,1,4.816709292412617
PB-S07,13,43,4,4.816709292412617
PB-S07,13,44,6,4.816709292412617
PB-S07,13,45,3,4.816709292412617
PB-S07,13,46,2,4.816709292412617
PB-S07,13,47,3,4.816709292412617
PB-S07,13,48,2,4.816709292412617
PB-S07,13,49,1,4.816709292412617
PB-S07,13,50,2,4.816709292412617
PB-S07,13,51,5,4.816709292412617
PB-S07,13,52,5,4.816709292412617
PB-S07,13,53,4,4.816709292412617
PB-S07,13,54,5,4.816709292412617
PB-S07,13,55,3,4.816709292412617
PB-S07,13,56,2,4.816709292412617
PB-S07,13,57,0,4.816709292412617
PB-S07,13,58,8,4.816709292412617
PB-S07,13,59,6,4.816709292412617
PB-S07,13,60,4,4.816709292412617
PB-S07,13,61,6,4.816709292412617
PB-S07,13,62,4,4.816709292412617
PB-S07,13,63,3,4.816709292412617
PB-S07,13,64,1,4.816709292412617
PB-S07,13,65,1,4.816709292412617
PB-S07,13,66,2,4.816709292412617
PB-S07,13,67,3,4.816709292412617
PB-S07,13,68,4,4.816709292412617
PB-S07,13,69,6,4.816709292412617
PB-S07,14,15,1,4.816709292412617
PB-S07,14,16,7,4.816709292412617
PB-S07,14,17,4,4.816709292412617
PB-S07,14,18,7,4.816709292412617
PB-S07,14,19,5,4.816709292412617
PB-S07,14,20,8,4.816709292412617
PB-S07,14,21,4,4.816709292412617
PB-S07,14,22,4,4.816709292412617
PB-S07,14,23,8,4.816709292412617
PB-S07,14,24,4,4.816709292412617
PB-S07,14,25,4,4.816709292412617
PB-S07,14,26,4,4.816709292412617
PB-S07,14,27,3,4.816709292412617
PB-S07,14,28,0,4.816709292412617
PB-S07,14,29,4,4.816709292412617
PB-S07,14,30,4,4.816709292412617
PB-S07,14,31,3,4.816709292412617
PB-S07,14,32,6,4.816709292412617
PB-S07,14,33,5,4.816709292412617
PB-S07,14,34,6,4.816709292412617
PB-S07,14,35,2,4.816709292412617
PB-S07,14,36,6,4.816709292412617
PB-S07,14,37,5,4.816709292412617
PB-S07,14,38,5,4.816709292412617
PB-S07,14,39,6,4.816709292412617
PB-S07,14,40,3,4.816709292412617
PB-S07,14,41,6,4.816709292412617
PB-S07,14,42,6,4.816709292412617
PB-S07,14,43,2,4.816709292412617
PB-S07,14,44,1,4.816709292412617
PB-S07,14,45,4,4.816709292412617
PB-S07,14,46,7,4.816709292412617
PB-S07,14,47,5,4.816709292412617
PB-S07,14,48,4,4.816709292412617
PB-S07,14,49,3,4.816709292412617
PB-S07,14,50,6,4.816709292412617
PB-S07,14,51,4,4.816709292412617
PB-S07,14,52,4,4.816709292412617
PB-S07,14,53,4,4.816709292412617
PB-S07,14,54,3,4.816709292412617
PB-S07,14,55,5,4.816709292412617
PB-S07,14,56,4,4.816709292412617
PB-S07,14,57,6,4.816709292412617
PB-S07,14,58,5,4.816709292412617
PB-S07,14,59,4,4.816709292412617
PB-S07,14,60,2,4.816709292412617
PB-S07,14,61,8,4.816709292412617
PB-S07,14,62,3,4.816709292412617
PB-S07,14,63,7,4.816709292412617
PB-S07,14,64,6,4.816709292412617
PB-S07,14,65,6,4.816709292412617
PB-S07,14,66,5,4.816709292412617
PB-S07,14,67,6,4.816709292412617
PB-S07,14,68,6,4.816709292412617
PB-S07,14,69,5,4.816709292412617
PB-S07,15,16,2,4.816709292412617
PB-S07,15,17,3,4.816709292412617
PB-S07,15,18,5,4.816709292412617
PB-S07,15,19,4,4.816709292412617
PB-S07,15,20,4,4.816709292412617
PB-S07,15,21,9,4.816709292412617
PB-S07,15,22,6,4.816709292412617
PB-S07,15,23,4,4.816709292412617
PB-S07,15,24,5,4.816709292412617
PB-S07,15,25,3,4.816709292412617
PB-S07,15,26,5,4.816709292412617
PB-S07,15,27,7,4.816709292412617
PB-S07,15,28,4,4.816709292412617
PB-S07,15,29,6,4.816709292412617
PB-S07,15,30,2,4.816709292412617
PB-S07,15,31,8,4.816709292412617
PB-S07,15,32,7,4.816709292412617
PB-S07,15,33,5,4.816709292412617
PB-S07,15,34,4,4.816709292412617
PB-S07,15,35,3,4.816709292412617
PB-S07,15,36,9,4.816709292412617
PB-S07,15,37,3,4.816709292412617
PB-S07,15,38,6,4.816709292412617
PB-S07,15,39,3,4.816709292412617
PB-S07,15,40,2,4.816709292412617
PB-S07,15,41,3,4.816709292412617
PB-S07,15,42,5,4.816709292412617
PB-S07,15,43,7,4.816709292412617
PB-S07,15,44,3,4.816709292412617
PB-S07,15,45,7,4.816709292412617
PB-S07,15,46,7,4.816709292412617
PB-S07,15,47,6,4.816709292412617
PB-S07,15,48,3,4.816709292412617
PB-S07,15,49,2,4.816709292412617
PB-S07,15,50,2,4.816709292412617
PB-S07,15,51,5,4.816709292412617
PB-S07,15,52,3,4.816709292412617
PB-S07,15,53,3,4.816709292412617
PB-S07,15,54,4,4.816709292412617
PB-S07,15,55,3,4.816709292412617
PB-S07,15,56,3,4.816709292412617
PB-S07,15,57,4,4.816709292412617
PB-S07,15,58,3,4.816709292412617
PB-S07,15,59,4,4.816709292412617
PB-S07,15,60,4,4.816709292412617
PB-S07,15,61,4,4.816709292412617
PB-S07,15,62,5,4.816709292412617
PB-S07,15,63,7,4.816709292412617
PB-S07,15,64,5,4.816709292412617
PB-S07,15,65,6,4.816709292412617
PB-S07,15,66,3,4.816709292412617
PB-S07,15,67,5,4.816709292412617
PB-S07,15,68,4,4.816709292412617
PB-S07,15,69,3,4.816709292412617
PB-S07,16,17,3,4.816709292412617
PB-S07,16,18,5,4.816709292412617
PB-S07,16,19,4,4.816709292412617
PB-S07,16,20,4,4.816709292412617
PB-S07,16,21,3,4.816709292412617
PB-S07,16,22,3,4.816709292412617
PB-S07,16,23,6,4.816709292412617
PB-S07,16,24,2,4.816709292412617
PB-S07,16,25,4,4.816709292412617
PB-S07,16,26,3,4.816709292412617
PB-S07,16,27,5,4.816709292412617
PB-S07,16,28,4,4.816709292412617
PB-S07,16,29,6,4.816709292412617
PB-S07,16,30,9,4.816709292412617
PB-S07,16,31,6,4.816709292412617
PB-S07,16,32,6,4.816709292412617
PB-S07,16,33,4,4.816709292412617
PB-S07,16,34,6,4.816709292412617
PB-S07,16,35,2,4.816709292412617
PB-S07,16,36,5,4.816709292412617
PB-S07,16,37,4,4.816709292412617
PB-S07,16,38,4,4.816709292412617
PB-S07,16,39,4,4.816709292412617
PB-S07,16,40,5,4.816709292412617
PB-S07,16,41,4,4.816709292412617
PB-S07,16,42,3,4.816709292412617
PB-S07,16,43,6,4.816709292412617
PB-S07,16,44,5,4.816709292412617
PB-S07,16,45,2,4.816709292412617
PB-S07,16,46,4,4.816709292412617
PB-S07,16,47,2,4.816709292412617
PB-S07,16,48,9,4.816709292412617
PB-S07,16,49,5,4.816709292412617
PB-S07,16,50,6,4.816709292412617
PB-S07,16,51,1,4.816709292412617
PB-S07,16,52,5,4.816709292412617
PB-S07,16,53,8,4.816709292412617
PB-S07,16,54,8,4.816709292412617
PB-S07,16,55,9,4.816709292412617
PB-S07,16,56,7,4.816709292412617
PB-S07,16,57,4,4.816709292412617
PB-S07,16,58,6,4.816709292412617
PB-S07,16,59,4,4.816709292412617
PB-S07,16,60,7,4.816709292412617
PB-S07,16,61,6,4.816709292412617
PB-S07,16,62,5,4.816709292412617
PB-S07,16,63,9,4.816709292412617
PB-S07,16,64,4,4.816709292412617
PB-S07,16,65,4,4.816709292412617
PB-S07,16,66,6,4.816709292412617
PB-S07,16,67,5,4.816709292412617
PB-S07,16,68,7,4.816709292412617
PB-S07,16,69,4,4.816709292412617
PB-S07,17,18,8,4.816709292412617
PB-S07,17,19,6,4.816709292412617
PB-S07,17,20,8,4.816709292412617
PB-S07,17,21,8,4.816709292412617
PB-S07,17,22,2,4.816709292412617
PB-S07,17,23,5,4.816709292412617
PB-S07,17,24,5,4.816709292412617
PB-S07,17,25,2,4.816709292412617
PB-S07,17,26,7,4.816709292412617
PB-S07,17,27,5,4.816709292412617
PB-S07,17,28,4,4.816709292412617
PB-S07,17,29,2,4.816709292412617
PB-S07,17,30,1,4.816709292412617
PB-S07,17,31,3,4.816709292412617
PB-S07,17,32,6,4.816709292412617
PB-S07,17,33,3,4.816709292412617
PB-S07,17,34,3,4.816709292412617
PB-S07,17,35,5,4.816709292412617
PB-S07,17,36,5,4.816709292412617
PB-S07,17,37,7,4.816709292412617
PB-S07,17,38,8,4.816709292412617
PB-S07,17,39,6,4.816709292412617
PB-S07,17,40,6,4.816709292412617
PB-S07,17,41,4,4.816709292412617
PB-S07,17,42,2,4.816709292412617
PB-S07,17,43,4,4.816709292412617
PB-S07,17,44,3,4.816709292412617
PB-S07,17,45,4,4.816709292412617
PB-S07,17,46,4,4.816709292412617
PB-S07,17,47,5,4.816709292412617
PB-S07,17,48,1,4.816709292412617
PB-S07,17,49,5,4.816709292412617
PB-S07,17,50,1,4.816709292412617
PB-S07,17,51,3,4.816709292412617
PB-S07,17,52,6,4.816709292412617
PB-S07,17,53,7,4.816709292412617
PB-S07,17,54,4,4.816709292412617
PB-S07,17,55,2,4.816709292412617
PB-S07,17,56,4,4.816709292412617
PB-S07,17,57,5,4.816709292412617
PB-S07,17,58,3,4.816709292412617
PB-S07,17,59,4,4.816709292412617
PB-S07,17,60,4,4.816709292412617
PB-S07,17,61,7,4.816709292412617
PB-S07,17,62,6,4.816709292412617
PB-S07,17,63,7,4.816709292412617
PB-S07,17,64,5,4.816709292412617
PB-S07,17,65,4,4.816709292412617
PB-S07,17,66,2,4.816709292412617
PB-S07,17,67,4,4.816709292412617
PB-S07,17,68,9,4.816709292412617
PB-S07,17,69,3,4.816709292412617
PB-S07,18,19,6,4.816709292412617
PB-S07,18,20,4,4.816709292412617
PB-S07,18,21,5,4.816709292412617
PB-S07,18,22,3,4.816709292412617
PB-S07,18,23,6,4.816709292412617
PB-S07,18,24,3,4.816709292412617
PB-S07,18,25,5,4.816709292412617
PB-S07,18,26,7,4.816709292412617
PB-S07,18,27,9,4.816709292412617
PB-S07,18,28,3,4.816709292412617
PB-S07,18,29,5,4.816709292412617
PB-S07,18,30,6,4.816709292412617
PB-S07,18,31,5,4.816709292412617
PB-S07,18,32,5,4.816709292412617
PB-S07,18,33,6,4.816709292412617
PB-S07,18,34,3,4.816709292412617
PB-S07,18,35,3,4.816709292412617
PB-S07,18,36,6,4.816709292412617
PB-S07,18,37,10,4.816709292412617
PB-S07,18,38,2,4.816709292412617
PB-S07,18,39,8,4.816709292412617
PB-S07,18,40,5,4.816709292412617
PB-S07,18,41,2,4.816709292412617
PB-S07,18,42,5,4.816709292412617
PB-S07,18,43,7,4.816709292412617
PB-S07,18,44,6,4.816709292412617
PB-S07,18,45,8,4.816709292412617
PB-S07,18,46,2,4.816709292412617
PB-S07,18,47,5,4.816709292412617
PB-S07,18,48,6,4.816709292412617
PB-S07,18,49,3,4.816709292412617
PB-S07,18,50,4,4.816709292412617
PB-S07,18,51,5,4.816709292412617
PB-S07,18,52,4,4.816709292412617
PB-S07,18,53,7,4.816709292412617
PB-S07,18,54,3,4.816709292412617
PB-S07,18,55,1,4.816709292412617
PB-S07,18,56,3,4.816709292412617
PB-S07,18,57,4,4.816709292412617
PB-S07,18,58,2,4.816709292412617
PB-S07,18,59,2,4.816709292412617
PB-S07,18,60,5,4.816709292412617
PB-S07,18,61,5,4.816709292412617
PB-S07,18,62,6,4.816709292412617
PB-S07,18,63,3,4.816709292412617
PB-S07,18,64,6,4.816709292412617
PB-S07,18,65,8,4.816709292412617
PB-S07,18,66,5,4.816709292412617
PB-S07,18,67,4,4.816709292412617
PB-S07,18,68,3,4.816709292412617
PB-S07,18,69,4,4.816709292412617
PB-S07,19,20,5,4.816709292412617
PB-S07,19,21,10,4.816709292412617
PB-S07,19,22,4,4.816709292412617
PB-S07,19,23,1,4.816709292412617
PB-S07,19,24,6,4.816709292412617
PB-S07,19,25,6,4.816709292412617
PB-S07,19,26,4,4.816709292412617
PB-S07,19,27,6,4.816709292412617
PB-S07,19,28,7,4.816709292412617
PB-S07,19,29,4,4.816709292412617
PB-S07,19,30,6,4.816709292412617
PB-S07,19,31,4,4.816709292412617
PB-S07,19,32,3,4.816709292412617
PB-S07,19,33,0,4.816709292412617
PB-S07,19,34,7,4.816709292412617
PB-S07,19,35,6,4.816709292412617
PB-S07,19,36,9,4.816709292412617
PB-S07,19,37,11,4.816709292412617
PB-S07,19,38,1,4.816709292412617
PB-S07,19,39,8,4.816709292412617
PB-S07,19,40,6,4.816709292412617
PB-S07,19,41,2,4.816709292412617
PB-S07,19,42,10,4.816709292412617
PB-S07,19,43,7,4.816709292412617
PB-S07,19,44,6,4.816709292412617
PB-S07,19,45,7,4.816709292412617
PB-S07,19,46,10,4.816709292412617
PB-S07,19,47,6,4.816709292412617
PB-S07,19,48,7,4.816709292412617
PB-S07,19,49,3,4.816709292412617
PB-S07,19,50,5,4.816709292412617
PB-S07,19,51,5,4.816709292412617
PB-S07,19,52,3,4.816709292412617
PB-S07,19,53,3,4.816709292412617
PB-S07,19,54,3,4.816709292412617
PB-S07,19,55,6,4.816709292412617
PB-S07,19,56,4,4.816709292412617
PB-S07,19,57,5,4.816709292412617
PB-S07,19,58,4,4.816709292412617
PB-S07,19,59,6,4.816709292412617
PB-S07,19,60,4,4.816709292412617
PB-S07,19,61,6,4.816709292412617
PB-S07,19,62,8,4.816709292412617
PB-S07,19,63,4,4.816709292412617
PB-S07,19,64,4,4.816709292412617
PB-S07,19,65,2,4.816709292412617
PB-S07,19,66,4,4.816709292412617
PB-S07,19,67,4,4.816709292412617
PB-S07,19,68,10,4.816709292412617
PB-S07,19,69,6,4.816709292412617
PB-S07,20,21,6,4.816709292412617
PB-S07,20,22,8,4.816709292412617
PB-S07,20,23,5,4.816709292412617
PB-S07,20,24,5,4.816709292412617
PB-S07,20,25,2,4.816709292412617
PB-S07,20,26,7,4.816709292412617
PB-S07,20,27,4,4.816709292412617
PB-S07,20,28,3,4.816709292412617
PB-S07,20,29,7,4.816709292412617
PB-S07,20,30,3,4.816709292412617
PB-S07,20,31,5,4.816709292412617
PB-S07,20,32,7,4.816709292412617
PB-S07,20,33,11,4.816709292412617
PB-S07,20,34,1,4.816709292412617
PB-S07,20,35,2,4.816709292412617
PB-S07,20,36,5,4.816709292412617
PB-S07,20,37,2,4.816709292412617
PB-S07,20,38,8,4.816709292412617
PB-S07,20,39,9,4.816709292412617
PB-S07,20,40,6,4.816709292412617
PB-S07,20,41,4,4.816709292412617
PB-S07,20,42,7,4.816709292412617
PB-S07,20,43,4,4.816709292412617
PB-S07,20,44,4,4.816709292412617
PB-S07,20,45,5,4.816709292412617
PB-S07,20,46,2,4.816709292412617
PB-S07,20,47,6,4.816709292412617
PB-S07,20,48,3,4.816709292412617
PB-S07,20,49,6,4.816709292412617
PB-S07,20,50,3,4.816709292412617
PB-S07,20,51,2,4.816709292412617
PB-S07,20,52,5,4.816709292412617
PB-S07,20,53,4,4.816709292412617
PB-S07,20,54,8,4.816709292412617
PB-S07,20,55,4,4.816709292412617
PB-S07,20,56,5,4.816709292412617
PB-S07,20,57,5,4.816709292412617
PB-S07,20,58,5,4.816709292412617
PB-S07,20,59,5,4.816709292412617
PB-S07,20,60,4,4.816709292412617
PB-S07,20,61,6,4.816709292412617
PB-S07,20,62,3,4.816709292412617
PB-S07,20,63,8,4.816709292412617
PB-S07,20,64,5,4.816709292412617
PB-S07,20,65,6,4.816709292412617
PB-S07,20,66,4,4.816709292412617
PB-S07,20,67,4,4.816709292412617
PB-S07,20,68,5,4.816709292412617
PB-S07,20,69,7,4.816709292412617
PB-S07,21,22,10,4.816709292412617
PB-S07,21,23,6,4.816709292412617
PB-S07,21,24,6,4.816709292412617
PB-S07,21,25,6,4.816709292412617
PB-S07,21,26,6,4.816709292412617
PB-S07,21,27,6,4.816709292412617
PB-S07,21,28,3,4.816709292412617
PB-S07,21,29,7,4.816709292412617
PB-S07,21,30,6,4.816709292412617
PB-S07,21,31,9,4.816709292412617
PB-S07,21,32,14,4.816709292412617
PB-S07,21,33,7,4.816709292412617
PB-S07,21,34,4,4.816709292412617
PB-S07,21,35,3,4.816709292412617
PB-S07,21,36,5,4.816709292412617
PB-S07,21,37,9,4.816709292412617
PB-S07,21,38,5,4.816709292412617
PB-S07,21,39,6,4.816709292412617
PB-S07,21,40,3,4.816709292412617
PB-S07,21,41,6,4.816709292412617
PB-S07,21,42,6,4.816709292412617
PB-S07,21,43,4,4.816709292412617
PB-S07,21,44,8,4.816709292412617
PB-S07,21,45,6,4.816709292412617
PB-S07,21,46,7,4.816709292412617
PB-S07,21,47,10,4.816709292412617
PB-S07,21,48,3,4.816709292412617
PB-S07,21,49,7,4.816709292412617
PB-S07,21,50,6,4.816709292412617
PB-S07,21,51,2,4.816709292412617
PB-S07,21,52,4,4.816709292412617
PB-S07,21,53,4,4.816709292412617
PB-S07,21,54,6,4.816709292412617
PB-S07,21,55,4,4.816709292412617
PB-S07,21,56,2,4.816709292412617
PB-S07,21,57,5,4.816709292412617
PB-S07,21,58,3,4.816709292412617
PB-S07,21,59,7,4.816709292412617
PB-S07,21,60,6,4.816709292412617
PB-S07,21,61,3,4.816709292412617
PB-S07,21,62,12,4.816709292412617
PB-S07,21,63,4,4.816709292412617
PB-S07,21,64,7,4.816709292412617
PB-S07,21,65,8,4.816709292412617
PB-S07,21,66,6,4.816709292412617
PB-S07,21,67,7,4.816709292412617
PB-S07,21,68,4,4.816709292412617
PB-S07,21,69,7,4.816709292412617
PB-S07,22,23,7,4.816709292412617
PB-S07,22,24,4,4.816709292412617
PB-S07,22,25,1,4.816709292412617
PB-S07,22,26,6,4.816709292412617
PB-S07,22,27,7,4.816709292412617
PB-S07,22,28,3,4.816709292412617
PB-S07,22,29,7,4.816709292412617
PB-S07,22,30,4,4.816709292412617
PB-S07,22,31,2,4.816709292412617
PB-S07,22,32,6,4.816709292412617
PB-S07,22,33,6,4.816709292412617
PB-S07,22,34,4,4.816709292412617
PB-S07,22,35,3,4.816709292412617
PB-S07,22,36,6,4.816709292412617
PB-S07,22,37,3,4.816709292412617
PB-S07,22,38,4,4.816709292412617
PB-S07,22,39,4,4.816709292412617
PB-S07,22,40,3,4.816709292412617
PB-S07,22,41,3,4.816709292412617
PB-S07,22,42,7,4.816709292412617
PB-S07,22,43,6,4.816709292412617
PB-S07,22,44,3,4.816709292412617
PB-S07,22,45,8,4.816709292412617
PB-S07,22,46,5,4.816709292412617
PB-S07,22,47,10,4.816709292412617
PB-S07,22,48,2,4.816709292412617
PB-S07,22,49,2,4.816709292412617
PB-S07,22,50,2,4.816709292412617
PB-S07,22,51,3,4.816709292412617
PB-S07,22,52,5,4.816709292412617
PB-S07,22,53,3,4.816709292412617
PB-S07,22,54,7,4.816709292412617
PB-S07,22,55,4,4.816709292412617
PB-S07,22,56,4,4.816709292412617
PB-S07,22,57,4,4.816709292412617
PB-S07,22,58,4,4.816709292412617
PB-S07,22,59,3,4.816709292412617
PB-S07,22,60,5,4.816709292412617
PB-S07,22,61,6,4.816709292412617
PB-S07,22,62,4,4.816709292412617
PB-S07,22,63,9,4.816709292412617
PB-S07,22,64,4,4.816709292412617
PB-S07,22,65,3,4.816709292412617
PB-S07,22,66,8,4.816709292412617
PB-S07,22,67,5,4.816709292412617
PB-S07,22,68,3,4.816709292412617
PB-S07,22,69,6,4.816709292412617
PB-S07,23,24,4,4.816709292412617
PB-S07,23,25,9,4.816709292412617
PB-S07,23,26,4,4.816709292412617
PB-S07,23,27,5,4.816709292412617
PB-S07,23,28,10,4.816709292412617
PB-S07,23,29,4,4.816709292412617
PB-S07,23,30,6,4.816709292412617
PB-S07,23,31,2,4.816709292412617
PB-S07,23,32,11,4.816709292412617
PB-S07,23,33,5,4.816709292412617
PB-S07,23,34,7,4.816709292412617
PB-S07,23,35,7,4.816709292412617
PB-S07,23,36,2,4.816709292412617
PB-S07,23,37,7,4.816709292412617
PB-S07,23,38,3,4.816709292412617
PB-S07,23,39,5,4.816709292412617
PB-S07,23,40,5,4.816709292412617
PB-S07,23,41,5,4.816709292412617
PB-S07,23,42,3,4.816709292412617
PB-S07,23,43,3,4.816709292412617
PB-S07,23,44,4,4.816709292412617
PB-S07,23,45,6,4.816709292412617
PB-S07,23,46,4,4.816709292412617
PB-S07,23,47,8,4.816709292412617
PB-S07,23,48,3,4.816709292412617
PB-S07,23,49,5,4.816709292412617
PB-S07,23,50,7,4.816709292412617
PB-S07,23,51,4,4.816709292412617
PB-S07,23,52,3,4.816709292412617
PB-S07,23,53,7,4.816709292412617
PB-S07,23,54,5,4.816709292412617
PB-S07,23,55,6,4.816709292412617
PB-S07,23,56,7,4.816709292412617
PB-S07,23,57,5,4.816709292412617
PB-S07,23,58,5,4.816709292412617
PB-S07,23,59,6,4.816709292412617
PB-S07,23,60,7,4.816709292412617
PB-S07,23,61,7,4.816709292412617
PB-S07,23,62,4,4.816709292412617
PB-S07,23,63,9,4.816709292412617
PB-S07,23,64,7,4.816709292412617
PB-S07,23,65,3,4.816709292412617
PB-S07,23,66,5,4.816709292412617
PB-S07,23,67,7,4.816709292412617
PB-S07,23,68,8,4.816709292412617
PB-S07,23,69,6,4.816709292412617
PB-S07,24,25,4,4.816709292412617
PB-S07,24,26,3,4.816709292412617
PB-S07,24,27,3,4.816709292412617
PB-S07,24,28,4,4.816709292412617
PB-S07,24,29,7,4.816709292412617
PB-S07,24,30,3,4.816709292412617
PB-S07,24,31,6,4.816709292412617
PB-S07,24,32,3,4.816709292412617
PB-S07,24,33,8,4.816709292412617
PB-S07,24,34,6,4.816709292412617
PB-S07,24,35,7,4.816709292412617
PB-S07,24,36,2,4.816709292412617
PB-S07,24,37,3,4.816709292412617
PB-S07,24,38,3,4.816709292412617
PB-S07,24,39,5,4.816709292412617
PB-S07,24,40,2,4.816709292412617
PB-S07,24,41,2,4.816709292412617
PB-S07,24,42,6,4.816709292412617
PB-S07,24,43,5,4.816709292412617
PB-S07,24,44,5,4.816709292412617
PB-S07,24,45,2,4.816709292412617
PB-S07,24,46,6,4.816709292412617
PB-S07,24,47,5,4.816709292412617
PB-S07,24,48,2,4.816709292412617
PB-S07,24,49,2,4.816709292412617
PB-S07,24,50,7,4.816709292412617
PB-S07,24,51,6,4.816709292412617
PB-S07,24,52,5,4.816709292412617
PB-S07,24,53,5,4.816709292412617
PB-S07,24,54,4,4.816709292412617
PB-S07,24,55,4,4.816709292412617
PB-S07,24,56,10,4.816709292412617
PB-S07,24,57,7,4.816709292412617
PB-S07,24,58,3,4.816709292412617
PB-S07,24,59,5,4.816709292412617
PB-S07,24,60,5,4.816709292412617
PB-S07,24,61,6,4.816709292412617
PB-S07,24,62,6,4.816709292412617
PB-S07,24,63,11,4.816709292412617
PB-S07,24,64,7,4.816709292412617
PB-S07,24,65,3,4.816709292412617
PB-S07,24,66,8,4.816709292412617
PB-S07,24,67,4,4.816709292412617
PB-S07,24,68,4,4.816709292412617
PB-S07,24,69,4,4.816709292412617
PB-S07,25,26,2,4.816709292412617
PB-S07,25,27,7,4.816709292412617
PB-S07,25,28,2,4.816709292412617
PB-S07,25,29,0,4.816709292412617
PB-S07,25,30,3,4.816709292412617
PB-S07,25,31,3,4.816709292412617
PB-S07,25,32,6,4.816709292412617
PB-S07,25,33,4,4.816709292412617
PB-S07,25,34,5,4.816709292412617
PB-S07,25,35,3,4.816709292412617
PB-S07,25,36,7,4.816709292412617
PB-S07,25,37,7,4.816709292412617
PB-S07,25,38,8,4.816709292412617
PB-S07,25,39,5,4.816709292412617
PB-S07,25,40,7,4.816709292412617
PB-S07,25,41,4,4.816709292412617
PB-S07,25,42,1,4.816709292412617
PB-S07,25,43,5,4.816709292412617
PB-S07,25,44,7,4.816709292412617
PB-S07,25,45,4,4.816709292412617
PB-S07,25,46,3,4.816709292412617
PB-S07,25,47,3,4.816709292412617
PB-S07,25,48,5,4.816709292412617
PB-S07,25,49,3,4.816709292412617
PB-S07,25,50,3,4.816709292412617
PB-S07,25,51,3,4.816709292412617
PB-S07,25,52,6,4.816709292412617
PB-S07,25,53,7,4.816709292412617
PB-S07,25,54,6,4.816709292412617
PB-S07,25,55,7,4.816709292412617
PB-S07,25,56,0,4.816709292412617
PB-S07,25,57,6,4.816709292412617
PB-S07,25,58,3,4.816709292412617
PB-S07,25,59,2,4.816709292412617
PB-S07,25,60,6,4.816709292412617
PB-S07,25,61,4,4.816709292412617
PB-S07,25,62,5,4.816709292412617
PB-S07,25,63,7,4.816709292412617
PB-S07,25,64,8,4.816709292412617
PB-S07,25,65,2,4.816709292412617
PB-S07,25,66,7,4.816709292412617
PB-S07,25,67,9,4.816709292412617
PB-S07,25,68,6,4.816709292412617
PB-S07,25,69,2,4.816709292412617
PB-S07,26,27,5,4.816709292412617
PB-S07,26,28,8,4.816709292412617
PB-S07,26,29,1,4.816709292412617
PB-S07,26,30,4,4.816709292412617
PB-S07,26,31,2,4.816709292412617
PB-S07,26,32,6,4.816709292412617
PB-S07,26,33,3,4.816709292412617
PB-S07,26,34,3,4.816709292412617
PB-S07,26,35,3,4.816709292412617
PB-S07,26,36,2,4.816709292412617
PB-S07,26,37,5,4.816709292412617
PB-S07,26,38,8,4.816709292412617
PB-S07,26,39,7,4.816709292412617
PB-S07,26,40,3,4.816709292412617
PB-S07,26,41,4,4.816709292412617
PB-S07,26,42,3,4.816709292412617
PB-S07,26,43,4,4.816709292412617
PB-S07,26,44,4,4.816709292412617
PB-S07,26,45,6,4.816709292412617
PB-S07,26,46,5,4.816709292412617
PB-S07,26,47,8,4.816709292412617
PB-S07,26,48,1,4.816709292412617
PB-S07,26,49,4,4.816709292412617
PB-S07,26,50,3,4.816709292412617
PB-S07,26,51,5,4.816709292412617
PB-S07,26,52,3,4.816709292412617
PB-S07,26,53,3,4.816709292412617
PB-S07,26,54,3,4.816709292412617
PB-S07,26,55,6,4.816709292412617
PB-S07,26,56,1,4.816709292412617
PB-S07,26,57,3,4.816709292412617
PB-S07,26,58,5,4.816709292412617
PB-S07,26,59,2,4.816709292412617
PB-S07,26,60,2,4.816709292412617
PB-S07,26,61,7,4.816709292412617
PB-S07,26,62,3,4.816709292412617
PB-S07,26,63,6,4.816709292412617
PB-S07,26,64,3,4.816709292412617
PB-S07,26,65,3,4.816709292412617
PB-S07,26,66,3,4.816709292412617
PB-S07,26,67,3,4.816709292412617
PB-S07,26,68,3,4.816709292412617
PB-S07,26,69,4,4.816709292412617
PB-S07,27,28,8,4.816709292412617
PB-S07,27,29,9,4.816709292412617
PB-S07,27,30,3,4.816709292412617
PB-S07,27,31,6,4.816709292412617
PB-S07,27,32,5,4.816709292412617
PB-S07,27,33,8,4.816709292412617
PB-S07,27,34,7,4.816709292412617
PB-S07,27,35,4,4.816709292412617
PB-S07,27,36,8,4.816709292412617
PB-S07,27,37,4,4.816709292412617
PB-S07,27,38,5,4.816709292412617
PB-S07,27,39,6,4.816709292412617
PB-S07,27,40,3,4.816709292412617
PB-S07,27,41,6,4.816709292412617
PB-S07,27,42,6,4.816709292412617
PB-S07,27,43,4,4.816709292412617
PB-S07,27,44,12,4.816709292412617
PB-S07,27,45,3,4.816709292412617
PB-S07,27,46,5,4.816709292412617
PB-S07,27,47,10,4.816709292412617
PB-S07,27,48,2,4.816709292412617
PB-S07,27,49,3,4.816709292412617
PB-S07,27,50,3,4.816709292412617
PB-S07,27,51,5,4.816709292412617
PB-S07,27,52,6,4.816709292412617
PB-S07,27,53,7,4.816709292412617
PB-S07,27,54,3,4.816709292412617
PB-S07,27,55,5,4.816709292412617
PB-S07,27,56,5,4.816709292412617
PB-S07,27,57,2,4.816709292412617
PB-S07,27,58,3,4.816709292412617
PB-S07,27,59,8,4.816709292412617
PB-S07,27,60,5,4.816709292412617
PB-S07,27,61,5,4.816709292412617
PB-S07,27,62,5,4.816709292412617
PB-S07,27,63,5,4.816709292412617
PB-S07,27,64,4,4.816709292412617
PB-S07,27,65,7,4.816709292412617
PB-S07,27,66,9,4.816709292412617
PB-S07,27,67,10,4.816709292412617
PB-S07,27,68,7,4.816709292412617
PB-S07,27,69,9,4.816709292412617
PB-S07,28,29,0,4.816709292412617
PB-S07,28,30,5,4.816709292412617
PB-S07,28,31,6,4.816709292412617
PB-S07,28,32,5,4.816709292412617
PB-S07,28,33,5,4.816709292412617
PB-S07,28,34,6,4.816709292412617
PB-S07,28,35,3,4.816709292412617
PB-S07,28,36,5,4.816709292412617
PB-S07,28,37,4,4.816709292412617
PB-S07,28,38,9,4.816709292412617
PB-S07,28,39,4,4.816709292412617
PB-S07,28,40,7,4.816709292412617
PB-S07,28,41,8,4.816709292412617
PB-S07,28,42,6,4.816709292412617
PB-S07,28,43,4,4.816709292412617
PB-S07,28,44,6,4.816709292412617
PB-S07,28,45,6,4.816709292412617
PB-S07,28,46,3,4.816709292412617
PB-S07,28,47,6,4.816709292412617
PB-S07,28,48,3,4.816709292412617
PB-S07,28,49,5,4.816709292412617
PB-S07,28,50,6,4.816709292412617
PB-S07,28,51,7,4.816709292412617
PB-S07,28,52,7,4.816709292412617
PB-S07,28,53,6,4.816709292412617
PB-S07,28,54,4,4.816709292412617
PB-S07,28,55,5,4.816709292412617
PB-S07,28,56,6,4.816709292412617
PB-S07,28,57,4,4.816709292412617
PB-S07,28,58,7,4.816709292412617
PB-S07,28,59,7,4.816709292412617
PB-S07,28,60,4,4.816709292412617
PB-S07,28,61,8,4.816709292412617
PB-S07,28,62,7,4.816709292412617
PB-S07,28,63,11,4.816709292412617
PB-S07,28,64,4,4.816709292412617
PB-S07,28,65,2,4.816709292412617
PB-S07,28,66,4,4.816709292412617
PB-S07,28,67,7,4.816709292412617
PB-S07,28,68,6,4.816709292412617
PB-S07,28,69,5,4.816709292412617
PB-S07,29,30,6,4.816709292412617
PB-S07,29,31,4,4.816709292412617
PB-S07,29,32,2,4.816709292412617
PB-S07,29,33,3,4.816709292412617
PB-S07,29,34,4,4.816709292412617
PB-S07,29,35,3,4.816709292412617
PB-S07,29,36,4,4.816709292412617
PB-S07,29,37,3,4.816709292412617
PB-S07,29,38,4,4.816709292412617
PB-S07,29,39,2,4.816709292412617
PB-S07,29,40,4,4.816709292412617
PB-S07,29,41,5,4.816709292412617
PB-S07,29,42,7,4.816709292412617
PB-S07,29,43,6,4.816709292412617
PB-S07,29,44,6,4.816709292412617
PB-S07,29,45,5,4.816709292412617
PB-S07,29,46,2,4.816709292412617
PB-S07,29,47,5,4.816709292412617
PB-S07,29,48,4,4.816709292412617
PB-S07,29,49,1,4.816709292412617
PB-S07,29,50,5,4.816709292412617
PB-S07,29,51,3,4.816709292412617
PB-S07,29,52,1,4.816709292412617
PB-S07,29,53,7,4.816709292412617
PB-S07,29,54,8,4.816709292412617
PB-S07,29,55,2,4.816709292412617
PB-S07,29,56,5,4.816709292412617
PB-S07,29,57,5,4.816709292412617
PB-S07,29,58,5,4.816709292412617
PB-S07,29,59,6,4.816709292412617
PB-S07,29,60,3,4.816709292412617
PB-S07,29,61,5,4.816709292412617
PB-S07,29,62,6,4.816709292412617
PB-S07,29,63,4,4.816709292412617
PB-S07,29,64,3,4.816709292412617
PB-S07,29,65,3,4.816709292412617
PB-S07,29,66,3,4.816709292412617
PB-S07,29,67,2,4.816709292412617
PB-S07,29,68,4,4.816709292412617
PB-S07,29,69,2,4.816709292412617
PB-S07,30,31,5,4.816709292412617
PB-S07,30,32,6,4.816709292412617
PB-S07,30,33,9,4.816709292412617
PB-S07,30,34,3,4.816709292412617
PB-S07,30,35,5,4.816709292412617
PB-S07,30,36,6,4.816709292412617
PB-S07,30,37,6,4.816709292412617
PB-S07,30,38,3,4.816709292412617
PB-S07,30,39,4,4.816709292412617
PB-S07,30,40,5,4.816709292412617
PB-S07,30,41,6,4.816709292412617
PB-S07,30,42,6,4.816709292412617
PB-S07,30,43,2,4.816709292412617
PB-S07,30,44,6,4.816709292412617
PB-S07,30,45,5,4.816709292412617
PB-S07,30,46,3,4.816709292412617
PB-S07,30,47,6,4.816709292412617
PB-S07,30,48,10,4.816709292412617
PB-S07,30,49,6,4.816709292412617
PB-S07,30,50,3,4.816709292412617
PB-S07,30,51,3,4.816709292412617
PB-S07,30,52,8,4.816709292412617
PB-S07,30,53,10,4.816709292412617
PB-S07,30,54,4,4.816709292412617
PB-S07,30,55,3,4.816709292412617
PB-S07,30,56,6,4.816709292412617
PB-S07,30,57,6,4.816709292412617
PB-S07,30,58,3,4.816709292412617
PB-S07,30,59,9,4.816709292412617
PB-S07,30,60,5,4.816709292412617
PB-S07,30,61,5,4.816709292412617
PB-S07,30,62,9,4.816709292412617
PB-S07,30,63,7,4.816709292412617
PB-S07,30,64,4,4.816709292412617
PB-S07,30,65,3,4.816709292412617
PB-S07,30,66,4,4.816709292412617
PB-S07,30,67,2,4.816709292412617
PB-S07,30,68,3,4.816709292412617
PB-S07,30,69,7,4.816709292412617
PB-S07,31,32,5,4.816709292412617
PB-S07,31,33,6,4.816709292412617
PB-S07,31,34,5,4.816709292412617
PB-S07,31,35,1,4.816709292412617
PB-S07,31,36,7,4.816709292412617
PB-S07,31,37,6,4.816709292412617
PB-S07,31,38,6,4.816709292412617
PB-S07,31,39,6,4.816709292412617
PB-S07,31,40,9,4.816709292412617
PB-S07,31,41,5,4.816709292412617
PB-S07,31,42,2,4.816709292412617
PB-S07,31,43,8,4.816709292412617
PB-S07,31,44,3,4.816709292412617
PB-S07,31,45,6,4.816709292412617
PB-S07,31,46,5,4.816709292412617
PB-S07,31,47,5,4.816709292412617
PB-S07,31,48,7,4.816709292412617
PB-S07,31,49,4,4.816709292412617
PB-S07,31,50,5,4.816709292412617
PB-S07,31,51,5,4.816709292412617
PB-S07,31,52,5,4.816709292412617
PB-S07,31,53,3,4.816709292412617
PB-S07,31,54,3,4.816709292412617
PB-S07,31,55,2,4.816709292412617
PB-S07,31,56,6,4.816709292412617
PB-S07,31,57,4,4.816709292412617
PB-S07,31,58,5,4.816709292412617
PB-S07,31,59,5,4.816709292412617
PB-S07,31,60,6,4.816709292412617
PB-S07,31,61,6,4.816709292412617
PB-S07,31,62,6,4.816709292412617
PB-S07,31,63,3,4.816709292412617
PB-S07,31,64,4,4.816709292412617
PB-S07,31,65,3,4.816709292412617
PB-S07,31,66,4,4.816709292412617
PB-S07,31,67,6,4.816709292412617
PB-S07,31,68,2,4.816709292412617
PB-S07,31,69,3,4.816709292412617
PB-S07,32,33,5,4.816709292412617
PB-S07,32,34,8,4.816709292412617
PB-S07,32,35,5,4.816709292412617
PB-S07,32,36,8,4.816709292412617
PB-S07,32,37,7,4.816709292412617
PB-S07,32,38,8,4.816709292412617
PB-S07,32,39,5,4.816709292412617
PB-S07,32,40,3,4.816709292412617
PB-S07,32,41,3,4.816709292412617
PB-S07,32,42,4,4.816709292412617
PB-S07,32,43,4,4.816709292412617
PB-S07,32,44,5,4.816709292412617
PB-S07,32,45,5,4.816709292412617
PB-S07,32,46,6,4.816709292412617
PB-S07,32,47,6,4.816709292412617
PB-S07,32,48,9,4.816709292412617
PB-S07,32,49,7,4.816709292412617
PB-S07,32,50,5,4.816709292412617
PB-S07,32,51,3,4.816709292412617
PB-S07,32,52,3,4.816709292412617
PB-S07,32,53,5,4.816709292412617
PB-S07,32,54,2,4.816709292412617
PB-S07,32,55,6,4.816709292412617
PB-S07,32,56,5,4.816709292412617
PB-S07,32,57,4,4.816709292412617
PB-S07,32,58,12,4.816709292412617
PB-S07,32,59,2,4.816709292412617
PB-S07,32,60,3,4.816709292412617
PB-S07,32,61,4,4.816709292412617
PB-S07,32,62,7,4.816709292412617
PB-S07,32,63,7,4.816709292412617
PB-S07,32,64,8,4.816709292412617
PB-S07,32,65,8,4.816709292412617
PB-S07,32,66,7,4.816709292412617
PB-S07,32,67,5,4.816709292412617
PB-S07,32,68,4,4.816709292412617
PB-S07,32,69,5,4.816709292412617
PB-S07,33,34,3,4.816709292412617
PB-S07,33,35,8,4.816709292412617
PB-S07,33,36,7,4.816709292412617
PB-S07,33,37,6,4.816709292412617
PB-S07,33,38,4,4.816709292412617
PB-S07,33,39,10,4.816709292412617
PB-S07,33,40,5,4.816709292412617
PB-S07,33,41,4,4.816709292412617
PB-S07,33,42,8,4.816709292412617
PB-S07,33,43,6,4.816709292412617
PB-S07,33,44,4,4.816709292412617
PB-S07,33,45,7,4.816709292412617
PB-S07,33,46,5,4.816709292412617
PB-S07,33,47,4,4.816709292412617
PB-S07,33,48,3,4.816709292412617
PB-S07,33,49,3,4.816709292412617
PB-S07,33,50,6,4.816709292412617
PB-S07,33,51,5,4.816709292412617
PB-S07,33,52,7,4.816709292412617
PB-S07,33,53,3,4.816709292412617
PB-S07,33,54,5,4.816709292412617
PB-S07,33,55,6,4.816709292412617
PB-S07,33,56,6,4.816709292412617
PB-S07,33,57,3,4.816709292412617
PB-S07,33,58,6,4.816709292412617
PB-S07,33,59,10,4.816709292412617
PB-S07,33,60,5,4.816709292412617
PB-S07,33,61,5,4.816709292412617
PB-S07,33,62,8,4.816709292412617
PB-S07,33,63,5,4.816709292412617
PB-S07,33,64,10,4.816709292412617
PB-S07,33,65,3,4.816709292412617
PB-S07,33,66,3,4.816709292412617
PB-S07,33,67,5,4.816709292412617
PB-S07,33,68,7,4.816709292412617
PB-S07,33,69,6,4.816709292412617
PB-S07,34,35,3,4.816709292412617
PB-S07,34,36,3,4.816709292412617
PB-S07,34,37,7,4.816709292412617
PB-S07,34,38,7,4.816709292412617
PB-S07,34,39,4,4.816709292412617
PB-S07,34,40,3,4.816709292412617
PB-S07,34,41,1,4.816709292412617
PB-S07,34,42,4,4.816709292412617
PB-S07,34,43,1,4.816709292412617
PB-S07,34,44,5,4.816709292412617
PB-S07,34,45,5,4.816709292412617
PB-S07,34,46,3,4.816709292412617
PB-S07,34,47,4,4.816709292412617
PB-S07,34,48,1,4.816709292412617
PB-S07,34,49,0,4.816709292412617
PB-S07,34,50,6,4.816709292412617
PB-S07,34,51,7,4.816709292412617
PB-S07,34,52,5,4.816709292412617
PB-S07,34,53,6,4.816709292412617
PB-S07,34,54,1,4.816709292412617
PB-S07,34,55,4,4.816709292412617
PB-S07,34,56,5,4.816709292412617
PB-S07,34,57,3,4.816709292412617
PB-S07,34,58,5,4.816709292412617
PB-S07,34,59,6,4.816709292412617
PB-S07,34,60,1,4.816709292412617
PB-S07,34,61,7,4.816709292412617
PB-S07,34,62,3,4.816709292412617
PB-S07,34,63,2,4.816709292412617
PB-S07,34,64,1,4.816709292412617
PB-S07,34,65,2,4.816709292412617
PB-S07,34,66,3,4.816709292412617
PB-S07,34,67,7,4.816709292412617
PB-S07,34,68,2,4.816709292412617
PB-S07,34,69,4,4.816709292412617
PB-S07,35,36,7,4.816709292412617
PB-S07,35,37,4,4.816709292412617
PB-S07,35,38,7,4.816709292412617
PB-S07,35,39,5,4.816709292412617
PB-S07,35,40,4,4.816709292412617
PB-S07,35,41,5,4.816709292412617
PB-S07,35,42,4,4.816709292412617
PB-S07,35,43,1,4.816709292412617
PB-S07,35,44,5,4.816709292412617
PB-S07,35,45,9,4.816709292412617
PB-S07,35,46,6,4.816709292412617
PB-S07,35,47,5,4.816709292412617
PB-S07,35,48,1,4.816709292412617
PB-S07,35,49,6,4.816709292412617
PB-S07,35,50,4,4.816709292412617
PB-S07,35,51,4,4.816709292412617
PB-S07,35,52,3,4.816709292412617
PB-S07,35,53,4,4.816709292412617
PB-S07,35,54,6,4.816709292412617
PB-S07,35,55,2,4.816709292412617
PB-S07,35,56,3,4.816709292412617
PB-S07,35,57,5,4.816709292412617
PB-S07,35,58,6,4.816709292412617
PB-S07,35,59,4,4.816709292412617
PB-S07,35,60,6,4.816709292412617
PB-S07,35,61,6,4.816709292412617
PB-S07,35,62,3,4.816709292412617
PB-S07,35,63,8,4.816709292412617
PB-S07,35,64,6,4.816709292412617
PB-S07,35,65,3,4.816709292412617
PB-S07,35,66,6,4.816709292412617
PB-S07,35,67,4,4.816709292412617
PB-S07,35,68,2,4.816709292412617
PB-S07,35,69,4,4.816709292412617
PB-S07,36,37,8,4.816709292412617
PB-S07,36,38,3,4.816709292412617
PB-S07,36,39,4,4.816709292412617
PB-S07,36,40,1,4.816709292412617
PB-S07,36,41,5,4.816709292412617
PB-S07,36,42,4,4.816709292412617
PB-S07,36,43,7,4.816709292412617
PB-S07,36,44,4,4.816709292412617
PB-S07,36,45,6,4.816709292412617
PB-S07,36,46,5,4.816709292412617
PB-S07,36,47,10,4.816709292412617
PB-S07,36,48,5,4.816709292412617
PB-S07,36,49,5,4.816709292412617
PB-S07,36,50,3,4.816709292412617
PB-S07,36,51,7,4.816709292412617
PB-S07,36,52,7,4.816709292412617
PB-S07,36,53,5,4.816709292412617
PB-S07,36,54,4,4.816709292412617
PB-S07,36,55,3,4.816709292412617
PB-S07,36,56,6,4.816709292412617
PB-S07,36,57,4,4.816709292412617
PB-S07,36,58,9,4.816709292412617
PB-S07,36,59,6,4.816709292412617
PB-S07,36,60,7,4.816709292412617
PB-S07,36,61,10,4.816709292412617
PB-S07,36,62,9,4.816709292412617
PB-S07,36,63,5,4.816709292412617
PB-S07,36,64,6,4.816709292412617
PB-S07,36,65,4,4.816709292412617
PB-S07,36,66,2,4.816709292412617
PB-S07,36,67,8,4.816709292412617
PB-S07,36,68,4,4.816709292412617
PB-S07,36,69,9,4.816709292412617
PB-S07,37,38,3,4.816709292412617
PB-S07,37,39,11,4.816709292412617
PB-S07,37,40,8,4.816709292412617
PB-S07,37,41,1,4.816709292412617
PB-S07,37,42,4,4.816709292412617
PB-S07,37,43,3,4.816709292412617
PB-S07,37,44,14,4.816709292412617
PB-S07,37,45,7,4.816709292412617
PB-S07,37,46,7,4.816709292412617
PB-S07,37,47,3,4.816709292412617
PB-S07,37,48,4,4.816709292412617
PB-S07,37,49,1,4.816709292412617
PB-S07,37,50,8,4.816709292412617
PB-S07,37,51,5,4.816709292412617
PB-S07,37,52,5,4.816709292412617
PB-S07,37,53,7,4.816709292412617
PB-S07,37,54,4,4.816709292412617
PB-S07,37,55,6,4.816709292412617
PB-S07,37,56,4,4.816709292412617
PB-S07,37,57,4,4.816709292412617
PB-S07,37,58,7,4.816709292412617
PB-S07,37,59,5,4.816709292412617
PB-S07,37,60,5,4.816709292412617
PB-S07,37,61,8,4.816709292412617
PB-S07,37,62,8,4.816709292412617
PB-S07,37,63,11,4.816709292412617
PB-S07,37,64,6,4.816709292412617
PB-S07,37,65,5,4.816709292412617
PB-S07,37,66,5,4.816709292412617
PB-S07,37,67,4,4.816709292412617
PB-S07,37,68,1,4.816709292412617
PB-S07,37,69,6,4.816709292412617
PB-S07,38,39,6,4.816709292412617
PB-S07,38,40,2,4.816709292412617
PB-S07,38,41,2,4.816709292412617
PB-S07,38,42,7,4.816709292412617
PB-S07,38,43,2,4.816709292412617
PB-S07,38,44,3,4.816709292412617
PB-S07,38,45,4,4.816709292412617
PB-S07,38,46,1,4.816709292412617
PB-S07,38,47,4,4.816709292412617
PB-S07,38,48,5,4.816709292412617
PB-S07,38,49,2,4.816709292412617
PB-S07,38,50,4,4.816709292412617
PB-S07,38,51,2,4.816709292412617
PB-S07,38,52,8,4.816709292412617
PB-S07,38,53,2,4.816709292412617
PB-S07,38,54,7,4.816709292412617
PB-S07,38,55,5,4.816709292412617
PB-S07,38,56,5,4.816709292412617
PB-S07,38,57,3,4.816709292412617
PB-S07,38,58,4,4.816709292412617
PB-S07,38,59,2,4.816709292412617
PB-S07,38,60,2,4.816709292412617
PB-S07,38,61,7,4.816709292412617
PB-S07,38,62,8,4.816709292412617
PB-S07,38,63,6,4.816709292412617
PB-S07,38,64,6,4.816709292412617
PB-S07,38,65,6,4.816709292412617
PB-S07,38,66,9,4.816709292412617
PB-S07,38,67,6,4.816709292412617
PB-S07,38,68,9,4.816709292412617
PB-S07,38,69,7,4.816709292412617
PB-S07,39,40,4,4.816709292412617
PB-S07,39,41,4,4.816709292412617
PB-S07,39,42,6,4.816709292412617
PB-S07,39,43,7,4.816709292412617
PB-S07,39,44,8,4.816709292412617
PB-S07,39,45,3,4.816709292412617
PB-S07,39,46,3,4.816709292412617
PB-S07,39,47,9,4.816709292412617
PB-S07,39,48,7,4.816709292412617
PB-S07,39,49,6,4.816709292412617
PB-S07,39,50,4,4.816709292412617
PB-S07,39,51,4,4.816709292412617
PB-S07,39,52,2,4.816709292412617
PB-S07,39,53,8,4.816709292412617
PB-S07,39,54,7,4.816709292412617
PB-S07,39,55,4,4.816709292412617
PB-S07,39,56,5,4.816709292412617
PB-S07,39,57,6,4.816709292412617
PB-S07,39,58,2,4.816709292412617
PB-S07,39,59,8,4.816709292412617
PB-S07,39,60,5,4.816709292412617
PB-S07,39,61,6,4.816709292412617
PB-S07,39,62,6,4.816709292412617
PB-S07,39,63,7,4.816709292412617
PB-S07,39,64,4,4.816709292412617
PB-S07,39,65,5,4.816709292412617
PB-S07,39,66,5,4.816709292412617
PB-S07,39,67,8,4.816709292412617
PB-S07,39,68,4,4.816709292412617
PB-S07,39,69,7,4.816709292412617
PB-S07,40,41,6,4.816709292412617
PB-S07,40,42,7,4.816709292412617
PB-S07,40,43,6,4.816709292412617
PB-S07,40,44,2,4.816709292412617
PB-S07,40,45,9,4.816709292412617
PB-S07,40,46,3,4.816709292412617
PB-S07,40,47,3,4.816709292412617
PB-S07,40,48,8,4.816709292412617
PB-S07,40,49,2,4.816709292412617
PB-S07,40,50,10,4.816709292412617
PB-S07,40,51,4,4.816709292412617
PB-S07,40,52,8,4.816709292412617
PB-S07,40,53,4,4.816709292412617
PB-S07,40,54,3,4.816709292412617
PB-S07,40,55,6,4.816709292412617
PB-S07,40,56,2,4.816709292412617
PB-S07,40,57,3,4.816709292412617
PB-S07,40,58,6,4.816709292412617
PB-S07,40,59,7,4.816709292412617
PB-S07,40,60,4,4.816709292412617
PB-S07,40,61,5,4.816709292412617
PB-S07,40,62,4,4.816709292412617
PB-S07,40,63,6,4.816709292412617
PB-S07,40,64,5,4.816709292412617
PB-S07,40,65,3,4.816709292412617
PB-S07,40,66,4,4.816709292412617
PB-S07,40,67,3,4.816709292412617
PB-S07,40,68,2,4.816709292412617
PB-S07,40,69,9,4.816709292412617
PB-S07,41,42,8,4.816709292412617
PB-S07,41,43,4,4.816709292412617
PB-S07,41,44,6,4.816709292412617
PB-S07,41,45,3,4.816709292412617
PB-S07,41,46,2,4.816709292412617
PB-S07,41,47,5,4.816709292412617
PB-S07,41,48,5,4.816709292412617
PB-S07,41,49,4,4.816709292412617
PB-S07,41,50,3,4.816709292412617
PB-S07,41,51,3,4.816709292412617
PB-S07,41,52,4,4.816709292412617
PB-S07,41,53,9,4.816709292412617
PB-S07,41,54,3,4.816709292412617
PB-S07,41,55,3,4.816709292412617
PB-S07,41,56,9,4.816709292412617
PB-S07,41,57,6,4.816709292412617
PB-S07,41,58,7,4.816709292412617
PB-S07,41,59,9,4.816709292412617
PB-S07,41,60,4,4.816709292412617
PB-S07,41,61,6,4.816709292412617
PB-S07,41,62,5,4.816709292412617
PB-S07,41,63,7,4.816709292412617
PB-S07,41,64,9,4.816709292412617
PB-S07,41,65,5,4.816709292412617
PB-S07,41,66,2,4.816709292412617
PB-S07,41,67,4,4.816709292412617
PB-S07,41,68,5,4.816709292412617
PB-S07,41,69,3,4.816709292412617
PB-S07,42,43,1,4.816709292412617
PB-S07,42,44,5,4.816709292412617
PB-S07,42,45,5,4.816709292412617
PB-S07,42,46,5,4.816709292412617
PB-S07,42,47,4,4.816709292412617
PB-S07,42,48,8,4.816709292412617
PB-S07,42,49,5,4.816709292412617
PB-S07,42,50,4,4.816709292412617
PB-S07,42,51,6,4.816709292412617
PB-S07,42,52,8,4.816709292412617
PB-S07,42,53,4,4.816709292412617
PB-S07,42,54,3,4.816709292412617
PB-S07,42,55,4,4.816709292412617
PB-S07,42,56,6,4.816709292412617
PB-S07,42,57,3,4.816709292412617
PB-S07,42,58,0,4.816709292412617
PB-S07,42,59,6,4.816709292412617
PB-S07,42,60,2,4.816709292412617
PB-S07,42,61,4,4.816709292412617
PB-S07,42,62,5,4.816709292412617
PB-S07,42,63,3,4.816709292412617
PB-S07,42,64,4,4.816709292412617
PB-S07,42,65,2,4.816709292412617
PB-S07,42,66,4,4.816709292412617
PB-S07,42,67,3,4.816709292412617
PB-S07,42,68,4,4.816709292412617
PB-S07,42,69,5,4.816709292412617
PB-S07,43,44,3,4.816709292412617
PB-S07,43,45,6,4.816709292412617
PB-S07,43,46,2,4.816709292412617
PB-S07,43,47,3,4.816709292412617
PB-S07,43,48,5,4.816709292412617
PB-S07,43,49,1,4.816709292412617
PB-S07,43,50,2,4.816709292412617
PB-S07,43,51,1,4.816709292412617
PB-S07,43,52,5,4.816709292412617
PB-S07,43,53,6,4.816709292412617
PB-S07,43,54,3,4.816709292412617
PB-S07,43,55,5,4.816709292412617
PB-S07,43,56,4,4.816709292412617
PB-S07,43,57,4,4.816709292412617
PB-S07,43,58,6,4.816709292412617
PB-S07,43,59,4,4.816709292412617
PB-S07,43,60,9,4.816709292412617
PB-S07,43,61,8,4.816709292412617
PB-S07,43,62,3,4.816709292412617
PB-S07,43,63,4,4.816709292412617
PB-S07,43,64,6,4.816709292412617
PB-S07,43,65,6,4.816709292412617
PB-S07,43,66,3,4.816709292412617
PB-S07,43,67,3,4.816709292412617
PB-S07,43,68,6,4.816709292412617
PB-S07,43,69,8,4.816709292412617
PB-S07,44,45,5,4.816709292412617
PB-S07,44,46,5,4.816709292412617
PB-S07,44,47,2,4.816709292412617
PB-S07,44,48,1,4.816709292412617
PB-S07,44,49,3,4.816709292412617
PB-S07,44,50,9,4.816709292412617
PB-S07,44,51,7,4.816709292412617
PB-S07,44,52,5,4.816709292412617
PB-S07,44,53,5,4.816709292412617
PB-S07,44,54,5,4.816709292412617
PB-S07,44,55,5,4.816709292412617
PB-S07,44,56,2,4.816709292412617
PB-S07,44,57,4,4.816709292412617
PB-S07,44,58,7,4.816709292412617
PB-S07,44,59,7,4.816709292412617
PB-S07,44,60,5,4.816709292412617
PB-S07,44,61,6,4.816709292412617
PB-S07,44,62,5,4.816709292412617
PB-S07,44,63,6,4.816709292412617
PB-S07,44,64,8,4.816709292412617
PB-S07,44,65,4,4.816709292412617
PB-S07,44,66,2,4.816709292412617
PB-S07,44,67,5,4.816709292412617
PB-S07,44,68,4,4.816709292412617
PB-S07,44,69,8,4.816709292412617
PB-S07,45,46,4,4.816709292412617
PB-S07,45,47,7,4.816709292412617
PB-S07,45,48,6,4.816709292412617
PB-S07,45,49,3,4.816709292412617
PB-S07,45,50,3,4.816709292412617
PB-S07,45,51,5,4.816709292412617
PB-S07,45,52,4,4.816709292412617
PB-S07,45,53,7,4.816709292412617
PB-S07,45,54,4,4.816709292412617
PB-S07,45,55,8,4.816709292412617
PB-S07,45,56,10,4.816709292412617
PB-S07,45,57,4,4.816709292412617
PB-S07,45,58,5,4.816709292412617
PB-S07,45,59,1,4.816709292412617
PB-S07,45,60,2,4.816709292412617
PB-S07,45,61,7,4.816709292412617
PB-S07,45,62,4,4.816709292412617
PB-S07,45,63,2,4.816709292412617
PB-S07,45,64,7,4.816709292412617
PB-S07,45,65,3,4.816709292412617
PB-S07,45,66,4,4.816709292412617
PB-S07,45,67,6,4.816709292412617
PB-S07,45,68,2,4.816709292412617
PB-S07,45,69,7,4.816709292412617
PB-S07,46,47,4,4.816709292412617
PB-S07,46,48,3,4.816709292412617
PB-S07,46,49,1,4.816709292412617
PB-S07,46,50,4,4.816709292412617
PB-S07,46,51,3,4.816709292412617
PB-S07,46,52,5,4.816709292412617
PB-S07,46,53,3,4.816709292412617
PB-S07,46,54,3,4.816709292412617
PB-S07,46,55,1,4.816709292412617
PB-S07,46,56,7,4.816709292412617
PB-S07,46,57,3,4.816709292412617
PB-S07,46,58,0,4.816709292412617
PB-S07,46,59,5,4.816709292412617
PB-S07,46,60,3,4.816709292412617
PB-S07,46,61,3,4.816709292412617
PB-S07,46,62,6,4.816709292412617
PB-S07,46,63,3,4.816709292412617
PB-S07,46,64,3,4.816709292412617
PB-S07,46,65,5,4.816709292412617
PB-S07,46,66,3,4.816709292412617
PB-S07,46,67,3,4.816709292412617
PB-S07,46,68,4,4.816709292412617
PB-S07,46,69,3,4.816709292412617
PB-S07,47,48,4,4.816709292412617
PB-S07,47,49,3,4.816709292412617
PB-S07,47,50,7,4.816709292412617
PB-S07,47,51,3,4.816709292412617
PB-S07,47,52,3,4.816709292412617
PB-S07,47,53,3,4.816709292412617
PB-S07,47,54,6,4.816709292412617
PB-S07,47,55,7,4.816709292412617
PB-S07,47,56,3,4.816709292412617
PB-S07,47,57,9,4.816709292412617
PB-S07,47,58,6,4.816709292412617
PB-S07,47,59,3,4.816709292412617
PB-S07,47,60,8,4.816709292412617
PB-S07,47,61,7,4.816709292412617
PB-S07,47,62,5,4.816709292412617
PB-S07,47,63,8,4.816709292412617
PB-S07,47,64,3,4.816709292412617
PB-S07,47,65,6,4.816709292412617
PB-S07,47,66,4,4.816709292412617
PB-S07,47,67,5,4.816709292412617
PB-S07,47,68,9,4.816709292412617
PB-S07,47,69,6,4.816709292412617
PB-S07,48,49,4,4.816709292412617
PB-S07,48,50,6,4.816709292412617
PB-S07,48,51,3,4.816709292412617
PB-S07,48,52,4,4.816709292412617
PB-S07,48,53,10,4.816709292412617
PB-S07,48,54,3,4.816709292412617
PB-S07,48,55,2,4.816709292412617
PB-S07,48,56,5,4.816709292412617
PB-S07,48,57,3,4.816709292412617
PB-S07,48,58,5,4.816709292412617
PB-S07,48,59,3,4.816709292412617
PB-S07,48,60,6,4.816709292412617
PB-S07,48,61,4,4.816709292412617
PB-S07,48,62,2,4.816709292412617
PB-S07,48,63,5,4.816709292412617
PB-S07,48,64,7,4.816709292412617
PB-S07,48,65,3,4.816709292412617
PB-S07,48,66,2,4.816709292412617
PB-S07,48,67,2,4.816709292412617
PB-S07,48,68,6,4.816709292412617
PB-S07,48,69,3,4.816709292412617
PB-S07,49,50,5,4.816709292412617
PB-S07,49,51,2,4.816709292412617
PB-S07,49,52,4,4.816709292412617
PB-S07,49,53,2,4.816709292412617
PB-S07,49,54,1,4.816709292412617
PB-S07,49,55,3,4.816709292412617
PB-S07,49,56,2,4.816709292412617
PB-S07,49,57,4,4.816709292412617
PB-S07,49,58,2,4.816709292412617
PB-S07,49,59,8,4.816709292412617
PB-S07,49,60,1,4.816709292412617
PB-S07,49,61,3,4.816709292412617
PB-S07,49,62,5,4.816709292412617
PB-S07,49,63,4,4.816709292412617
PB-S07,49,64,3,4.816709292412617
PB-S07,49,65,6,4.816709292412617
PB-S07,49,66,4,4.816709292412617
PB-S07,49,67,7,4.816709292412617
PB-S07,49,68,2,4.816709292412617
PB-S07,49,69,7,4.816709292412617
PB-S07,50,51,7,4.816709292412617
PB-S07,50,52,6,4.816709292412617
PB-S07,50,53,4,4.816709292412617
PB-S07,50,54,2,4.816709292412617
PB-S07,50,55,4,4.816709292412617
PB-S07,50,56,2,4.816709292412617
PB-S07,50,57,6,4.816709292412617
PB-S07,50,58,4,4.816709292412617
PB-S07,50,59,7,4.816709292412617
PB-S07,50,60,1,4.816709292412617
PB-S07,50,61,10,4.816709292412617
PB-S07,50,62,6,4.816709292412617
PB-S07,50,63,5,4.816709292412617
PB-S07,50,64,6,4.816709292412617
PB-S07,50,65,5,4.816709292412617
PB-S07,50,66,4,4.816709292412617
PB-S07,50,67,5,4.816709292412617
PB-S07,50,68,2,4.816709292412617
PB-S07,50,69,5,4.816709292412617
PB-S07,51,52,3,4.816709292412617
PB-S07,51,53,7,4.816709292412617
PB-S07,51,54,6,4.816709292412617
PB-S07,51,55,4,4.816709292412617
PB-S07,51,56,3,4.816709292412617
PB-S07,51,57,4,4.816709292412617
PB-S07,51,58,6,4.816709292412617
PB-S07,51,59,3,4.816709292412617
PB-S07,51,60,5,4.816709292412617
PB-S07,51,61,12,4.816709292412617
PB-S07,51,62,2,4.816709292412617
PB-S07,51,63,4,4.816709292412617
PB-S07,51,64,2,4.816709292412617
PB-S07,51,65,0,4.816709292412617
PB-S07,51,66,2,4.816709292412617
PB-S07,51,67,3,4.816709292412617
PB-S07,51,68,3,4.816709292412617
PB-S07,51,69,7,4.816709292412617
PB-S07,52,53,4,4.816709292412617
PB-S07,52,54,6,4.816709292412617
PB-S07,52,55,4,4.816709292412617
PB-S07,52,56,2,4.816709292412617
PB-S07,52,57,2,4.816709292412617
PB-S07,52,58,5,4.816709292412617
PB-S07,52,59,4,4.816709292412617
PB-S07,52,60,4,4.816709292412617
PB-S07,52,61,5,4.816709292412617
PB-S07,52,62,5,4.816709292412617
PB-S07,52,63,5,4.816709292412617
PB-S07,52,64,8,4.816709292412617
PB-S07,52,65,1,4.816709292412617
PB-S07,52,66,3,4.816709292412617
PB-S07,52,67,6,4.816709292412617
PB-S07,52,68,5,4.816709292412617
PB-S07,52,69,5,4.816709292412617
PB-S07,53,54,5,4.816709292412617
PB-S07,53,55,4,4.816709292412617
PB-S07,53,56,8,4.816709292412617
PB-S07,53,57,6,4.816709292412617
PB-S07,53,58,6,4.816709292412617
PB-S07,53,59,5,4.816709292412617
PB-S07,53,60,6,4.816709292412617
PB-S07,53,61,0,4.816709292412617
PB-S07,53,62,6,4.816709292412617
PB-S07,53,63,6,4.816709292412617
PB-S07,53,64,3,4.816709292412617
PB-S07,53,65,3,4.816709292412617
PB-S07,53,66,7,4.816709292412617
PB-S07,53,67,7,4.816709292412617
PB-S07,53,68,7,4.816709292412617
PB-S07,53,69,6,4.816709292412617
PB-S07,54,55,3,4.816709292412617
PB-S07,54,56,6,4.816709292412617
PB-S07,54,57,9,4.816709292412617
PB-S07,54,58,1,4.816709292412617
PB-S07,54,59,4,4.816709292412617
PB-S07,54,60,7,4.816709292412617
PB-S07,54,61,8,4.816709292412617
PB-S07,54,62,7,4.816709292412617
PB-S07,54,63,6,4.816709292412617
PB-S07,54,64,7,4.816709292412617
PB-S07,54,65,4,4.816709292412617
PB-S07,54,66,5,4.816709292412617
PB-S07,54,67,4,4.816709292412617
PB-S07,54,68,7,4.816709292412617
PB-S07,54,69,11,4.816709292412617
PB-S07,55,56,5,4.816709292412617
PB-S07,55,57,5,4.816709292412617
PB-S07,55,58,4,4.816709292412617
PB-S07,55,59,5,4.816709292412617
PB-S07,55,60,3,4.816709292412617
PB-S07,55,61,6,4.816709292412617
PB-S07,55,62,4,4.816709292412617
PB-S07,55,63,7,4.816709292412617
PB-S07,55,64,5,4.816709292412617
PB-S07,55,65,3,4.816709292412617
PB-S07,55,66,6,4.816709292412617
PB-S07,55,67,9,4.816709292412617
PB-S07,55,68,6,4.816709292412617
PB-S07,55,69,6,4.816709292412617
PB-S07,56,57,6,4.816709292412617
PB-S07,56,58,3,4.816709292412617
PB-S07,56,59,2,4.816709292412617
PB-S07,56,60,6,4.816709292412617
PB-S07,56,61,7,4.816709292412617
PB-S07,56,62,4,4.816709292412617
PB-S07,56,63,4,4.816709292412617
PB-S07,56,64,6,4.816709292412617
PB-S07,56,65,3,4.816709292412617
PB-S07,56,66,5,4.816709292412617
PB-S07,56,67,4,4.816709292412617
PB-S07,56,68,7,4.816709292412617
PB-S07,56,69,7,4.816709292412617
PB-S07,57,58,6,4.816709292412617
PB-S07,57,59,3,4.816709292412617
PB-S07,57,60,7,4.816709292412617
PB-S07,57,61,2,4.816709292412617
PB-S07,57,62,6,4.816709292412617
PB-S07,57,63,6,4.816709292412617
PB-S07,57,64,5,4.816709292412617
PB-S07,57,65,5,4.816709292412617
PB-S07,57,66,7,4.816709292412617
PB-S07,57,67,4,4.816709292412617
PB-S07,57,68,4,4.816709292412617
PB-S07,57,69,7,4.816709292412617
PB-S07,58,59,8,4.816709292412617
PB-S07,58,60,5,4.816709292412617
PB-S07,58,61,1,4.816709292412617
PB-S07,58,62,3,4.816709292412617
PB-S07,58,63,2,4.816709292412617
PB-S07,58,64,4,4.816709292412617
PB-S07,58,65,4,4.816709292412617
PB-S07,58,66,5,4.816709292412617
PB-S07,58,67,3,4.816709292412617
PB-S07,58,68,5,4.816709292412617
PB-S07,58,69,4,4.816709292412617
PB-S07,59,60,6,4.816709292412617
PB-S07,59,61,6,4.816709292412617
PB-S07,59,62,10,4.816709292412617
PB-S07,59,63,7,4.816709292412617
PB-S07,59,64,6,4.816709292412617
PB-S07,59,65,3,4.816709292412617
PB-S07,59,66,9,4.816709292412617
PB-S07,59,67,4,4.816709292412617
PB-S07,59,68,6,4.816709292412617
PB-S07,59,69,8,4.816709292412617
PB-S07,60,61,5,4.816709292412617
PB-S07,60,62,1,4.816709292412617
PB-S07,60,63,2,4.816709292412617
PB-S07,60,64,7,4.816709292412617
PB-S07,60,65,5,4.816709292412617
PB-S07,60,66,4,4.816709292412617
PB-S07,60,67,1,4.816709292412617
PB-S07,60,68,5,4.816709292412617
PB-S07,60,69,5,4.816709292412617
PB-S07,61,62,9,4.816709292412617
PB-S07,61,63,10,4.816709292412617
PB-S07,61,64,10,4.816709292412617
PB-S07,61,65,6,4.816709292412617
PB-S07,61,66,5,4.816709292412617
PB-S07,61,67,6,4.816709292412617
PB-S07,61,68,7,4.816709292412617
PB-S07,61,69,12,4.816709292412617
PB-S07,62,63,9,4.816709292412617
PB-S07,62,64,8,4.816709292412617
PB-S07,62,65,4,4.816709292412617
PB-S07,62,66,4,4.816709292412617
PB-S07,62,67,1,4.816709292412617
PB-S07,62,68,4,4.816709292412617
PB-S07,62,69,8,4.816709292412617
PB-S07,63,64,7,4.816709292412617
PB-S07,63,65,5,4.816709292412617
PB-S07,63,66,4,4.816709292412617
PB-S07,63,67,6,4.816709292412617
PB-S07,63,68,10,4.816709292412617
PB-S07,63,69,7,4.816709292412617
PB-S07,64,65,4,4.816709292412617
PB-S07,64,66,6,4.816709292412617
PB-S07,64,67,5,4.816709292412617
PB-S07,64,68,8,4.816709292412617
PB-S07,64,69,8,4.816709292412617
PB-S07,65,66,3,4.816709292412617
PB-S07,65,67,5,4.816709292412617
PB-S07,65,68,3,4.816709292412617
PB-S07,65,69,3,4.816709292412617
PB-S07,66,67,7,4.816709292412617
PB-S07,66,68,7,4.816709292412617
PB-S07,66,69,8,4.816709292412617
PB-S07,67,68,6,4.816709292412617
PB-S07,67,69,5,4.816709292412617
PB-S07,68,69,7,4.816709292412617
