statistical_regime_id,position,ball,observed_count,expected_count,standardized_residual
FL-S01,1,1,4,9.73469387755102,-1.8570624632233208
FL-S01,1,2,9,9.73469387755102,-0.23791547571544322
FL-S01,1,3,11,9.73469387755102,0.40974331928770785
FL-S01,1,4,7,9.73469387755102,-0.8855742707185943
FL-S01,1,5,6,9.73469387755102,-1.2094036682201699
FL-S01,1,6,10,9.73469387755102,0.0859139217861323
FL-S01,1,7,13,9.73469387755102,1.057402114290859
FL-S01,1,8,7,9.73469387755102,-0.8855742707185943
FL-S01,1,9,13,9.73469387755102,1.057402114290859
FL-S01,1,10,10,9.73469387755102,0.0859139217861323
FL-S01,1,11,9,9.73469387755102,-0.23791547571544322
FL-S01,1,12,12,9.73469387755102,0.7335727167892834
FL-S01,1,13,9,9.73469387755102,-0.23791547571544322
FL-S01,1,14,8,9.73469387755102,-0.5617448732170187
FL-S01,1,15,14,9.73469387755102,1.3812315117924345
FL-S01,1,16,12,9.73469387755102,0.7335727167892834
FL-S01,1,17,12,9.73469387755102,0.7335727167892834
FL-S01,1,18,12,9.73469387755102,0.7335727167892834
FL-S01,1,19,8,9.73469387755102,-0.5617448732170187
FL-S01,1,20,8,9.73469387755102,-0.5617448732170187
FL-S01,1,21,8,9.73469387755102,-0.5617448732170187
FL-S01,1,22,8,9.73469387755102,-0.5617448732170187
FL-S01,1,23,8,9.73469387755102,-0.5617448732170187
FL-S01,1,24,13,9.73469387755102,1.057402114290859
FL-S01,1,25,10,9.73469387755102,0.0859139217861323
FL-S01,1,26,7,9.73469387755102,-0.8855742707185943
FL-S01,1,27,8,9.73469387755102,-0.5617448732170187
FL-S01,1,28,7,9.73469387755102,-0.8855742707185943
FL-S01,1,29,13,9.73469387755102,1.057402114290859
FL-S01,1,30,10,9.73469387755102,0.0859139217861323
FL-S01,1,31,10,9.73469387755102,0.0859139217861323
FL-S01,1,32,5,9.73469387755102,-1.5332330657217454
FL-S01,1,33,8,9.73469387755102,-0.5617448732170187
FL-S01,1,34,17,9.73469387755102,2.352719704297161
FL-S01,1,35,9,9.73469387755102,-0.23791547571544322
FL-S01,1,36,13,9.73469387755102,1.057402114290859
FL-S01,1,37,12,9.73469387755102,0.7335727167892834
FL-S01,1,38,12,9.73469387755102,0.7335727167892834
FL-S01,1,39,8,9.73469387755102,-0.5617448732170187
FL-S01,1,40,8,9.73469387755102,-0.5617448732170187
FL-S01,1,41,11,9.73469387755102,0.40974331928770785
FL-S01,1,42,12,9.73469387755102,0.7335727167892834
FL-S01,1,43,11,9.73469387755102,0.40974331928770785
FL-S01,1,44,9,9.73469387755102,-0.23791547571544322
FL-S01,1,45,11,9.73469387755102,0.40974331928770785
FL-S01,1,46,10,9.73469387755102,0.0859139217861323
FL-S01,1,47,11,9.73469387755102,0.40974331928770785
FL-S01,1,48,8,9.73469387755102,-0.5617448732170187
FL-S01,1,49,6,9.73469387755102,-1.2094036682201699
FL-S01,2,1,2,9.73469387755102,-2.5047212582264717
FL-S01,2,2,10,9.73469387755102,0.0859139217861323
FL-S01,2,3,10,9.73469387755102,0.0859139217861323
FL-S01,2,4,11,9.73469387755102,0.40974331928770785
FL-S01,2,5,4,9.73469387755102,-1.8570624632233208
FL-S01,2,6,7,9.73469387755102,-0.8855742707185943
FL-S01,2,7,10,9.73469387755102,0.0859139217861323
FL-S01,2,8,12,9.73469387755102,0.7335727167892834
FL-S01,2,9,12,9.73469387755102,0.7335727167892834
FL-S01,2,10,12,9.73469387755102,0.7335727167892834
FL-S01,2,11,13,9.73469387755102,1.057402114290859
FL-S01,2,12,13,9.73469387755102,1.057402114290859
FL-S01,2,13,8,9.73469387755102,-0.5617448732170187
FL-S01,2,14,13,9.73469387755102,1.057402114290859
FL-S01,2,15,12,9.73469387755102,0.7335727167892834
FL-S01,2,16,7,9.73469387755102,-0.8855742707185943
FL-S01,2,17,7,9.73469387755102,-0.8855742707185943
FL-S01,2,18,9,9.73469387755102,-0.23791547571544322
FL-S01,2,19,16,9.73469387755102,2.0288903067955855
FL-S01,2,20,6,9.73469387755102,-1.2094036682201699
FL-S01,2,21,12,9.73469387755102,0.7335727167892834
FL-S01,2,22,8,9.73469387755102,-0.5617448732170187
FL-S01,2,23,11,9.73469387755102,0.40974331928770785
FL-S01,2,24,9,9.73469387755102,-0.23791547571544322
FL-S01,2,25,11,9.73469387755102,0.40974331928770785
FL-S01,2,26,8,9.73469387755102,-0.5617448732170187
FL-S01,2,27,13,9.73469387755102,1.057402114290859
FL-S01,2,28,11,9.73469387755102,0.40974331928770785
FL-S01,2,29,11,9.73469387755102,0.40974331928770785
FL-S01,2,30,7,9.73469387755102,-0.8855742707185943
FL-S01,2,31,13,9.73469387755102,1.057402114290859
FL-S01,2,32,10,9.73469387755102,0.0859139217861323
FL-S01,2,33,8,9.73469387755102,-0.5617448732170187
FL-S01,2,34,11,9.73469387755102,0.40974331928770785
FL-S01,2,35,8,9.73469387755102,-0.5617448732170187
FL-S01,2,36,13,9.73469387755102,1.057402114290859
FL-S01,2,37,4,9.73469387755102,-1.8570624632233208
FL-S01,2,38,5,9.73469387755102,-1.5332330657217454
FL-S01,2,39,8,9.73469387755102,-0.5617448732170187
FL-S01,2,40,17,9.73469387755102,2.352719704297161
FL-S01,2,41,9,9.73469387755102,-0.23791547571544322
FL-S01,2,42,11,9.73469387755102,0.40974331928770785
FL-S01,2,43,7,9.73469387755102,-0.8855742707185943
FL-S01,2,44,11,9.73469387755102,0.40974331928770785
FL-S01,2,45,11,9.73469387755102,0.40974331928770785
FL-S01,2,46,6,9.73469387755102,-1.2094036682201699
FL-S01,2,47,7,9.73469387755102,-0.8855742707185943
FL-S01,2,48,10,9.73469387755102,0.0859139217861323
FL-S01,2,49,13,9.73469387755102,1.057402114290859
FL-S01,3,1,14,9.73469387755102,1.3812315117924345
FL-S01,3,2,7,9.73469387755102,-0.8855742707185943
FL-S01,3,3,9,9.73469387755102,-0.23791547571544322
FL-S01,3,4,4,9.73469387755102,-1.8570624632233208
FL-S01,3,5,8,9.73469387755102,-0.5617448732170187
FL-S01,3,6,5,9.73469387755102,-1.5332330657217454
FL-S01,3,7,8,9.73469387755102,-0.5617448732170187
FL-S01,3,8,14,9.73469387755102,1.3812315117924345
FL-S01,3,9,8,9.73469387755102,-0.5617448732170187
FL-S01,3,10,5,9.73469387755102,-1.5332330657217454
FL-S01,3,11,8,9.73469387755102,-0.5617448732170187
FL-S01,3,12,9,9.73469387755102,-0.23791547571544322
FL-S01,3,13,9,9.73469387755102,-0.23791547571544322
FL-S01,3,14,8,9.73469387755102,-0.5617448732170187
FL-S01,3,15,11,9.73469387755102,0.40974331928770785
FL-S01,3,16,8,9.73469387755102,-0.5617448732170187
FL-S01,3,17,11,9.73469387755102,0.40974331928770785
FL-S01,3,18,9,9.73469387755102,-0.23791547571544322
FL-S01,3,19,10,9.73469387755102,0.0859139217861323
FL-S01,3,20,14,9.73469387755102,1.3812315117924345
FL-S01,3,21,9,9.73469387755102,-0.23791547571544322
FL-S01,3,22,7,9.73469387755102,-0.8855742707185943
FL-S01,3,23,10,9.73469387755102,0.0859139217861323
FL-S01,3,24,9,9.73469387755102,-0.23791547571544322
FL-S01,3,25,7,9.73469387755102,-0.8855742707185943
FL-S01,3,26,17,9.73469387755102,2.352719704297161
FL-S01,3,27,10,9.73469387755102,0.0859139217861323
FL-S01,3,28,9,9.73469387755102,-0.23791547571544322
FL-S01,3,29,8,9.73469387755102,-0.5617448732170187
FL-S01,3,30,10,9.73469387755102,0.0859139217861323
FL-S01,3,31,13,9.73469387755102,1.057402114290859
FL-S01,3,32,7,9.73469387755102,-0.8855742707185943
FL-S01,3,33,6,9.73469387755102,-1.2094036682201699
FL-S01,3,34,15,9.73469387755102,1.7050609092940099
FL-S01,3,35,10,9.73469387755102,0.0859139217861323
FL-S01,3,36,8,9.73469387755102,-0.5617448732170187
FL-S01,3,37,4,9.73469387755102,-1.8570624632233208
FL-S01,3,38,12,9.73469387755102,0.7335727167892834
FL-S01,3,39,6,9.73469387755102,-1.2094036682201699
FL-S01,3,40,11,9.73469387755102,0.40974331928770785
FL-S01,3,41,14,9.73469387755102,1.3812315117924345
FL-S01,3,42,8,9.73469387755102,-0.5617448732170187
FL-S01,3,43,10,9.73469387755102,0.0859139217861323
FL-S01,3,44,9,9.73469387755102,-0.23791547571544322
FL-S01,3,45,11,9.73469387755102,0.40974331928770785
FL-S01,3,46,11,9.73469387755102,0.40974331928770785
FL-S01,3,47,16,9.73469387755102,2.0288903067955855
FL-S01,3,48,17,9.73469387755102,2.352719704297161
FL-S01,3,49,14,9.73469387755102,1.3812315117924345
FL-S01,4,1,10,9.73469387755102,0.0859139217861323
FL-S01,4,2,16,9.73469387755102,2.0288903067955855
FL-S01,4,3,8,9.73469387755102,-0.5617448732170187
FL-S01,4,4,11,9.73469387755102,0.40974331928770785
FL-S01,4,5,6,9.73469387755102,-1.2094036682201699
FL-S01,4,6,12,9.73469387755102,0.7335727167892834
FL-S01,4,7,13,9.73469387755102,1.057402114290859
FL-S01,4,8,10,9.73469387755102,0.0859139217861323
FL-S01,4,9,17,9.73469387755102,2.352719704297161
FL-S01,4,10,8,9.73469387755102,-0.5617448732170187
FL-S01,4,11,7,9.73469387755102,-0.8855742707185943
FL-S01,4,12,5,9.73469387755102,-1.5332330657217454
FL-S01,4,13,11,9.73469387755102,0.40974331928770785
FL-S01,4,14,12,9.73469387755102,0.7335727167892834
FL-S01,4,15,9,9.73469387755102,-0.23791547571544322
FL-S01,4,16,6,9.73469387755102,-1.2094036682201699
FL-S01,4,17,14,9.73469387755102,1.3812315117924345
FL-S01,4,18,14,9.73469387755102,1.3812315117924345
FL-S01,4,19,13,9.73469387755102,1.057402114290859
FL-S01,4,20,13,9.73469387755102,1.057402114290859
FL-S01,4,21,9,9.73469387755102,-0.23791547571544322
FL-S01,4,22,6,9.73469387755102,-1.2094036682201699
FL-S01,4,23,7,9.73469387755102,-0.8855742707185943
FL-S01,4,24,10,9.73469387755102,0.0859139217861323
FL-S01,4,25,5,9.73469387755102,-1.5332330657217454
FL-S01,4,26,11,9.73469387755102,0.40974331928770785
FL-S01,4,27,11,9.73469387755102,0.40974331928770785
FL-S01,4,28,10,9.73469387755102,0.0859139217861323
FL-S01,4,29,12,9.73469387755102,0.7335727167892834
FL-S01,4,30,11,9.73469387755102,0.40974331928770785
FL-S01,4,31,8,9.73469387755102,-0.5617448732170187
FL-S01,4,32,8,9.73469387755102,-0.5617448732170187
FL-S01,4,33,7,9.73469387755102,-0.8855742707185943
FL-S01,4,34,11,9.73469387755102,0.40974331928770785
FL-S01,4,35,12,9.73469387755102,0.7335727167892834
FL-S01,4,36,5,9.73469387755102,-1.5332330657217454
FL-S01,4,37,5,9.73469387755102,-1.5332330657217454
FL-S01,4,38,11,9.73469387755102,0.40974331928770785
FL-S01,4,39,4,9.73469387755102,-1.8570624632233208
FL-S01,4,40,6,9.73469387755102,-1.2094036682201699
FL-S01,4,41,5,9.73469387755102,-1.5332330657217454
FL-S01,4,42,14,9.73469387755102,1.3812315117924345
FL-S01,4,43,10,9.73469387755102,0.0859139217861323
FL-S01,4,44,9,9.73469387755102,-0.23791547571544322
FL-S01,4,45,15,9.73469387755102,1.7050609092940099
FL-S01,4,46,10,9.73469387755102,0.0859139217861323
FL-S01,4,47,18,9.73469387755102,2.6765491017987366
FL-S01,4,48,7,9.73469387755102,-0.8855742707185943
FL-S01,4,49,5,9.73469387755102,-1.5332330657217454
FL-S01,5,1,8,9.73469387755102,-0.5617448732170187
FL-S01,5,2,10,9.73469387755102,0.0859139217861323
FL-S01,5,3,10,9.73469387755102,0.0859139217861323
FL-S01,5,4,11,9.73469387755102,0.40974331928770785
FL-S01,5,5,10,9.73469387755102,0.0859139217861323
FL-S01,5,6,10,9.73469387755102,0.0859139217861323
FL-S01,5,7,8,9.73469387755102,-0.5617448732170187
FL-S01,5,8,14,9.73469387755102,1.3812315117924345
FL-S01,5,9,6,9.73469387755102,-1.2094036682201699
FL-S01,5,10,10,9.73469387755102,0.0859139217861323
FL-S01,5,11,8,9.73469387755102,-0.5617448732170187
FL-S01,5,12,20,9.73469387755102,3.3242078968018878
FL-S01,5,13,11,9.73469387755102,0.40974331928770785
FL-S01,5,14,14,9.73469387755102,1.3812315117924345
FL-S01,5,15,7,9.73469387755102,-0.8855742707185943
FL-S01,5,16,9,9.73469387755102,-0.23791547571544322
FL-S01,5,17,7,9.73469387755102,-0.8855742707185943
FL-S01,5,18,5,9.73469387755102,-1.5332330657217454
FL-S01,5,19,16,9.73469387755102,2.0288903067955855
FL-S01,5,20,11,9.73469387755102,0.40974331928770785
FL-S01,5,21,9,9.73469387755102,-0.23791547571544322
FL-S01,5,22,9,9.73469387755102,-0.23791547571544322
FL-S01,5,23,8,9.73469387755102,-0.5617448732170187
FL-S01,5,24,8,9.73469387755102,-0.5617448732170187
FL-S01,5,25,9,9.73469387755102,-0.23791547571544322
FL-S01,5,26,7,9.73469387755102,-0.8855742707185943
FL-S01,5,27,11,9.73469387755102,0.40974331928770785
FL-S01,5,28,17,9.73469387755102,2.352719704297161
FL-S01,5,29,13,9.73469387755102,1.057402114290859
FL-S01,5,30,13,9.73469387755102,1.057402114290859
FL-S01,5,31,7,9.73469387755102,-0.8855742707185943
FL-S01,5,32,7,9.73469387755102,-0.8855742707185943
FL-S01,5,33,3,9.73469387755102,-2.1808918607248966
FL-S01,5,34,8,9.73469387755102,-0.5617448732170187
FL-S01,5,35,7,9.73469387755102,-0.8855742707185943
FL-S01,5,36,11,9.73469387755102,0.40974331928770785
FL-S01,5,37,10,9.73469387755102,0.0859139217861323
FL-S01,5,38,7,9.73469387755102,-0.8855742707185943
FL-S01,5,39,8,9.73469387755102,-0.5617448732170187
FL-S01,5,40,15,9.73469387755102,1.7050609092940099
FL-S01,5,41,13,9.73469387755102,1.057402114290859
FL-S01,5,42,10,9.73469387755102,0.0859139217861323
FL-S01,5,43,9,9.73469387755102,-0.23791547571544322
FL-S01,5,44,10,9.73469387755102,0.0859139217861323
FL-S01,5,45,7,9.73469387755102,-0.8855742707185943
FL-S01,5,46,8,9.73469387755102,-0.5617448732170187
FL-S01,5,47,11,9.73469387755102,0.40974331928770785
FL-S01,5,48,8,9.73469387755102,-0.5617448732170187
FL-S01,5,49,9,9.73469387755102,-0.23791547571544322
FL-S01,6,1,8,9.73469387755102,-0.5617448732170187
FL-S01,6,2,8,9.73469387755102,-0.5617448732170187
FL-S01,6,3,13,9.73469387755102,1.057402114290859
FL-S01,6,4,4,9.73469387755102,-1.8570624632233208
FL-S01,6,5,14,9.73469387755102,1.3812315117924345
FL-S01,6,6,10,9.73469387755102,0.0859139217861323
FL-S01,6,7,6,9.73469387755102,-1.2094036682201699
FL-S01,6,8,9,9.73469387755102,-0.23791547571544322
FL-S01,6,9,12,9.73469387755102,0.7335727167892834
FL-S01,6,10,11,9.73469387755102,0.40974331928770785
FL-S01,6,11,7,9.73469387755102,-0.8855742707185943
FL-S01,6,12,4,9.73469387755102,-1.8570624632233208
FL-S01,6,13,8,9.73469387755102,-0.5617448732170187
FL-S01,6,14,7,9.73469387755102,-0.8855742707185943
FL-S01,6,15,16,9.73469387755102,2.0288903067955855
FL-S01,6,16,6,9.73469387755102,-1.2094036682201699
FL-S01,6,17,11,9.73469387755102,0.40974331928770785
FL-S01,6,18,11,9.73469387755102,0.40974331928770785
FL-S01,6,19,6,9.73469387755102,-1.2094036682201699
FL-S01,6,20,11,9.73469387755102,0.40974331928770785
FL-S01,6,21,12,9.73469387755102,0.7335727167892834
FL-S01,6,22,13,9.73469387755102,1.057402114290859
FL-S01,6,23,9,9.73469387755102,-0.23791547571544322
FL-S01,6,24,9,9.73469387755102,-0.23791547571544322
FL-S01,6,25,8,9.73469387755102,-0.5617448732170187
FL-S01,6,26,9,9.73469387755102,-0.23791547571544322
FL-S01,6,27,13,9.73469387755102,1.057402114290859
FL-S01,6,28,13,9.73469387755102,1.057402114290859
FL-S01,6,29,12,9.73469387755102,0.7335727167892834
FL-S01,6,30,12,9.73469387755102,0.7335727167892834
FL-S01,6,31,7,9.73469387755102,-0.8855742707185943
FL-S01,6,32,8,9.73469387755102,-0.5617448732170187
FL-S01,6,33,6,9.73469387755102,-1.2094036682201699
FL-S01,6,34,13,9.73469387755102,1.057402114290859
FL-S01,6,35,11,9.73469387755102,0.40974331928770785
FL-S01,6,36,7,9.73469387755102,-0.8855742707185943
FL-S01,6,37,6,9.73469387755102,-1.2094036682201699
FL-S01,6,38,5,9.73469387755102,-1.5332330657217454
FL-S01,6,39,12,9.73469387755102,0.7335727167892834
FL-S01,6,40,8,9.73469387755102,-0.5617448732170187
FL-S01,6,41,9,9.73469387755102,-0.23791547571544322
FL-S01,6,42,13,9.73469387755102,1.057402114290859
FL-S01,6,43,8,9.73469387755102,-0.5617448732170187
FL-S01,6,44,13,9.73469387755102,1.057402114290859
FL-S01,6,45,5,9.73469387755102,-1.5332330657217454
FL-S01,6,46,10,9.73469387755102,0.0859139217861323
FL-S01,6,47,13,9.73469387755102,1.057402114290859
FL-S01,6,48,19,9.73469387755102,3.000378499300312
FL-S01,6,49,12,9.73469387755102,0.7335727167892834
FL-S02,1,1,6,10.30188679245283,-1.3531216842829599
FL-S02,1,2,9,10.30188679245283,-0.40949735182247465
FL-S02,1,3,8,10.30188679245283,-0.7240387959759698
FL-S02,1,4,17,10.30188679245283,2.1068342014054857
FL-S02,1,5,9,10.30188679245283,-0.40949735182247465
FL-S02,1,6,8,10.30188679245283,-0.7240387959759698
FL-S02,1,7,10,10.30188679245283,-0.09495590766897961
FL-S02,1,8,6,10.30188679245283,-1.3531216842829599
FL-S02,1,9,11,10.30188679245283,0.21958553648451543
FL-S02,1,10,14,10.30188679245283,1.1632098689450006
FL-S02,1,11,13,10.30188679245283,0.8486684247915055
FL-S02,1,12,13,10.30188679245283,0.8486684247915055
FL-S02,1,13,3,10.30188679245283,-2.296746016743445
FL-S02,1,14,9,10.30188679245283,-0.40949735182247465
FL-S02,1,15,18,10.30188679245283,2.4213756455589808
FL-S02,1,16,9,10.30188679245283,-0.40949735182247465
FL-S02,1,17,11,10.30188679245283,0.21958553648451543
FL-S02,1,18,12,10.30188679245283,0.5341269806380105
FL-S02,1,19,12,10.30188679245283,0.5341269806380105
FL-S02,1,20,7,10.30188679245283,-1.0385802401294648
FL-S02,1,21,12,10.30188679245283,0.5341269806380105
FL-S02,1,22,14,10.30188679245283,1.1632098689450006
FL-S02,1,23,6,10.30188679245283,-1.3531216842829599
FL-S02,1,24,13,10.30188679245283,0.8486684247915055
FL-S02,1,25,9,10.30188679245283,-0.40949735182247465
FL-S02,1,26,12,10.30188679245283,0.5341269806380105
FL-S02,1,27,11,10.30188679245283,0.21958553648451543
FL-S02,1,28,13,10.30188679245283,0.8486684247915055
FL-S02,1,29,12,10.30188679245283,0.5341269806380105
FL-S02,1,30,11,10.30188679245283,0.21958553648451543
FL-S02,1,31,7,10.30188679245283,-1.0385802401294648
FL-S02,1,32,3,10.30188679245283,-2.296746016743445
FL-S02,1,33,4,10.30188679245283,-1.98220457258995
FL-S02,1,34,7,10.30188679245283,-1.0385802401294648
FL-S02,1,35,7,10.30188679245283,-1.0385802401294648
FL-S02,1,36,11,10.30188679245283,0.21958553648451543
FL-S02,1,37,8,10.30188679245283,-0.7240387959759698
FL-S02,1,38,14,10.30188679245283,1.1632098689450006
FL-S02,1,39,9,10.30188679245283,-0.40949735182247465
FL-S02,1,40,7,10.30188679245283,-1.0385802401294648
FL-S02,1,41,11,10.30188679245283,0.21958553648451543
FL-S02,1,42,6,10.30188679245283,-1.3531216842829599
FL-S02,1,43,11,10.30188679245283,0.21958553648451543
FL-S02,1,44,18,10.30188679245283,2.4213756455589808
FL-S02,1,45,16,10.30188679245283,1.7922927572519907
FL-S02,1,46,11,10.30188679245283,0.21958553648451543
FL-S02,1,47,16,10.30188679245283,1.7922927572519907
FL-S02,1,48,10,10.30188679245283,-0.09495590766897961
FL-S02,1,49,12,10.30188679245283,0.5341269806380105
FL-S02,1,50,10,10.30188679245283,-0.09495590766897961
FL-S02,1,51,16,10.30188679245283,1.7922927572519907
FL-S02,1,52,7,10.30188679245283,-1.0385802401294648
FL-S02,1,53,7,10.30188679245283,-1.0385802401294648
FL-S02,2,1,5,10.30188679245283,-1.667663128436455
FL-S02,2,2,7,10.30188679245283,-1.0385802401294648
FL-S02,2,3,13,10.30188679245283,0.8486684247915055
FL-S02,2,4,16,10.30188679245283,1.7922927572519907
FL-S02,2,5,13,10.30188679245283,0.8486684247915055
FL-S02,2,6,9,10.30188679245283,-0.40949735182247465
FL-S02,2,7,11,10.30188679245283,0.21958553648451543
FL-S02,2,8,14,10.30188679245283,1.1632098689450006
FL-S02,2,9,13,10.30188679245283,0.8486684247915055
FL-S02,2,10,9,10.30188679245283,-0.40949735182247465
FL-S02,2,11,8,10.30188679245283,-0.7240387959759698
FL-S02,2,12,11,10.30188679245283,0.21958553648451543
FL-S02,2,13,15,10.30188679245283,1.4777513130984956
FL-S02,2,14,15,10.30188679245283,1.4777513130984956
FL-S02,2,15,7,10.30188679245283,-1.0385802401294648
FL-S02,2,16,13,10.30188679245283,0.8486684247915055
FL-S02,2,17,10,10.30188679245283,-0.09495590766897961
FL-S02,2,18,11,10.30188679245283,0.21958553648451543
FL-S02,2,19,3,10.30188679245283,-2.296746016743445
FL-S02,2,20,14,10.30188679245283,1.1632098689450006
FL-S02,2,21,13,10.30188679245283,0.8486684247915055
FL-S02,2,22,5,10.30188679245283,-1.667663128436455
FL-S02,2,23,7,10.30188679245283,-1.0385802401294648
FL-S02,2,24,12,10.30188679245283,0.5341269806380105
FL-S02,2,25,14,10.30188679245283,1.1632098689450006
FL-S02,2,26,10,10.30188679245283,-0.09495590766897961
FL-S02,2,27,4,10.30188679245283,-1.98220457258995
FL-S02,2,28,17,10.30188679245283,2.1068342014054857
FL-S02,2,29,8,10.30188679245283,-0.7240387959759698
FL-S02,2,30,12,10.30188679245283,0.5341269806380105
FL-S02,2,31,15,10.30188679245283,1.4777513130984956
FL-S02,2,32,6,10.30188679245283,-1.3531216842829599
FL-S02,2,33,9,10.30188679245283,-0.40949735182247465
FL-S02,2,34,7,10.30188679245283,-1.0385802401294648
FL-S02,2,35,10,10.30188679245283,-0.09495590766897961
FL-S02,2,36,7,10.30188679245283,-1.0385802401294648
FL-S02,2,37,9,10.30188679245283,-0.40949735182247465
FL-S02,2,38,12,10.30188679245283,0.5341269806380105
FL-S02,2,39,9,10.30188679245283,-0.40949735182247465
FL-S02,2,40,7,10.30188679245283,-1.0385802401294648
FL-S02,2,41,7,10.30188679245283,-1.0385802401294648
FL-S02,2,42,16,10.30188679245283,1.7922927572519907
FL-S02,2,43,7,10.30188679245283,-1.0385802401294648
FL-S02,2,44,5,10.30188679245283,-1.667663128436455
FL-S02,2,45,4,10.30188679245283,-1.98220457258995
FL-S02,2,46,18,10.30188679245283,2.4213756455589808
FL-S02,2,47,16,10.30188679245283,1.7922927572519907
FL-S02,2,48,14,10.30188679245283,1.1632098689450006
FL-S02,2,49,7,10.30188679245283,-1.0385802401294648
FL-S02,2,50,17,10.30188679245283,2.1068342014054857
FL-S02,2,51,6,10.30188679245283,-1.3531216842829599
FL-S02,2,52,11,10.30188679245283,0.21958553648451543
FL-S02,2,53,8,10.30188679245283,-0.7240387959759698
FL-S02,3,1,13,10.30188679245283,0.8486684247915055
FL-S02,3,2,12,10.30188679245283,0.5341269806380105
FL-S02,3,3,12,10.30188679245283,0.5341269806380105
FL-S02,3,4,5,10.30188679245283,-1.667663128436455
FL-S02,3,5,6,10.30188679245283,-1.3531216842829599
FL-S02,3,6,12,10.30188679245283,0.5341269806380105
FL-S02,3,7,14,10.30188679245283,1.1632098689450006
FL-S02,3,8,10,10.30188679245283,-0.09495590766897961
FL-S02,3,9,8,10.30188679245283,-0.7240387959759698
FL-S02,3,10,12,10.30188679245283,0.5341269806380105
FL-S02,3,11,10,10.30188679245283,-0.09495590766897961
FL-S02,3,12,4,10.30188679245283,-1.98220457258995
FL-S02,3,13,8,10.30188679245283,-0.7240387959759698
FL-S02,3,14,14,10.30188679245283,1.1632098689450006
FL-S02,3,15,7,10.30188679245283,-1.0385802401294648
FL-S02,3,16,14,10.30188679245283,1.1632098689450006
FL-S02,3,17,10,10.30188679245283,-0.09495590766897961
FL-S02,3,18,12,10.30188679245283,0.5341269806380105
FL-S02,3,19,12,10.30188679245283,0.5341269806380105
FL-S02,3,20,9,10.30188679245283,-0.40949735182247465
FL-S02,3,21,8,10.30188679245283,-0.7240387959759698
FL-S02,3,22,9,10.30188679245283,-0.40949735182247465
FL-S02,3,23,5,10.30188679245283,-1.667663128436455
FL-S02,3,24,9,10.30188679245283,-0.40949735182247465
FL-S02,3,25,10,10.30188679245283,-0.09495590766897961
FL-S02,3,26,10,10.30188679245283,-0.09495590766897961
FL-S02,3,27,13,10.30188679245283,0.8486684247915055
FL-S02,3,28,9,10.30188679245283,-0.40949735182247465
FL-S02,3,29,9,10.30188679245283,-0.40949735182247465
FL-S02,3,30,13,10.30188679245283,0.8486684247915055
FL-S02,3,31,8,10.30188679245283,-0.7240387959759698
FL-S02,3,32,13,10.30188679245283,0.8486684247915055
FL-S02,3,33,6,10.30188679245283,-1.3531216842829599
FL-S02,3,34,9,10.30188679245283,-0.40949735182247465
FL-S02,3,35,11,10.30188679245283,0.21958553648451543
FL-S02,3,36,9,10.30188679245283,-0.40949735182247465
FL-S02,3,37,15,10.30188679245283,1.4777513130984956
FL-S02,3,38,13,10.30188679245283,0.8486684247915055
FL-S02,3,39,13,10.30188679245283,0.8486684247915055
FL-S02,3,40,12,10.30188679245283,0.5341269806380105
FL-S02,3,41,9,10.30188679245283,-0.40949735182247465
FL-S02,3,42,13,10.30188679245283,0.8486684247915055
FL-S02,3,43,12,10.30188679245283,0.5341269806380105
FL-S02,3,44,13,10.30188679245283,0.8486684247915055
FL-S02,3,45,14,10.30188679245283,1.1632098689450006
FL-S02,3,46,3,10.30188679245283,-2.296746016743445
FL-S02,3,47,9,10.30188679245283,-0.40949735182247465
FL-S02,3,48,8,10.30188679245283,-0.7240387959759698
FL-S02,3,49,10,10.30188679245283,-0.09495590766897961
FL-S02,3,50,12,10.30188679245283,0.5341269806380105
FL-S02,3,51,8,10.30188679245283,-0.7240387959759698
FL-S02,3,52,17,10.30188679245283,2.1068342014054857
FL-S02,3,53,10,10.30188679245283,-0.09495590766897961
FL-S02,4,1,14,10.30188679245283,1.1632098689450006
FL-S02,4,2,7,10.30188679245283,-1.0385802401294648
FL-S02,4,3,7,10.30188679245283,-1.0385802401294648
FL-S02,4,4,15,10.30188679245283,1.4777513130984956
FL-S02,4,5,11,10.30188679245283,0.21958553648451543
FL-S02,4,6,11,10.30188679245283,0.21958553648451543
FL-S02,4,7,15,10.30188679245283,1.4777513130984956
FL-S02,4,8,15,10.30188679245283,1.4777513130984956
FL-S02,4,9,5,10.30188679245283,-1.667663128436455
FL-S02,4,10,11,10.30188679245283,0.21958553648451543
FL-S02,4,11,11,10.30188679245283,0.21958553648451543
FL-S02,4,12,13,10.30188679245283,0.8486684247915055
FL-S02,4,13,10,10.30188679245283,-0.09495590766897961
FL-S02,4,14,5,10.30188679245283,-1.667663128436455
FL-S02,4,15,12,10.30188679245283,0.5341269806380105
FL-S02,4,16,7,10.30188679245283,-1.0385802401294648
FL-S02,4,17,13,10.30188679245283,0.8486684247915055
FL-S02,4,18,13,10.30188679245283,0.8486684247915055
FL-S02,4,19,8,10.30188679245283,-0.7240387959759698
FL-S02,4,20,10,10.30188679245283,-0.09495590766897961
FL-S02,4,21,14,10.30188679245283,1.1632098689450006
FL-S02,4,22,5,10.30188679245283,-1.667663128436455
FL-S02,4,23,13,10.30188679245283,0.8486684247915055
FL-S02,4,24,4,10.30188679245283,-1.98220457258995
FL-S02,4,25,13,10.30188679245283,0.8486684247915055
FL-S02,4,26,13,10.30188679245283,0.8486684247915055
FL-S02,4,27,14,10.30188679245283,1.1632098689450006
FL-S02,4,28,12,10.30188679245283,0.5341269806380105
FL-S02,4,29,7,10.30188679245283,-1.0385802401294648
FL-S02,4,30,11,10.30188679245283,0.21958553648451543
FL-S02,4,31,8,10.30188679245283,-0.7240387959759698
FL-S02,4,32,10,10.30188679245283,-0.09495590766897961
FL-S02,4,33,8,10.30188679245283,-0.7240387959759698
FL-S02,4,34,6,10.30188679245283,-1.3531216842829599
FL-S02,4,35,19,10.30188679245283,2.735917089712476
FL-S02,4,36,14,10.30188679245283,1.1632098689450006
FL-S02,4,37,8,10.30188679245283,-0.7240387959759698
FL-S02,4,38,10,10.30188679245283,-0.09495590766897961
FL-S02,4,39,5,10.30188679245283,-1.667663128436455
FL-S02,4,40,12,10.30188679245283,0.5341269806380105
FL-S02,4,41,12,10.30188679245283,0.5341269806380105
FL-S02,4,42,10,10.30188679245283,-0.09495590766897961
FL-S02,4,43,14,10.30188679245283,1.1632098689450006
FL-S02,4,44,11,10.30188679245283,0.21958553648451543
FL-S02,4,45,6,10.30188679245283,-1.3531216842829599
FL-S02,4,46,9,10.30188679245283,-0.40949735182247465
FL-S02,4,47,3,10.30188679245283,-2.296746016743445
FL-S02,4,48,15,10.30188679245283,1.4777513130984956
FL-S02,4,49,10,10.30188679245283,-0.09495590766897961
FL-S02,4,50,6,10.30188679245283,-1.3531216842829599
FL-S02,4,51,11,10.30188679245283,0.21958553648451543
FL-S02,4,52,10,10.30188679245283,-0.09495590766897961
FL-S02,4,53,10,10.30188679245283,-0.09495590766897961
FL-S02,5,1,9,10.30188679245283,-0.40949735182247465
FL-S02,5,2,13,10.30188679245283,0.8486684247915055
FL-S02,5,3,13,10.30188679245283,0.8486684247915055
FL-S02,5,4,7,10.30188679245283,-1.0385802401294648
FL-S02,5,5,12,10.30188679245283,0.5341269806380105
FL-S02,5,6,11,10.30188679245283,0.21958553648451543
FL-S02,5,7,4,10.30188679245283,-1.98220457258995
FL-S02,5,8,9,10.30188679245283,-0.40949735182247465
FL-S02,5,9,6,10.30188679245283,-1.3531216842829599
FL-S02,5,10,9,10.30188679245283,-0.40949735182247465
FL-S02,5,11,11,10.30188679245283,0.21958553648451543
FL-S02,5,12,14,10.30188679245283,1.1632098689450006
FL-S02,5,13,15,10.30188679245283,1.4777513130984956
FL-S02,5,14,5,10.30188679245283,-1.667663128436455
FL-S02,5,15,16,10.30188679245283,1.7922927572519907
FL-S02,5,16,11,10.30188679245283,0.21958553648451543
FL-S02,5,17,14,10.30188679245283,1.1632098689450006
FL-S02,5,18,9,10.30188679245283,-0.40949735182247465
FL-S02,5,19,7,10.30188679245283,-1.0385802401294648
FL-S02,5,20,8,10.30188679245283,-0.7240387959759698
FL-S02,5,21,7,10.30188679245283,-1.0385802401294648
FL-S02,5,22,10,10.30188679245283,-0.09495590766897961
FL-S02,5,23,10,10.30188679245283,-0.09495590766897961
FL-S02,5,24,7,10.30188679245283,-1.0385802401294648
FL-S02,5,25,9,10.30188679245283,-0.40949735182247465
FL-S02,5,26,13,10.30188679245283,0.8486684247915055
FL-S02,5,27,7,10.30188679245283,-1.0385802401294648
FL-S02,5,28,12,10.30188679245283,0.5341269806380105
FL-S02,5,29,9,10.30188679245283,-0.40949735182247465
FL-S02,5,30,15,10.30188679245283,1.4777513130984956
FL-S02,5,31,12,10.30188679245283,0.5341269806380105
FL-S02,5,32,16,10.30188679245283,1.7922927572519907
FL-S02,5,33,15,10.30188679245283,1.4777513130984956
FL-S02,5,34,11,10.30188679245283,0.21958553648451543
FL-S02,5,35,10,10.30188679245283,-0.09495590766897961
FL-S02,5,36,14,10.30188679245283,1.1632098689450006
FL-S02,5,37,8,10.30188679245283,-0.7240387959759698
FL-S02,5,38,15,10.30188679245283,1.4777513130984956
FL-S02,5,39,13,10.30188679245283,0.8486684247915055
FL-S02,5,40,9,10.30188679245283,-0.40949735182247465
FL-S02,5,41,14,10.30188679245283,1.1632098689450006
FL-S02,5,42,12,10.30188679245283,0.5341269806380105
FL-S02,5,43,9,10.30188679245283,-0.40949735182247465
FL-S02,5,44,6,10.30188679245283,-1.3531216842829599
FL-S02,5,45,9,10.30188679245283,-0.40949735182247465
FL-S02,5,46,6,10.30188679245283,-1.3531216842829599
FL-S02,5,47,9,10.30188679245283,-0.40949735182247465
FL-S02,5,48,5,10.30188679245283,-1.667663128436455
FL-S02,5,49,9,10.30188679245283,-0.40949735182247465
FL-S02,5,50,13,10.30188679245283,0.8486684247915055
FL-S02,5,51,11,10.30188679245283,0.21958553648451543
FL-S02,5,52,13,10.30188679245283,0.8486684247915055
FL-S02,5,53,5,10.30188679245283,-1.667663128436455
FL-S02,6,1,14,10.30188679245283,1.1632098689450006
FL-S02,6,2,8,10.30188679245283,-0.7240387959759698
FL-S02,6,3,10,10.30188679245283,-0.09495590766897961
FL-S02,6,4,11,10.30188679245283,0.21958553648451543
FL-S02,6,5,3,10.30188679245283,-2.296746016743445
FL-S02,6,6,5,10.30188679245283,-1.667663128436455
FL-S02,6,7,7,10.30188679245283,-1.0385802401294648
FL-S02,6,8,9,10.30188679245283,-0.40949735182247465
FL-S02,6,9,10,10.30188679245283,-0.09495590766897961
FL-S02,6,10,9,10.30188679245283,-0.40949735182247465
FL-S02,6,11,7,10.30188679245283,-1.0385802401294648
FL-S02,6,12,11,10.30188679245283,0.21958553648451543
FL-S02,6,13,13,10.30188679245283,0.8486684247915055
FL-S02,6,14,6,10.30188679245283,-1.3531216842829599
FL-S02,6,15,12,10.30188679245283,0.5341269806380105
FL-S02,6,16,11,10.30188679245283,0.21958553648451543
FL-S02,6,17,12,10.30188679245283,0.5341269806380105
FL-S02,6,18,12,10.30188679245283,0.5341269806380105
FL-S02,6,19,7,10.30188679245283,-1.0385802401294648
FL-S02,6,20,11,10.30188679245283,0.21958553648451543
FL-S02,6,21,12,10.30188679245283,0.5341269806380105
FL-S02,6,22,11,10.30188679245283,0.21958553648451543
FL-S02,6,23,13,10.30188679245283,0.8486684247915055
FL-S02,6,24,10,10.30188679245283,-0.09495590766897961
FL-S02,6,25,12,10.30188679245283,0.5341269806380105
FL-S02,6,26,12,10.30188679245283,0.5341269806380105
FL-S02,6,27,17,10.30188679245283,2.1068342014054857
FL-S02,6,28,21,10.30188679245283,3.364999978019466
FL-S02,6,29,7,10.30188679245283,-1.0385802401294648
FL-S02,6,30,9,10.30188679245283,-0.40949735182247465
FL-S02,6,31,9,10.30188679245283,-0.40949735182247465
FL-S02,6,32,14,10.30188679245283,1.1632098689450006
FL-S02,6,33,10,10.30188679245283,-0.09495590766897961
FL-S02,6,34,12,10.30188679245283,0.5341269806380105
FL-S02,6,35,8,10.30188679245283,-0.7240387959759698
FL-S02,6,36,9,10.30188679245283,-0.40949735182247465
FL-S02,6,37,15,10.30188679245283,1.4777513130984956
FL-S02,6,38,11,10.30188679245283,0.21958553648451543
FL-S02,6,39,7,10.30188679245283,-1.0385802401294648
FL-S02,6,40,13,10.30188679245283,0.8486684247915055
FL-S02,6,41,6,10.30188679245283,-1.3531216842829599
FL-S02,6,42,10,10.30188679245283,-0.09495590766897961
FL-S02,6,43,12,10.30188679245283,0.5341269806380105
FL-S02,6,44,7,10.30188679245283,-1.0385802401294648
FL-S02,6,45,6,10.30188679245283,-1.3531216842829599
FL-S02,6,46,10,10.30188679245283,-0.09495590766897961
FL-S02,6,47,13,10.30188679245283,0.8486684247915055
FL-S02,6,48,9,10.30188679245283,-0.40949735182247465
FL-S02,6,49,11,10.30188679245283,0.21958553648451543
FL-S02,6,50,12,10.30188679245283,0.5341269806380105
FL-S02,6,51,5,10.30188679245283,-1.667663128436455
FL-S02,6,52,13,10.30188679245283,0.8486684247915055
FL-S02,6,53,12,10.30188679245283,0.5341269806380105
MM-S04,1,1,10,12.285714285714286,-0.6580128969221317
MM-S04,1,2,10,12.285714285714286,-0.6580128969221317
MM-S04,1,3,9,12.285714285714286,-0.9458935393255644
MM-S04,1,4,11,12.285714285714286,-0.37013225451869897
MM-S04,1,5,11,12.285714285714286,-0.37013225451869897
MM-S04,1,6,11,12.285714285714286,-0.37013225451869897
MM-S04,1,7,10,12.285714285714286,-0.6580128969221317
MM-S04,1,8,13,12.285714285714286,0.20562903028816654
MM-S04,1,9,10,12.285714285714286,-0.6580128969221317
MM-S04,1,10,15,12.285714285714286,0.781390315095032
MM-S04,1,11,16,12.285714285714286,1.0692709574984647
MM-S04,1,12,17,12.285714285714286,1.3571515999018975
MM-S04,1,13,14,12.285714285714286,0.4935096726915993
MM-S04,1,14,15,12.285714285714286,0.781390315095032
MM-S04,1,15,16,12.285714285714286,1.0692709574984647
MM-S04,1,16,10,12.285714285714286,-0.6580128969221317
MM-S04,1,17,11,12.285714285714286,-0.37013225451869897
MM-S04,1,18,8,12.285714285714286,-1.233774181728997
MM-S04,1,19,12,12.285714285714286,-0.0822516121152662
MM-S04,1,20,13,12.285714285714286,0.20562903028816654
MM-S04,1,21,10,12.285714285714286,-0.6580128969221317
MM-S04,1,22,10,12.285714285714286,-0.6580128969221317
MM-S04,1,23,12,12.285714285714286,-0.0822516121152662
MM-S04,1,24,7,12.285714285714286,-1.52165482413243
MM-S04,1,25,13,12.285714285714286,0.20562903028816654
MM-S04,1,26,9,12.285714285714286,-0.9458935393255644
MM-S04,1,27,10,12.285714285714286,-0.6580128969221317
MM-S04,1,28,19,12.285714285714286,1.932912884708763
MM-S04,1,29,7,12.285714285714286,-1.52165482413243
MM-S04,1,30,8,12.285714285714286,-1.233774181728997
MM-S04,1,31,11,12.285714285714286,-0.37013225451869897
MM-S04,1,32,10,12.285714285714286,-0.6580128969221317
MM-S04,1,33,10,12.285714285714286,-0.6580128969221317
MM-S04,1,34,8,12.285714285714286,-1.233774181728997
MM-S04,1,35,8,12.285714285714286,-1.233774181728997
MM-S04,1,36,12,12.285714285714286,-0.0822516121152662
MM-S04,1,37,13,12.285714285714286,0.20562903028816654
MM-S04,1,38,15,12.285714285714286,0.781390315095032
MM-S04,1,39,13,12.285714285714286,0.20562903028816654
MM-S04,1,40,19,12.285714285714286,1.932912884708763
MM-S04,1,41,8,12.285714285714286,-1.233774181728997
MM-S04,1,42,15,12.285714285714286,0.781390315095032
MM-S04,1,43,9,12.285714285714286,-0.9458935393255644
MM-S04,1,44,16,12.285714285714286,1.0692709574984647
MM-S04,1,45,13,12.285714285714286,0.20562903028816654
MM-S04,1,46,15,12.285714285714286,0.781390315095032
MM-S04,1,47,14,12.285714285714286,0.4935096726915993
MM-S04,1,48,19,12.285714285714286,1.932912884708763
MM-S04,1,49,9,12.285714285714286,-0.9458935393255644
MM-S04,1,50,8,12.285714285714286,-1.233774181728997
MM-S04,1,51,13,12.285714285714286,0.20562903028816654
MM-S04,1,52,16,12.285714285714286,1.0692709574984647
MM-S04,1,53,20,12.285714285714286,2.2207935271121957
MM-S04,1,54,19,12.285714285714286,1.932912884708763
MM-S04,1,55,14,12.285714285714286,0.4935096726915993
MM-S04,1,56,14,12.285714285714286,0.4935096726915993
MM-S04,2,1,12,12.285714285714286,-0.0822516121152662
MM-S04,2,2,19,12.285714285714286,1.932912884708763
MM-S04,2,3,13,12.285714285714286,0.20562903028816654
MM-S04,2,4,15,12.285714285714286,0.781390315095032
MM-S04,2,5,9,12.285714285714286,-0.9458935393255644
MM-S04,2,6,11,12.285714285714286,-0.37013225451869897
MM-S04,2,7,14,12.285714285714286,0.4935096726915993
MM-S04,2,8,8,12.285714285714286,-1.233774181728997
MM-S04,2,9,18,12.285714285714286,1.6450322423053303
MM-S04,2,10,8,12.285714285714286,-1.233774181728997
MM-S04,2,11,9,12.285714285714286,-0.9458935393255644
MM-S04,2,12,14,12.285714285714286,0.4935096726915993
MM-S04,2,13,9,12.285714285714286,-0.9458935393255644
MM-S04,2,14,14,12.285714285714286,0.4935096726915993
MM-S04,2,15,8,12.285714285714286,-1.233774181728997
MM-S04,2,16,11,12.285714285714286,-0.37013225451869897
MM-S04,2,17,13,12.285714285714286,0.20562903028816654
MM-S04,2,18,14,12.285714285714286,0.4935096726915993
MM-S04,2,19,15,12.285714285714286,0.781390315095032
MM-S04,2,20,6,12.285714285714286,-1.8095354665358627
MM-S04,2,21,14,12.285714285714286,0.4935096726915993
MM-S04,2,22,17,12.285714285714286,1.3571515999018975
MM-S04,2,23,7,12.285714285714286,-1.52165482413243
MM-S04,2,24,14,12.285714285714286,0.4935096726915993
MM-S04,2,25,11,12.285714285714286,-0.37013225451869897
MM-S04,2,26,6,12.285714285714286,-1.8095354665358627
MM-S04,2,27,17,12.285714285714286,1.3571515999018975
MM-S04,2,28,11,12.285714285714286,-0.37013225451869897
MM-S04,2,29,19,12.285714285714286,1.932912884708763
MM-S04,2,30,13,12.285714285714286,0.20562903028816654
MM-S04,2,31,10,12.285714285714286,-0.6580128969221317
MM-S04,2,32,13,12.285714285714286,0.20562903028816654
MM-S04,2,33,10,12.285714285714286,-0.6580128969221317
MM-S04,2,34,10,12.285714285714286,-0.6580128969221317
MM-S04,2,35,17,12.285714285714286,1.3571515999018975
MM-S04,2,36,10,12.285714285714286,-0.6580128969221317
MM-S04,2,37,11,12.285714285714286,-0.37013225451869897
MM-S04,2,38,15,12.285714285714286,0.781390315095032
MM-S04,2,39,14,12.285714285714286,0.4935096726915993
MM-S04,2,40,10,12.285714285714286,-0.6580128969221317
MM-S04,2,41,12,12.285714285714286,-0.0822516121152662
MM-S04,2,42,7,12.285714285714286,-1.52165482413243
MM-S04,2,43,14,12.285714285714286,0.4935096726915993
MM-S04,2,44,8,12.285714285714286,-1.233774181728997
MM-S04,2,45,10,12.285714285714286,-0.6580128969221317
MM-S04,2,46,15,12.285714285714286,0.781390315095032
MM-S04,2,47,10,12.285714285714286,-0.6580128969221317
MM-S04,2,48,15,12.285714285714286,0.781390315095032
MM-S04,2,49,14,12.285714285714286,0.4935096726915993
MM-S04,2,50,15,12.285714285714286,0.781390315095032
MM-S04,2,51,10,12.285714285714286,-0.6580128969221317
MM-S04,2,52,10,12.285714285714286,-0.6580128969221317
MM-S04,2,53,16,12.285714285714286,1.0692709574984647
MM-S04,2,54,11,12.285714285714286,-0.37013225451869897
MM-S04,2,55,11,12.285714285714286,-0.37013225451869897
MM-S04,2,56,21,12.285714285714286,2.5086741695156287
MM-S04,3,1,13,12.285714285714286,0.20562903028816654
MM-S04,3,2,15,12.285714285714286,0.781390315095032
MM-S04,3,3,5,12.285714285714286,-2.0974161089392953
MM-S04,3,4,13,12.285714285714286,0.20562903028816654
MM-S04,3,5,16,12.285714285714286,1.0692709574984647
MM-S04,3,6,12,12.285714285714286,-0.0822516121152662
MM-S04,3,7,13,12.285714285714286,0.20562903028816654
MM-S04,3,8,9,12.285714285714286,-0.9458935393255644
MM-S04,3,9,15,12.285714285714286,0.781390315095032
MM-S04,3,10,13,12.285714285714286,0.20562903028816654
MM-S04,3,11,11,12.285714285714286,-0.37013225451869897
MM-S04,3,12,16,12.285714285714286,1.0692709574984647
MM-S04,3,13,16,12.285714285714286,1.0692709574984647
MM-S04,3,14,10,12.285714285714286,-0.6580128969221317
MM-S04,3,15,9,12.285714285714286,-0.9458935393255644
MM-S04,3,16,17,12.285714285714286,1.3571515999018975
MM-S04,3,17,14,12.285714285714286,0.4935096726915993
MM-S04,3,18,15,12.285714285714286,0.781390315095032
MM-S04,3,19,10,12.285714285714286,-0.6580128969221317
MM-S04,3,20,15,12.285714285714286,0.781390315095032
MM-S04,3,21,13,12.285714285714286,0.20562903028816654
MM-S04,3,22,10,12.285714285714286,-0.6580128969221317
MM-S04,3,23,16,12.285714285714286,1.0692709574984647
MM-S04,3,24,13,12.285714285714286,0.20562903028816654
MM-S04,3,25,15,12.285714285714286,0.781390315095032
MM-S04,3,26,15,12.285714285714286,0.781390315095032
MM-S04,3,27,13,12.285714285714286,0.20562903028816654
MM-S04,3,28,9,12.285714285714286,-0.9458935393255644
MM-S04,3,29,10,12.285714285714286,-0.6580128969221317
MM-S04,3,30,9,12.285714285714286,-0.9458935393255644
MM-S04,3,31,18,12.285714285714286,1.6450322423053303
MM-S04,3,32,7,12.285714285714286,-1.52165482413243
MM-S04,3,33,7,12.285714285714286,-1.52165482413243
MM-S04,3,34,7,12.285714285714286,-1.52165482413243
MM-S04,3,35,15,12.285714285714286,0.781390315095032
MM-S04,3,36,17,12.285714285714286,1.3571515999018975
MM-S04,3,37,6,12.285714285714286,-1.8095354665358627
MM-S04,3,38,12,12.285714285714286,-0.0822516121152662
MM-S04,3,39,18,12.285714285714286,1.6450322423053303
MM-S04,3,40,6,12.285714285714286,-1.8095354665358627
MM-S04,3,41,8,12.285714285714286,-1.233774181728997
MM-S04,3,42,9,12.285714285714286,-0.9458935393255644
MM-S04,3,43,12,12.285714285714286,-0.0822516121152662
MM-S04,3,44,16,12.285714285714286,1.0692709574984647
MM-S04,3,45,14,12.285714285714286,0.4935096726915993
MM-S04,3,46,15,12.285714285714286,0.781390315095032
MM-S04,3,47,8,12.285714285714286,-1.233774181728997
MM-S04,3,48,13,12.285714285714286,0.20562903028816654
MM-S04,3,49,8,12.285714285714286,-1.233774181728997
MM-S04,3,50,15,12.285714285714286,0.781390315095032
MM-S04,3,51,17,12.285714285714286,1.3571515999018975
MM-S04,3,52,15,12.285714285714286,0.781390315095032
MM-S04,3,53,14,12.285714285714286,0.4935096726915993
MM-S04,3,54,10,12.285714285714286,-0.6580128969221317
MM-S04,3,55,12,12.285714285714286,-0.0822516121152662
MM-S04,3,56,9,12.285714285714286,-0.9458935393255644
MM-S04,4,1,9,12.285714285714286,-0.9458935393255644
MM-S04,4,2,15,12.285714285714286,0.781390315095032
MM-S04,4,3,20,12.285714285714286,2.2207935271121957
MM-S04,4,4,17,12.285714285714286,1.3571515999018975
MM-S04,4,5,16,12.285714285714286,1.0692709574984647
MM-S04,4,6,9,12.285714285714286,-0.9458935393255644
MM-S04,4,7,13,12.285714285714286,0.20562903028816654
MM-S04,4,8,12,12.285714285714286,-0.0822516121152662
MM-S04,4,9,10,12.285714285714286,-0.6580128969221317
MM-S04,4,10,15,12.285714285714286,0.781390315095032
MM-S04,4,11,9,12.285714285714286,-0.9458935393255644
MM-S04,4,12,15,12.285714285714286,0.781390315095032
MM-S04,4,13,9,12.285714285714286,-0.9458935393255644
MM-S04,4,14,17,12.285714285714286,1.3571515999018975
MM-S04,4,15,13,12.285714285714286,0.20562903028816654
MM-S04,4,16,8,12.285714285714286,-1.233774181728997
MM-S04,4,17,8,12.285714285714286,-1.233774181728997
MM-S04,4,18,13,12.285714285714286,0.20562903028816654
MM-S04,4,19,15,12.285714285714286,0.781390315095032
MM-S04,4,20,20,12.285714285714286,2.2207935271121957
MM-S04,4,21,12,12.285714285714286,-0.0822516121152662
MM-S04,4,22,15,12.285714285714286,0.781390315095032
MM-S04,4,23,9,12.285714285714286,-0.9458935393255644
MM-S04,4,24,9,12.285714285714286,-0.9458935393255644
MM-S04,4,25,15,12.285714285714286,0.781390315095032
MM-S04,4,26,17,12.285714285714286,1.3571515999018975
MM-S04,4,27,11,12.285714285714286,-0.37013225451869897
MM-S04,4,28,11,12.285714285714286,-0.37013225451869897
MM-S04,4,29,14,12.285714285714286,0.4935096726915993
MM-S04,4,30,15,12.285714285714286,0.781390315095032
MM-S04,4,31,16,12.285714285714286,1.0692709574984647
MM-S04,4,32,11,12.285714285714286,-0.37013225451869897
MM-S04,4,33,7,12.285714285714286,-1.52165482413243
MM-S04,4,34,12,12.285714285714286,-0.0822516121152662
MM-S04,4,35,12,12.285714285714286,-0.0822516121152662
MM-S04,4,36,16,12.285714285714286,1.0692709574984647
MM-S04,4,37,8,12.285714285714286,-1.233774181728997
MM-S04,4,38,13,12.285714285714286,0.20562903028816654
MM-S04,4,39,12,12.285714285714286,-0.0822516121152662
MM-S04,4,40,16,12.285714285714286,1.0692709574984647
MM-S04,4,41,9,12.285714285714286,-0.9458935393255644
MM-S04,4,42,15,12.285714285714286,0.781390315095032
MM-S04,4,43,18,12.285714285714286,1.6450322423053303
MM-S04,4,44,8,12.285714285714286,-1.233774181728997
MM-S04,4,45,11,12.285714285714286,-0.37013225451869897
MM-S04,4,46,10,12.285714285714286,-0.6580128969221317
MM-S04,4,47,8,12.285714285714286,-1.233774181728997
MM-S04,4,48,16,12.285714285714286,1.0692709574984647
MM-S04,4,49,9,12.285714285714286,-0.9458935393255644
MM-S04,4,50,12,12.285714285714286,-0.0822516121152662
MM-S04,4,51,15,12.285714285714286,0.781390315095032
MM-S04,4,52,14,12.285714285714286,0.4935096726915993
MM-S04,4,53,8,12.285714285714286,-1.233774181728997
MM-S04,4,54,7,12.285714285714286,-1.52165482413243
MM-S04,4,55,6,12.285714285714286,-1.8095354665358627
MM-S04,4,56,8,12.285714285714286,-1.233774181728997
MM-S04,5,1,8,12.285714285714286,-1.233774181728997
MM-S04,5,2,9,12.285714285714286,-0.9458935393255644
MM-S04,5,3,13,12.285714285714286,0.20562903028816654
MM-S04,5,4,10,12.285714285714286,-0.6580128969221317
MM-S04,5,5,16,12.285714285714286,1.0692709574984647
MM-S04,5,6,6,12.285714285714286,-1.8095354665358627
MM-S04,5,7,11,12.285714285714286,-0.37013225451869897
MM-S04,5,8,10,12.285714285714286,-0.6580128969221317
MM-S04,5,9,12,12.285714285714286,-0.0822516121152662
MM-S04,5,10,13,12.285714285714286,0.20562903028816654
MM-S04,5,11,12,12.285714285714286,-0.0822516121152662
MM-S04,5,12,10,12.285714285714286,-0.6580128969221317
MM-S04,5,13,16,12.285714285714286,1.0692709574984647
MM-S04,5,14,13,12.285714285714286,0.20562903028816654
MM-S04,5,15,10,12.285714285714286,-0.6580128969221317
MM-S04,5,16,17,12.285714285714286,1.3571515999018975
MM-S04,5,17,20,12.285714285714286,2.2207935271121957
MM-S04,5,18,12,12.285714285714286,-0.0822516121152662
MM-S04,5,19,7,12.285714285714286,-1.52165482413243
MM-S04,5,20,13,12.285714285714286,0.20562903028816654
MM-S04,5,21,11,12.285714285714286,-0.37013225451869897
MM-S04,5,22,11,12.285714285714286,-0.37013225451869897
MM-S04,5,23,10,12.285714285714286,-0.6580128969221317
MM-S04,5,24,21,12.285714285714286,2.5086741695156287
MM-S04,5,25,11,12.285714285714286,-0.37013225451869897
MM-S04,5,26,9,12.285714285714286,-0.9458935393255644
MM-S04,5,27,17,12.285714285714286,1.3571515999018975
MM-S04,5,28,11,12.285714285714286,-0.37013225451869897
MM-S04,5,29,14,12.285714285714286,0.4935096726915993
MM-S04,5,30,13,12.285714285714286,0.20562903028816654
MM-S04,5,31,14,12.285714285714286,0.4935096726915993
MM-S04,5,32,11,12.285714285714286,-0.37013225451869897
MM-S04,5,33,23,12.285714285714286,3.084435454322494
MM-S04,5,34,12,12.285714285714286,-0.0822516121152662
MM-S04,5,35,10,12.285714285714286,-0.6580128969221317
MM-S04,5,36,16,12.285714285714286,1.0692709574984647
MM-S04,5,37,13,12.285714285714286,0.20562903028816654
MM-S04,5,38,10,12.285714285714286,-0.6580128969221317
MM-S04,5,39,9,12.285714285714286,-0.9458935393255644
MM-S04,5,40,9,12.285714285714286,-0.9458935393255644
MM-S04,5,41,10,12.285714285714286,-0.6580128969221317
MM-S04,5,42,11,12.285714285714286,-0.37013225451869897
MM-S04,5,43,10,12.285714285714286,-0.6580128969221317
MM-S04,5,44,12,12.285714285714286,-0.0822516121152662
MM-S04,5,45,17,12.285714285714286,1.3571515999018975
MM-S04,5,46,13,12.285714285714286,0.20562903028816654
MM-S04,5,47,8,12.285714285714286,-1.233774181728997
MM-S04,5,48,18,12.285714285714286,1.6450322423053303
MM-S04,5,49,9,12.285714285714286,-0.9458935393255644
MM-S04,5,50,15,12.285714285714286,0.781390315095032
MM-S04,5,51,14,12.285714285714286,0.4935096726915993
MM-S04,5,52,14,12.285714285714286,0.4935096726915993
MM-S04,5,53,15,12.285714285714286,0.781390315095032
MM-S04,5,54,10,12.285714285714286,-0.6580128969221317
MM-S04,5,55,9,12.285714285714286,-0.9458935393255644
MM-S04,5,56,10,12.285714285714286,-0.6580128969221317
MM-S05,1,1,3,4.373333333333333,-0.6611263136774874
MM-S05,1,2,6,4.373333333333333,0.7830816530937224
MM-S05,1,3,3,4.373333333333333,-0.6611263136774874
MM-S05,1,4,6,4.373333333333333,0.7830816530937224
MM-S05,1,5,3,4.373333333333333,-0.6611263136774874
MM-S05,1,6,4,4.373333333333333,-0.17972365808708418
MM-S05,1,7,6,4.373333333333333,0.7830816530937224
MM-S05,1,8,6,4.373333333333333,0.7830816530937224
MM-S05,1,9,4,4.373333333333333,-0.17972365808708418
MM-S05,1,10,4,4.373333333333333,-0.17972365808708418
MM-S05,1,11,2,4.373333333333333,-1.1425289692678908
MM-S05,1,12,7,4.373333333333333,1.2644843086841255
MM-S05,1,13,3,4.373333333333333,-0.6611263136774874
MM-S05,1,14,2,4.373333333333333,-1.1425289692678908
MM-S05,1,15,3,4.373333333333333,-0.6611263136774874
MM-S05,1,16,4,4.373333333333333,-0.17972365808708418
MM-S05,1,17,5,4.373333333333333,0.3016789975033191
MM-S05,1,18,4,4.373333333333333,-0.17972365808708418
MM-S05,1,19,2,4.373333333333333,-1.1425289692678908
MM-S05,1,20,7,4.373333333333333,1.2644843086841255
MM-S05,1,21,5,4.373333333333333,0.3016789975033191
MM-S05,1,22,2,4.373333333333333,-1.1425289692678908
MM-S05,1,23,4,4.373333333333333,-0.17972365808708418
MM-S05,1,24,5,4.373333333333333,0.3016789975033191
MM-S05,1,25,5,4.373333333333333,0.3016789975033191
MM-S05,1,26,5,4.373333333333333,0.3016789975033191
MM-S05,1,27,3,4.373333333333333,-0.6611263136774874
MM-S05,1,28,7,4.373333333333333,1.2644843086841255
MM-S05,1,29,4,4.373333333333333,-0.17972365808708418
MM-S05,1,30,4,4.373333333333333,-0.17972365808708418
MM-S05,1,31,7,4.373333333333333,1.2644843086841255
MM-S05,1,32,4,4.373333333333333,-0.17972365808708418
MM-S05,1,33,3,4.373333333333333,-0.6611263136774874
MM-S05,1,34,2,4.373333333333333,-1.1425289692678908
MM-S05,1,35,6,4.373333333333333,0.7830816530937224
MM-S05,1,36,3,4.373333333333333,-0.6611263136774874
MM-S05,1,37,6,4.373333333333333,0.7830816530937224
MM-S05,1,38,5,4.373333333333333,0.3016789975033191
MM-S05,1,39,4,4.373333333333333,-0.17972365808708418
MM-S05,1,40,6,4.373333333333333,0.7830816530937224
MM-S05,1,41,8,4.373333333333333,1.745886964274529
MM-S05,1,42,6,4.373333333333333,0.7830816530937224
MM-S05,1,43,4,4.373333333333333,-0.17972365808708418
MM-S05,1,44,6,4.373333333333333,0.7830816530937224
MM-S05,1,45,6,4.373333333333333,0.7830816530937224
MM-S05,1,46,5,4.373333333333333,0.3016789975033191
MM-S05,1,47,4,4.373333333333333,-0.17972365808708418
MM-S05,1,48,5,4.373333333333333,0.3016789975033191
MM-S05,1,49,9,4.373333333333333,2.227289619864932
MM-S05,1,50,5,4.373333333333333,0.3016789975033191
MM-S05,1,51,6,4.373333333333333,0.7830816530937224
MM-S05,1,52,3,4.373333333333333,-0.6611263136774874
MM-S05,1,53,3,4.373333333333333,-0.6611263136774874
MM-S05,1,54,4,4.373333333333333,-0.17972365808708418
MM-S05,1,55,4,4.373333333333333,-0.17972365808708418
MM-S05,1,56,5,4.373333333333333,0.3016789975033191
MM-S05,1,57,2,4.373333333333333,-1.1425289692678908
MM-S05,1,58,6,4.373333333333333,0.7830816530937224
MM-S05,1,59,6,4.373333333333333,0.7830816530937224
MM-S05,1,60,4,4.373333333333333,-0.17972365808708418
MM-S05,1,61,5,4.373333333333333,0.3016789975033191
MM-S05,1,62,1,4.373333333333333,-1.623931624858294
MM-S05,1,63,4,4.373333333333333,-0.17972365808708418
MM-S05,1,64,4,4.373333333333333,-0.17972365808708418
MM-S05,1,65,4,4.373333333333333,-0.17972365808708418
MM-S05,1,66,4,4.373333333333333,-0.17972365808708418
MM-S05,1,67,2,4.373333333333333,-1.1425289692678908
MM-S05,1,68,7,4.373333333333333,1.2644843086841255
MM-S05,1,69,1,4.373333333333333,-1.623931624858294
MM-S05,1,70,4,4.373333333333333,-0.17972365808708418
MM-S05,1,71,3,4.373333333333333,-0.6611263136774874
MM-S05,1,72,3,4.373333333333333,-0.6611263136774874
MM-S05,1,73,5,4.373333333333333,0.3016789975033191
MM-S05,1,74,5,4.373333333333333,0.3016789975033191
MM-S05,1,75,1,4.373333333333333,-1.623931624858294
MM-S05,2,1,3,4.373333333333333,-0.6611263136774874
MM-S05,2,2,8,4.373333333333333,1.745886964274529
MM-S05,2,3,3,4.373333333333333,-0.6611263136774874
MM-S05,2,4,2,4.373333333333333,-1.1425289692678908
MM-S05,2,5,4,4.373333333333333,-0.17972365808708418
MM-S05,2,6,3,4.373333333333333,-0.6611263136774874
MM-S05,2,7,5,4.373333333333333,0.3016789975033191
MM-S05,2,8,2,4.373333333333333,-1.1425289692678908
MM-S05,2,9,6,4.373333333333333,0.7830816530937224
MM-S05,2,10,9,4.373333333333333,2.227289619864932
MM-S05,2,11,7,4.373333333333333,1.2644843086841255
MM-S05,2,12,4,4.373333333333333,-0.17972365808708418
MM-S05,2,13,1,4.373333333333333,-1.623931624858294
MM-S05,2,14,4,4.373333333333333,-0.17972365808708418
MM-S05,2,15,6,4.373333333333333,0.7830816530937224
MM-S05,2,16,5,4.373333333333333,0.3016789975033191
MM-S05,2,17,4,4.373333333333333,-0.17972365808708418
MM-S05,2,18,5,4.373333333333333,0.3016789975033191
MM-S05,2,19,7,4.373333333333333,1.2644843086841255
MM-S05,2,20,7,4.373333333333333,1.2644843086841255
MM-S05,2,21,4,4.373333333333333,-0.17972365808708418
MM-S05,2,22,3,4.373333333333333,-0.6611263136774874
MM-S05,2,23,3,4.373333333333333,-0.6611263136774874
MM-S05,2,24,5,4.373333333333333,0.3016789975033191
MM-S05,2,25,5,4.373333333333333,0.3016789975033191
MM-S05,2,26,6,4.373333333333333,0.7830816530937224
MM-S05,2,27,4,4.373333333333333,-0.17972365808708418
MM-S05,2,28,1,4.373333333333333,-1.623931624858294
MM-S05,2,29,2,4.373333333333333,-1.1425289692678908
MM-S05,2,30,3,4.373333333333333,-0.6611263136774874
MM-S05,2,31,5,4.373333333333333,0.3016789975033191
MM-S05,2,32,4,4.373333333333333,-0.17972365808708418
MM-S05,2,33,4,4.373333333333333,-0.17972365808708418
MM-S05,2,34,8,4.373333333333333,1.745886964274529
MM-S05,2,35,10,4.373333333333333,2.7086922754553355
MM-S05,2,36,3,4.373333333333333,-0.6611263136774874
MM-S05,2,37,5,4.373333333333333,0.3016789975033191
MM-S05,2,38,3,4.373333333333333,-0.6611263136774874
MM-S05,2,39,2,4.373333333333333,-1.1425289692678908
MM-S05,2,40,2,4.373333333333333,-1.1425289692678908
MM-S05,2,41,3,4.373333333333333,-0.6611263136774874
MM-S05,2,42,4,4.373333333333333,-0.17972365808708418
MM-S05,2,43,3,4.373333333333333,-0.6611263136774874
MM-S05,2,44,6,4.373333333333333,0.7830816530937224
MM-S05,2,45,6,4.373333333333333,0.7830816530937224
MM-S05,2,46,3,4.373333333333333,-0.6611263136774874
MM-S05,2,47,4,4.373333333333333,-0.17972365808708418
MM-S05,2,48,5,4.373333333333333,0.3016789975033191
MM-S05,2,49,3,4.373333333333333,-0.6611263136774874
MM-S05,2,50,5,4.373333333333333,0.3016789975033191
MM-S05,2,51,5,4.373333333333333,0.3016789975033191
MM-S05,2,52,7,4.373333333333333,1.2644843086841255
MM-S05,2,53,8,4.373333333333333,1.745886964274529
MM-S05,2,54,3,4.373333333333333,-0.6611263136774874
MM-S05,2,55,3,4.373333333333333,-0.6611263136774874
MM-S05,2,56,7,4.373333333333333,1.2644843086841255
MM-S05,2,57,6,4.373333333333333,0.7830816530937224
MM-S05,2,58,4,4.373333333333333,-0.17972365808708418
MM-S05,2,59,3,4.373333333333333,-0.6611263136774874
MM-S05,2,60,1,4.373333333333333,-1.623931624858294
MM-S05,2,61,1,4.373333333333333,-1.623931624858294
MM-S05,2,62,6,4.373333333333333,0.7830816530937224
MM-S05,2,63,5,4.373333333333333,0.3016789975033191
MM-S05,2,64,5,4.373333333333333,0.3016789975033191
MM-S05,2,65,4,4.373333333333333,-0.17972365808708418
MM-S05,2,66,7,4.373333333333333,1.2644843086841255
MM-S05,2,67,2,4.373333333333333,-1.1425289692678908
MM-S05,2,68,4,4.373333333333333,-0.17972365808708418
MM-S05,2,69,8,4.373333333333333,1.745886964274529
MM-S05,2,70,7,4.373333333333333,1.2644843086841255
MM-S05,2,71,3,4.373333333333333,-0.6611263136774874
MM-S05,2,72,2,4.373333333333333,-1.1425289692678908
MM-S05,2,73,2,4.373333333333333,-1.1425289692678908
MM-S05,2,74,5,4.373333333333333,0.3016789975033191
MM-S05,2,75,1,4.373333333333333,-1.623931624858294
MM-S05,3,1,4,4.373333333333333,-0.17972365808708418
MM-S05,3,2,5,4.373333333333333,0.3016789975033191
MM-S05,3,3,3,4.373333333333333,-0.6611263136774874
MM-S05,3,4,1,4.373333333333333,-1.623931624858294
MM-S05,3,5,3,4.373333333333333,-0.6611263136774874
MM-S05,3,6,5,4.373333333333333,0.3016789975033191
MM-S05,3,7,5,4.373333333333333,0.3016789975033191
MM-S05,3,8,6,4.373333333333333,0.7830816530937224
MM-S05,3,9,3,4.373333333333333,-0.6611263136774874
MM-S05,3,10,1,4.373333333333333,-1.623931624858294
MM-S05,3,11,8,4.373333333333333,1.745886964274529
MM-S05,3,12,4,4.373333333333333,-0.17972365808708418
MM-S05,3,13,8,4.373333333333333,1.745886964274529
MM-S05,3,14,7,4.373333333333333,1.2644843086841255
MM-S05,3,15,4,4.373333333333333,-0.17972365808708418
MM-S05,3,16,3,4.373333333333333,-0.6611263136774874
MM-S05,3,17,5,4.373333333333333,0.3016789975033191
MM-S05,3,18,5,4.373333333333333,0.3016789975033191
MM-S05,3,19,5,4.373333333333333,0.3016789975033191
MM-S05,3,20,3,4.373333333333333,-0.6611263136774874
MM-S05,3,21,2,4.373333333333333,-1.1425289692678908
MM-S05,3,22,5,4.373333333333333,0.3016789975033191
MM-S05,3,23,3,4.373333333333333,-0.6611263136774874
MM-S05,3,24,5,4.373333333333333,0.3016789975033191
MM-S05,3,25,7,4.373333333333333,1.2644843086841255
MM-S05,3,26,2,4.373333333333333,-1.1425289692678908
MM-S05,3,27,5,4.373333333333333,0.3016789975033191
MM-S05,3,28,3,4.373333333333333,-0.6611263136774874
MM-S05,3,29,10,4.373333333333333,2.7086922754553355
MM-S05,3,30,3,4.373333333333333,-0.6611263136774874
MM-S05,3,31,7,4.373333333333333,1.2644843086841255
MM-S05,3,32,2,4.373333333333333,-1.1425289692678908
MM-S05,3,33,4,4.373333333333333,-0.17972365808708418
MM-S05,3,34,5,4.373333333333333,0.3016789975033191
MM-S05,3,35,5,4.373333333333333,0.3016789975033191
MM-S05,3,36,7,4.373333333333333,1.2644843086841255
MM-S05,3,37,3,4.373333333333333,-0.6611263136774874
MM-S05,3,38,4,4.373333333333333,-0.17972365808708418
MM-S05,3,39,9,4.373333333333333,2.227289619864932
MM-S05,3,40,1,4.373333333333333,-1.623931624858294
MM-S05,3,41,8,4.373333333333333,1.745886964274529
MM-S05,3,42,1,4.373333333333333,-1.623931624858294
MM-S05,3,43,5,4.373333333333333,0.3016789975033191
MM-S05,3,44,5,4.373333333333333,0.3016789975033191
MM-S05,3,45,6,4.373333333333333,0.7830816530937224
MM-S05,3,46,8,4.373333333333333,1.745886964274529
MM-S05,3,47,3,4.373333333333333,-0.6611263136774874
MM-S05,3,48,3,4.373333333333333,-0.6611263136774874
MM-S05,3,49,7,4.373333333333333,1.2644843086841255
MM-S05,3,50,6,4.373333333333333,0.7830816530937224
MM-S05,3,51,4,4.373333333333333,-0.17972365808708418
MM-S05,3,52,0,4.373333333333333,-2.105334280448697
MM-S05,3,53,4,4.373333333333333,-0.17972365808708418
MM-S05,3,54,9,4.373333333333333,2.227289619864932
MM-S05,3,55,1,4.373333333333333,-1.623931624858294
MM-S05,3,56,3,4.373333333333333,-0.6611263136774874
MM-S05,3,57,2,4.373333333333333,-1.1425289692678908
MM-S05,3,58,6,4.373333333333333,0.7830816530937224
MM-S05,3,59,3,4.373333333333333,-0.6611263136774874
MM-S05,3,60,6,4.373333333333333,0.7830816530937224
MM-S05,3,61,4,4.373333333333333,-0.17972365808708418
MM-S05,3,62,5,4.373333333333333,0.3016789975033191
MM-S05,3,63,3,4.373333333333333,-0.6611263136774874
MM-S05,3,64,2,4.373333333333333,-1.1425289692678908
MM-S05,3,65,4,4.373333333333333,-0.17972365808708418
MM-S05,3,66,5,4.373333333333333,0.3016789975033191
MM-S05,3,67,5,4.373333333333333,0.3016789975033191
MM-S05,3,68,2,4.373333333333333,-1.1425289692678908
MM-S05,3,69,5,4.373333333333333,0.3016789975033191
MM-S05,3,70,4,4.373333333333333,-0.17972365808708418
MM-S05,3,71,5,4.373333333333333,0.3016789975033191
MM-S05,3,72,3,4.373333333333333,-0.6611263136774874
MM-S05,3,73,3,4.373333333333333,-0.6611263136774874
MM-S05,3,74,4,4.373333333333333,-0.17972365808708418
MM-S05,3,75,4,4.373333333333333,-0.17972365808708418
MM-S05,4,1,5,4.373333333333333,0.3016789975033191
MM-S05,4,2,5,4.373333333333333,0.3016789975033191
MM-S05,4,3,7,4.373333333333333,1.2644843086841255
MM-S05,4,4,2,4.373333333333333,-1.1425289692678908
MM-S05,4,5,3,4.373333333333333,-0.6611263136774874
MM-S05,4,6,3,4.373333333333333,-0.6611263136774874
MM-S05,4,7,5,4.373333333333333,0.3016789975033191
MM-S05,4,8,3,4.373333333333333,-0.6611263136774874
MM-S05,4,9,6,4.373333333333333,0.7830816530937224
MM-S05,4,10,5,4.373333333333333,0.3016789975033191
MM-S05,4,11,7,4.373333333333333,1.2644843086841255
MM-S05,4,12,2,4.373333333333333,-1.1425289692678908
MM-S05,4,13,1,4.373333333333333,-1.623931624858294
MM-S05,4,14,6,4.373333333333333,0.7830816530937224
MM-S05,4,15,4,4.373333333333333,-0.17972365808708418
MM-S05,4,16,7,4.373333333333333,1.2644843086841255
MM-S05,4,17,8,4.373333333333333,1.745886964274529
MM-S05,4,18,4,4.373333333333333,-0.17972365808708418
MM-S05,4,19,3,4.373333333333333,-0.6611263136774874
MM-S05,4,20,6,4.373333333333333,0.7830816530937224
MM-S05,4,21,5,4.373333333333333,0.3016789975033191
MM-S05,4,22,4,4.373333333333333,-0.17972365808708418
MM-S05,4,23,3,4.373333333333333,-0.6611263136774874
MM-S05,4,24,1,4.373333333333333,-1.623931624858294
MM-S05,4,25,6,4.373333333333333,0.7830816530937224
MM-S05,4,26,7,4.373333333333333,1.2644843086841255
MM-S05,4,27,5,4.373333333333333,0.3016789975033191
MM-S05,4,28,9,4.373333333333333,2.227289619864932
MM-S05,4,29,10,4.373333333333333,2.7086922754553355
MM-S05,4,30,5,4.373333333333333,0.3016789975033191
MM-S05,4,31,6,4.373333333333333,0.7830816530937224
MM-S05,4,32,4,4.373333333333333,-0.17972365808708418
MM-S05,4,33,5,4.373333333333333,0.3016789975033191
MM-S05,4,34,3,4.373333333333333,-0.6611263136774874
MM-S05,4,35,3,4.373333333333333,-0.6611263136774874
MM-S05,4,36,5,4.373333333333333,0.3016789975033191
MM-S05,4,37,4,4.373333333333333,-0.17972365808708418
MM-S05,4,38,8,4.373333333333333,1.745886964274529
MM-S05,4,39,5,4.373333333333333,0.3016789975033191
MM-S05,4,40,1,4.373333333333333,-1.623931624858294
MM-S05,4,41,7,4.373333333333333,1.2644843086841255
MM-S05,4,42,2,4.373333333333333,-1.1425289692678908
MM-S05,4,43,2,4.373333333333333,-1.1425289692678908
MM-S05,4,44,7,4.373333333333333,1.2644843086841255
MM-S05,4,45,3,4.373333333333333,-0.6611263136774874
MM-S05,4,46,7,4.373333333333333,1.2644843086841255
MM-S05,4,47,5,4.373333333333333,0.3016789975033191
MM-S05,4,48,4,4.373333333333333,-0.17972365808708418
MM-S05,4,49,5,4.373333333333333,0.3016789975033191
MM-S05,4,50,5,4.373333333333333,0.3016789975033191
MM-S05,4,51,7,4.373333333333333,1.2644843086841255
MM-S05,4,52,4,4.373333333333333,-0.17972365808708418
MM-S05,4,53,3,4.373333333333333,-0.6611263136774874
MM-S05,4,54,3,4.373333333333333,-0.6611263136774874
MM-S05,4,55,1,4.373333333333333,-1.623931624858294
MM-S05,4,56,1,4.373333333333333,-1.623931624858294
MM-S05,4,57,5,4.373333333333333,0.3016789975033191
MM-S05,4,58,3,4.373333333333333,-0.6611263136774874
MM-S05,4,59,4,4.373333333333333,-0.17972365808708418
MM-S05,4,60,4,4.373333333333333,-0.17972365808708418
MM-S05,4,61,3,4.373333333333333,-0.6611263136774874
MM-S05,4,62,3,4.373333333333333,-0.6611263136774874
MM-S05,4,63,5,4.373333333333333,0.3016789975033191
MM-S05,4,64,2,4.373333333333333,-1.1425289692678908
MM-S05,4,65,4,4.373333333333333,-0.17972365808708418
MM-S05,4,66,8,4.373333333333333,1.745886964274529
MM-S05,4,67,1,4.373333333333333,-1.623931624858294
MM-S05,4,68,6,4.373333333333333,0.7830816530937224
MM-S05,4,69,2,4.373333333333333,-1.1425289692678908
MM-S05,4,70,2,4.373333333333333,-1.1425289692678908
MM-S05,4,71,5,4.373333333333333,0.3016789975033191
MM-S05,4,72,3,4.373333333333333,-0.6611263136774874
MM-S05,4,73,4,4.373333333333333,-0.17972365808708418
MM-S05,4,74,5,4.373333333333333,0.3016789975033191
MM-S05,4,75,2,4.373333333333333,-1.1425289692678908
MM-S05,5,1,3,4.373333333333333,-0.6611263136774874
MM-S05,5,2,3,4.373333333333333,-0.6611263136774874
MM-S05,5,3,7,4.373333333333333,1.2644843086841255
MM-S05,5,4,4,4.373333333333333,-0.17972365808708418
MM-S05,5,5,4,4.373333333333333,-0.17972365808708418
MM-S05,5,6,4,4.373333333333333,-0.17972365808708418
MM-S05,5,7,4,4.373333333333333,-0.17972365808708418
MM-S05,5,8,7,4.373333333333333,1.2644843086841255
MM-S05,5,9,2,4.373333333333333,-1.1425289692678908
MM-S05,5,10,2,4.373333333333333,-1.1425289692678908
MM-S05,5,11,3,4.373333333333333,-0.6611263136774874
MM-S05,5,12,5,4.373333333333333,0.3016789975033191
MM-S05,5,13,4,4.373333333333333,-0.17972365808708418
MM-S05,5,14,4,4.373333333333333,-0.17972365808708418
MM-S05,5,15,4,4.373333333333333,-0.17972365808708418
MM-S05,5,16,1,4.373333333333333,-1.623931624858294
MM-S05,5,17,3,4.373333333333333,-0.6611263136774874
MM-S05,5,18,4,4.373333333333333,-0.17972365808708418
MM-S05,5,19,5,4.373333333333333,0.3016789975033191
MM-S05,5,20,6,4.373333333333333,0.7830816530937224
MM-S05,5,21,8,4.373333333333333,1.745886964274529
MM-S05,5,22,7,4.373333333333333,1.2644843086841255
MM-S05,5,23,4,4.373333333333333,-0.17972365808708418
MM-S05,5,24,5,4.373333333333333,0.3016789975033191
MM-S05,5,25,9,4.373333333333333,2.227289619864932
MM-S05,5,26,4,4.373333333333333,-0.17972365808708418
MM-S05,5,27,4,4.373333333333333,-0.17972365808708418
MM-S05,5,28,5,4.373333333333333,0.3016789975033191
MM-S05,5,29,7,4.373333333333333,1.2644843086841255
MM-S05,5,30,4,4.373333333333333,-0.17972365808708418
MM-S05,5,31,5,4.373333333333333,0.3016789975033191
MM-S05,5,32,2,4.373333333333333,-1.1425289692678908
MM-S05,5,33,5,4.373333333333333,0.3016789975033191
MM-S05,5,34,2,4.373333333333333,-1.1425289692678908
MM-S05,5,35,7,4.373333333333333,1.2644843086841255
MM-S05,5,36,5,4.373333333333333,0.3016789975033191
MM-S05,5,37,3,4.373333333333333,-0.6611263136774874
MM-S05,5,38,3,4.373333333333333,-0.6611263136774874
MM-S05,5,39,2,4.373333333333333,-1.1425289692678908
MM-S05,5,40,7,4.373333333333333,1.2644843086841255
MM-S05,5,41,5,4.373333333333333,0.3016789975033191
MM-S05,5,42,4,4.373333333333333,-0.17972365808708418
MM-S05,5,43,1,4.373333333333333,-1.623931624858294
MM-S05,5,44,4,4.373333333333333,-0.17972365808708418
MM-S05,5,45,7,4.373333333333333,1.2644843086841255
MM-S05,5,46,4,4.373333333333333,-0.17972365808708418
MM-S05,5,47,6,4.373333333333333,0.7830816530937224
MM-S05,5,48,3,4.373333333333333,-0.6611263136774874
MM-S05,5,49,6,4.373333333333333,0.7830816530937224
MM-S05,5,50,4,4.373333333333333,-0.17972365808708418
MM-S05,5,51,7,4.373333333333333,1.2644843086841255
MM-S05,5,52,5,4.373333333333333,0.3016789975033191
MM-S05,5,53,1,4.373333333333333,-1.623931624858294
MM-S05,5,54,4,4.373333333333333,-0.17972365808708418
MM-S05,5,55,4,4.373333333333333,-0.17972365808708418
MM-S05,5,56,7,4.373333333333333,1.2644843086841255
MM-S05,5,57,9,4.373333333333333,2.227289619864932
MM-S05,5,58,2,4.373333333333333,-1.1425289692678908
MM-S05,5,59,4,4.373333333333333,-0.17972365808708418
MM-S05,5,60,1,4.373333333333333,-1.623931624858294
MM-S05,5,61,3,4.373333333333333,-0.6611263136774874
MM-S05,5,62,7,4.373333333333333,1.2644843086841255
MM-S05,5,63,2,4.373333333333333,-1.1425289692678908
MM-S05,5,64,3,4.373333333333333,-0.6611263136774874
MM-S05,5,65,5,4.373333333333333,0.3016789975033191
MM-S05,5,66,2,4.373333333333333,-1.1425289692678908
MM-S05,5,67,3,4.373333333333333,-0.6611263136774874
MM-S05,5,68,7,4.373333333333333,1.2644843086841255
MM-S05,5,69,4,4.373333333333333,-0.17972365808708418
MM-S05,5,70,2,4.373333333333333,-1.1425289692678908
MM-S05,5,71,2,4.373333333333333,-1.1425289692678908
MM-S05,5,72,4,4.373333333333333,-0.17972365808708418
MM-S05,5,73,6,4.373333333333333,0.7830816530937224
MM-S05,5,74,5,4.373333333333333,0.3016789975033191
MM-S05,5,75,8,4.373333333333333,1.745886964274529
MM-S06,1,1,7,8.757142857142858,-0.5980676735909419
MM-S06,1,2,6,8.757142857142858,-0.9384313902687139
MM-S06,1,3,11,8.757142857142858,0.7633871931201461
MM-S06,1,4,9,8.757142857142858,0.08265975976460209
MM-S06,1,5,9,8.757142857142858,0.08265975976460209
MM-S06,1,6,9,8.757142857142858,0.08265975976460209
MM-S06,1,7,10,8.757142857142858,0.4230234764423741
MM-S06,1,8,10,8.757142857142858,0.4230234764423741
MM-S06,1,9,12,8.757142857142858,1.1037509097979181
MM-S06,1,10,13,8.757142857142858,1.44411462647569
MM-S06,1,11,6,8.757142857142858,-0.9384313902687139
MM-S06,1,12,8,8.757142857142858,-0.25770395691316994
MM-S06,1,13,10,8.757142857142858,0.4230234764423741
MM-S06,1,14,8,8.757142857142858,-0.25770395691316994
MM-S06,1,15,16,8.757142857142858,2.465205776509006
MM-S06,1,16,6,8.757142857142858,-0.9384313902687139
MM-S06,1,17,9,8.757142857142858,0.08265975976460209
MM-S06,1,18,10,8.757142857142858,0.4230234764423741
MM-S06,1,19,7,8.757142857142858,-0.5980676735909419
MM-S06,1,20,13,8.757142857142858,1.44411462647569
MM-S06,1,21,3,8.757142857142858,-1.95952254030203
MM-S06,1,22,6,8.757142857142858,-0.9384313902687139
MM-S06,1,23,3,8.757142857142858,-1.95952254030203
MM-S06,1,24,10,8.757142857142858,0.4230234764423741
MM-S06,1,25,9,8.757142857142858,0.08265975976460209
MM-S06,1,26,8,8.757142857142858,-0.25770395691316994
MM-S06,1,27,11,8.757142857142858,0.7633871931201461
MM-S06,1,28,12,8.757142857142858,1.1037509097979181
MM-S06,1,29,9,8.757142857142858,0.08265975976460209
MM-S06,1,30,8,8.757142857142858,-0.25770395691316994
MM-S06,1,31,11,8.757142857142858,0.7633871931201461
MM-S06,1,32,6,8.757142857142858,-0.9384313902687139
MM-S06,1,33,9,8.757142857142858,0.08265975976460209
MM-S06,1,34,6,8.757142857142858,-0.9384313902687139
MM-S06,1,35,9,8.757142857142858,0.08265975976460209
MM-S06,1,36,12,8.757142857142858,1.1037509097979181
MM-S06,1,37,9,8.757142857142858,0.08265975976460209
MM-S06,1,38,9,8.757142857142858,0.08265975976460209
MM-S06,1,39,12,8.757142857142858,1.1037509097979181
MM-S06,1,40,10,8.757142857142858,0.4230234764423741
MM-S06,1,41,10,8.757142857142858,0.4230234764423741
MM-S06,1,42,8,8.757142857142858,-0.25770395691316994
MM-S06,1,43,8,8.757142857142858,-0.25770395691316994
MM-S06,1,44,13,8.757142857142858,1.44411462647569
MM-S06,1,45,5,8.757142857142858,-1.278795106946486
MM-S06,1,46,14,8.757142857142858,1.784478343153462
MM-S06,1,47,9,8.757142857142858,0.08265975976460209
MM-S06,1,48,12,8.757142857142858,1.1037509097979181
MM-S06,1,49,6,8.757142857142858,-0.9384313902687139
MM-S06,1,50,10,8.757142857142858,0.4230234764423741
MM-S06,1,51,9,8.757142857142858,0.08265975976460209
MM-S06,1,52,6,8.757142857142858,-0.9384313902687139
MM-S06,1,53,8,8.757142857142858,-0.25770395691316994
MM-S06,1,54,8,8.757142857142858,-0.25770395691316994
MM-S06,1,55,11,8.757142857142858,0.7633871931201461
MM-S06,1,56,5,8.757142857142858,-1.278795106946486
MM-S06,1,57,12,8.757142857142858,1.1037509097979181
MM-S06,1,58,7,8.757142857142858,-0.5980676735909419
MM-S06,1,59,8,8.757142857142858,-0.25770395691316994
MM-S06,1,60,8,8.757142857142858,-0.25770395691316994
MM-S06,1,61,9,8.757142857142858,0.08265975976460209
MM-S06,1,62,7,8.757142857142858,-0.5980676735909419
MM-S06,1,63,6,8.757142857142858,-0.9384313902687139
MM-S06,1,64,5,8.757142857142858,-1.278795106946486
MM-S06,1,65,5,8.757142857142858,-1.278795106946486
MM-S06,1,66,9,8.757142857142858,0.08265975976460209
MM-S06,1,67,11,8.757142857142858,0.7633871931201461
MM-S06,1,68,9,8.757142857142858,0.08265975976460209
MM-S06,1,69,7,8.757142857142858,-0.5980676735909419
MM-S06,1,70,7,8.757142857142858,-0.5980676735909419
MM-S06,2,1,10,8.757142857142858,0.4230234764423741
MM-S06,2,2,8,8.757142857142858,-0.25770395691316994
MM-S06,2,3,11,8.757142857142858,0.7633871931201461
MM-S06,2,4,12,8.757142857142858,1.1037509097979181
MM-S06,2,5,5,8.757142857142858,-1.278795106946486
MM-S06,2,6,5,8.757142857142858,-1.278795106946486
MM-S06,2,7,8,8.757142857142858,-0.25770395691316994
MM-S06,2,8,13,8.757142857142858,1.44411462647569
MM-S06,2,9,7,8.757142857142858,-0.5980676735909419
MM-S06,2,10,8,8.757142857142858,-0.25770395691316994
MM-S06,2,11,6,8.757142857142858,-0.9384313902687139
MM-S06,2,12,7,8.757142857142858,-0.5980676735909419
MM-S06,2,13,9,8.757142857142858,0.08265975976460209
MM-S06,2,14,14,8.757142857142858,1.784478343153462
MM-S06,2,15,8,8.757142857142858,-0.25770395691316994
MM-S06,2,16,8,8.757142857142858,-0.25770395691316994
MM-S06,2,17,8,8.757142857142858,-0.25770395691316994
MM-S06,2,18,9,8.757142857142858,0.08265975976460209
MM-S06,2,19,10,8.757142857142858,0.4230234764423741
MM-S06,2,20,9,8.757142857142858,0.08265975976460209
MM-S06,2,21,9,8.757142857142858,0.08265975976460209
MM-S06,2,22,9,8.757142857142858,0.08265975976460209
MM-S06,2,23,6,8.757142857142858,-0.9384313902687139
MM-S06,2,24,9,8.757142857142858,0.08265975976460209
MM-S06,2,25,11,8.757142857142858,0.7633871931201461
MM-S06,2,26,8,8.757142857142858,-0.25770395691316994
MM-S06,2,27,7,8.757142857142858,-0.5980676735909419
MM-S06,2,28,8,8.757142857142858,-0.25770395691316994
MM-S06,2,29,14,8.757142857142858,1.784478343153462
MM-S06,2,30,10,8.757142857142858,0.4230234764423741
MM-S06,2,31,12,8.757142857142858,1.1037509097979181
MM-S06,2,32,13,8.757142857142858,1.44411462647569
MM-S06,2,33,11,8.757142857142858,0.7633871931201461
MM-S06,2,34,12,8.757142857142858,1.1037509097979181
MM-S06,2,35,5,8.757142857142858,-1.278795106946486
MM-S06,2,36,5,8.757142857142858,-1.278795106946486
MM-S06,2,37,6,8.757142857142858,-0.9384313902687139
MM-S06,2,38,18,8.757142857142858,3.14593320986455
MM-S06,2,39,5,8.757142857142858,-1.278795106946486
MM-S06,2,40,7,8.757142857142858,-0.5980676735909419
MM-S06,2,41,11,8.757142857142858,0.7633871931201461
MM-S06,2,42,10,8.757142857142858,0.4230234764423741
MM-S06,2,43,9,8.757142857142858,0.08265975976460209
MM-S06,2,44,11,8.757142857142858,0.7633871931201461
MM-S06,2,45,8,8.757142857142858,-0.25770395691316994
MM-S06,2,46,13,8.757142857142858,1.44411462647569
MM-S06,2,47,11,8.757142857142858,0.7633871931201461
MM-S06,2,48,8,8.757142857142858,-0.25770395691316994
MM-S06,2,49,5,8.757142857142858,-1.278795106946486
MM-S06,2,50,2,8.757142857142858,-2.299886256979802
MM-S06,2,51,8,8.757142857142858,-0.25770395691316994
MM-S06,2,52,16,8.757142857142858,2.465205776509006
MM-S06,2,53,16,8.757142857142858,2.465205776509006
MM-S06,2,54,4,8.757142857142858,-1.619158823624258
MM-S06,2,55,8,8.757142857142858,-0.25770395691316994
MM-S06,2,56,12,8.757142857142858,1.1037509097979181
MM-S06,2,57,7,8.757142857142858,-0.5980676735909419
MM-S06,2,58,5,8.757142857142858,-1.278795106946486
MM-S06,2,59,5,8.757142857142858,-1.278795106946486
MM-S06,2,60,6,8.757142857142858,-0.9384313902687139
MM-S06,2,61,5,8.757142857142858,-1.278795106946486
MM-S06,2,62,6,8.757142857142858,-0.9384313902687139
MM-S06,2,63,8,8.757142857142858,-0.25770395691316994
MM-S06,2,64,11,8.757142857142858,0.7633871931201461
MM-S06,2,65,9,8.757142857142858,0.08265975976460209
MM-S06,2,66,9,8.757142857142858,0.08265975976460209
MM-S06,2,67,4,8.757142857142858,-1.619158823624258
MM-S06,2,68,10,8.757142857142858,0.4230234764423741
MM-S06,2,69,6,8.757142857142858,-0.9384313902687139
MM-S06,2,70,10,8.757142857142858,0.4230234764423741
MM-S06,3,1,3,8.757142857142858,-1.95952254030203
MM-S06,3,2,8,8.757142857142858,-0.25770395691316994
MM-S06,3,3,11,8.757142857142858,0.7633871931201461
MM-S06,3,4,17,8.757142857142858,2.8055694931867783
MM-S06,3,5,6,8.757142857142858,-0.9384313902687139
MM-S06,3,6,10,8.757142857142858,0.4230234764423741
MM-S06,3,7,11,8.757142857142858,0.7633871931201461
MM-S06,3,8,8,8.757142857142858,-0.25770395691316994
MM-S06,3,9,7,8.757142857142858,-0.5980676735909419
MM-S06,3,10,14,8.757142857142858,1.784478343153462
MM-S06,3,11,14,8.757142857142858,1.784478343153462
MM-S06,3,12,5,8.757142857142858,-1.278795106946486
MM-S06,3,13,11,8.757142857142858,0.7633871931201461
MM-S06,3,14,6,8.757142857142858,-0.9384313902687139
MM-S06,3,15,11,8.757142857142858,0.7633871931201461
MM-S06,3,16,7,8.757142857142858,-0.5980676735909419
MM-S06,3,17,13,8.757142857142858,1.44411462647569
MM-S06,3,18,9,8.757142857142858,0.08265975976460209
MM-S06,3,19,6,8.757142857142858,-0.9384313902687139
MM-S06,3,20,7,8.757142857142858,-0.5980676735909419
MM-S06,3,21,8,8.757142857142858,-0.25770395691316994
MM-S06,3,22,8,8.757142857142858,-0.25770395691316994
MM-S06,3,23,12,8.757142857142858,1.1037509097979181
MM-S06,3,24,9,8.757142857142858,0.08265975976460209
MM-S06,3,25,11,8.757142857142858,0.7633871931201461
MM-S06,3,26,11,8.757142857142858,0.7633871931201461
MM-S06,3,27,7,8.757142857142858,-0.5980676735909419
MM-S06,3,28,8,8.757142857142858,-0.25770395691316994
MM-S06,3,29,6,8.757142857142858,-0.9384313902687139
MM-S06,3,30,9,8.757142857142858,0.08265975976460209
MM-S06,3,31,8,8.757142857142858,-0.25770395691316994
MM-S06,3,32,5,8.757142857142858,-1.278795106946486
MM-S06,3,33,9,8.757142857142858,0.08265975976460209
MM-S06,3,34,11,8.757142857142858,0.7633871931201461
MM-S06,3,35,7,8.757142857142858,-0.5980676735909419
MM-S06,3,36,6,8.757142857142858,-0.9384313902687139
MM-S06,3,37,4,8.757142857142858,-1.619158823624258
MM-S06,3,38,2,8.757142857142858,-2.299886256979802
MM-S06,3,39,14,8.757142857142858,1.784478343153462
MM-S06,3,40,14,8.757142857142858,1.784478343153462
MM-S06,3,41,2,8.757142857142858,-2.299886256979802
MM-S06,3,42,11,8.757142857142858,0.7633871931201461
MM-S06,3,43,12,8.757142857142858,1.1037509097979181
MM-S06,3,44,4,8.757142857142858,-1.619158823624258
MM-S06,3,45,11,8.757142857142858,0.7633871931201461
MM-S06,3,46,11,8.757142857142858,0.7633871931201461
MM-S06,3,47,11,8.757142857142858,0.7633871931201461
MM-S06,3,48,10,8.757142857142858,0.4230234764423741
MM-S06,3,49,9,8.757142857142858,0.08265975976460209
MM-S06,3,50,10,8.757142857142858,0.4230234764423741
MM-S06,3,51,6,8.757142857142858,-0.9384313902687139
MM-S06,3,52,9,8.757142857142858,0.08265975976460209
MM-S06,3,53,7,8.757142857142858,-0.5980676735909419
MM-S06,3,54,5,8.757142857142858,-1.278795106946486
MM-S06,3,55,3,8.757142857142858,-1.95952254030203
MM-S06,3,56,10,8.757142857142858,0.4230234764423741
MM-S06,3,57,8,8.757142857142858,-0.25770395691316994
MM-S06,3,58,17,8.757142857142858,2.8055694931867783
MM-S06,3,59,10,8.757142857142858,0.4230234764423741
MM-S06,3,60,9,8.757142857142858,0.08265975976460209
MM-S06,3,61,12,8.757142857142858,1.1037509097979181
MM-S06,3,62,9,8.757142857142858,0.08265975976460209
MM-S06,3,63,7,8.757142857142858,-0.5980676735909419
MM-S06,3,64,10,8.757142857142858,0.4230234764423741
MM-S06,3,65,5,8.757142857142858,-1.278795106946486
MM-S06,3,66,9,8.757142857142858,0.08265975976460209
MM-S06,3,67,11,8.757142857142858,0.7633871931201461
MM-S06,3,68,7,8.757142857142858,-0.5980676735909419
MM-S06,3,69,7,8.757142857142858,-0.5980676735909419
MM-S06,3,70,8,8.757142857142858,-0.25770395691316994
MM-S06,4,1,14,8.757142857142858,1.784478343153462
MM-S06,4,2,12,8.757142857142858,1.1037509097979181
MM-S06,4,3,15,8.757142857142858,2.1248420598312343
MM-S06,4,4,6,8.757142857142858,-0.9384313902687139
MM-S06,4,5,11,8.757142857142858,0.7633871931201461
MM-S06,4,6,11,8.757142857142858,0.7633871931201461
MM-S06,4,7,7,8.757142857142858,-0.5980676735909419
MM-S06,4,8,12,8.757142857142858,1.1037509097979181
MM-S06,4,9,9,8.757142857142858,0.08265975976460209
MM-S06,4,10,11,8.757142857142858,0.7633871931201461
MM-S06,4,11,11,8.757142857142858,0.7633871931201461
MM-S06,4,12,8,8.757142857142858,-0.25770395691316994
MM-S06,4,13,5,8.757142857142858,-1.278795106946486
MM-S06,4,14,12,8.757142857142858,1.1037509097979181
MM-S06,4,15,9,8.757142857142858,0.08265975976460209
MM-S06,4,16,11,8.757142857142858,0.7633871931201461
MM-S06,4,17,10,8.757142857142858,0.4230234764423741
MM-S06,4,18,9,8.757142857142858,0.08265975976460209
MM-S06,4,19,10,8.757142857142858,0.4230234764423741
MM-S06,4,20,11,8.757142857142858,0.7633871931201461
MM-S06,4,21,14,8.757142857142858,1.784478343153462
MM-S06,4,22,4,8.757142857142858,-1.619158823624258
MM-S06,4,23,8,8.757142857142858,-0.25770395691316994
MM-S06,4,24,13,8.757142857142858,1.44411462647569
MM-S06,4,25,7,8.757142857142858,-0.5980676735909419
MM-S06,4,26,7,8.757142857142858,-0.5980676735909419
MM-S06,4,27,6,8.757142857142858,-0.9384313902687139
MM-S06,4,28,10,8.757142857142858,0.4230234764423741
MM-S06,4,29,11,8.757142857142858,0.7633871931201461
MM-S06,4,30,12,8.757142857142858,1.1037509097979181
MM-S06,4,31,11,8.757142857142858,0.7633871931201461
MM-S06,4,32,8,8.757142857142858,-0.25770395691316994
MM-S06,4,33,8,8.757142857142858,-0.25770395691316994
MM-S06,4,34,6,8.757142857142858,-0.9384313902687139
MM-S06,4,35,4,8.757142857142858,-1.619158823624258
MM-S06,4,36,6,8.757142857142858,-0.9384313902687139
MM-S06,4,37,13,8.757142857142858,1.44411462647569
MM-S06,4,38,11,8.757142857142858,0.7633871931201461
MM-S06,4,39,7,8.757142857142858,-0.5980676735909419
MM-S06,4,40,6,8.757142857142858,-0.9384313902687139
MM-S06,4,41,6,8.757142857142858,-0.9384313902687139
MM-S06,4,42,9,8.757142857142858,0.08265975976460209
MM-S06,4,43,9,8.757142857142858,0.08265975976460209
MM-S06,4,44,8,8.757142857142858,-0.25770395691316994
MM-S06,4,45,8,8.757142857142858,-0.25770395691316994
MM-S06,4,46,7,8.757142857142858,-0.5980676735909419
MM-S06,4,47,5,8.757142857142858,-1.278795106946486
MM-S06,4,48,8,8.757142857142858,-0.25770395691316994
MM-S06,4,49,3,8.757142857142858,-1.95952254030203
MM-S06,4,50,9,8.757142857142858,0.08265975976460209
MM-S06,4,51,7,8.757142857142858,-0.5980676735909419
MM-S06,4,52,7,8.757142857142858,-0.5980676735909419
MM-S06,4,53,10,8.757142857142858,0.4230234764423741
MM-S06,4,54,12,8.757142857142858,1.1037509097979181
MM-S06,4,55,6,8.757142857142858,-0.9384313902687139
MM-S06,4,56,12,8.757142857142858,1.1037509097979181
MM-S06,4,57,11,8.757142857142858,0.7633871931201461
MM-S06,4,58,6,8.757142857142858,-0.9384313902687139
MM-S06,4,59,7,8.757142857142858,-0.5980676735909419
MM-S06,4,60,7,8.757142857142858,-0.5980676735909419
MM-S06,4,61,6,8.757142857142858,-0.9384313902687139
MM-S06,4,62,12,8.757142857142858,1.1037509097979181
MM-S06,4,63,10,8.757142857142858,0.4230234764423741
MM-S06,4,64,11,8.757142857142858,0.7633871931201461
MM-S06,4,65,5,8.757142857142858,-1.278795106946486
MM-S06,4,66,6,8.757142857142858,-0.9384313902687139
MM-S06,4,67,4,8.757142857142858,-1.619158823624258
MM-S06,4,68,9,8.757142857142858,0.08265975976460209
MM-S06,4,69,10,8.757142857142858,0.4230234764423741
MM-S06,4,70,7,8.757142857142858,-0.5980676735909419
MM-S06,5,1,11,8.757142857142858,0.7633871931201461
MM-S06,5,2,6,8.757142857142858,-0.9384313902687139
MM-S06,5,3,9,8.757142857142858,0.08265975976460209
MM-S06,5,4,5,8.757142857142858,-1.278795106946486
MM-S06,5,5,5,8.757142857142858,-1.278795106946486
MM-S06,5,6,7,8.757142857142858,-0.5980676735909419
MM-S06,5,7,13,8.757142857142858,1.44411462647569
MM-S06,5,8,10,8.757142857142858,0.4230234764423741
MM-S06,5,9,7,8.757142857142858,-0.5980676735909419
MM-S06,5,10,10,8.757142857142858,0.4230234764423741
MM-S06,5,11,10,8.757142857142858,0.4230234764423741
MM-S06,5,12,11,8.757142857142858,0.7633871931201461
MM-S06,5,13,9,8.757142857142858,0.08265975976460209
MM-S06,5,14,16,8.757142857142858,2.465205776509006
MM-S06,5,15,9,8.757142857142858,0.08265975976460209
MM-S06,5,16,11,8.757142857142858,0.7633871931201461
MM-S06,5,17,15,8.757142857142858,2.1248420598312343
MM-S06,5,18,9,8.757142857142858,0.08265975976460209
MM-S06,5,19,11,8.757142857142858,0.7633871931201461
MM-S06,5,20,11,8.757142857142858,0.7633871931201461
MM-S06,5,21,4,8.757142857142858,-1.619158823624258
MM-S06,5,22,16,8.757142857142858,2.465205776509006
MM-S06,5,23,7,8.757142857142858,-0.5980676735909419
MM-S06,5,24,7,8.757142857142858,-0.5980676735909419
MM-S06,5,25,9,8.757142857142858,0.08265975976460209
MM-S06,5,26,8,8.757142857142858,-0.25770395691316994
MM-S06,5,27,10,8.757142857142858,0.4230234764423741
MM-S06,5,28,7,8.757142857142858,-0.5980676735909419
MM-S06,5,29,10,8.757142857142858,0.4230234764423741
MM-S06,5,30,5,8.757142857142858,-1.278795106946486
MM-S06,5,31,11,8.757142857142858,0.7633871931201461
MM-S06,5,32,10,8.757142857142858,0.4230234764423741
MM-S06,5,33,6,8.757142857142858,-0.9384313902687139
MM-S06,5,34,8,8.757142857142858,-0.25770395691316994
MM-S06,5,35,9,8.757142857142858,0.08265975976460209
MM-S06,5,36,8,8.757142857142858,-0.25770395691316994
MM-S06,5,37,10,8.757142857142858,0.4230234764423741
MM-S06,5,38,12,8.757142857142858,1.1037509097979181
MM-S06,5,39,5,8.757142857142858,-1.278795106946486
MM-S06,5,40,9,8.757142857142858,0.08265975976460209
MM-S06,5,41,13,8.757142857142858,1.44411462647569
MM-S06,5,42,10,8.757142857142858,0.4230234764423741
MM-S06,5,43,11,8.757142857142858,0.7633871931201461
MM-S06,5,44,11,8.757142857142858,0.7633871931201461
MM-S06,5,45,6,8.757142857142858,-0.9384313902687139
MM-S06,5,46,10,8.757142857142858,0.4230234764423741
MM-S06,5,47,5,8.757142857142858,-1.278795106946486
MM-S06,5,48,7,8.757142857142858,-0.5980676735909419
MM-S06,5,49,5,8.757142857142858,-1.278795106946486
MM-S06,5,50,3,8.757142857142858,-1.95952254030203
MM-S06,5,51,3,8.757142857142858,-1.95952254030203
MM-S06,5,52,4,8.757142857142858,-1.619158823624258
MM-S06,5,53,7,8.757142857142858,-0.5980676735909419
MM-S06,5,54,7,8.757142857142858,-0.5980676735909419
MM-S06,5,55,9,8.757142857142858,0.08265975976460209
MM-S06,5,56,2,8.757142857142858,-2.299886256979802
MM-S06,5,57,6,8.757142857142858,-0.9384313902687139
MM-S06,5,58,9,8.757142857142858,0.08265975976460209
MM-S06,5,59,16,8.757142857142858,2.465205776509006
MM-S06,5,60,9,8.757142857142858,0.08265975976460209
MM-S06,5,61,11,8.757142857142858,0.7633871931201461
MM-S06,5,62,13,8.757142857142858,1.44411462647569
MM-S06,5,63,9,8.757142857142858,0.08265975976460209
MM-S06,5,64,14,8.757142857142858,1.784478343153462
MM-S06,5,65,9,8.757142857142858,0.08265975976460209
MM-S06,5,66,11,8.757142857142858,0.7633871931201461
MM-S06,5,67,7,8.757142857142858,-0.5980676735909419
MM-S06,5,68,5,8.757142857142858,-1.278795106946486
MM-S06,5,69,6,8.757142857142858,-0.9384313902687139
MM-S06,5,70,9,8.757142857142858,0.08265975976460209
MM-S07,1,1,1,1.7428571428571429,-0.5667595971484275
MM-S07,1,2,3,1.7428571428571429,0.9591316259434928
MM-S07,1,3,1,1.7428571428571429,-0.5667595971484275
MM-S07,1,4,2,1.7428571428571429,0.19618601439753258
MM-S07,1,5,3,1.7428571428571429,0.9591316259434928
MM-S07,1,6,1,1.7428571428571429,-0.5667595971484275
MM-S07,1,7,2,1.7428571428571429,0.19618601439753258
MM-S07,1,8,0,1.7428571428571429,-1.3297052086943877
MM-S07,1,9,2,1.7428571428571429,0.19618601439753258
MM-S07,1,10,1,1.7428571428571429,-0.5667595971484275
MM-S07,1,11,1,1.7428571428571429,-0.5667595971484275
MM-S07,1,12,1,1.7428571428571429,-0.5667595971484275
MM-S07,1,13,2,1.7428571428571429,0.19618601439753258
MM-S07,1,14,0,1.7428571428571429,-1.3297052086943877
MM-S07,1,15,2,1.7428571428571429,0.19618601439753258
MM-S07,1,16,1,1.7428571428571429,-0.5667595971484275
MM-S07,1,17,2,1.7428571428571429,0.19618601439753258
MM-S07,1,18,4,1.7428571428571429,1.7220772374894529
MM-S07,1,19,3,1.7428571428571429,0.9591316259434928
MM-S07,1,20,1,1.7428571428571429,-0.5667595971484275
MM-S07,1,21,2,1.7428571428571429,0.19618601439753258
MM-S07,1,22,2,1.7428571428571429,0.19618601439753258
MM-S07,1,23,0,1.7428571428571429,-1.3297052086943877
MM-S07,1,24,2,1.7428571428571429,0.19618601439753258
MM-S07,1,25,0,1.7428571428571429,-1.3297052086943877
MM-S07,1,26,1,1.7428571428571429,-0.5667595971484275
MM-S07,1,27,3,1.7428571428571429,0.9591316259434928
MM-S07,1,28,2,1.7428571428571429,0.19618601439753258
MM-S07,1,29,0,1.7428571428571429,-1.3297052086943877
MM-S07,1,30,4,1.7428571428571429,1.7220772374894529
MM-S07,1,31,2,1.7428571428571429,0.19618601439753258
MM-S07,1,32,1,1.7428571428571429,-0.5667595971484275
MM-S07,1,33,1,1.7428571428571429,-0.5667595971484275
MM-S07,1,34,3,1.7428571428571429,0.9591316259434928
MM-S07,1,35,1,1.7428571428571429,-0.5667595971484275
MM-S07,1,36,2,1.7428571428571429,0.19618601439753258
MM-S07,1,37,1,1.7428571428571429,-0.5667595971484275
MM-S07,1,38,6,1.7428571428571429,3.2479684605813732
MM-S07,1,39,2,1.7428571428571429,0.19618601439753258
MM-S07,1,40,2,1.7428571428571429,0.19618601439753258
MM-S07,1,41,0,1.7428571428571429,-1.3297052086943877
MM-S07,1,42,2,1.7428571428571429,0.19618601439753258
MM-S07,1,43,1,1.7428571428571429,-0.5667595971484275
MM-S07,1,44,1,1.7428571428571429,-0.5667595971484275
MM-S07,1,45,1,1.7428571428571429,-0.5667595971484275
MM-S07,1,46,0,1.7428571428571429,-1.3297052086943877
MM-S07,1,47,3,1.7428571428571429,0.9591316259434928
MM-S07,1,48,2,1.7428571428571429,0.19618601439753258
MM-S07,1,49,2,1.7428571428571429,0.19618601439753258
MM-S07,1,50,1,1.7428571428571429,-0.5667595971484275
MM-S07,1,51,0,1.7428571428571429,-1.3297052086943877
MM-S07,1,52,3,1.7428571428571429,0.9591316259434928
MM-S07,1,53,1,1.7428571428571429,-0.5667595971484275
MM-S07,1,54,3,1.7428571428571429,0.9591316259434928
MM-S07,1,55,1,1.7428571428571429,-0.5667595971484275
MM-S07,1,56,6,1.7428571428571429,3.2479684605813732
MM-S07,1,57,1,1.7428571428571429,-0.5667595971484275
MM-S07,1,58,0,1.7428571428571429,-1.3297052086943877
MM-S07,1,59,2,1.7428571428571429,0.19618601439753258
MM-S07,1,60,3,1.7428571428571429,0.9591316259434928
MM-S07,1,61,2,1.7428571428571429,0.19618601439753258
MM-S07,1,62,3,1.7428571428571429,0.9591316259434928
MM-S07,1,63,2,1.7428571428571429,0.19618601439753258
MM-S07,1,64,2,1.7428571428571429,0.19618601439753258
MM-S07,1,65,3,1.7428571428571429,0.9591316259434928
MM-S07,1,66,2,1.7428571428571429,0.19618601439753258
MM-S07,1,67,0,1.7428571428571429,-1.3297052086943877
MM-S07,1,68,4,1.7428571428571429,1.7220772374894529
MM-S07,1,69,1,1.7428571428571429,-0.5667595971484275
MM-S07,1,70,0,1.7428571428571429,-1.3297052086943877
MM-S07,2,1,1,1.7428571428571429,-0.5667595971484275
MM-S07,2,2,3,1.7428571428571429,0.9591316259434928
MM-S07,2,3,1,1.7428571428571429,-0.5667595971484275
MM-S07,2,4,2,1.7428571428571429,0.19618601439753258
MM-S07,2,5,1,1.7428571428571429,-0.5667595971484275
MM-S07,2,6,3,1.7428571428571429,0.9591316259434928
MM-S07,2,7,2,1.7428571428571429,0.19618601439753258
MM-S07,2,8,0,1.7428571428571429,-1.3297052086943877
MM-S07,2,9,0,1.7428571428571429,-1.3297052086943877
MM-S07,2,10,4,1.7428571428571429,1.7220772374894529
MM-S07,2,11,2,1.7428571428571429,0.19618601439753258
MM-S07,2,12,1,1.7428571428571429,-0.5667595971484275
MM-S07,2,13,2,1.7428571428571429,0.19618601439753258
MM-S07,2,14,2,1.7428571428571429,0.19618601439753258
MM-S07,2,15,2,1.7428571428571429,0.19618601439753258
MM-S07,2,16,1,1.7428571428571429,-0.5667595971484275
MM-S07,2,17,2,1.7428571428571429,0.19618601439753258
MM-S07,2,18,1,1.7428571428571429,-0.5667595971484275
MM-S07,2,19,2,1.7428571428571429,0.19618601439753258
MM-S07,2,20,0,1.7428571428571429,-1.3297052086943877
MM-S07,2,21,3,1.7428571428571429,0.9591316259434928
MM-S07,2,22,4,1.7428571428571429,1.7220772374894529
MM-S07,2,23,1,1.7428571428571429,-0.5667595971484275
MM-S07,2,24,4,1.7428571428571429,1.7220772374894529
MM-S07,2,25,2,1.7428571428571429,0.19618601439753258
MM-S07,2,26,1,1.7428571428571429,-0.5667595971484275
MM-S07,2,27,2,1.7428571428571429,0.19618601439753258
MM-S07,2,28,1,1.7428571428571429,-0.5667595971484275
MM-S07,2,29,2,1.7428571428571429,0.19618601439753258
MM-S07,2,30,3,1.7428571428571429,0.9591316259434928
MM-S07,2,31,2,1.7428571428571429,0.19618601439753258
MM-S07,2,32,1,1.7428571428571429,-0.5667595971484275
MM-S07,2,33,2,1.7428571428571429,0.19618601439753258
MM-S07,2,34,1,1.7428571428571429,-0.5667595971484275
MM-S07,2,35,2,1.7428571428571429,0.19618601439753258
MM-S07,2,36,2,1.7428571428571429,0.19618601439753258
MM-S07,2,37,3,1.7428571428571429,0.9591316259434928
MM-S07,2,38,3,1.7428571428571429,0.9591316259434928
MM-S07,2,39,3,1.7428571428571429,0.9591316259434928
MM-S07,2,40,3,1.7428571428571429,0.9591316259434928
MM-S07,2,41,4,1.7428571428571429,1.7220772374894529
MM-S07,2,42,3,1.7428571428571429,0.9591316259434928
MM-S07,2,43,2,1.7428571428571429,0.19618601439753258
MM-S07,2,44,0,1.7428571428571429,-1.3297052086943877
MM-S07,2,45,2,1.7428571428571429,0.19618601439753258
MM-S07,2,46,1,1.7428571428571429,-0.5667595971484275
MM-S07,2,47,2,1.7428571428571429,0.19618601439753258
MM-S07,2,48,2,1.7428571428571429,0.19618601439753258
MM-S07,2,49,1,1.7428571428571429,-0.5667595971484275
MM-S07,2,50,2,1.7428571428571429,0.19618601439753258
MM-S07,2,51,1,1.7428571428571429,-0.5667595971484275
MM-S07,2,52,2,1.7428571428571429,0.19618601439753258
MM-S07,2,53,2,1.7428571428571429,0.19618601439753258
MM-S07,2,54,2,1.7428571428571429,0.19618601439753258
MM-S07,2,55,2,1.7428571428571429,0.19618601439753258
MM-S07,2,56,2,1.7428571428571429,0.19618601439753258
MM-S07,2,57,0,1.7428571428571429,-1.3297052086943877
MM-S07,2,58,1,1.7428571428571429,-0.5667595971484275
MM-S07,2,59,4,1.7428571428571429,1.7220772374894529
MM-S07,2,60,2,1.7428571428571429,0.19618601439753258
MM-S07,2,61,0,1.7428571428571429,-1.3297052086943877
MM-S07,2,62,1,1.7428571428571429,-0.5667595971484275
MM-S07,2,63,2,1.7428571428571429,0.19618601439753258
MM-S07,2,64,0,1.7428571428571429,-1.3297052086943877
MM-S07,2,65,0,1.7428571428571429,-1.3297052086943877
MM-S07,2,66,1,1.7428571428571429,-0.5667595971484275
MM-S07,2,67,1,1.7428571428571429,-0.5667595971484275
MM-S07,2,68,1,1.7428571428571429,-0.5667595971484275
MM-S07,2,69,1,1.7428571428571429,-0.5667595971484275
MM-S07,2,70,1,1.7428571428571429,-0.5667595971484275
MM-S07,3,1,1,1.7428571428571429,-0.5667595971484275
MM-S07,3,2,0,1.7428571428571429,-1.3297052086943877
MM-S07,3,3,1,1.7428571428571429,-0.5667595971484275
MM-S07,3,4,1,1.7428571428571429,-0.5667595971484275
MM-S07,3,5,1,1.7428571428571429,-0.5667595971484275
MM-S07,3,6,3,1.7428571428571429,0.9591316259434928
MM-S07,3,7,2,1.7428571428571429,0.19618601439753258
MM-S07,3,8,4,1.7428571428571429,1.7220772374894529
MM-S07,3,9,1,1.7428571428571429,-0.5667595971484275
MM-S07,3,10,3,1.7428571428571429,0.9591316259434928
MM-S07,3,11,2,1.7428571428571429,0.19618601439753258
MM-S07,3,12,2,1.7428571428571429,0.19618601439753258
MM-S07,3,13,1,1.7428571428571429,-0.5667595971484275
MM-S07,3,14,2,1.7428571428571429,0.19618601439753258
MM-S07,3,15,2,1.7428571428571429,0.19618601439753258
MM-S07,3,16,5,1.7428571428571429,2.485022849035413
MM-S07,3,17,3,1.7428571428571429,0.9591316259434928
MM-S07,3,18,4,1.7428571428571429,1.7220772374894529
MM-S07,3,19,0,1.7428571428571429,-1.3297052086943877
MM-S07,3,20,1,1.7428571428571429,-0.5667595971484275
MM-S07,3,21,2,1.7428571428571429,0.19618601439753258
MM-S07,3,22,1,1.7428571428571429,-0.5667595971484275
MM-S07,3,23,3,1.7428571428571429,0.9591316259434928
MM-S07,3,24,3,1.7428571428571429,0.9591316259434928
MM-S07,3,25,0,1.7428571428571429,-1.3297052086943877
MM-S07,3,26,1,1.7428571428571429,-0.5667595971484275
MM-S07,3,27,1,1.7428571428571429,-0.5667595971484275
MM-S07,3,28,1,1.7428571428571429,-0.5667595971484275
MM-S07,3,29,0,1.7428571428571429,-1.3297052086943877
MM-S07,3,30,1,1.7428571428571429,-0.5667595971484275
MM-S07,3,31,1,1.7428571428571429,-0.5667595971484275
MM-S07,3,32,3,1.7428571428571429,0.9591316259434928
MM-S07,3,33,0,1.7428571428571429,-1.3297052086943877
MM-S07,3,34,3,1.7428571428571429,0.9591316259434928
MM-S07,3,35,1,1.7428571428571429,-0.5667595971484275
MM-S07,3,36,2,1.7428571428571429,0.19618601439753258
MM-S07,3,37,2,1.7428571428571429,0.19618601439753258
MM-S07,3,38,1,1.7428571428571429,-0.5667595971484275
MM-S07,3,39,1,1.7428571428571429,-0.5667595971484275
MM-S07,3,40,1,1.7428571428571429,-0.5667595971484275
MM-S07,3,41,3,1.7428571428571429,0.9591316259434928
MM-S07,3,42,4,1.7428571428571429,1.7220772374894529
MM-S07,3,43,4,1.7428571428571429,1.7220772374894529
MM-S07,3,44,3,1.7428571428571429,0.9591316259434928
MM-S07,3,45,0,1.7428571428571429,-1.3297052086943877
MM-S07,3,46,0,1.7428571428571429,-1.3297052086943877
MM-S07,3,47,2,1.7428571428571429,0.19618601439753258
MM-S07,3,48,1,1.7428571428571429,-0.5667595971484275
MM-S07,3,49,4,1.7428571428571429,1.7220772374894529
MM-S07,3,50,1,1.7428571428571429,-0.5667595971484275
MM-S07,3,51,0,1.7428571428571429,-1.3297052086943877
MM-S07,3,52,2,1.7428571428571429,0.19618601439753258
MM-S07,3,53,1,1.7428571428571429,-0.5667595971484275
MM-S07,3,54,0,1.7428571428571429,-1.3297052086943877
MM-S07,3,55,2,1.7428571428571429,0.19618601439753258
MM-S07,3,56,2,1.7428571428571429,0.19618601439753258
MM-S07,3,57,2,1.7428571428571429,0.19618601439753258
MM-S07,3,58,5,1.7428571428571429,2.485022849035413
MM-S07,3,59,1,1.7428571428571429,-0.5667595971484275
MM-S07,3,60,0,1.7428571428571429,-1.3297052086943877
MM-S07,3,61,1,1.7428571428571429,-0.5667595971484275
MM-S07,3,62,2,1.7428571428571429,0.19618601439753258
MM-S07,3,63,4,1.7428571428571429,1.7220772374894529
MM-S07,3,64,0,1.7428571428571429,-1.3297052086943877
MM-S07,3,65,2,1.7428571428571429,0.19618601439753258
MM-S07,3,66,4,1.7428571428571429,1.7220772374894529
MM-S07,3,67,1,1.7428571428571429,-0.5667595971484275
MM-S07,3,68,2,1.7428571428571429,0.19618601439753258
MM-S07,3,69,1,1.7428571428571429,-0.5667595971484275
MM-S07,3,70,1,1.7428571428571429,-0.5667595971484275
MM-S07,4,1,2,1.7428571428571429,0.19618601439753258
MM-S07,4,2,1,1.7428571428571429,-0.5667595971484275
MM-S07,4,3,1,1.7428571428571429,-0.5667595971484275
MM-S07,4,4,0,1.7428571428571429,-1.3297052086943877
MM-S07,4,5,1,1.7428571428571429,-0.5667595971484275
MM-S07,4,6,2,1.7428571428571429,0.19618601439753258
MM-S07,4,7,0,1.7428571428571429,-1.3297052086943877
MM-S07,4,8,1,1.7428571428571429,-0.5667595971484275
MM-S07,4,9,2,1.7428571428571429,0.19618601439753258
MM-S07,4,10,3,1.7428571428571429,0.9591316259434928
MM-S07,4,11,2,1.7428571428571429,0.19618601439753258
MM-S07,4,12,2,1.7428571428571429,0.19618601439753258
MM-S07,4,13,1,1.7428571428571429,-0.5667595971484275
MM-S07,4,14,3,1.7428571428571429,0.9591316259434928
MM-S07,4,15,1,1.7428571428571429,-0.5667595971484275
MM-S07,4,16,3,1.7428571428571429,0.9591316259434928
MM-S07,4,17,3,1.7428571428571429,0.9591316259434928
MM-S07,4,18,5,1.7428571428571429,2.485022849035413
MM-S07,4,19,2,1.7428571428571429,0.19618601439753258
MM-S07,4,20,1,1.7428571428571429,-0.5667595971484275
MM-S07,4,21,2,1.7428571428571429,0.19618601439753258
MM-S07,4,22,0,1.7428571428571429,-1.3297052086943877
MM-S07,4,23,1,1.7428571428571429,-0.5667595971484275
MM-S07,4,24,1,1.7428571428571429,-0.5667595971484275
MM-S07,4,25,2,1.7428571428571429,0.19618601439753258
MM-S07,4,26,0,1.7428571428571429,-1.3297052086943877
MM-S07,4,27,4,1.7428571428571429,1.7220772374894529
MM-S07,4,28,0,1.7428571428571429,-1.3297052086943877
MM-S07,4,29,2,1.7428571428571429,0.19618601439753258
MM-S07,4,30,1,1.7428571428571429,-0.5667595971484275
MM-S07,4,31,4,1.7428571428571429,1.7220772374894529
MM-S07,4,32,1,1.7428571428571429,-0.5667595971484275
MM-S07,4,33,3,1.7428571428571429,0.9591316259434928
MM-S07,4,34,2,1.7428571428571429,0.19618601439753258
MM-S07,4,35,1,1.7428571428571429,-0.5667595971484275
MM-S07,4,36,2,1.7428571428571429,0.19618601439753258
MM-S07,4,37,0,1.7428571428571429,-1.3297052086943877
MM-S07,4,38,1,1.7428571428571429,-0.5667595971484275
MM-S07,4,39,2,1.7428571428571429,0.19618601439753258
MM-S07,4,40,4,1.7428571428571429,1.7220772374894529
MM-S07,4,41,1,1.7428571428571429,-0.5667595971484275
MM-S07,4,42,3,1.7428571428571429,0.9591316259434928
MM-S07,4,43,3,1.7428571428571429,0.9591316259434928
MM-S07,4,44,1,1.7428571428571429,-0.5667595971484275
MM-S07,4,45,0,1.7428571428571429,-1.3297052086943877
MM-S07,4,46,2,1.7428571428571429,0.19618601439753258
MM-S07,4,47,0,1.7428571428571429,-1.3297052086943877
MM-S07,4,48,3,1.7428571428571429,0.9591316259434928
MM-S07,4,49,4,1.7428571428571429,1.7220772374894529
MM-S07,4,50,2,1.7428571428571429,0.19618601439753258
MM-S07,4,51,2,1.7428571428571429,0.19618601439753258
MM-S07,4,52,2,1.7428571428571429,0.19618601439753258
MM-S07,4,53,1,1.7428571428571429,-0.5667595971484275
MM-S07,4,54,1,1.7428571428571429,-0.5667595971484275
MM-S07,4,55,2,1.7428571428571429,0.19618601439753258
MM-S07,4,56,0,1.7428571428571429,-1.3297052086943877
MM-S07,4,57,2,1.7428571428571429,0.19618601439753258
MM-S07,4,58,2,1.7428571428571429,0.19618601439753258
MM-S07,4,59,1,1.7428571428571429,-0.5667595971484275
MM-S07,4,60,1,1.7428571428571429,-0.5667595971484275
MM-S07,4,61,1,1.7428571428571429,-0.5667595971484275
MM-S07,4,62,3,1.7428571428571429,0.9591316259434928
MM-S07,4,63,3,1.7428571428571429,0.9591316259434928
MM-S07,4,64,3,1.7428571428571429,0.9591316259434928
MM-S07,4,65,1,1.7428571428571429,-0.5667595971484275
MM-S07,4,66,1,1.7428571428571429,-0.5667595971484275
MM-S07,4,67,2,1.7428571428571429,0.19618601439753258
MM-S07,4,68,1,1.7428571428571429,-0.5667595971484275
MM-S07,4,69,5,1.7428571428571429,2.485022849035413
MM-S07,4,70,0,1.7428571428571429,-1.3297052086943877
MM-S07,5,1,0,1.7428571428571429,-1.3297052086943877
MM-S07,5,2,1,1.7428571428571429,-0.5667595971484275
MM-S07,5,3,1,1.7428571428571429,-0.5667595971484275
MM-S07,5,4,3,1.7428571428571429,0.9591316259434928
MM-S07,5,5,0,1.7428571428571429,-1.3297052086943877
MM-S07,5,6,2,1.7428571428571429,0.19618601439753258
MM-S07,5,7,0,1.7428571428571429,-1.3297052086943877
MM-S07,5,8,1,1.7428571428571429,-0.5667595971484275
MM-S07,5,9,1,1.7428571428571429,-0.5667595971484275
MM-S07,5,10,2,1.7428571428571429,0.19618601439753258
MM-S07,5,11,6,1.7428571428571429,3.2479684605813732
MM-S07,5,12,3,1.7428571428571429,0.9591316259434928
MM-S07,5,13,5,1.7428571428571429,2.485022849035413
MM-S07,5,14,1,1.7428571428571429,-0.5667595971484275
MM-S07,5,15,0,1.7428571428571429,-1.3297052086943877
MM-S07,5,16,1,1.7428571428571429,-0.5667595971484275
MM-S07,5,17,4,1.7428571428571429,1.7220772374894529
MM-S07,5,18,2,1.7428571428571429,0.19618601439753258
MM-S07,5,19,3,1.7428571428571429,0.9591316259434928
MM-S07,5,20,1,1.7428571428571429,-0.5667595971484275
MM-S07,5,21,2,1.7428571428571429,0.19618601439753258
MM-S07,5,22,3,1.7428571428571429,0.9591316259434928
MM-S07,5,23,1,1.7428571428571429,-0.5667595971484275
MM-S07,5,24,3,1.7428571428571429,0.9591316259434928
MM-S07,5,25,3,1.7428571428571429,0.9591316259434928
MM-S07,5,26,2,1.7428571428571429,0.19618601439753258
MM-S07,5,27,2,1.7428571428571429,0.19618601439753258
MM-S07,5,28,1,1.7428571428571429,-0.5667595971484275
MM-S07,5,29,0,1.7428571428571429,-1.3297052086943877
MM-S07,5,30,2,1.7428571428571429,0.19618601439753258
MM-S07,5,31,0,1.7428571428571429,-1.3297052086943877
MM-S07,5,32,0,1.7428571428571429,-1.3297052086943877
MM-S07,5,33,3,1.7428571428571429,0.9591316259434928
MM-S07,5,34,2,1.7428571428571429,0.19618601439753258
MM-S07,5,35,1,1.7428571428571429,-0.5667595971484275
MM-S07,5,36,2,1.7428571428571429,0.19618601439753258
MM-S07,5,37,2,1.7428571428571429,0.19618601439753258
MM-S07,5,38,2,1.7428571428571429,0.19618601439753258
MM-S07,5,39,1,1.7428571428571429,-0.5667595971484275
MM-S07,5,40,7,1.7428571428571429,4.010914072127333
MM-S07,5,41,1,1.7428571428571429,-0.5667595971484275
MM-S07,5,42,3,1.7428571428571429,0.9591316259434928
MM-S07,5,43,3,1.7428571428571429,0.9591316259434928
MM-S07,5,44,1,1.7428571428571429,-0.5667595971484275
MM-S07,5,45,3,1.7428571428571429,0.9591316259434928
MM-S07,5,46,1,1.7428571428571429,-0.5667595971484275
MM-S07,5,47,1,1.7428571428571429,-0.5667595971484275
MM-S07,5,48,0,1.7428571428571429,-1.3297052086943877
MM-S07,5,49,4,1.7428571428571429,1.7220772374894529
MM-S07,5,50,2,1.7428571428571429,0.19618601439753258
MM-S07,5,51,4,1.7428571428571429,1.7220772374894529
MM-S07,5,52,1,1.7428571428571429,-0.5667595971484275
MM-S07,5,53,0,1.7428571428571429,-1.3297052086943877
MM-S07,5,54,0,1.7428571428571429,-1.3297052086943877
MM-S07,5,55,2,1.7428571428571429,0.19618601439753258
MM-S07,5,56,2,1.7428571428571429,0.19618601439753258
MM-S07,5,57,2,1.7428571428571429,0.19618601439753258
MM-S07,5,58,3,1.7428571428571429,0.9591316259434928
MM-S07,5,59,2,1.7428571428571429,0.19618601439753258
MM-S07,5,60,1,1.7428571428571429,-0.5667595971484275
MM-S07,5,61,1,1.7428571428571429,-0.5667595971484275
MM-S07,5,62,1,1.7428571428571429,-0.5667595971484275
MM-S07,5,63,1,1.7428571428571429,-0.5667595971484275
MM-S07,5,64,3,1.7428571428571429,0.9591316259434928
MM-S07,5,65,1,1.7428571428571429,-0.5667595971484275
MM-S07,5,66,0,1.7428571428571429,-1.3297052086943877
MM-S07,5,67,0,1.7428571428571429,-1.3297052086943877
MM-S07,5,68,1,1.7428571428571429,-0.5667595971484275
MM-S07,5,69,0,1.7428571428571429,-1.3297052086943877
MM-S07,5,70,2,1.7428571428571429,0.19618601439753258
PB-S04,1,1,3,5.036363636363636,-0.9157591321266043
PB-S04,1,2,7,5.036363636363636,0.8830534488363686
PB-S04,1,3,4,5.036363636363636,-0.4660559868858611
PB-S04,1,4,6,5.036363636363636,0.4333503035956254
PB-S04,1,5,3,5.036363636363636,-0.9157591321266043
PB-S04,1,6,3,5.036363636363636,-0.9157591321266043
PB-S04,1,7,2,5.036363636363636,-1.3654622773673475
PB-S04,1,8,4,5.036363636363636,-0.4660559868858611
PB-S04,1,9,3,5.036363636363636,-0.9157591321266043
PB-S04,1,10,6,5.036363636363636,0.4333503035956254
PB-S04,1,11,1,5.036363636363636,-1.8151654226080907
PB-S04,1,12,7,5.036363636363636,0.8830534488363686
PB-S04,1,13,5,5.036363636363636,-0.01635284164511784
PB-S04,1,14,5,5.036363636363636,-0.01635284164511784
PB-S04,1,15,4,5.036363636363636,-0.4660559868858611
PB-S04,1,16,5,5.036363636363636,-0.01635284164511784
PB-S04,1,17,4,5.036363636363636,-0.4660559868858611
PB-S04,1,18,4,5.036363636363636,-0.4660559868858611
PB-S04,1,19,4,5.036363636363636,-0.4660559868858611
PB-S04,1,20,6,5.036363636363636,0.4333503035956254
PB-S04,1,21,5,5.036363636363636,-0.01635284164511784
PB-S04,1,22,5,5.036363636363636,-0.01635284164511784
PB-S04,1,23,6,5.036363636363636,0.4333503035956254
PB-S04,1,24,9,5.036363636363636,1.7824597393178552
PB-S04,1,25,4,5.036363636363636,-0.4660559868858611
PB-S04,1,26,8,5.036363636363636,1.3327565940771118
PB-S04,1,27,6,5.036363636363636,0.4333503035956254
PB-S04,1,28,5,5.036363636363636,-0.01635284164511784
PB-S04,1,29,5,5.036363636363636,-0.01635284164511784
PB-S04,1,30,6,5.036363636363636,0.4333503035956254
PB-S04,1,31,6,5.036363636363636,0.4333503035956254
PB-S04,1,32,4,5.036363636363636,-0.4660559868858611
PB-S04,1,33,4,5.036363636363636,-0.4660559868858611
PB-S04,1,34,4,5.036363636363636,-0.4660559868858611
PB-S04,1,35,4,5.036363636363636,-0.4660559868858611
PB-S04,1,36,5,5.036363636363636,-0.01635284164511784
PB-S04,1,37,4,5.036363636363636,-0.4660559868858611
PB-S04,1,38,10,5.036363636363636,2.232162884558598
PB-S04,1,39,6,5.036363636363636,0.4333503035956254
PB-S04,1,40,5,5.036363636363636,-0.01635284164511784
PB-S04,1,41,7,5.036363636363636,0.8830534488363686
PB-S04,1,42,7,5.036363636363636,0.8830534488363686
PB-S04,1,43,3,5.036363636363636,-0.9157591321266043
PB-S04,1,44,5,5.036363636363636,-0.01635284164511784
PB-S04,1,45,9,5.036363636363636,1.7824597393178552
PB-S04,1,46,6,5.036363636363636,0.4333503035956254
PB-S04,1,47,7,5.036363636363636,0.8830534488363686
PB-S04,1,48,7,5.036363636363636,0.8830534488363686
PB-S04,1,49,5,5.036363636363636,-0.01635284164511784
PB-S04,1,50,1,5.036363636363636,-1.8151654226080907
PB-S04,1,51,2,5.036363636363636,-1.3654622773673475
PB-S04,1,52,6,5.036363636363636,0.4333503035956254
PB-S04,1,53,5,5.036363636363636,-0.01635284164511784
PB-S04,1,54,4,5.036363636363636,-0.4660559868858611
PB-S04,1,55,6,5.036363636363636,0.4333503035956254
PB-S04,2,1,8,5.036363636363636,1.3327565940771118
PB-S04,2,2,7,5.036363636363636,0.8830534488363686
PB-S04,2,3,4,5.036363636363636,-0.4660559868858611
PB-S04,2,4,6,5.036363636363636,0.4333503035956254
PB-S04,2,5,5,5.036363636363636,-0.01635284164511784
PB-S04,2,6,5,5.036363636363636,-0.01635284164511784
PB-S04,2,7,5,5.036363636363636,-0.01635284164511784
PB-S04,2,8,4,5.036363636363636,-0.4660559868858611
PB-S04,2,9,3,5.036363636363636,-0.9157591321266043
PB-S04,2,10,10,5.036363636363636,2.232162884558598
PB-S04,2,11,5,5.036363636363636,-0.01635284164511784
PB-S04,2,12,6,5.036363636363636,0.4333503035956254
PB-S04,2,13,5,5.036363636363636,-0.01635284164511784
PB-S04,2,14,4,5.036363636363636,-0.4660559868858611
PB-S04,2,15,6,5.036363636363636,0.4333503035956254
PB-S04,2,16,1,5.036363636363636,-1.8151654226080907
PB-S04,2,17,1,5.036363636363636,-1.8151654226080907
PB-S04,2,18,5,5.036363636363636,-0.01635284164511784
PB-S04,2,19,6,5.036363636363636,0.4333503035956254
PB-S04,2,20,6,5.036363636363636,0.4333503035956254
PB-S04,2,21,6,5.036363636363636,0.4333503035956254
PB-S04,2,22,6,5.036363636363636,0.4333503035956254
PB-S04,2,23,3,5.036363636363636,-0.9157591321266043
PB-S04,2,24,4,5.036363636363636,-0.4660559868858611
PB-S04,2,25,3,5.036363636363636,-0.9157591321266043
PB-S04,2,26,7,5.036363636363636,0.8830534488363686
PB-S04,2,27,1,5.036363636363636,-1.8151654226080907
PB-S04,2,28,7,5.036363636363636,0.8830534488363686
PB-S04,2,29,4,5.036363636363636,-0.4660559868858611
PB-S04,2,30,8,5.036363636363636,1.3327565940771118
PB-S04,2,31,3,5.036363636363636,-0.9157591321266043
PB-S04,2,32,6,5.036363636363636,0.4333503035956254
PB-S04,2,33,1,5.036363636363636,-1.8151654226080907
PB-S04,2,34,4,5.036363636363636,-0.4660559868858611
PB-S04,2,35,5,5.036363636363636,-0.01635284164511784
PB-S04,2,36,5,5.036363636363636,-0.01635284164511784
PB-S04,2,37,5,5.036363636363636,-0.01635284164511784
PB-S04,2,38,6,5.036363636363636,0.4333503035956254
PB-S04,2,39,8,5.036363636363636,1.3327565940771118
PB-S04,2,40,5,5.036363636363636,-0.01635284164511784
PB-S04,2,41,2,5.036363636363636,-1.3654622773673475
PB-S04,2,42,5,5.036363636363636,-0.01635284164511784
PB-S04,2,43,5,5.036363636363636,-0.01635284164511784
PB-S04,2,44,3,5.036363636363636,-0.9157591321266043
PB-S04,2,45,2,5.036363636363636,-1.3654622773673475
PB-S04,2,46,2,5.036363636363636,-1.3654622773673475
PB-S04,2,47,8,5.036363636363636,1.3327565940771118
PB-S04,2,48,5,5.036363636363636,-0.01635284164511784
PB-S04,2,49,8,5.036363636363636,1.3327565940771118
PB-S04,2,50,5,5.036363636363636,-0.01635284164511784
PB-S04,2,51,7,5.036363636363636,0.8830534488363686
PB-S04,2,52,6,5.036363636363636,0.4333503035956254
PB-S04,2,53,5,5.036363636363636,-0.01635284164511784
PB-S04,2,54,9,5.036363636363636,1.7824597393178552
PB-S04,2,55,6,5.036363636363636,0.4333503035956254
PB-S04,3,1,2,5.036363636363636,-1.3654622773673475
PB-S04,3,2,5,5.036363636363636,-0.01635284164511784
PB-S04,3,3,7,5.036363636363636,0.8830534488363686
PB-S04,3,4,4,5.036363636363636,-0.4660559868858611
PB-S04,3,5,4,5.036363636363636,-0.4660559868858611
PB-S04,3,6,5,5.036363636363636,-0.01635284164511784
PB-S04,3,7,5,5.036363636363636,-0.01635284164511784
PB-S04,3,8,9,5.036363636363636,1.7824597393178552
PB-S04,3,9,7,5.036363636363636,0.8830534488363686
PB-S04,3,10,1,5.036363636363636,-1.8151654226080907
PB-S04,3,11,6,5.036363636363636,0.4333503035956254
PB-S04,3,12,3,5.036363636363636,-0.9157591321266043
PB-S04,3,13,10,5.036363636363636,2.232162884558598
PB-S04,3,14,6,5.036363636363636,0.4333503035956254
PB-S04,3,15,7,5.036363636363636,0.8830534488363686
PB-S04,3,16,6,5.036363636363636,0.4333503035956254
PB-S04,3,17,3,5.036363636363636,-0.9157591321266043
PB-S04,3,18,2,5.036363636363636,-1.3654622773673475
PB-S04,3,19,10,5.036363636363636,2.232162884558598
PB-S04,3,20,7,5.036363636363636,0.8830534488363686
PB-S04,3,21,7,5.036363636363636,0.8830534488363686
PB-S04,3,22,3,5.036363636363636,-0.9157591321266043
PB-S04,3,23,8,5.036363636363636,1.3327565940771118
PB-S04,3,24,9,5.036363636363636,1.7824597393178552
PB-S04,3,25,3,5.036363636363636,-0.9157591321266043
PB-S04,3,26,4,5.036363636363636,-0.4660559868858611
PB-S04,3,27,6,5.036363636363636,0.4333503035956254
PB-S04,3,28,5,5.036363636363636,-0.01635284164511784
PB-S04,3,29,4,5.036363636363636,-0.4660559868858611
PB-S04,3,30,4,5.036363636363636,-0.4660559868858611
PB-S04,3,31,3,5.036363636363636,-0.9157591321266043
PB-S04,3,32,4,5.036363636363636,-0.4660559868858611
PB-S04,3,33,4,5.036363636363636,-0.4660559868858611
PB-S04,3,34,6,5.036363636363636,0.4333503035956254
PB-S04,3,35,11,5.036363636363636,2.6818660297993415
PB-S04,3,36,5,5.036363636363636,-0.01635284164511784
PB-S04,3,37,1,5.036363636363636,-1.8151654226080907
PB-S04,3,38,5,5.036363636363636,-0.01635284164511784
PB-S04,3,39,2,5.036363636363636,-1.3654622773673475
PB-S04,3,40,2,5.036363636363636,-1.3654622773673475
PB-S04,3,41,2,5.036363636363636,-1.3654622773673475
PB-S04,3,42,7,5.036363636363636,0.8830534488363686
PB-S04,3,43,10,5.036363636363636,2.232162884558598
PB-S04,3,44,3,5.036363636363636,-0.9157591321266043
PB-S04,3,45,3,5.036363636363636,-0.9157591321266043
PB-S04,3,46,4,5.036363636363636,-0.4660559868858611
PB-S04,3,47,7,5.036363636363636,0.8830534488363686
PB-S04,3,48,6,5.036363636363636,0.4333503035956254
PB-S04,3,49,4,5.036363636363636,-0.4660559868858611
PB-S04,3,50,4,5.036363636363636,-0.4660559868858611
PB-S04,3,51,3,5.036363636363636,-0.9157591321266043
PB-S04,3,52,1,5.036363636363636,-1.8151654226080907
PB-S04,3,53,7,5.036363636363636,0.8830534488363686
PB-S04,3,54,5,5.036363636363636,-0.01635284164511784
PB-S04,3,55,6,5.036363636363636,0.4333503035956254
PB-S04,4,1,8,5.036363636363636,1.3327565940771118
PB-S04,4,2,5,5.036363636363636,-0.01635284164511784
PB-S04,4,3,6,5.036363636363636,0.4333503035956254
PB-S04,4,4,2,5.036363636363636,-1.3654622773673475
PB-S04,4,5,7,5.036363636363636,0.8830534488363686
PB-S04,4,6,1,5.036363636363636,-1.8151654226080907
PB-S04,4,7,6,5.036363636363636,0.4333503035956254
PB-S04,4,8,6,5.036363636363636,0.4333503035956254
PB-S04,4,9,5,5.036363636363636,-0.01635284164511784
PB-S04,4,10,2,5.036363636363636,-1.3654622773673475
PB-S04,4,11,7,5.036363636363636,0.8830534488363686
PB-S04,4,12,4,5.036363636363636,-0.4660559868858611
PB-S04,4,13,6,5.036363636363636,0.4333503035956254
PB-S04,4,14,2,5.036363636363636,-1.3654622773673475
PB-S04,4,15,4,5.036363636363636,-0.4660559868858611
PB-S04,4,16,10,5.036363636363636,2.232162884558598
PB-S04,4,17,6,5.036363636363636,0.4333503035956254
PB-S04,4,18,5,5.036363636363636,-0.01635284164511784
PB-S04,4,19,5,5.036363636363636,-0.01635284164511784
PB-S04,4,20,5,5.036363636363636,-0.01635284164511784
PB-S04,4,21,2,5.036363636363636,-1.3654622773673475
PB-S04,4,22,8,5.036363636363636,1.3327565940771118
PB-S04,4,23,7,5.036363636363636,0.8830534488363686
PB-S04,4,24,6,5.036363636363636,0.4333503035956254
PB-S04,4,25,6,5.036363636363636,0.4333503035956254
PB-S04,4,26,5,5.036363636363636,-0.01635284164511784
PB-S04,4,27,5,5.036363636363636,-0.01635284164511784
PB-S04,4,28,3,5.036363636363636,-0.9157591321266043
PB-S04,4,29,4,5.036363636363636,-0.4660559868858611
PB-S04,4,30,9,5.036363636363636,1.7824597393178552
PB-S04,4,31,2,5.036363636363636,-1.3654622773673475
PB-S04,4,32,5,5.036363636363636,-0.01635284164511784
PB-S04,4,33,1,5.036363636363636,-1.8151654226080907
PB-S04,4,34,5,5.036363636363636,-0.01635284164511784
PB-S04,4,35,6,5.036363636363636,0.4333503035956254
PB-S04,4,36,5,5.036363636363636,-0.01635284164511784
PB-S04,4,37,7,5.036363636363636,0.8830534488363686
PB-S04,4,38,4,5.036363636363636,-0.4660559868858611
PB-S04,4,39,3,5.036363636363636,-0.9157591321266043
PB-S04,4,40,6,5.036363636363636,0.4333503035956254
PB-S04,4,41,6,5.036363636363636,0.4333503035956254
PB-S04,4,42,9,5.036363636363636,1.7824597393178552
PB-S04,4,43,5,5.036363636363636,-0.01635284164511784
PB-S04,4,44,5,5.036363636363636,-0.01635284164511784
PB-S04,4,45,3,5.036363636363636,-0.9157591321266043
PB-S04,4,46,4,5.036363636363636,-0.4660559868858611
PB-S04,4,47,3,5.036363636363636,-0.9157591321266043
PB-S04,4,48,6,5.036363636363636,0.4333503035956254
PB-S04,4,49,5,5.036363636363636,-0.01635284164511784
PB-S04,4,50,7,5.036363636363636,0.8830534488363686
PB-S04,4,51,4,5.036363636363636,-0.4660559868858611
PB-S04,4,52,2,5.036363636363636,-1.3654622773673475
PB-S04,4,53,2,5.036363636363636,-1.3654622773673475
PB-S04,4,54,7,5.036363636363636,0.8830534488363686
PB-S04,4,55,8,5.036363636363636,1.3327565940771118
PB-S04,5,1,2,5.036363636363636,-1.3654622773673475
PB-S04,5,2,8,5.036363636363636,1.3327565940771118
PB-S04,5,3,3,5.036363636363636,-0.9157591321266043
PB-S04,5,4,3,5.036363636363636,-0.9157591321266043
PB-S04,5,5,0,5.036363636363636,-2.264868567848834
PB-S04,5,6,4,5.036363636363636,-0.4660559868858611
PB-S04,5,7,4,5.036363636363636,-0.4660559868858611
PB-S04,5,8,8,5.036363636363636,1.3327565940771118
PB-S04,5,9,3,5.036363636363636,-0.9157591321266043
PB-S04,5,10,6,5.036363636363636,0.4333503035956254
PB-S04,5,11,3,5.036363636363636,-0.9157591321266043
PB-S04,5,12,11,5.036363636363636,2.6818660297993415
PB-S04,5,13,5,5.036363636363636,-0.01635284164511784
PB-S04,5,14,8,5.036363636363636,1.3327565940771118
PB-S04,5,15,5,5.036363636363636,-0.01635284164511784
PB-S04,5,16,9,5.036363636363636,1.7824597393178552
PB-S04,5,17,6,5.036363636363636,0.4333503035956254
PB-S04,5,18,6,5.036363636363636,0.4333503035956254
PB-S04,5,19,8,5.036363636363636,1.3327565940771118
PB-S04,5,20,1,5.036363636363636,-1.8151654226080907
PB-S04,5,21,3,5.036363636363636,-0.9157591321266043
PB-S04,5,22,3,5.036363636363636,-0.9157591321266043
PB-S04,5,23,5,5.036363636363636,-0.01635284164511784
PB-S04,5,24,1,5.036363636363636,-1.8151654226080907
PB-S04,5,25,2,5.036363636363636,-1.3654622773673475
PB-S04,5,26,4,5.036363636363636,-0.4660559868858611
PB-S04,5,27,7,5.036363636363636,0.8830534488363686
PB-S04,5,28,4,5.036363636363636,-0.4660559868858611
PB-S04,5,29,2,5.036363636363636,-1.3654622773673475
PB-S04,5,30,6,5.036363636363636,0.4333503035956254
PB-S04,5,31,8,5.036363636363636,1.3327565940771118
PB-S04,5,32,3,5.036363636363636,-0.9157591321266043
PB-S04,5,33,5,5.036363636363636,-0.01635284164511784
PB-S04,5,34,6,5.036363636363636,0.4333503035956254
PB-S04,5,35,5,5.036363636363636,-0.01635284164511784
PB-S04,5,36,5,5.036363636363636,-0.01635284164511784
PB-S04,5,37,10,5.036363636363636,2.232162884558598
PB-S04,5,38,4,5.036363636363636,-0.4660559868858611
PB-S04,5,39,4,5.036363636363636,-0.4660559868858611
PB-S04,5,40,10,5.036363636363636,2.232162884558598
PB-S04,5,41,6,5.036363636363636,0.4333503035956254
PB-S04,5,42,4,5.036363636363636,-0.4660559868858611
PB-S04,5,43,8,5.036363636363636,1.3327565940771118
PB-S04,5,44,2,5.036363636363636,-1.3654622773673475
PB-S04,5,45,6,5.036363636363636,0.4333503035956254
PB-S04,5,46,5,5.036363636363636,-0.01635284164511784
PB-S04,5,47,3,5.036363636363636,-0.9157591321266043
PB-S04,5,48,5,5.036363636363636,-0.01635284164511784
PB-S04,5,49,4,5.036363636363636,-0.4660559868858611
PB-S04,5,50,8,5.036363636363636,1.3327565940771118
PB-S04,5,51,5,5.036363636363636,-0.01635284164511784
PB-S04,5,52,5,5.036363636363636,-0.01635284164511784
PB-S04,5,53,5,5.036363636363636,-0.01635284164511784
PB-S04,5,54,7,5.036363636363636,0.8830534488363686
PB-S04,5,55,4,5.036363636363636,-0.4660559868858611
PB-S05,1,1,4,4.220338983050848,-0.10817569197899161
PB-S05,1,2,2,4.220338983050848,-1.090078126865222
PB-S05,1,3,1,4.220338983050848,-1.581029344308337
PB-S05,1,4,4,4.220338983050848,-0.10817569197899161
PB-S05,1,5,4,4.220338983050848,-0.10817569197899161
PB-S05,1,6,7,4.220338983050848,1.3646779603503538
PB-S05,1,7,7,4.220338983050848,1.3646779603503538
PB-S05,1,8,3,4.220338983050848,-0.5991269094221068
PB-S05,1,9,3,4.220338983050848,-0.5991269094221068
PB-S05,1,10,6,4.220338983050848,0.8737267429072386
PB-S05,1,11,3,4.220338983050848,-0.5991269094221068
PB-S05,1,12,4,4.220338983050848,-0.10817569197899161
PB-S05,1,13,4,4.220338983050848,-0.10817569197899161
PB-S05,1,14,7,4.220338983050848,1.3646779603503538
PB-S05,1,15,6,4.220338983050848,0.8737267429072386
PB-S05,1,16,5,4.220338983050848,0.3827755254641235
PB-S05,1,17,3,4.220338983050848,-0.5991269094221068
PB-S05,1,18,5,4.220338983050848,0.3827755254641235
PB-S05,1,19,1,4.220338983050848,-1.581029344308337
PB-S05,1,20,5,4.220338983050848,0.3827755254641235
PB-S05,1,21,6,4.220338983050848,0.8737267429072386
PB-S05,1,22,7,4.220338983050848,1.3646779603503538
PB-S05,1,23,7,4.220338983050848,1.3646779603503538
PB-S05,1,24,3,4.220338983050848,-0.5991269094221068
PB-S05,1,25,3,4.220338983050848,-0.5991269094221068
PB-S05,1,26,6,4.220338983050848,0.8737267429072386
PB-S05,1,27,2,4.220338983050848,-1.090078126865222
PB-S05,1,28,6,4.220338983050848,0.8737267429072386
PB-S05,1,29,2,4.220338983050848,-1.090078126865222
PB-S05,1,30,4,4.220338983050848,-0.10817569197899161
PB-S05,1,31,2,4.220338983050848,-1.090078126865222
PB-S05,1,32,8,4.220338983050848,1.855629177793469
PB-S05,1,33,6,4.220338983050848,0.8737267429072386
PB-S05,1,34,5,4.220338983050848,0.3827755254641235
PB-S05,1,35,1,4.220338983050848,-1.581029344308337
PB-S05,1,36,4,4.220338983050848,-0.10817569197899161
PB-S05,1,37,3,4.220338983050848,-0.5991269094221068
PB-S05,1,38,5,4.220338983050848,0.3827755254641235
PB-S05,1,39,2,4.220338983050848,-1.090078126865222
PB-S05,1,40,4,4.220338983050848,-0.10817569197899161
PB-S05,1,41,7,4.220338983050848,1.3646779603503538
PB-S05,1,42,2,4.220338983050848,-1.090078126865222
PB-S05,1,43,6,4.220338983050848,0.8737267429072386
PB-S05,1,44,1,4.220338983050848,-1.581029344308337
PB-S05,1,45,4,4.220338983050848,-0.10817569197899161
PB-S05,1,46,5,4.220338983050848,0.3827755254641235
PB-S05,1,47,4,4.220338983050848,-0.10817569197899161
PB-S05,1,48,4,4.220338983050848,-0.10817569197899161
PB-S05,1,49,3,4.220338983050848,-0.5991269094221068
PB-S05,1,50,5,4.220338983050848,0.3827755254641235
PB-S05,1,51,4,4.220338983050848,-0.10817569197899161
PB-S05,1,52,10,4.220338983050848,2.8375316126796992
PB-S05,1,53,8,4.220338983050848,1.855629177793469
PB-S05,1,54,1,4.220338983050848,-1.581029344308337
PB-S05,1,55,1,4.220338983050848,-1.581029344308337
PB-S05,1,56,3,4.220338983050848,-0.5991269094221068
PB-S05,1,57,3,4.220338983050848,-0.5991269094221068
PB-S05,1,58,5,4.220338983050848,0.3827755254641235
PB-S05,1,59,3,4.220338983050848,-0.5991269094221068
PB-S05,2,1,2,4.220338983050848,-1.090078126865222
PB-S05,2,2,3,4.220338983050848,-0.5991269094221068
PB-S05,2,3,2,4.220338983050848,-1.090078126865222
PB-S05,2,4,4,4.220338983050848,-0.10817569197899161
PB-S05,2,5,6,4.220338983050848,0.8737267429072386
PB-S05,2,6,1,4.220338983050848,-1.581029344308337
PB-S05,2,7,6,4.220338983050848,0.8737267429072386
PB-S05,2,8,10,4.220338983050848,2.8375316126796992
PB-S05,2,9,1,4.220338983050848,-1.581029344308337
PB-S05,2,10,5,4.220338983050848,0.3827755254641235
PB-S05,2,11,4,4.220338983050848,-0.10817569197899161
PB-S05,2,12,4,4.220338983050848,-0.10817569197899161
PB-S05,2,13,5,4.220338983050848,0.3827755254641235
PB-S05,2,14,2,4.220338983050848,-1.090078126865222
PB-S05,2,15,6,4.220338983050848,0.8737267429072386
PB-S05,2,16,3,4.220338983050848,-0.5991269094221068
PB-S05,2,17,1,4.220338983050848,-1.581029344308337
PB-S05,2,18,6,4.220338983050848,0.8737267429072386
PB-S05,2,19,3,4.220338983050848,-0.5991269094221068
PB-S05,2,20,8,4.220338983050848,1.855629177793469
PB-S05,2,21,1,4.220338983050848,-1.581029344308337
PB-S05,2,22,10,4.220338983050848,2.8375316126796992
PB-S05,2,23,3,4.220338983050848,-0.5991269094221068
PB-S05,2,24,5,4.220338983050848,0.3827755254641235
PB-S05,2,25,2,4.220338983050848,-1.090078126865222
PB-S05,2,26,7,4.220338983050848,1.3646779603503538
PB-S05,2,27,4,4.220338983050848,-0.10817569197899161
PB-S05,2,28,4,4.220338983050848,-0.10817569197899161
PB-S05,2,29,1,4.220338983050848,-1.581029344308337
PB-S05,2,30,7,4.220338983050848,1.3646779603503538
PB-S05,2,31,2,4.220338983050848,-1.090078126865222
PB-S05,2,32,4,4.220338983050848,-0.10817569197899161
PB-S05,2,33,2,4.220338983050848,-1.090078126865222
PB-S05,2,34,5,4.220338983050848,0.3827755254641235
PB-S05,2,35,2,4.220338983050848,-1.090078126865222
PB-S05,2,36,7,4.220338983050848,1.3646779603503538
PB-S05,2,37,8,4.220338983050848,1.855629177793469
PB-S05,2,38,1,4.220338983050848,-1.581029344308337
PB-S05,2,39,3,4.220338983050848,-0.5991269094221068
PB-S05,2,40,1,4.220338983050848,-1.581029344308337
PB-S05,2,41,10,4.220338983050848,2.8375316126796992
PB-S05,2,42,3,4.220338983050848,-0.5991269094221068
PB-S05,2,43,2,4.220338983050848,-1.090078126865222
PB-S05,2,44,6,4.220338983050848,0.8737267429072386
PB-S05,2,45,4,4.220338983050848,-0.10817569197899161
PB-S05,2,46,3,4.220338983050848,-0.5991269094221068
PB-S05,2,47,4,4.220338983050848,-0.10817569197899161
PB-S05,2,48,1,4.220338983050848,-1.581029344308337
PB-S05,2,49,8,4.220338983050848,1.855629177793469
PB-S05,2,50,5,4.220338983050848,0.3827755254641235
PB-S05,2,51,4,4.220338983050848,-0.10817569197899161
PB-S05,2,52,7,4.220338983050848,1.3646779603503538
PB-S05,2,53,4,4.220338983050848,-0.10817569197899161
PB-S05,2,54,3,4.220338983050848,-0.5991269094221068
PB-S05,2,55,2,4.220338983050848,-1.090078126865222
PB-S05,2,56,7,4.220338983050848,1.3646779603503538
PB-S05,2,57,5,4.220338983050848,0.3827755254641235
PB-S05,2,58,7,4.220338983050848,1.3646779603503538
PB-S05,2,59,3,4.220338983050848,-0.5991269094221068
PB-S05,3,1,7,4.220338983050848,1.3646779603503538
PB-S05,3,2,1,4.220338983050848,-1.581029344308337
PB-S05,3,3,5,4.220338983050848,0.3827755254641235
PB-S05,3,4,6,4.220338983050848,0.8737267429072386
PB-S05,3,5,4,4.220338983050848,-0.10817569197899161
PB-S05,3,6,4,4.220338983050848,-0.10817569197899161
PB-S05,3,7,6,4.220338983050848,0.8737267429072386
PB-S05,3,8,1,4.220338983050848,-1.581029344308337
PB-S05,3,9,5,4.220338983050848,0.3827755254641235
PB-S05,3,10,6,4.220338983050848,0.8737267429072386
PB-S05,3,11,3,4.220338983050848,-0.5991269094221068
PB-S05,3,12,5,4.220338983050848,0.3827755254641235
PB-S05,3,13,3,4.220338983050848,-0.5991269094221068
PB-S05,3,14,4,4.220338983050848,-0.10817569197899161
PB-S05,3,15,1,4.220338983050848,-1.581029344308337
PB-S05,3,16,5,4.220338983050848,0.3827755254641235
PB-S05,3,17,4,4.220338983050848,-0.10817569197899161
PB-S05,3,18,2,4.220338983050848,-1.090078126865222
PB-S05,3,19,3,4.220338983050848,-0.5991269094221068
PB-S05,3,20,9,4.220338983050848,2.3465803952365842
PB-S05,3,21,4,4.220338983050848,-0.10817569197899161
PB-S05,3,22,5,4.220338983050848,0.3827755254641235
PB-S05,3,23,4,4.220338983050848,-0.10817569197899161
PB-S05,3,24,2,4.220338983050848,-1.090078126865222
PB-S05,3,25,3,4.220338983050848,-0.5991269094221068
PB-S05,3,26,5,4.220338983050848,0.3827755254641235
PB-S05,3,27,5,4.220338983050848,0.3827755254641235
PB-S05,3,28,1,4.220338983050848,-1.581029344308337
PB-S05,3,29,4,4.220338983050848,-0.10817569197899161
PB-S05,3,30,3,4.220338983050848,-0.5991269094221068
PB-S05,3,31,4,4.220338983050848,-0.10817569197899161
PB-S05,3,32,7,4.220338983050848,1.3646779603503538
PB-S05,3,33,3,4.220338983050848,-0.5991269094221068
PB-S05,3,34,2,4.220338983050848,-1.090078126865222
PB-S05,3,35,0,4.220338983050848,-2.0719805617514524
PB-S05,3,36,7,4.220338983050848,1.3646779603503538
PB-S05,3,37,4,4.220338983050848,-0.10817569197899161
PB-S05,3,38,5,4.220338983050848,0.3827755254641235
PB-S05,3,39,4,4.220338983050848,-0.10817569197899161
PB-S05,3,40,4,4.220338983050848,-0.10817569197899161
PB-S05,3,41,5,4.220338983050848,0.3827755254641235
PB-S05,3,42,8,4.220338983050848,1.855629177793469
PB-S05,3,43,4,4.220338983050848,-0.10817569197899161
PB-S05,3,44,7,4.220338983050848,1.3646779603503538
PB-S05,3,45,6,4.220338983050848,0.8737267429072386
PB-S05,3,46,6,4.220338983050848,0.8737267429072386
PB-S05,3,47,4,4.220338983050848,-0.10817569197899161
PB-S05,3,48,4,4.220338983050848,-0.10817569197899161
PB-S05,3,49,5,4.220338983050848,0.3827755254641235
PB-S05,3,50,3,4.220338983050848,-0.5991269094221068
PB-S05,3,51,4,4.220338983050848,-0.10817569197899161
PB-S05,3,52,5,4.220338983050848,0.3827755254641235
PB-S05,3,53,2,4.220338983050848,-1.090078126865222
PB-S05,3,54,4,4.220338983050848,-0.10817569197899161
PB-S05,3,55,5,4.220338983050848,0.3827755254641235
PB-S05,3,56,5,4.220338983050848,0.3827755254641235
PB-S05,3,57,4,4.220338983050848,-0.10817569197899161
PB-S05,3,58,4,4.220338983050848,-0.10817569197899161
PB-S05,3,59,4,4.220338983050848,-0.10817569197899161
PB-S05,4,1,4,4.220338983050848,-0.10817569197899161
PB-S05,4,2,1,4.220338983050848,-1.581029344308337
PB-S05,4,3,3,4.220338983050848,-0.5991269094221068
PB-S05,4,4,2,4.220338983050848,-1.090078126865222
PB-S05,4,5,5,4.220338983050848,0.3827755254641235
PB-S05,4,6,6,4.220338983050848,0.8737267429072386
PB-S05,4,7,2,4.220338983050848,-1.090078126865222
PB-S05,4,8,5,4.220338983050848,0.3827755254641235
PB-S05,4,9,6,4.220338983050848,0.8737267429072386
PB-S05,4,10,4,4.220338983050848,-0.10817569197899161
PB-S05,4,11,7,4.220338983050848,1.3646779603503538
PB-S05,4,12,2,4.220338983050848,-1.090078126865222
PB-S05,4,13,3,4.220338983050848,-0.5991269094221068
PB-S05,4,14,6,4.220338983050848,0.8737267429072386
PB-S05,4,15,2,4.220338983050848,-1.090078126865222
PB-S05,4,16,7,4.220338983050848,1.3646779603503538
PB-S05,4,17,4,4.220338983050848,-0.10817569197899161
PB-S05,4,18,3,4.220338983050848,-0.5991269094221068
PB-S05,4,19,3,4.220338983050848,-0.5991269094221068
PB-S05,4,20,8,4.220338983050848,1.855629177793469
PB-S05,4,21,5,4.220338983050848,0.3827755254641235
PB-S05,4,22,6,4.220338983050848,0.8737267429072386
PB-S05,4,23,3,4.220338983050848,-0.5991269094221068
PB-S05,4,24,3,4.220338983050848,-0.5991269094221068
PB-S05,4,25,0,4.220338983050848,-2.0719805617514524
PB-S05,4,26,2,4.220338983050848,-1.090078126865222
PB-S05,4,27,6,4.220338983050848,0.8737267429072386
PB-S05,4,28,3,4.220338983050848,-0.5991269094221068
PB-S05,4,29,3,4.220338983050848,-0.5991269094221068
PB-S05,4,30,7,4.220338983050848,1.3646779603503538
PB-S05,4,31,4,4.220338983050848,-0.10817569197899161
PB-S05,4,32,4,4.220338983050848,-0.10817569197899161
PB-S05,4,33,4,4.220338983050848,-0.10817569197899161
PB-S05,4,34,4,4.220338983050848,-0.10817569197899161
PB-S05,4,35,6,4.220338983050848,0.8737267429072386
PB-S05,4,36,2,4.220338983050848,-1.090078126865222
PB-S05,4,37,8,4.220338983050848,1.855629177793469
PB-S05,4,38,5,4.220338983050848,0.3827755254641235
PB-S05,4,39,7,4.220338983050848,1.3646779603503538
PB-S05,4,40,5,4.220338983050848,0.3827755254641235
PB-S05,4,41,6,4.220338983050848,0.8737267429072386
PB-S05,4,42,7,4.220338983050848,1.3646779603503538
PB-S05,4,43,1,4.220338983050848,-1.581029344308337
PB-S05,4,44,3,4.220338983050848,-0.5991269094221068
PB-S05,4,45,7,4.220338983050848,1.3646779603503538
PB-S05,4,46,2,4.220338983050848,-1.090078126865222
PB-S05,4,47,4,4.220338983050848,-0.10817569197899161
PB-S05,4,48,6,4.220338983050848,0.8737267429072386
PB-S05,4,49,7,4.220338983050848,1.3646779603503538
PB-S05,4,50,4,4.220338983050848,-0.10817569197899161
PB-S05,4,51,4,4.220338983050848,-0.10817569197899161
PB-S05,4,52,6,4.220338983050848,0.8737267429072386
PB-S05,4,53,6,4.220338983050848,0.8737267429072386
PB-S05,4,54,3,4.220338983050848,-0.5991269094221068
PB-S05,4,55,2,4.220338983050848,-1.090078126865222
PB-S05,4,56,4,4.220338983050848,-0.10817569197899161
PB-S05,4,57,1,4.220338983050848,-1.581029344308337
PB-S05,4,58,1,4.220338983050848,-1.581029344308337
PB-S05,4,59,5,4.220338983050848,0.3827755254641235
PB-S05,5,1,1,4.220338983050848,-1.581029344308337
PB-S05,5,2,7,4.220338983050848,1.3646779603503538
PB-S05,5,3,5,4.220338983050848,0.3827755254641235
PB-S05,5,4,6,4.220338983050848,0.8737267429072386
PB-S05,5,5,4,4.220338983050848,-0.10817569197899161
PB-S05,5,6,1,4.220338983050848,-1.581029344308337
PB-S05,5,7,5,4.220338983050848,0.3827755254641235
PB-S05,5,8,2,4.220338983050848,-1.090078126865222
PB-S05,5,9,2,4.220338983050848,-1.090078126865222
PB-S05,5,10,3,4.220338983050848,-0.5991269094221068
PB-S05,5,11,5,4.220338983050848,0.3827755254641235
PB-S05,5,12,4,4.220338983050848,-0.10817569197899161
PB-S05,5,13,7,4.220338983050848,1.3646779603503538
PB-S05,5,14,4,4.220338983050848,-0.10817569197899161
PB-S05,5,15,3,4.220338983050848,-0.5991269094221068
PB-S05,5,16,4,4.220338983050848,-0.10817569197899161
PB-S05,5,17,7,4.220338983050848,1.3646779603503538
PB-S05,5,18,5,4.220338983050848,0.3827755254641235
PB-S05,5,19,6,4.220338983050848,0.8737267429072386
PB-S05,5,20,9,4.220338983050848,2.3465803952365842
PB-S05,5,21,3,4.220338983050848,-0.5991269094221068
PB-S05,5,22,3,4.220338983050848,-0.5991269094221068
PB-S05,5,23,7,4.220338983050848,1.3646779603503538
PB-S05,5,24,2,4.220338983050848,-1.090078126865222
PB-S05,5,25,6,4.220338983050848,0.8737267429072386
PB-S05,5,26,3,4.220338983050848,-0.5991269094221068
PB-S05,5,27,5,4.220338983050848,0.3827755254641235
PB-S05,5,28,3,4.220338983050848,-0.5991269094221068
PB-S05,5,29,1,4.220338983050848,-1.581029344308337
PB-S05,5,30,2,4.220338983050848,-1.090078126865222
PB-S05,5,31,5,4.220338983050848,0.3827755254641235
PB-S05,5,32,13,4.220338983050848,4.310385265009045
PB-S05,5,33,2,4.220338983050848,-1.090078126865222
PB-S05,5,34,2,4.220338983050848,-1.090078126865222
PB-S05,5,35,3,4.220338983050848,-0.5991269094221068
PB-S05,5,36,4,4.220338983050848,-0.10817569197899161
PB-S05,5,37,5,4.220338983050848,0.3827755254641235
PB-S05,5,38,5,4.220338983050848,0.3827755254641235
PB-S05,5,39,5,4.220338983050848,0.3827755254641235
PB-S05,5,40,3,4.220338983050848,-0.5991269094221068
PB-S05,5,41,6,4.220338983050848,0.8737267429072386
PB-S05,5,42,6,4.220338983050848,0.8737267429072386
PB-S05,5,43,1,4.220338983050848,-1.581029344308337
PB-S05,5,44,4,4.220338983050848,-0.10817569197899161
PB-S05,5,45,3,4.220338983050848,-0.5991269094221068
PB-S05,5,46,3,4.220338983050848,-0.5991269094221068
PB-S05,5,47,5,4.220338983050848,0.3827755254641235
PB-S05,5,48,4,4.220338983050848,-0.10817569197899161
PB-S05,5,49,5,4.220338983050848,0.3827755254641235
PB-S05,5,50,6,4.220338983050848,0.8737267429072386
PB-S05,5,51,9,4.220338983050848,2.3465803952365842
PB-S05,5,52,1,4.220338983050848,-1.581029344308337
PB-S05,5,53,1,4.220338983050848,-1.581029344308337
PB-S05,5,54,3,4.220338983050848,-0.5991269094221068
PB-S05,5,55,4,4.220338983050848,-0.10817569197899161
PB-S05,5,56,1,4.220338983050848,-1.581029344308337
PB-S05,5,57,4,4.220338983050848,-0.10817569197899161
PB-S05,5,58,5,4.220338983050848,0.3827755254641235
PB-S05,5,59,6,4.220338983050848,0.8737267429072386
PB-S06,1,1,4,5.220338983050848,-0.5386952441358983
PB-S06,1,2,4,5.220338983050848,-0.5386952441358983
PB-S06,1,3,3,5.220338983050848,-0.9801260691917038
PB-S06,1,4,4,5.220338983050848,-0.5386952441358983
PB-S06,1,5,10,5.220338983050848,2.1098897061989343
PB-S06,1,6,5,5.220338983050848,-0.09726441908009287
PB-S06,1,7,6,5.220338983050848,0.3441664059757126
PB-S06,1,8,6,5.220338983050848,0.3441664059757126
PB-S06,1,9,8,5.220338983050848,1.2270280560873235
PB-S06,1,10,5,5.220338983050848,-0.09726441908009287
PB-S06,1,11,3,5.220338983050848,-0.9801260691917038
PB-S06,1,12,6,5.220338983050848,0.3441664059757126
PB-S06,1,13,4,5.220338983050848,-0.5386952441358983
PB-S06,1,14,8,5.220338983050848,1.2270280560873235
PB-S06,1,15,4,5.220338983050848,-0.5386952441358983
PB-S06,1,16,0,5.220338983050848,-2.30441854435912
PB-S06,1,17,5,5.220338983050848,-0.09726441908009287
PB-S06,1,18,3,5.220338983050848,-0.9801260691917038
PB-S06,1,19,5,5.220338983050848,-0.09726441908009287
PB-S06,1,20,4,5.220338983050848,-0.5386952441358983
PB-S06,1,21,3,5.220338983050848,-0.9801260691917038
PB-S06,1,22,7,5.220338983050848,0.785597231031518
PB-S06,1,23,7,5.220338983050848,0.785597231031518
PB-S06,1,24,5,5.220338983050848,-0.09726441908009287
PB-S06,1,25,1,5.220338983050848,-1.8629877193033146
PB-S06,1,26,6,5.220338983050848,0.3441664059757126
PB-S06,1,27,3,5.220338983050848,-0.9801260691917038
PB-S06,1,28,3,5.220338983050848,-0.9801260691917038
PB-S06,1,29,7,5.220338983050848,0.785597231031518
PB-S06,1,30,3,5.220338983050848,-0.9801260691917038
PB-S06,1,31,3,5.220338983050848,-0.9801260691917038
PB-S06,1,32,4,5.220338983050848,-0.5386952441358983
PB-S06,1,33,7,5.220338983050848,0.785597231031518
PB-S06,1,34,7,5.220338983050848,0.785597231031518
PB-S06,1,35,6,5.220338983050848,0.3441664059757126
PB-S06,1,36,7,5.220338983050848,0.785597231031518
PB-S06,1,37,6,5.220338983050848,0.3441664059757126
PB-S06,1,38,6,5.220338983050848,0.3441664059757126
PB-S06,1,39,3,5.220338983050848,-0.9801260691917038
PB-S06,1,40,7,5.220338983050848,0.785597231031518
PB-S06,1,41,6,5.220338983050848,0.3441664059757126
PB-S06,1,42,4,5.220338983050848,-0.5386952441358983
PB-S06,1,43,5,5.220338983050848,-0.09726441908009287
PB-S06,1,44,6,5.220338983050848,0.3441664059757126
PB-S06,1,45,5,5.220338983050848,-0.09726441908009287
PB-S06,1,46,6,5.220338983050848,0.3441664059757126
PB-S06,1,47,8,5.220338983050848,1.2270280560873235
PB-S06,1,48,6,5.220338983050848,0.3441664059757126
PB-S06,1,49,8,5.220338983050848,1.2270280560873235
PB-S06,1,50,4,5.220338983050848,-0.5386952441358983
PB-S06,1,51,2,5.220338983050848,-1.4215568942475092
PB-S06,1,52,4,5.220338983050848,-0.5386952441358983
PB-S06,1,53,0,5.220338983050848,-2.30441854435912
PB-S06,1,54,10,5.220338983050848,2.1098897061989343
PB-S06,1,55,12,5.220338983050848,2.9927513563105452
PB-S06,1,56,7,5.220338983050848,0.785597231031518
PB-S06,1,57,5,5.220338983050848,-0.09726441908009287
PB-S06,1,58,10,5.220338983050848,2.1098897061989343
PB-S06,1,59,2,5.220338983050848,-1.4215568942475092
PB-S06,2,1,8,5.220338983050848,1.2270280560873235
PB-S06,2,2,10,5.220338983050848,2.1098897061989343
PB-S06,2,3,6,5.220338983050848,0.3441664059757126
PB-S06,2,4,3,5.220338983050848,-0.9801260691917038
PB-S06,2,5,6,5.220338983050848,0.3441664059757126
PB-S06,2,6,7,5.220338983050848,0.785597231031518
PB-S06,2,7,9,5.220338983050848,1.668458881143129
PB-S06,2,8,10,5.220338983050848,2.1098897061989343
PB-S06,2,9,2,5.220338983050848,-1.4215568942475092
PB-S06,2,10,5,5.220338983050848,-0.09726441908009287
PB-S06,2,11,7,5.220338983050848,0.785597231031518
PB-S06,2,12,4,5.220338983050848,-0.5386952441358983
PB-S06,2,13,8,5.220338983050848,1.2270280560873235
PB-S06,2,14,6,5.220338983050848,0.3441664059757126
PB-S06,2,15,6,5.220338983050848,0.3441664059757126
PB-S06,2,16,6,5.220338983050848,0.3441664059757126
PB-S06,2,17,4,5.220338983050848,-0.5386952441358983
PB-S06,2,18,6,5.220338983050848,0.3441664059757126
PB-S06,2,19,4,5.220338983050848,-0.5386952441358983
PB-S06,2,20,5,5.220338983050848,-0.09726441908009287
PB-S06,2,21,3,5.220338983050848,-0.9801260691917038
PB-S06,2,22,5,5.220338983050848,-0.09726441908009287
PB-S06,2,23,9,5.220338983050848,1.668458881143129
PB-S06,2,24,4,5.220338983050848,-0.5386952441358983
PB-S06,2,25,5,5.220338983050848,-0.09726441908009287
PB-S06,2,26,3,5.220338983050848,-0.9801260691917038
PB-S06,2,27,3,5.220338983050848,-0.9801260691917038
PB-S06,2,28,4,5.220338983050848,-0.5386952441358983
PB-S06,2,29,2,5.220338983050848,-1.4215568942475092
PB-S06,2,30,7,5.220338983050848,0.785597231031518
PB-S06,2,31,5,5.220338983050848,-0.09726441908009287
PB-S06,2,32,2,5.220338983050848,-1.4215568942475092
PB-S06,2,33,5,5.220338983050848,-0.09726441908009287
PB-S06,2,34,7,5.220338983050848,0.785597231031518
PB-S06,2,35,2,5.220338983050848,-1.4215568942475092
PB-S06,2,36,5,5.220338983050848,-0.09726441908009287
PB-S06,2,37,5,5.220338983050848,-0.09726441908009287
PB-S06,2,38,3,5.220338983050848,-0.9801260691917038
PB-S06,2,39,7,5.220338983050848,0.785597231031518
PB-S06,2,40,4,5.220338983050848,-0.5386952441358983
PB-S06,2,41,4,5.220338983050848,-0.5386952441358983
PB-S06,2,42,5,5.220338983050848,-0.09726441908009287
PB-S06,2,43,8,5.220338983050848,1.2270280560873235
PB-S06,2,44,3,5.220338983050848,-0.9801260691917038
PB-S06,2,45,6,5.220338983050848,0.3441664059757126
PB-S06,2,46,4,5.220338983050848,-0.5386952441358983
PB-S06,2,47,2,5.220338983050848,-1.4215568942475092
PB-S06,2,48,5,5.220338983050848,-0.09726441908009287
PB-S06,2,49,4,5.220338983050848,-0.5386952441358983
PB-S06,2,50,4,5.220338983050848,-0.5386952441358983
PB-S06,2,51,4,5.220338983050848,-0.5386952441358983
PB-S06,2,52,6,5.220338983050848,0.3441664059757126
PB-S06,2,53,8,5.220338983050848,1.2270280560873235
PB-S06,2,54,8,5.220338983050848,1.2270280560873235
PB-S06,2,55,3,5.220338983050848,-0.9801260691917038
PB-S06,2,56,6,5.220338983050848,0.3441664059757126
PB-S06,2,57,6,5.220338983050848,0.3441664059757126
PB-S06,2,58,5,5.220338983050848,-0.09726441908009287
PB-S06,2,59,5,5.220338983050848,-0.09726441908009287
PB-S06,3,1,4,5.220338983050848,-0.5386952441358983
PB-S06,3,2,4,5.220338983050848,-0.5386952441358983
PB-S06,3,3,5,5.220338983050848,-0.09726441908009287
PB-S06,3,4,3,5.220338983050848,-0.9801260691917038
PB-S06,3,5,5,5.220338983050848,-0.09726441908009287
PB-S06,3,6,4,5.220338983050848,-0.5386952441358983
PB-S06,3,7,6,5.220338983050848,0.3441664059757126
PB-S06,3,8,7,5.220338983050848,0.785597231031518
PB-S06,3,9,4,5.220338983050848,-0.5386952441358983
PB-S06,3,10,5,5.220338983050848,-0.09726441908009287
PB-S06,3,11,9,5.220338983050848,1.668458881143129
PB-S06,3,12,4,5.220338983050848,-0.5386952441358983
PB-S06,3,13,7,5.220338983050848,0.785597231031518
PB-S06,3,14,8,5.220338983050848,1.2270280560873235
PB-S06,3,15,3,5.220338983050848,-0.9801260691917038
PB-S06,3,16,8,5.220338983050848,1.2270280560873235
PB-S06,3,17,8,5.220338983050848,1.2270280560873235
PB-S06,3,18,3,5.220338983050848,-0.9801260691917038
PB-S06,3,19,9,5.220338983050848,1.668458881143129
PB-S06,3,20,2,5.220338983050848,-1.4215568942475092
PB-S06,3,21,3,5.220338983050848,-0.9801260691917038
PB-S06,3,22,3,5.220338983050848,-0.9801260691917038
PB-S06,3,23,4,5.220338983050848,-0.5386952441358983
PB-S06,3,24,4,5.220338983050848,-0.5386952441358983
PB-S06,3,25,6,5.220338983050848,0.3441664059757126
PB-S06,3,26,10,5.220338983050848,2.1098897061989343
PB-S06,3,27,4,5.220338983050848,-0.5386952441358983
PB-S06,3,28,11,5.220338983050848,2.55132053125474
PB-S06,3,29,6,5.220338983050848,0.3441664059757126
PB-S06,3,30,3,5.220338983050848,-0.9801260691917038
PB-S06,3,31,6,5.220338983050848,0.3441664059757126
PB-S06,3,32,6,5.220338983050848,0.3441664059757126
PB-S06,3,33,3,5.220338983050848,-0.9801260691917038
PB-S06,3,34,2,5.220338983050848,-1.4215568942475092
PB-S06,3,35,5,5.220338983050848,-0.09726441908009287
PB-S06,3,36,6,5.220338983050848,0.3441664059757126
PB-S06,3,37,2,5.220338983050848,-1.4215568942475092
PB-S06,3,38,4,5.220338983050848,-0.5386952441358983
PB-S06,3,39,3,5.220338983050848,-0.9801260691917038
PB-S06,3,40,5,5.220338983050848,-0.09726441908009287
PB-S06,3,41,2,5.220338983050848,-1.4215568942475092
PB-S06,3,42,8,5.220338983050848,1.2270280560873235
PB-S06,3,43,5,5.220338983050848,-0.09726441908009287
PB-S06,3,44,5,5.220338983050848,-0.09726441908009287
PB-S06,3,45,6,5.220338983050848,0.3441664059757126
PB-S06,3,46,7,5.220338983050848,0.785597231031518
PB-S06,3,47,2,5.220338983050848,-1.4215568942475092
PB-S06,3,48,7,5.220338983050848,0.785597231031518
PB-S06,3,49,6,5.220338983050848,0.3441664059757126
PB-S06,3,50,2,5.220338983050848,-1.4215568942475092
PB-S06,3,51,6,5.220338983050848,0.3441664059757126
PB-S06,3,52,4,5.220338983050848,-0.5386952441358983
PB-S06,3,53,6,5.220338983050848,0.3441664059757126
PB-S06,3,54,6,5.220338983050848,0.3441664059757126
PB-S06,3,55,6,5.220338983050848,0.3441664059757126
PB-S06,3,56,5,5.220338983050848,-0.09726441908009287
PB-S06,3,57,2,5.220338983050848,-1.4215568942475092
PB-S06,3,58,8,5.220338983050848,1.2270280560873235
PB-S06,3,59,11,5.220338983050848,2.55132053125474
PB-S06,4,1,6,5.220338983050848,0.3441664059757126
PB-S06,4,2,2,5.220338983050848,-1.4215568942475092
PB-S06,4,3,4,5.220338983050848,-0.5386952441358983
PB-S06,4,4,6,5.220338983050848,0.3441664059757126
PB-S06,4,5,3,5.220338983050848,-0.9801260691917038
PB-S06,4,6,5,5.220338983050848,-0.09726441908009287
PB-S06,4,7,6,5.220338983050848,0.3441664059757126
PB-S06,4,8,4,5.220338983050848,-0.5386952441358983
PB-S06,4,9,6,5.220338983050848,0.3441664059757126
PB-S06,4,10,5,5.220338983050848,-0.09726441908009287
PB-S06,4,11,5,5.220338983050848,-0.09726441908009287
PB-S06,4,12,4,5.220338983050848,-0.5386952441358983
PB-S06,4,13,5,5.220338983050848,-0.09726441908009287
PB-S06,4,14,9,5.220338983050848,1.668458881143129
PB-S06,4,15,4,5.220338983050848,-0.5386952441358983
PB-S06,4,16,3,5.220338983050848,-0.9801260691917038
PB-S06,4,17,7,5.220338983050848,0.785597231031518
PB-S06,4,18,5,5.220338983050848,-0.09726441908009287
PB-S06,4,19,5,5.220338983050848,-0.09726441908009287
PB-S06,4,20,6,5.220338983050848,0.3441664059757126
PB-S06,4,21,3,5.220338983050848,-0.9801260691917038
PB-S06,4,22,4,5.220338983050848,-0.5386952441358983
PB-S06,4,23,8,5.220338983050848,1.2270280560873235
PB-S06,4,24,7,5.220338983050848,0.785597231031518
PB-S06,4,25,9,5.220338983050848,1.668458881143129
PB-S06,4,26,6,5.220338983050848,0.3441664059757126
PB-S06,4,27,5,5.220338983050848,-0.09726441908009287
PB-S06,4,28,6,5.220338983050848,0.3441664059757126
PB-S06,4,29,7,5.220338983050848,0.785597231031518
PB-S06,4,30,3,5.220338983050848,-0.9801260691917038
PB-S06,4,31,6,5.220338983050848,0.3441664059757126
PB-S06,4,32,7,5.220338983050848,0.785597231031518
PB-S06,4,33,7,5.220338983050848,0.785597231031518
PB-S06,4,34,5,5.220338983050848,-0.09726441908009287
PB-S06,4,35,4,5.220338983050848,-0.5386952441358983
PB-S06,4,36,5,5.220338983050848,-0.09726441908009287
PB-S06,4,37,2,5.220338983050848,-1.4215568942475092
PB-S06,4,38,8,5.220338983050848,1.2270280560873235
PB-S06,4,39,9,5.220338983050848,1.668458881143129
PB-S06,4,40,4,5.220338983050848,-0.5386952441358983
PB-S06,4,41,6,5.220338983050848,0.3441664059757126
PB-S06,4,42,2,5.220338983050848,-1.4215568942475092
PB-S06,4,43,3,5.220338983050848,-0.9801260691917038
PB-S06,4,44,6,5.220338983050848,0.3441664059757126
PB-S06,4,45,5,5.220338983050848,-0.09726441908009287
PB-S06,4,46,8,5.220338983050848,1.2270280560873235
PB-S06,4,47,6,5.220338983050848,0.3441664059757126
PB-S06,4,48,5,5.220338983050848,-0.09726441908009287
PB-S06,4,49,4,5.220338983050848,-0.5386952441358983
PB-S06,4,50,5,5.220338983050848,-0.09726441908009287
PB-S06,4,51,4,5.220338983050848,-0.5386952441358983
PB-S06,4,52,6,5.220338983050848,0.3441664059757126
PB-S06,4,53,7,5.220338983050848,0.785597231031518
PB-S06,4,54,3,5.220338983050848,-0.9801260691917038
PB-S06,4,55,6,5.220338983050848,0.3441664059757126
PB-S06,4,56,5,5.220338983050848,-0.09726441908009287
PB-S06,4,57,3,5.220338983050848,-0.9801260691917038
PB-S06,4,58,2,5.220338983050848,-1.4215568942475092
PB-S06,4,59,7,5.220338983050848,0.785597231031518
PB-S06,5,1,4,5.220338983050848,-0.5386952441358983
PB-S06,5,2,7,5.220338983050848,0.785597231031518
PB-S06,5,3,11,5.220338983050848,2.55132053125474
PB-S06,5,4,6,5.220338983050848,0.3441664059757126
PB-S06,5,5,7,5.220338983050848,0.785597231031518
PB-S06,5,6,4,5.220338983050848,-0.5386952441358983
PB-S06,5,7,6,5.220338983050848,0.3441664059757126
PB-S06,5,8,6,5.220338983050848,0.3441664059757126
PB-S06,5,9,9,5.220338983050848,1.668458881143129
PB-S06,5,10,9,5.220338983050848,1.668458881143129
PB-S06,5,11,4,5.220338983050848,-0.5386952441358983
PB-S06,5,12,6,5.220338983050848,0.3441664059757126
PB-S06,5,13,6,5.220338983050848,0.3441664059757126
PB-S06,5,14,2,5.220338983050848,-1.4215568942475092
PB-S06,5,15,4,5.220338983050848,-0.5386952441358983
PB-S06,5,16,4,5.220338983050848,-0.5386952441358983
PB-S06,5,17,4,5.220338983050848,-0.5386952441358983
PB-S06,5,18,5,5.220338983050848,-0.09726441908009287
PB-S06,5,19,6,5.220338983050848,0.3441664059757126
PB-S06,5,20,3,5.220338983050848,-0.9801260691917038
PB-S06,5,21,4,5.220338983050848,-0.5386952441358983
PB-S06,5,22,6,5.220338983050848,0.3441664059757126
PB-S06,5,23,5,5.220338983050848,-0.09726441908009287
PB-S06,5,24,4,5.220338983050848,-0.5386952441358983
PB-S06,5,25,6,5.220338983050848,0.3441664059757126
PB-S06,5,26,6,5.220338983050848,0.3441664059757126
PB-S06,5,27,2,5.220338983050848,-1.4215568942475092
PB-S06,5,28,8,5.220338983050848,1.2270280560873235
PB-S06,5,29,3,5.220338983050848,-0.9801260691917038
PB-S06,5,30,8,5.220338983050848,1.2270280560873235
PB-S06,5,31,7,5.220338983050848,0.785597231031518
PB-S06,5,32,4,5.220338983050848,-0.5386952441358983
PB-S06,5,33,3,5.220338983050848,-0.9801260691917038
PB-S06,5,34,5,5.220338983050848,-0.09726441908009287
PB-S06,5,35,4,5.220338983050848,-0.5386952441358983
PB-S06,5,36,6,5.220338983050848,0.3441664059757126
PB-S06,5,37,6,5.220338983050848,0.3441664059757126
PB-S06,5,38,2,5.220338983050848,-1.4215568942475092
PB-S06,5,39,8,5.220338983050848,1.2270280560873235
PB-S06,5,40,6,5.220338983050848,0.3441664059757126
PB-S06,5,41,5,5.220338983050848,-0.09726441908009287
PB-S06,5,42,4,5.220338983050848,-0.5386952441358983
PB-S06,5,43,1,5.220338983050848,-1.8629877193033146
PB-S06,5,44,6,5.220338983050848,0.3441664059757126
PB-S06,5,45,6,5.220338983050848,0.3441664059757126
PB-S06,5,46,1,5.220338983050848,-1.8629877193033146
PB-S06,5,47,2,5.220338983050848,-1.4215568942475092
PB-S06,5,48,5,5.220338983050848,-0.09726441908009287
PB-S06,5,49,10,5.220338983050848,2.1098897061989343
PB-S06,5,50,4,5.220338983050848,-0.5386952441358983
PB-S06,5,51,7,5.220338983050848,0.785597231031518
PB-S06,5,52,5,5.220338983050848,-0.09726441908009287
PB-S06,5,53,2,5.220338983050848,-1.4215568942475092
PB-S06,5,54,8,5.220338983050848,1.2270280560873235
PB-S06,5,55,5,5.220338983050848,-0.09726441908009287
PB-S06,5,56,5,5.220338983050848,-0.09726441908009287
PB-S06,5,57,9,5.220338983050848,1.668458881143129
PB-S06,5,58,2,5.220338983050848,-1.4215568942475092
PB-S06,5,59,5,5.220338983050848,-0.09726441908009287
PB-S07,1,1,16,16.27536231884058,-0.06875578841923224
PB-S07,1,2,17,16.27536231884058,0.1809362853137704
PB-S07,1,3,21,16.27536231884058,1.1797045802457808
PB-S07,1,4,14,16.27536231884058,-0.5681399358852375
PB-S07,1,5,12,16.27536231884058,-1.0675240833512427
PB-S07,1,6,16,16.27536231884058,-0.06875578841923224
PB-S07,1,7,21,16.27536231884058,1.1797045802457808
PB-S07,1,8,16,16.27536231884058,-0.06875578841923224
PB-S07,1,9,15,16.27536231884058,-0.3184478621522349
PB-S07,1,10,15,16.27536231884058,-0.3184478621522349
PB-S07,1,11,11,16.27536231884058,-1.3172161570842456
PB-S07,1,12,18,16.27536231884058,0.43062835904677305
PB-S07,1,13,17,16.27536231884058,0.1809362853137704
PB-S07,1,14,21,16.27536231884058,1.1797045802457808
PB-S07,1,15,18,16.27536231884058,0.43062835904677305
PB-S07,1,16,20,16.27536231884058,0.9300125065127783
PB-S07,1,17,14,16.27536231884058,-0.5681399358852375
PB-S07,1,18,16,16.27536231884058,-0.06875578841923224
PB-S07,1,19,13,16.27536231884058,-0.8178320096182402
PB-S07,1,20,17,16.27536231884058,0.1809362853137704
PB-S07,1,21,19,16.27536231884058,0.6803204327797757
PB-S07,1,22,11,16.27536231884058,-1.3172161570842456
PB-S07,1,23,14,16.27536231884058,-0.5681399358852375
PB-S07,1,24,22,16.27536231884058,1.4293966539787837
PB-S07,1,25,13,16.27536231884058,-0.8178320096182402
PB-S07,1,26,20,16.27536231884058,0.9300125065127783
PB-S07,1,27,19,16.27536231884058,0.6803204327797757
PB-S07,1,28,13,16.27536231884058,-0.8178320096182402
PB-S07,1,29,14,16.27536231884058,-0.5681399358852375
PB-S07,1,30,12,16.27536231884058,-1.0675240833512427
PB-S07,1,31,17,16.27536231884058,0.1809362853137704
PB-S07,1,32,25,16.27536231884058,2.1784728751777913
PB-S07,1,33,21,16.27536231884058,1.1797045802457808
PB-S07,1,34,11,16.27536231884058,-1.3172161570842456
PB-S07,1,35,10,16.27536231884058,-1.5669082308172482
PB-S07,1,36,21,16.27536231884058,1.1797045802457808
PB-S07,1,37,22,16.27536231884058,1.4293966539787837
PB-S07,1,38,16,16.27536231884058,-0.06875578841923224
PB-S07,1,39,22,16.27536231884058,1.4293966539787837
PB-S07,1,40,21,16.27536231884058,1.1797045802457808
PB-S07,1,41,9,16.27536231884058,-1.8166003045502508
PB-S07,1,42,22,16.27536231884058,1.4293966539787837
PB-S07,1,43,10,16.27536231884058,-1.5669082308172482
PB-S07,1,44,18,16.27536231884058,0.43062835904677305
PB-S07,1,45,18,16.27536231884058,0.43062835904677305
PB-S07,1,46,15,16.27536231884058,-0.3184478621522349
PB-S07,1,47,17,16.27536231884058,0.1809362853137704
PB-S07,1,48,14,16.27536231884058,-0.5681399358852375
PB-S07,1,49,12,16.27536231884058,-1.0675240833512427
PB-S07,1,50,16,16.27536231884058,-0.06875578841923224
PB-S07,1,51,12,16.27536231884058,-1.0675240833512427
PB-S07,1,52,10,16.27536231884058,-1.5669082308172482
PB-S07,1,53,20,16.27536231884058,0.9300125065127783
PB-S07,1,54,16,16.27536231884058,-0.06875578841923224
PB-S07,1,55,19,16.27536231884058,0.6803204327797757
PB-S07,1,56,20,16.27536231884058,0.9300125065127783
PB-S07,1,57,14,16.27536231884058,-0.5681399358852375
PB-S07,1,58,16,16.27536231884058,-0.06875578841923224
PB-S07,1,59,13,16.27536231884058,-0.8178320096182402
PB-S07,1,60,9,16.27536231884058,-1.8166003045502508
PB-S07,1,61,20,16.27536231884058,0.9300125065127783
PB-S07,1,62,20,16.27536231884058,0.9300125065127783
PB-S07,1,63,16,16.27536231884058,-0.06875578841923224
PB-S07,1,64,18,16.27536231884058,0.43062835904677305
PB-S07,1,65,14,16.27536231884058,-0.5681399358852375
PB-S07,1,66,16,16.27536231884058,-0.06875578841923224
PB-S07,1,67,12,16.27536231884058,-1.0675240833512427
PB-S07,1,68,15,16.27536231884058,-0.3184478621522349
PB-S07,1,69,21,16.27536231884058,1.1797045802457808
PB-S07,2,1,14,16.27536231884058,-0.5681399358852375
PB-S07,2,2,20,16.27536231884058,0.9300125065127783
PB-S07,2,3,18,16.27536231884058,0.43062835904677305
PB-S07,2,4,19,16.27536231884058,0.6803204327797757
PB-S07,2,5,17,16.27536231884058,0.1809362853137704
PB-S07,2,6,10,16.27536231884058,-1.5669082308172482
PB-S07,2,7,13,16.27536231884058,-0.8178320096182402
PB-S07,2,8,15,16.27536231884058,-0.3184478621522349
PB-S07,2,9,18,16.27536231884058,0.43062835904677305
PB-S07,2,10,20,16.27536231884058,0.9300125065127783
PB-S07,2,11,17,16.27536231884058,0.1809362853137704
PB-S07,2,12,18,16.27536231884058,0.43062835904677305
PB-S07,2,13,11,16.27536231884058,-1.3172161570842456
PB-S07,2,14,10,16.27536231884058,-1.5669082308172482
PB-S07,2,15,17,16.27536231884058,0.1809362853137704
PB-S07,2,16,17,16.27536231884058,0.1809362853137704
PB-S07,2,17,23,16.27536231884058,1.6790887277117863
PB-S07,2,18,8,16.27536231884058,-2.0662923782832534
PB-S07,2,19,21,16.27536231884058,1.1797045802457808
PB-S07,2,20,17,16.27536231884058,0.1809362853137704
PB-S07,2,21,18,16.27536231884058,0.43062835904677305
PB-S07,2,22,19,16.27536231884058,0.6803204327797757
PB-S07,2,23,19,16.27536231884058,0.6803204327797757
PB-S07,2,24,17,16.27536231884058,0.1809362853137704
PB-S07,2,25,13,16.27536231884058,-0.8178320096182402
PB-S07,2,26,14,16.27536231884058,-0.5681399358852375
PB-S07,2,27,19,16.27536231884058,0.6803204327797757
PB-S07,2,28,23,16.27536231884058,1.6790887277117863
PB-S07,2,29,11,16.27536231884058,-1.3172161570842456
PB-S07,2,30,21,16.27536231884058,1.1797045802457808
PB-S07,2,31,16,16.27536231884058,-0.06875578841923224
PB-S07,2,32,17,16.27536231884058,0.1809362853137704
PB-S07,2,33,23,16.27536231884058,1.6790887277117863
PB-S07,2,34,14,16.27536231884058,-0.5681399358852375
PB-S07,2,35,15,16.27536231884058,-0.3184478621522349
PB-S07,2,36,11,16.27536231884058,-1.3172161570842456
PB-S07,2,37,18,16.27536231884058,0.43062835904677305
PB-S07,2,38,22,16.27536231884058,1.4293966539787837
PB-S07,2,39,18,16.27536231884058,0.43062835904677305
PB-S07,2,40,17,16.27536231884058,0.1809362853137704
PB-S07,2,41,13,16.27536231884058,-0.8178320096182402
PB-S07,2,42,8,16.27536231884058,-2.0662923782832534
PB-S07,2,43,19,16.27536231884058,0.6803204327797757
PB-S07,2,44,12,16.27536231884058,-1.0675240833512427
PB-S07,2,45,22,16.27536231884058,1.4293966539787837
PB-S07,2,46,15,16.27536231884058,-0.3184478621522349
PB-S07,2,47,11,16.27536231884058,-1.3172161570842456
PB-S07,2,48,10,16.27536231884058,-1.5669082308172482
PB-S07,2,49,12,16.27536231884058,-1.0675240833512427
PB-S07,2,50,16,16.27536231884058,-0.06875578841923224
PB-S07,2,51,9,16.27536231884058,-1.8166003045502508
PB-S07,2,52,19,16.27536231884058,0.6803204327797757
PB-S07,2,53,20,16.27536231884058,0.9300125065127783
PB-S07,2,54,15,16.27536231884058,-0.3184478621522349
PB-S07,2,55,17,16.27536231884058,0.1809362853137704
PB-S07,2,56,20,16.27536231884058,0.9300125065127783
PB-S07,2,57,10,16.27536231884058,-1.5669082308172482
PB-S07,2,58,12,16.27536231884058,-1.0675240833512427
PB-S07,2,59,17,16.27536231884058,0.1809362853137704
PB-S07,2,60,18,16.27536231884058,0.43062835904677305
PB-S07,2,61,26,16.27536231884058,2.428164948910794
PB-S07,2,62,21,16.27536231884058,1.1797045802457808
PB-S07,2,63,21,16.27536231884058,1.1797045802457808
PB-S07,2,64,11,16.27536231884058,-1.3172161570842456
PB-S07,2,65,13,16.27536231884058,-0.8178320096182402
PB-S07,2,66,15,16.27536231884058,-0.3184478621522349
PB-S07,2,67,20,16.27536231884058,0.9300125065127783
PB-S07,2,68,19,16.27536231884058,0.6803204327797757
PB-S07,2,69,14,16.27536231884058,-0.5681399358852375
PB-S07,3,1,14,16.27536231884058,-0.5681399358852375
PB-S07,3,2,19,16.27536231884058,0.6803204327797757
PB-S07,3,3,15,16.27536231884058,-0.3184478621522349
PB-S07,3,4,11,16.27536231884058,-1.3172161570842456
PB-S07,3,5,11,16.27536231884058,-1.3172161570842456
PB-S07,3,6,17,16.27536231884058,0.1809362853137704
PB-S07,3,7,16,16.27536231884058,-0.06875578841923224
PB-S07,3,8,12,16.27536231884058,-1.0675240833512427
PB-S07,3,9,21,16.27536231884058,1.1797045802457808
PB-S07,3,10,20,16.27536231884058,0.9300125065127783
PB-S07,3,11,14,16.27536231884058,-0.5681399358852375
PB-S07,3,12,28,16.27536231884058,2.9275490963767994
PB-S07,3,13,11,16.27536231884058,-1.3172161570842456
PB-S07,3,14,12,16.27536231884058,-1.0675240833512427
PB-S07,3,15,15,16.27536231884058,-0.3184478621522349
PB-S07,3,16,14,16.27536231884058,-0.5681399358852375
PB-S07,3,17,14,16.27536231884058,-0.5681399358852375
PB-S07,3,18,14,16.27536231884058,-0.5681399358852375
PB-S07,3,19,14,16.27536231884058,-0.5681399358852375
PB-S07,3,20,20,16.27536231884058,0.9300125065127783
PB-S07,3,21,25,16.27536231884058,2.1784728751777913
PB-S07,3,22,19,16.27536231884058,0.6803204327797757
PB-S07,3,23,19,16.27536231884058,0.6803204327797757
PB-S07,3,24,16,16.27536231884058,-0.06875578841923224
PB-S07,3,25,17,16.27536231884058,0.1809362853137704
PB-S07,3,26,10,16.27536231884058,-1.5669082308172482
PB-S07,3,27,14,16.27536231884058,-0.5681399358852375
PB-S07,3,28,17,16.27536231884058,0.1809362853137704
PB-S07,3,29,14,16.27536231884058,-0.5681399358852375
PB-S07,3,30,12,16.27536231884058,-1.0675240833512427
PB-S07,3,31,18,16.27536231884058,0.43062835904677305
PB-S07,3,32,14,16.27536231884058,-0.5681399358852375
PB-S07,3,33,20,16.27536231884058,0.9300125065127783
PB-S07,3,34,13,16.27536231884058,-0.8178320096182402
PB-S07,3,35,15,16.27536231884058,-0.3184478621522349
PB-S07,3,36,25,16.27536231884058,2.1784728751777913
PB-S07,3,37,19,16.27536231884058,0.6803204327797757
PB-S07,3,38,8,16.27536231884058,-2.0662923782832534
PB-S07,3,39,15,16.27536231884058,-0.3184478621522349
PB-S07,3,40,14,16.27536231884058,-0.5681399358852375
PB-S07,3,41,19,16.27536231884058,0.6803204327797757
PB-S07,3,42,19,16.27536231884058,0.6803204327797757
PB-S07,3,43,17,16.27536231884058,0.1809362853137704
PB-S07,3,44,19,16.27536231884058,0.6803204327797757
PB-S07,3,45,18,16.27536231884058,0.43062835904677305
PB-S07,3,46,11,16.27536231884058,-1.3172161570842456
PB-S07,3,47,25,16.27536231884058,2.1784728751777913
PB-S07,3,48,14,16.27536231884058,-0.5681399358852375
PB-S07,3,49,14,16.27536231884058,-0.5681399358852375
PB-S07,3,50,16,16.27536231884058,-0.06875578841923224
PB-S07,3,51,14,16.27536231884058,-0.5681399358852375
PB-S07,3,52,14,16.27536231884058,-0.5681399358852375
PB-S07,3,53,15,16.27536231884058,-0.3184478621522349
PB-S07,3,54,17,16.27536231884058,0.1809362853137704
PB-S07,3,55,11,16.27536231884058,-1.3172161570842456
PB-S07,3,56,17,16.27536231884058,0.1809362853137704
PB-S07,3,57,15,16.27536231884058,-0.3184478621522349
PB-S07,3,58,15,16.27536231884058,-0.3184478621522349
PB-S07,3,59,22,16.27536231884058,1.4293966539787837
PB-S07,3,60,13,16.27536231884058,-0.8178320096182402
PB-S07,3,61,19,16.27536231884058,0.6803204327797757
PB-S07,3,62,17,16.27536231884058,0.1809362853137704
PB-S07,3,63,18,16.27536231884058,0.43062835904677305
PB-S07,3,64,12,16.27536231884058,-1.0675240833512427
PB-S07,3,65,21,16.27536231884058,1.1797045802457808
PB-S07,3,66,18,16.27536231884058,0.43062835904677305
PB-S07,3,67,15,16.27536231884058,-0.3184478621522349
PB-S07,3,68,21,16.27536231884058,1.1797045802457808
PB-S07,3,69,21,16.27536231884058,1.1797045802457808
PB-S07,4,1,17,16.27536231884058,0.1809362853137704
PB-S07,4,2,13,16.27536231884058,-0.8178320096182402
PB-S07,4,3,15,16.27536231884058,-0.3184478621522349
PB-S07,4,4,19,16.27536231884058,0.6803204327797757
PB-S07,4,5,14,16.27536231884058,-0.5681399358852375
PB-S07,4,6,21,16.27536231884058,1.1797045802457808
PB-S07,4,7,17,16.27536231884058,0.1809362853137704
PB-S07,4,8,15,16.27536231884058,-0.3184478621522349
PB-S07,4,9,12,16.27536231884058,-1.0675240833512427
PB-S07,4,10,13,16.27536231884058,-0.8178320096182402
PB-S07,4,11,16,16.27536231884058,-0.06875578841923224
PB-S07,4,12,10,16.27536231884058,-1.5669082308172482
PB-S07,4,13,10,16.27536231884058,-1.5669082308172482
PB-S07,4,14,13,16.27536231884058,-0.8178320096182402
PB-S07,4,15,9,16.27536231884058,-1.8166003045502508
PB-S07,4,16,18,16.27536231884058,0.43062835904677305
PB-S07,4,17,15,16.27536231884058,-0.3184478621522349
PB-S07,4,18,19,16.27536231884058,0.6803204327797757
PB-S07,4,19,20,16.27536231884058,0.9300125065127783
PB-S07,4,20,12,16.27536231884058,-1.0675240833512427
PB-S07,4,21,22,16.27536231884058,1.4293966539787837
PB-S07,4,22,14,16.27536231884058,-0.5681399358852375
PB-S07,4,23,30,16.27536231884058,3.4269332438428046
PB-S07,4,24,14,16.27536231884058,-0.5681399358852375
PB-S07,4,25,18,16.27536231884058,0.43062835904677305
PB-S07,4,26,10,16.27536231884058,-1.5669082308172482
PB-S07,4,27,26,16.27536231884058,2.428164948910794
PB-S07,4,28,15,16.27536231884058,-0.3184478621522349
PB-S07,4,29,10,16.27536231884058,-1.5669082308172482
PB-S07,4,30,18,16.27536231884058,0.43062835904677305
PB-S07,4,31,18,16.27536231884058,0.43062835904677305
PB-S07,4,32,20,16.27536231884058,0.9300125065127783
PB-S07,4,33,13,16.27536231884058,-0.8178320096182402
PB-S07,4,34,15,16.27536231884058,-0.3184478621522349
PB-S07,4,35,15,16.27536231884058,-0.3184478621522349
PB-S07,4,36,13,16.27536231884058,-0.8178320096182402
PB-S07,4,37,12,16.27536231884058,-1.0675240833512427
PB-S07,4,38,20,16.27536231884058,0.9300125065127783
PB-S07,4,39,22,16.27536231884058,1.4293966539787837
PB-S07,4,40,18,16.27536231884058,0.43062835904677305
PB-S07,4,41,21,16.27536231884058,1.1797045802457808
PB-S07,4,42,12,16.27536231884058,-1.0675240833512427
PB-S07,4,43,13,16.27536231884058,-0.8178320096182402
PB-S07,4,44,19,16.27536231884058,0.6803204327797757
PB-S07,4,45,10,16.27536231884058,-1.5669082308172482
PB-S07,4,46,11,16.27536231884058,-1.3172161570842456
PB-S07,4,47,20,16.27536231884058,0.9300125065127783
PB-S07,4,48,14,16.27536231884058,-0.5681399358852375
PB-S07,4,49,8,16.27536231884058,-2.0662923782832534
PB-S07,4,50,21,16.27536231884058,1.1797045802457808
PB-S07,4,51,16,16.27536231884058,-0.06875578841923224
PB-S07,4,52,19,16.27536231884058,0.6803204327797757
PB-S07,4,53,17,16.27536231884058,0.1809362853137704
PB-S07,4,54,15,16.27536231884058,-0.3184478621522349
PB-S07,4,55,15,16.27536231884058,-0.3184478621522349
PB-S07,4,56,13,16.27536231884058,-0.8178320096182402
PB-S07,4,57,16,16.27536231884058,-0.06875578841923224
PB-S07,4,58,22,16.27536231884058,1.4293966539787837
PB-S07,4,59,23,16.27536231884058,1.6790887277117863
PB-S07,4,60,8,16.27536231884058,-2.0662923782832534
PB-S07,4,61,20,16.27536231884058,0.9300125065127783
PB-S07,4,62,18,16.27536231884058,0.43062835904677305
PB-S07,4,63,20,16.27536231884058,0.9300125065127783
PB-S07,4,64,27,16.27536231884058,2.677857022643797
PB-S07,4,65,11,16.27536231884058,-1.3172161570842456
PB-S07,4,66,18,16.27536231884058,0.43062835904677305
PB-S07,4,67,24,16.27536231884058,1.928780801444789
PB-S07,4,68,12,16.27536231884058,-1.0675240833512427
PB-S07,4,69,19,16.27536231884058,0.6803204327797757
PB-S07,5,1,21,16.27536231884058,1.1797045802457808
PB-S07,5,2,15,16.27536231884058,-0.3184478621522349
PB-S07,5,3,18,16.27536231884058,0.43062835904677305
PB-S07,5,4,10,16.27536231884058,-1.5669082308172482
PB-S07,5,5,19,16.27536231884058,0.6803204327797757
PB-S07,5,6,19,16.27536231884058,0.6803204327797757
PB-S07,5,7,8,16.27536231884058,-2.0662923782832534
PB-S07,5,8,15,16.27536231884058,-0.3184478621522349
PB-S07,5,9,13,16.27536231884058,-0.8178320096182402
PB-S07,5,10,11,16.27536231884058,-1.3172161570842456
PB-S07,5,11,22,16.27536231884058,1.4293966539787837
PB-S07,5,12,12,16.27536231884058,-1.0675240833512427
PB-S07,5,13,11,16.27536231884058,-1.3172161570842456
PB-S07,5,14,18,16.27536231884058,0.43062835904677305
PB-S07,5,15,17,16.27536231884058,0.1809362853137704
PB-S07,5,16,15,16.27536231884058,-0.3184478621522349
PB-S07,5,17,11,16.27536231884058,-1.3172161570842456
PB-S07,5,18,20,16.27536231884058,0.9300125065127783
PB-S07,5,19,19,16.27536231884058,0.6803204327797757
PB-S07,5,20,19,16.27536231884058,0.6803204327797757
PB-S07,5,21,19,16.27536231884058,0.6803204327797757
PB-S07,5,22,16,16.27536231884058,-0.06875578841923224
PB-S07,5,23,11,16.27536231884058,-1.3172161570842456
PB-S07,5,24,14,16.27536231884058,-0.5681399358852375
PB-S07,5,25,12,16.27536231884058,-1.0675240833512427
PB-S07,5,26,15,16.27536231884058,-0.3184478621522349
PB-S07,5,27,20,16.27536231884058,0.9300125065127783
PB-S07,5,28,18,16.27536231884058,0.43062835904677305
PB-S07,5,29,20,16.27536231884058,0.9300125065127783
PB-S07,5,30,17,16.27536231884058,0.1809362853137704
PB-S07,5,31,11,16.27536231884058,-1.3172161570842456
PB-S07,5,32,21,16.27536231884058,1.1797045802457808
PB-S07,5,33,20,16.27536231884058,0.9300125065127783
PB-S07,5,34,15,16.27536231884058,-0.3184478621522349
PB-S07,5,35,16,16.27536231884058,-0.06875578841923224
PB-S07,5,36,26,16.27536231884058,2.428164948910794
PB-S07,5,37,19,16.27536231884058,0.6803204327797757
PB-S07,5,38,13,16.27536231884058,-0.8178320096182402
PB-S07,5,39,18,16.27536231884058,0.43062835904677305
PB-S07,5,40,10,16.27536231884058,-1.5669082308172482
PB-S07,5,41,15,16.27536231884058,-0.3184478621522349
PB-S07,5,42,16,16.27536231884058,-0.06875578841923224
PB-S07,5,43,16,16.27536231884058,-0.06875578841923224
PB-S07,5,44,18,16.27536231884058,0.43062835904677305
PB-S07,5,45,17,16.27536231884058,0.1809362853137704
PB-S07,5,46,17,16.27536231884058,0.1809362853137704
PB-S07,5,47,17,16.27536231884058,0.1809362853137704
PB-S07,5,48,18,16.27536231884058,0.43062835904677305
PB-S07,5,49,14,16.27536231884058,-0.5681399358852375
PB-S07,5,50,9,16.27536231884058,-1.8166003045502508
PB-S07,5,51,16,16.27536231884058,-0.06875578841923224
PB-S07,5,52,17,16.27536231884058,0.1809362853137704
PB-S07,5,53,15,16.27536231884058,-0.3184478621522349
PB-S07,5,54,16,16.27536231884058,-0.06875578841923224
PB-S07,5,55,14,16.27536231884058,-0.5681399358852375
PB-S07,5,56,12,16.27536231884058,-1.0675240833512427
PB-S07,5,57,21,16.27536231884058,1.1797045802457808
PB-S07,5,58,12,16.27536231884058,-1.0675240833512427
PB-S07,5,59,11,16.27536231884058,-1.3172161570842456
PB-S07,5,60,23,16.27536231884058,1.6790887277117863
PB-S07,5,61,20,16.27536231884058,0.9300125065127783
PB-S07,5,62,15,16.27536231884058,-0.3184478621522349
PB-S07,5,63,22,16.27536231884058,1.4293966539787837
PB-S07,5,64,26,16.27536231884058,2.428164948910794
PB-S07,5,65,10,16.27536231884058,-1.5669082308172482
PB-S07,5,66,15,16.27536231884058,-0.3184478621522349
PB-S07,5,67,16,16.27536231884058,-0.06875578841923224
PB-S07,5,68,18,16.27536231884058,0.43062835904677305
PB-S07,5,69,23,16.27536231884058,1.6790887277117863
