statistical_regime_id,statistic_id,metric,pooled,batch_values,max_dev,se,atol,passed
FL-S01,F-S001,mean,43.0388806065665,"[43.114792431830836, 42.97727067334447, 43.262904952698946, 42.800554368391765]",0.23832623817473575,0.061836196083605244,4.30388806065665e-05,True
FL-S01,F-S001,var,76.47047920665544,"[76.20894749769248, 79.6349020072875, 74.53309405418602, 75.38842857490661]",3.164422800632053,0.8174015083823365,7.647047920665544e-05,True
FL-S01,F-S001,q90,54.523094045631616,"[54.523094045631616, 54.57762938230384, 54.74396215915416, 54.3322203672788]",0.22086811352254188,0.0036742346141747668,5.452309404563161e-05,True
FL-S01,F-S001,q95,58.258764607679474,"[58.069254312743475, 58.4264607679466, 58.34193099610463, 58.149693934335]",0.18951029493599947,0.002669269563007829,5.825876460767947e-05,True
FL-S01,F-S001,q99,65.83917640511966,"[65.70365609348916, 67.66638286032278, 65.0216917084029, 65.75791875347802]",1.8272064552031253,0.0012186057606953945,6.583917640511966e-05,True
FL-S01,F-S002,mean,2.502584954659074,"[2.5031742174798257, 2.501162100530916, 2.508107083709063, 2.49789641691649]",0.005522129049988944,0.0030828792963249856,2.502584954659074e-06,True
FL-S01,F-S002,var,0.1900733909694291,"[0.1951077357549405, 0.18673160948635328, 0.19035326904116692, 0.18804610155530546]",0.005034344785511402,0.002353630772914043,1e-06,True
FL-S01,F-S002,q90,3.072866339169962,"[3.072866339169962, 3.072866339169962, 3.072866339169962, 3.072866339169962]",0.0,0.0036742346141747668,3.072866339169962e-06,True
FL-S01,F-S002,q95,3.322155164698651,"[3.322155164698651, 3.283998711811605, 3.322155164698651, 3.322155164698651]",0.038156452887045944,0.002669269563007829,3.322155164698651e-06,True
FL-S01,F-S002,q99,3.782576362868983,"[3.820732815756029, 3.782576362868983, 3.782576362868983, 3.6969532825904765]",0.08562308027850651,0.0012186057606953945,3.782576362868983e-06,True
FL-S01,F-S003,mean,92.05725,"[92.0456, 92.061, 92.1344, 91.988]",0.07715000000000316,0.02722270514953984,9.205725e-05,True
FL-S01,F-S003,var,14.820772437499999,"[14.835120640000003, 14.414079000000001, 14.935936639999998, 15.087056]",0.40669343749999776,0.18014297246643593,1.4820772437499999e-05,True
FL-S01,F-S003,q90,97.0,"[97.0, 97.0, 97.0, 97.0]",0.0,0.0036742346141747668,9.7e-05,True
FL-S01,F-S003,q95,99.0,"[99.0, 99.0, 99.0, 99.0]",0.0,0.002669269563007829,9.9e-05,True
FL-S01,F-S003,q99,103.0,"[103.0, 103.0, 103.0, 103.0]",0.0,0.0012186057606953945,0.000103,True
FL-S01,F-S004,mean,55.78795,"[55.7668, 55.804, 55.7416, 55.8394]",0.051449999999995555,0.023311293629816748,5.578795e-05,True
FL-S01,F-S004,var,10.8677847975,"[11.179217759999998, 11.143984, 10.39842944, 10.74400764]",0.46935535750000135,0.12548879769493604,1.08677847975e-05,True
FL-S01,F-S004,q90,60.0,"[60.0, 60.0, 60.0, 60.0]",0.0,0.0036742346141747668,5.9999999999999995e-05,True
FL-S01,F-S004,q95,61.0,"[61.0, 61.0, 60.0, 61.0]",1.0,0.002669269563007829,6.1e-05,True
FL-S01,F-S004,q99,62.0,"[62.0, 62.0, 62.0, 62.0]",0.0,0.0012186057606953945,6.2e-05,True
FL-S01,F-S005,mean,18.08295,"[18.069, 18.0936, 18.0962, 18.073]",0.01395000000000124,0.009399355417746124,1.808295e-05,True
FL-S01,F-S005,var,1.7668692974999995,"[1.775439, 1.8192390400000005, 1.74374556, 1.7284709999999999]",0.052369742500000926,0.023175022394495575,1.7668692974999994e-06,True
FL-S01,F-S005,q90,20.0,"[20.0, 20.0, 20.0, 20.0]",0.0,0.0036742346141747668,1.9999999999999998e-05,True
FL-S01,F-S005,q95,20.0,"[20.0, 21.0, 20.0, 20.0]",1.0,0.002669269563007829,1.9999999999999998e-05,True
FL-S01,F-S005,q99,22.0,"[22.0, 22.0, 22.0, 22.0]",0.0,0.0012186057606953945,2.2e-05,True
FL-S01,F-S006,mean,439.2755,"[439.2618, 439.8082, 439.1218, 438.9102]",0.5326999999999771,0.1324924439350599,0.0004392755,True
FL-S01,F-S006,var,351.06739974999994,"[348.09486076, 350.48101276, 355.25616476, 349.99653595999996]",4.188765010000054,3.5006457697542377,0.0003510673997499999,True
FL-S01,F-S006,q90,463.0,"[463.0, 464.0, 463.0, 463.0]",1.0,0.0036742346141747668,0.000463,True
FL-S01,F-S006,q95,470.0,"[470.0, 470.0, 470.0, 470.0]",0.0,0.002669269563007829,0.00047,True
FL-S01,F-S006,q99,483.0,"[482.0, 485.0, 484.0, 481.0]",2.0,0.0012186057606953945,0.000483,True
FL-S01,F-S007,mean,65.8762,"[65.8578, 65.5924, 66.0918, 65.9628]",0.2837999999999994,0.06790481743743636,6.587619999999999e-05,True
FL-S01,F-S007,var,92.21667356,"[91.64677916, 88.90826224, 92.67097275999998, 95.50581616]",3.3084113200000047,1.4432236096328526,9.221667356e-05,True
FL-S01,F-S007,q90,78.0,"[78.0, 78.0, 79.0, 78.0]",1.0,0.0036742346141747668,7.8e-05,True
FL-S01,F-S007,q95,84.0,"[83.0, 83.0, 84.0, 84.0]",1.0,0.002669269563007829,8.4e-05,True
FL-S01,F-S007,q99,96.0,"[97.01000000000022, 94.0, 96.0, 97.0]",2.0,0.0012186057606953945,9.6e-05,True
FL-S01,F-S008,mean,4.6005,"[4.6036, 4.5954, 4.5934, 4.6096]",0.009100000000000108,0.004864788876050062,4.6005e-06,True
FL-S01,F-S008,var,0.47329974999999996,"[0.4724670399999999, 0.46649884, 0.48287644, 0.47118784]",0.009576690000000054,0.005993906975419913,1e-06,True
FL-S01,F-S008,q90,5.0,"[5.0, 5.0, 5.0, 5.0]",0.0,0.0036742346141747668,4.9999999999999996e-06,True
FL-S01,F-S008,q95,6.0,"[6.0, 6.0, 6.0, 6.0]",0.0,0.002669269563007829,6e-06,True
FL-S01,F-S008,q99,7.0,"[7.0, 6.010000000000218, 7.0, 7.0]",0.9899999999997817,0.0012186057606953945,7e-06,True
FL-S01,F-S012,mean,1074.6948024500143,"[1074.686934554246, 1075.3605849559747, 1074.996114616892, 1073.7355756729442]",0.959226777070171,0.41997538885271274,0.0010746948024500144,True
FL-S01,F-S012,var,3527.4101655125037,"[3559.613293605578, 3611.5840009845006, 3413.498506854446, 3523.490627324708]",113.9116586580576,35.30276160386102,0.0035274101655125034,True
FL-S01,F-S012,q90,1151.4486965455246,"[1151.5811614675517, 1153.0880547847303, 1150.9872362521705, 1150.0083076029725]",1.6393582392056487,0.0036742346141747668,0.0011514486965455246,True
FL-S01,F-S012,q95,1174.587314420355,"[1174.5544220858621, 1176.9507576730448, 1174.409376832067, 1172.6934774233534]",2.3634432526898763,0.002669269563007829,0.001174587314420355,True
FL-S01,F-S012,q99,1217.1429417479521,"[1219.456414146208, 1218.1852999145733, 1214.6518241104186, 1212.9261615513033]",4.21678019664887,0.0012186057606953945,0.001217142941747952,True
FL-S01,F-S013,mean,1.3432007733066818,"[1.344876225146705, 1.3432655127553728, 1.3431452956711576, 1.3415160596534916]",0.0016847136531901175,0.000513352432639528,1.3432007733066817e-06,True
FL-S01,F-S013,var,0.005270350871218325,"[0.005144975978347016, 0.005349877638756109, 0.005224082946778092, 0.005356814253066339]",0.00012537489287130915,5.292883859922417e-05,1e-06,True
FL-S01,F-S013,q90,1.4364420075823139,"[1.4374140847901467, 1.4361170512727455, 1.4355542403448334, 1.4367289964880152]",0.0009720772078327666,0.0036742346141747668,1.436442007582314e-06,True
FL-S01,F-S013,q95,1.465206782765032,"[1.4662229691626512, 1.464610471186649, 1.4648957850598265, 1.4647938872479773]",0.0010161863976192453,0.002669269563007829,1.465206782765032e-06,True
FL-S01,F-S013,q99,1.5172790213343303,"[1.5182254705445533, 1.5216610739191856, 1.5134527445407902, 1.5171440695473506]",0.004382052584855245,0.0012186057606953945,1.5172790213343304e-06,True
FL-S02,F-S001,mean,46.992830225385525,"[46.73231290628708, 46.85354647686833, 47.10304256227758, 47.28241895610913]",0.289588730723608,0.0655563360193756,4.6992830225385524e-05,True
FL-S02,F-S001,var,85.94836621251339,"[84.47841327093904, 87.46983737999139, 86.87486711197593, 84.78706945883063]",1.5214711674779977,0.9138754627033291,8.594836621251338e-05,True
FL-S02,F-S001,q90,59.272360616844615,"[58.977497034400955, 59.11581257413998, 59.31259786476869, 59.71308422301304]",0.4407236061684259,0.0036742346141747668,5.927236061684461e-05,True
FL-S02,F-S001,q95,63.07006524317911,"[62.689068801898, 62.912888493475684, 63.661364175563456, 62.89402728351128]",0.5912989323843476,0.002669269563007829,6.307006524317911e-05,True
FL-S02,F-S001,q99,71.20540806642941,"[70.76047212336894, 71.36296204033215, 71.46952787663108, 70.40575563463831]",0.7996524317911025,0.0012186057606953945,7.120540806642941e-05,True
FL-S02,F-S002,mean,2.530276533435915,"[2.5263369358749515, 2.5208254647808093, 2.533945960845206, 2.539997772242695]",0.009721238806779997,0.003036685256888878,2.530276533435915e-06,True
FL-S02,F-S002,var,0.18441992553077602,"[0.18265425148784742, 0.18294253508386973, 0.18427348322510798, 0.18759662201716268]",0.00317669648638666,0.0022387737373811075,1e-06,True
FL-S02,F-S002,q90,3.0892636885758593,"[3.0892636885758593, 3.0892636885758593, 3.0892636885758593, 3.102744111944188]",0.013480423368328776,0.0036742346141747668,3.0892636885758594e-06,True
FL-S02,F-S002,q95,3.3274178347497076,"[3.3274178347497076, 3.2813597215745745, 3.3274178347497076, 3.3274178347497076]",0.0460581131751332,0.002669269563007829,3.3274178347497074e-06,True
FL-S02,F-S002,q99,3.7576680139222702,"[3.7581285950540315, 3.7441875905539415, 3.744322394787628, 3.80386093133109]",0.04619291740881959,0.0012186057606953945,3.75766801392227e-06,True
FL-S02,F-S003,mean,357.22615,"[357.0876, 357.067, 357.3202, 357.4298]",0.2036499999999819,0.05478394265561438,0.00035722615,True
FL-S02,F-S003,var,60.022606177499995,"[57.49232623999999, 60.08491100000001, 60.50047196, 61.91787195999999]",2.530279937500005,0.7274514140937672,6.002260617749999e-05,True
FL-S02,F-S003,q90,367.0,"[367.0, 367.0, 368.0, 368.0]",1.0,0.0036742346141747668,0.000367,True
FL-S02,F-S003,q95,371.0,"[370.0, 371.0, 371.0, 371.0]",1.0,0.002669269563007829,0.00037099999999999996,True
FL-S02,F-S003,q99,380.0,"[379.0, 380.0, 379.0, 380.0]",1.0,0.0012186057606953945,0.00037999999999999997,True
FL-S02,F-S004,mean,280.1652,"[280.178, 280.3344, 280.0584, 280.09]",0.16919999999998936,0.05100887710268835,0.00028016520000000004,True
FL-S02,F-S004,var,52.03550896000001,"[53.098316000000004, 51.808176640000006, 51.72498944, 51.4647]",1.0628070399999956,0.6182056521051497,5.2035508960000005e-05,True
FL-S02,F-S004,q90,289.0,"[289.0, 289.0, 289.0, 289.0]",0.0,0.0036742346141747668,0.000289,True
FL-S02,F-S004,q95,291.0,"[291.0, 291.0, 291.0, 290.0]",1.0,0.002669269563007829,0.00029099999999999997,True
FL-S02,F-S004,q99,294.0,"[294.0, 294.0, 294.0, 294.0]",0.0,0.0012186057606953945,0.000294,True
FL-S02,F-S005,mean,50.4443,"[50.4158, 50.4662, 50.3994, 50.4958]",0.05150000000000432,0.01587773537454354,5.0444299999999994e-05,True
FL-S02,F-S005,var,5.041797510000002,"[4.99091036, 5.051657560000001, 4.932279640000001, 5.1863823600000005]",0.14458484999999843,0.06389331931924935,5.041797510000002e-06,True
FL-S02,F-S005,q90,53.0,"[53.0, 53.0, 53.0, 53.0]",0.0,0.0036742346141747668,5.3e-05,True
FL-S02,F-S005,q95,55.0,"[55.0, 55.0, 54.0, 55.0]",1.0,0.002669269563007829,5.4999999999999995e-05,True
FL-S02,F-S005,q99,57.0,"[57.0, 57.0, 57.0, 57.0]",0.0,0.0012186057606953945,5.6999999999999996e-05,True
FL-S02,F-S006,mean,1907.8733,"[1907.9636, 1907.8142, 1907.5998, 1908.1156]",0.27350000000001273,0.2783598867775821,0.0019078733,True
FL-S02,F-S006,var,1549.6070471100002,"[1532.59267504, 1509.5252783600001, 1599.4728399599999, 1556.6922366399997]",49.86579284999971,15.467485577532331,0.00154960704711,True
FL-S02,F-S006,q90,1958.0,"[1958.0, 1957.0, 1959.0, 1959.0]",1.0,0.0036742346141747668,0.001958,True
FL-S02,F-S006,q95,1972.0,"[1971.0500000000002, 1971.0, 1973.0, 1973.0]",1.0,0.002669269563007829,0.001972,True
FL-S02,F-S006,q99,1999.0,"[1997.0, 2000.0100000000002, 2001.0, 2001.0]",2.0,0.0012186057606953945,0.001999,True
FL-S02,F-S007,mean,85.1942,"[85.2142, 85.367, 84.994, 85.2016]",0.20019999999999527,0.0749222262416117,8.519419999999998e-05,True
FL-S02,F-S007,var,112.26118636000001,"[113.73191835999998, 112.25191099999999, 110.71436400000002, 112.27615743999998]",1.546822359999993,1.6374718699405406,0.00011226118636000001,True
FL-S02,F-S007,q90,99.0,"[99.0, 99.10000000000036, 99.0, 99.0]",0.1000000000003638,0.0036742346141747668,9.9e-05,True
FL-S02,F-S007,q95,105.0,"[105.0, 105.0, 105.0, 105.0]",0.0,0.002669269563007829,0.00010499999999999999,True
FL-S02,F-S007,q99,118.0,"[117.01000000000022, 119.0, 118.01000000000022, 118.0]",1.0,0.0012186057606953945,0.000118,True
FL-S02,F-S008,mean,5.1965,"[5.1904, 5.2012, 5.2008, 5.1936]",0.006099999999999994,0.0044632256854405155,5.1965e-06,True
FL-S02,F-S008,var,0.39838775,"[0.38974783999999996, 0.40191856000000004, 0.39527936, 0.40651903999999994]",0.008639910000000028,0.00585324782748753,1e-06,True
FL-S02,F-S008,q90,6.0,"[6.0, 6.0, 6.0, 6.0]",0.0,0.0036742346141747668,6e-06,True
FL-S02,F-S008,q95,6.0,"[6.0, 6.0, 6.0, 6.0]",0.0,0.002669269563007829,6e-06,True
FL-S02,F-S008,q99,7.0,"[7.0, 7.0, 7.0, 7.0]",0.0,0.0012186057606953945,7e-06,True
FL-S02,F-S012,mean,1268.7892822331055,"[1268.7829325466566, 1268.6994931020652, 1268.677857906247, 1268.9968453774534]",0.20756314434788692,0.22793522632398688,0.0012687892822331054,True
FL-S02,F-S012,var,1039.0373935199434,"[1023.677241928272, 1043.092004531687, 1039.7743024685324, 1049.5424249052037]",15.36015159167141,10.42605242899907,0.0010390373935199434,True
FL-S02,F-S012,q90,1310.1918374467427,"[1310.2322414354471, 1309.8531782944754, 1309.6976732515845, 1310.7746984590708]",0.5828610123280669,0.0036742346141747668,0.0013101918374467426,True
FL-S02,F-S012,q95,1322.5826000818417,"[1321.5047970047976, 1322.9220521037487, 1322.7497665485496, 1322.6486751088582]",1.0778030770441092,0.002669269563007829,0.0013225826000818417,True
FL-S02,F-S012,q99,1344.9493542553232,"[1343.0889243699396, 1345.0089909594099, 1345.3657370564113, 1343.897037762454]",1.8604298853836099,0.0012186057606953945,0.0013449493542553232,True
FL-S02,F-S013,mean,1.3555671529298936,"[1.35626792442695, 1.3558011812564847, 1.3549594316185012, 1.3552400744176383]",0.000700771497056385,0.00023675901785221533,1.3555671529298936e-06,True
FL-S02,F-S013,var,0.0011210405958543778,"[0.0010988735314169322, 0.0011165837019730925, 0.0011115755025112326, 0.0011561074920220212]",3.5066896167643396e-05,1.1314587660439744e-05,1e-06,True
FL-S02,F-S013,q90,1.3988684692948061,"[1.3989844285462716, 1.3986797520425576, 1.398141928144031, 1.3994743003234393]",0.0007265411507750841,0.0036742346141747668,1.3988684692948061e-06,True
FL-S02,F-S013,q95,1.4104097277561067,"[1.4103003373751628, 1.4109617155837424, 1.408623856465428, 1.4119748735951676]",0.0017858712906786423,0.002669269563007829,1.4104097277561066e-06,True
FL-S02,F-S013,q99,1.4351745089816792,"[1.4350324896209317, 1.436351031065627, 1.4340679475858609, 1.435848173575277]",0.0011765220839476953,0.0012186057606953945,1.435174508981679e-06,True
MM-S01,F-S001,mean,44.95520467836257,"[44.87574269005847, 44.867134502923975, 44.90147368421053, 45.1764678362573]",0.2212631578947324,0.06401525491477014,4.495520467836257e-05,True
MM-S01,F-S001,var,81.95495928319825,"[80.89629911754042, 81.55831474983755, 81.9650649737013, 83.33424332355254]",1.3792840403542925,0.8799839005444895,8.195495928319824e-05,True
MM-S01,F-S001,q90,56.988304093567244,"[56.87134502923976, 56.754385964912274, 56.988304093567244, 57.22222222222222]",0.2339181286549774,0.0036742346141747668,5.698830409356724e-05,True
MM-S01,F-S001,q95,60.73099415204679,"[60.497076023391806, 60.614035087719294, 61.315789473684205, 60.847953216374265]",0.5847953216374151,0.002669269563007829,6.073099415204679e-05,True
MM-S01,F-S001,q99,68.80116959064327,"[68.09941520467835, 68.92163742690066, 68.56725146198829, 68.91812865497074]",0.701754385964918,0.0012186057606953945,6.880116959064327e-05,True
MM-S01,F-S002,mean,2.5204963526786037,"[2.5174247309084485, 2.5182914125697367, 2.5210138126116677, 2.5252554546245634]",0.004759101945959632,0.0032293834599380817,2.5204963526786036e-06,True
MM-S01,F-S002,var,0.20856792170890182,"[0.2123946865237166, 0.20298808847303434, 0.20750430139051323, 0.211347397011046]",0.005579833235867471,0.0028165400137228087,1e-06,True
MM-S01,F-S002,q90,3.0333858145107606,"[3.0333858145107606, 3.0333858145107606, 3.0333858145107606, 3.0843670887042194]",0.05098127419345877,0.0036742346141747668,3.0333858145107605e-06,True
MM-S01,F-S002,q95,3.2882921854780514,"[3.2882921854780514, 3.2882921854780514, 3.2882921854780514, 3.2882921854780514]",0.0,0.002669269563007829,3.2882921854780513e-06,True
MM-S01,F-S002,q99,3.7981049274126333,"[3.7981049274126333, 3.7981049274126333, 3.7981049274126333, 3.7981049274126333]",0.0,0.0012186057606953945,3.7981049274126332e-06,True
MM-S01,F-S003,mean,26.55115,"[26.5416, 26.5272, 26.5554, 26.5804]",0.02925000000000111,0.014196980720846224,2.6551149999999997e-05,True
MM-S01,F-S003,var,4.030883677499999,"[4.08866944, 3.97846016, 3.9633308400000007, 4.09153584]",0.06755283749999874,0.05020585803039139,4.030883677499999e-06,True
MM-S01,F-S003,q90,29.0,"[29.0, 29.0, 29.0, 29.0]",0.0,0.0036742346141747668,2.9e-05,True
MM-S01,F-S003,q95,30.0,"[30.0, 30.0, 30.0, 30.0]",0.0,0.002669269563007829,2.9999999999999997e-05,True
MM-S01,F-S003,q99,32.0,"[32.0, 32.0, 32.0, 32.0]",0.0,0.0012186057606953945,3.2e-05,True
MM-S01,F-S004,mean,8.8544,"[8.8338, 8.8358, 8.8566, 8.8914]",0.03700000000000081,0.010256475601520643,8.8544e-06,True
MM-S01,F-S004,var,2.1038006400000007,"[2.06137756, 2.0988383600000002, 2.1972364399999993, 2.05560604]",0.09343579999999863,0.022811878735148446,2.1038006400000007e-06,True
MM-S01,F-S004,q90,11.0,"[11.0, 11.0, 11.0, 11.0]",0.0,0.0036742346141747668,1.1e-05,True
MM-S01,F-S004,q95,11.0,"[11.0, 11.0, 11.0, 11.0]",0.0,0.002669269563007829,1.1e-05,True
MM-S01,F-S004,q99,12.0,"[12.0, 12.0, 12.0, 12.0]",0.0,0.0012186057606953945,1.2e-05,True
MM-S01,F-S005,mean,6.59625,"[6.5882, 6.5788, 6.606, 6.612]",0.017450000000000188,0.005411863014532463,6.59625e-06,True
MM-S01,F-S005,var,0.5857359375,"[0.58102076, 0.5861905600000001, 0.5695640000000001, 0.6054560000000001]",0.019720062500000135,0.007232494671909493,1e-06,True
MM-S01,F-S005,q90,8.0,"[8.0, 7.0, 8.0, 8.0]",1.0,0.0036742346141747668,8e-06,True
MM-S01,F-S005,q95,8.0,"[8.0, 8.0, 8.0, 8.0]",0.0,0.002669269563007829,8e-06,True
MM-S01,F-S005,q99,9.0,"[9.0, 9.0, 9.0, 9.0]",0.0,0.0012186057606953945,9e-06,True
MM-S01,F-S006,mean,83.01105,"[82.9086, 82.9854, 83.0366, 83.1136]",0.10255000000000791,0.05870092575768495,8.301105e-05,True
MM-S01,F-S006,var,68.91252789749998,"[67.47864604, 69.27198684, 70.18286044000001, 68.69429504]",1.4338818574999834,0.6816150211337276,6.891252789749999e-05,True
MM-S01,F-S006,q90,94.0,"[93.0, 94.0, 94.0, 94.0]",1.0,0.0036742346141747668,9.4e-05,True
MM-S01,F-S006,q95,97.0,"[97.0, 97.0, 97.0, 97.0]",0.0,0.002669269563007829,9.7e-05,True
MM-S01,F-S006,q99,103.0,"[102.0, 103.0, 103.0, 102.0]",1.0,0.0012186057606953945,0.000103,True
MM-S01,F-S007,mean,52.8232,"[52.7108, 52.7594, 52.9076, 52.915]",0.11240000000000094,0.04219645856059194,5.28232e-05,True
MM-S01,F-S007,var,35.60904176,"[35.95116336, 35.79831164, 35.60626224, 35.048175]",0.5608667599999961,0.26093413798967585,3.5609041759999996e-05,True
MM-S01,F-S007,q90,61.0,"[61.0, 61.0, 61.0, 61.0]",0.0,0.0036742346141747668,6.1e-05,True
MM-S01,F-S007,q95,62.0,"[62.0, 62.0, 62.0, 62.0]",0.0,0.002669269563007829,6.2e-05,True
MM-S01,F-S007,q99,62.0,"[62.0, 62.0, 62.0, 62.0]",0.0,0.0012186057606953945,6.2e-05,True
MM-S01,F-S008,mean,3.58185,"[3.575, 3.5874, 3.5796, 3.5854]",0.006850000000000023,0.004444211564025872,3.58185e-06,True
MM-S01,F-S008,var,0.3950005774999999,"[0.3903750000000001, 0.38596124, 0.40446384, 0.39910684]",0.009463262500000125,0.004382744303508168,1e-06,True
MM-S01,F-S008,q90,4.0,"[4.0, 4.0, 4.0, 4.0]",0.0,0.0036742346141747668,4e-06,True
MM-S01,F-S008,q95,5.0,"[5.0, 5.0, 5.0, 5.0]",0.0,0.002669269563007829,4.9999999999999996e-06,True
MM-S01,F-S008,q99,5.0,"[5.0, 5.0, 5.0, 5.0]",0.0,0.0012186057606953945,4.9999999999999996e-06,True
MM-S01,F-S009,mean,24.036783625730994,"[24.060584795321642, 23.881871345029243, 24.093333333333334, 24.11134502923977]",0.15491228070175111,0.04936223908768061,2.4036783625730994e-05,True
MM-S01,F-S009,var,48.73017632433911,"[49.74902603878117, 47.628089326630416, 48.6690222085428, 48.84124614069287]",1.102086997708696,0.5609647382787043,4.873017632433911e-05,True
MM-S01,F-S009,q90,33.239766081871345,"[33.53216374269006, 32.94736842105264, 33.239766081871345, 32.94736842105264]",0.29239766081871466,0.0036742346141747668,3.3239766081871345e-05,True
MM-S01,F-S009,q95,36.4561403508772,"[36.748538011695906, 36.4561403508772, 36.45614035087719, 36.45614035087719]",0.29239766081870755,0.002669269563007829,3.64561403508772e-05,True
MM-S01,F-S009,q99,43.47368421052632,"[44.058479532163744, 42.59941520467843, 43.76608187134503, 43.18421052631586]",0.8742690058478928,0.0012186057606953945,4.347368421052632e-05,True
MM-S01,F-S010,mean,2.2777626449795063,"[2.289153089424692, 2.2690258603338016, 2.27457357029107, 2.27829805986846]",0.011390444445185555,0.0037665278682748648,2.2777626449795064e-06,True
MM-S01,F-S010,var,0.2837204569176414,"[0.288752304717349, 0.28092344825536064, 0.28055240276803123, 0.28443714143274856]",0.005031847799707556,0.003918906983507042,1e-06,True
MM-S01,F-S010,q90,2.7941476712187203,"[2.7941476712187203, 2.7941476712187203, 2.7941476712187203, 2.7941476712187203]",0.0,0.0036742346141747668,2.7941476712187203e-06,True
MM-S01,F-S010,q95,3.1843917593777595,"[3.1843917593777595, 3.1843917593777595, 3.1843917593777595, 3.1843917593777595]",0.0,0.002669269563007829,3.1843917593777596e-06,True
MM-S01,F-S010,q99,3.9648799356958375,"[3.9648799356958375, 3.9648799356958375, 3.9648799356958375, 3.9648799356958375]",0.0,0.0012186057606953945,3.964879935695837e-06,True
MM-S01,F-S011,mean,6.6399,"[6.635, 6.6602, 6.6454, 6.619]",0.02090000000000014,0.017860216932261582,6.6399e-06,True
MM-S01,F-S011,var,6.379427989999999,"[6.280975, 6.426735959999999, 6.24525884, 6.5638390000000015]",0.18441101000000248,0.06525913736467033,6.379427989999999e-06,True
MM-S01,F-S011,q90,10.0,"[10.0, 10.0, 10.0, 10.0]",0.0,0.0036742346141747668,9.999999999999999e-06,True
MM-S01,F-S011,q95,11.0,"[11.0, 11.0, 11.0, 11.0]",0.0,0.002669269563007829,1.1e-05,True
MM-S01,F-S011,q99,13.0,"[13.0, 13.0, 13.0, 13.0]",0.0,0.0012186057606953945,1.3e-05,True
MM-S01,F-S012,mean,956.3430107327141,"[954.714770870313, 955.8703244031648, 958.1996583419332, 956.5872893154453]",1.856647609219067,0.683720804176292,0.0009563430107327141,True
MM-S01,F-S012,var,9349.015287131446,"[9264.386043329121, 9486.513789178234, 9532.438048484013, 9106.34185774796]",242.6734293834852,94.6219430972335,0.009349015287131446,True
MM-S01,F-S012,q90,1082.4237633298933,"[1077.5806260749916, 1084.0060061919507, 1085.9505951152391, 1081.6082972136223]",4.843137254901649,0.0036742346141747668,0.0010824237633298933,True
MM-S01,F-S012,q95,1119.6604712762296,"[1116.6668868249055, 1118.4516649466805, 1122.5877055383557, 1121.66348125215]",2.993584451324068,0.002669269563007829,0.0011196604712762296,True
MM-S01,F-S012,q99,1198.0287870657032,"[1202.092099759202, 1193.3616229790161, 1199.4540853113176, 1193.7908304093569]",4.66716408668708,0.0012186057606953945,0.0011980287870657033,True
MM-S01,F-S013,mean,1.1470892535259718,"[1.1467943997248022, 1.1460513243894048, 1.1462197729618162, 1.1492915170278637]",0.002202263501891899,0.0008012516283788898,1.1470892535259718e-06,True
MM-S01,F-S013,var,0.012839441435424476,"[0.012241722504751718, 0.01330964393794607, 0.01247559974975006, 0.013324029352610244]",0.0005977189306727582,0.00013109953531656996,1e-06,True
MM-S01,F-S013,q90,1.2960990712074316,"[1.2939800481596146, 1.298314413484692, 1.2891640866873062, 1.2984588923288614]",0.00693498452012542,0.0036742346141747668,1.2960990712074315e-06,True
MM-S01,F-S013,q95,1.3402132782937737,"[1.3331303749570005, 1.3431303749570005, 1.3351117991056074, 1.344547643618851]",0.007082903336773194,0.002669269563007829,1.3402132782937737e-06,True
MM-S01,F-S013,q99,1.4269005847953216,"[1.4154798761609908, 1.4364210526315797, 1.4269088407292745, 1.435318885448917]",0.011420708634330756,0.0012186057606953945,1.4269005847953214e-06,True
MM-S02,F-S001,mean,45.00386842105263,"[45.003906432748536, 45.03488888888889, 45.000479532163745, 44.97619883040935]",0.03102046783625667,0.06396761970050047,4.500386842105263e-05,True
MM-S02,F-S001,var,81.83303554658696,"[81.30494011066651, 81.26999647221365, 81.38706313997467, 83.3684031018091]",1.5353675552221375,0.8940233227808664,8.183303554658696e-05,True
MM-S02,F-S001,q90,56.783625730994146,"[56.549707602339176, 56.78947368421055, 56.78362573099414, 57.017543859649116]",0.2339181286549703,0.0036742346141747668,5.678362573099414e-05,True
MM-S02,F-S001,q95,60.64327485380117,"[60.526315789473664, 60.29239766081871, 60.409356725146196, 61.22807017543859]",0.5847953216374222,0.002669269563007829,6.0643274853801166e-05,True
MM-S02,F-S001,q99,69.29883040935661,"[69.53216374269006, 69.64970760233919, 69.12397660818715, 69.006432748538]",0.3508771929825798,0.0012186057606953945,6.929883040935661e-05,True
MM-S02,F-S002,mean,2.516494042035415,"[2.5204017758244315, 2.522492629696783, 2.5071861373829787, 2.5158956252374653]",0.00930790465243625,0.0031126748748447988,2.516494042035415e-06,True
MM-S02,F-S002,var,0.19376520878492517,"[0.1979972405977907, 0.19842924371669907, 0.18775516439246256, 0.1907409378037686]",0.00601004439246261,0.002459433034034868,1e-06,True
MM-S02,F-S002,q90,3.100231603832351,"[3.100231603832351, 3.100231603832351, 3.0281331944409002, 3.100231603832351]",0.07209840939145096,0.0036742346141747668,3.100231603832351e-06,True
MM-S02,F-S002,q95,3.2804776273109764,"[3.2804776273109764, 3.38862524139815, 3.208379217919525, 3.2804776273109764]",0.10814761408717377,0.002669269563007829,3.2804776273109763e-06,True
MM-S02,F-S002,q99,3.7491172883554,"[3.8222971738877467, 3.929363311834025, 3.7491172883554, 3.7491172883554]",0.18024602347862517,0.0012186057606953945,3.7491172883554e-06,True
MM-S02,F-S003,mean,47.361,"[47.3968, 47.4014, 47.298, 47.3478]",0.06299999999999528,0.019306024607083312,4.7360999999999996e-05,True
MM-S02,F-S003,var,7.454078999999999,"[7.552549760000001, 7.6362780400000005, 7.244395999999999, 7.37603516]",0.20968300000000006,0.09045610237209986,7.454078999999999e-06,True
MM-S02,F-S003,q90,51.0,"[51.0, 51.0, 51.0, 51.0]",0.0,0.0036742346141747668,5.1e-05,True
MM-S02,F-S003,q95,52.0,"[52.0, 52.0, 52.0, 52.0]",0.0,0.002669269563007829,5.2e-05,True
MM-S02,F-S003,q99,55.0,"[55.0, 56.0, 55.0, 55.0]",1.0,0.0012186057606953945,5.4999999999999995e-05,True
MM-S02,F-S004,mean,22.2025,"[22.1968, 22.2004, 22.193, 22.2198]",0.01729999999999876,0.015472609915036285,2.22025e-05,True
MM-S02,F-S004,var,4.78779375,"[4.68806976, 4.68183984, 4.819351, 4.96148796]",0.17369421000000074,0.052667324476303026,4.78779375e-06,True
MM-S02,F-S004,q90,25.0,"[25.0, 25.0, 25.0, 25.0]",0.0,0.0036742346141747668,2.4999999999999998e-05,True
MM-S02,F-S004,q95,25.0,"[25.0, 25.0, 25.0, 25.0]",0.0,0.002669269563007829,2.4999999999999998e-05,True
MM-S02,F-S004,q99,26.0,"[26.0, 26.0, 26.0, 26.0]",0.0,0.0012186057606953945,2.6e-05,True
MM-S02,F-S005,mean,9.6593,"[9.661, 9.6688, 9.6592, 9.6482]",0.011100000000000776,0.006752292586430082,9.659299999999999e-06,True
MM-S02,F-S005,var,0.91182351,"[0.9228790000000001, 0.9203065600000002, 0.90825536, 0.8956367600000001]",0.016186749999999805,0.011430003098086018,1e-06,True
MM-S02,F-S005,q90,11.0,"[11.0, 11.0, 11.0, 11.0]",0.0,0.0036742346141747668,1.1e-05,True
MM-S02,F-S005,q95,11.0,"[11.0, 11.0, 11.0, 11.0]",0.0,0.002669269563007829,1.1e-05,True
MM-S02,F-S005,q99,12.0,"[12.0, 12.0, 12.0, 12.0]",0.0,0.0012186057606953945,1.2e-05,True
MM-S02,F-S006,mean,167.3866,"[167.326, 167.2036, 167.4248, 167.592]",0.20540000000002578,0.08283706972730295,0.0001673866,True
MM-S02,F-S006,var,137.23274044000001,"[133.850524, 138.42254704, 139.44794496, 137.129136]",3.3822164400000077,1.380362175153868,0.00013723274044000002,True
MM-S02,F-S006,q90,183.0,"[183.0, 182.0, 183.0, 183.0]",1.0,0.0036742346141747668,0.000183,True
MM-S02,F-S006,q95,187.0,"[187.0, 186.05000000000018, 187.0, 188.0]",1.0,0.002669269563007829,0.000187,True
MM-S02,F-S006,q99,195.0,"[194.0, 195.0, 195.01000000000022, 195.0]",1.0,0.0012186057606953945,0.000195,True
MM-S02,F-S007,mean,63.0781,"[63.1192, 62.9758, 63.242, 62.9754]",0.16389999999999816,0.06758778310405843,6.30781e-05,True
MM-S02,F-S007,var,91.35760038999999,"[89.80099136, 90.34641436000001, 91.48943600000001, 93.74399484]",2.3863944500000116,1.2373038499381284,9.135760038999998e-05,True
MM-S02,F-S007,q90,76.0,"[76.0, 76.0, 76.0, 76.0]",0.0,0.0036742346141747668,7.599999999999999e-05,True
MM-S02,F-S007,q95,80.0,"[80.0, 80.0, 80.0, 80.0]",0.0,0.002669269563007829,7.999999999999999e-05,True
MM-S02,F-S007,q99,92.0,"[92.0, 92.0, 94.0, 93.0]",2.0,0.0012186057606953945,9.2e-05,True
MM-S02,F-S008,mean,3.9138,"[3.9052, 3.9254, 3.9192, 3.9054]",0.01159999999999961,0.004486589403346791,3.9138e-06,True
MM-S02,F-S008,var,0.40256956,"[0.40861296, 0.40863484, 0.39027135999999996, 0.4024508400000001]",0.012298200000000037,0.005202363489057764,1e-06,True
MM-S02,F-S008,q90,5.0,"[5.0, 5.0, 5.0, 5.0]",0.0,0.0036742346141747668,4.9999999999999996e-06,True
MM-S02,F-S008,q95,5.0,"[5.0, 5.0, 5.0, 5.0]",0.0,0.002669269563007829,4.9999999999999996e-06,True
MM-S02,F-S008,q99,6.0,"[6.0, 6.0, 6.0, 6.0]",0.0,0.0012186057606953945,6e-06,True
MM-S02,F-S009,mean,34.938421052631575,"[34.88854736842106, 35.11738947368421, 34.937515789473686, 34.81023157894737]",0.17896842105263744,0.058414502861559844,3.493842105263157e-05,True
MM-S02,F-S009,var,68.24167063711911,"[68.71997055468145, 69.49361915745153, 67.80373672066482, 66.89840567490305]",1.3432649622160682,0.7572629296011695,6.82416706371191e-05,True
MM-S02,F-S009,q90,45.78947368421053,"[45.78947368421053, 46.21052631578947, 45.78947368421053, 45.578947368421055]",0.4210526315789451,0.0036742346141747668,4.5789473684210527e-05,True
MM-S02,F-S009,q95,49.36842105263158,"[49.378947368421095, 49.78947368421053, 49.36842105263158, 49.1578947368421]",0.4210526315789451,0.002669269563007829,4.936842105263158e-05,True
MM-S02,F-S009,q99,56.94736842105263,"[57.370526315789526, 57.578947368421055, 56.73684210526316, 56.73684210526316]",0.6315789473684248,0.0012186057606953945,5.6947368421052626e-05,True
MM-S02,F-S010,mean,2.4147139058671048,"[2.41637558361334, 2.420982214989039, 2.4146645491023655, 2.4068332757636766]",0.00788063010342821,0.0036103642445886523,2.4147139058671045e-06,True
MM-S02,F-S010,var,0.2606815648421052,"[0.2575476855338345, 0.26540631771428563, 0.26858549124812026, 0.2510826052330826]",0.009598959609022573,0.0034168276152726773,1e-06,True
MM-S02,F-S010,q90,3.125928433510366,"[3.125928433510366, 3.125928433510366, 3.125928433510366, 3.125928433510366]",0.0,0.0036742346141747668,3.125928433510366e-06,True
MM-S02,F-S010,q95,3.454973531774615,"[3.454973531774615, 3.454973531774615, 3.454973531774615, 3.454973531774615]",0.0,0.002669269563007829,3.4549735317746148e-06,True
MM-S02,F-S010,q99,3.7840186300388643,"[3.7840186300388643, 4.113063728303113, 4.113063728303113, 3.7840186300388643]",0.329045098264249,0.0012186057606953945,3.784018630038864e-06,True
MM-S02,F-S011,mean,9.29035,"[9.28, 9.2746, 9.3066, 9.3002]",0.01624999999999943,0.02135884252207254,9.29035e-06,True
MM-S02,F-S011,var,9.1235468775,"[8.9212, 9.303194840000002, 8.92459644, 9.34447996]",0.22093308249999843,0.09536749249449206,9.1235468775e-06,True
MM-S02,F-S011,q90,13.0,"[13.0, 13.0, 13.0, 13.0]",0.0,0.0036742346141747668,1.3e-05,True
MM-S02,F-S011,q95,14.0,"[14.0, 14.0, 14.0, 15.0]",1.0,0.002669269563007829,1.4e-05,True
MM-S02,F-S011,q99,17.0,"[17.0, 17.0, 17.0, 17.0]",0.0,0.0012186057606953945,1.7e-05,True
MM-S02,F-S012,mean,956.1632279861434,"[957.4303873042821, 955.7986139064672, 955.5983661178851, 955.8255446159385]",1.267159318138738,0.4837210909255441,0.0009561632279861433,True
MM-S02,F-S012,var,4679.487890030165,"[4610.708029852911, 4681.818152536865, 4730.65968726289, 4692.593955314623]",68.7798601772538,47.19625423075555,0.0046794878900301646,True
MM-S02,F-S012,q90,1045.0573622472602,"[1044.8199687880501, 1045.4403294404144, 1045.0440268559964, 1044.661004784689]",0.3963574625711317,0.0036742346141747668,0.0010450573622472602,True
MM-S02,F-S012,q95,1071.6149975990809,"[1071.9523113134744, 1072.2320659909794, 1070.1472093601549, 1072.3331755586423]",1.4677882389260049,0.002669269563007829,0.0010716149975990808,True
MM-S02,F-S012,q99,1121.4672785580765,"[1121.6873886573717, 1119.3025621237848, 1121.5839454819848, 1123.4163846444071]",2.1647164342916767,0.0012186057606953945,0.0011214672785580765,True
MM-S02,F-S013,mean,1.1485045720361509,"[1.1478325616093017, 1.1497494109173225, 1.14889480029497, 1.1475415153230093]",0.0012448388811716615,0.0005687656468658445,1.148504572036151e-06,True
MM-S02,F-S013,var,0.006469563726733397,"[0.0063749483047187095, 0.006358950982394401, 0.006513974748533932, 0.006627299893105962]",0.00015773616637256536,6.479768531287781e-05,1e-06,True
MM-S02,F-S013,q90,1.253245528287973,"[1.247792869269949, 1.2557493440345733, 1.2535885167464114, 1.2529711375212225]",0.005452659018024164,0.0036742346141747668,1.253245528287973e-06,True
MM-S02,F-S013,q95,1.2829140299428923,"[1.2819536622592649, 1.285760834147931, 1.28165054620912, 1.283122824166967]",0.002846804205038689,0.002669269563007829,1.2829140299428923e-06,True
MM-S02,F-S013,q99,1.3428684124779202,"[1.344737613829295, 1.3466514894273809, 1.342571298725798, 1.339728010152459]",0.003783076949460673,0.0012186057606953945,1.3428684124779202e-06,True
MM-S03,F-S001,mean,47.054864,"[47.042657, 47.074754, 47.099154999999996, 47.00289]",0.0519740000000013,0.06583352313098997,4.7054864e-05,True
MM-S03,F-S001,var,86.676721304004,"[87.86618561535099, 90.080935779484, 84.236177610975, 84.5183785979]",3.4042144754799892,0.9215700331854416,8.6676721304004e-05,True
MM-S03,F-S001,q90,59.31999999999999,"[59.06, 59.644999999999996, 59.31999999999999, 59.06650000000003]",0.32500000000000284,0.0036742346141747668,5.931999999999999e-05,True
MM-S03,F-S001,q95,63.41824999999996,"[63.739999999999995, 63.60999999999999, 63.48325000000001, 62.76825000000002]",0.6499999999999346,0.002669269563007829,6.341824999999996e-05,True
MM-S03,F-S001,q99,71.47500000000001,"[72.45065000000001, 72.25695000000003, 70.49999999999999, 70.95499999999998]",0.9756500000000017,0.0012186057606953945,7.1475e-05,True
MM-S03,F-S002,mean,2.5353494324208246,"[2.540314676731413, 2.526442916039963, 2.5383921761434705, 2.5362479607684514]",0.008906516380861706,0.0031474223841139433,2.5353494324208244e-06,True
MM-S03,F-S002,var,0.19811544701276593,"[0.2037724921191489, 0.19598929837446807, 0.19534903243404256, 0.19723691979574468]",0.005657045106382985,0.002549468226735143,1e-06,True
MM-S03,F-S002,q90,3.077751320605575,"[3.077751320605575, 3.077751320605575, 3.077751320605575, 3.077751320605575]",0.0,0.0036742346141747668,3.0777513206055748e-06,True
MM-S03,F-S002,q95,3.267375809552838,"[3.3694813036013644, 3.267375809552838, 3.267375809552838, 3.267375809552838]",0.10210549404852642,0.002669269563007829,3.2673758095528377e-06,True
MM-S03,F-S002,q99,3.8362492763946268,"[3.8362492763946268, 3.8362492763946268, 3.8362492763946268, 3.8362492763946268]",0.0,0.0012186057606953945,3.836249276394627e-06,True
MM-S03,F-S003,mean,43.43065,"[43.4626, 43.4122, 43.4448, 43.403]",0.03195000000000192,0.018530021504570577,4.343065e-05,True
MM-S03,F-S003,var,6.866890577500002,"[6.97300124, 6.835091160000001, 6.7093529599999995, 6.947790999999999]",0.15753761750000272,0.08401941975045617,6.866890577500002e-06,True
MM-S03,F-S003,q90,47.0,"[47.0, 47.0, 47.0, 47.0]",0.0,0.0036742346141747668,4.7e-05,True
MM-S03,F-S003,q95,48.0,"[48.0, 48.0, 48.0, 48.0]",0.0,0.002669269563007829,4.8e-05,True
MM-S03,F-S003,q99,51.0,"[51.0, 51.0, 51.0, 51.0]",0.0,0.0012186057606953945,5.1e-05,True
MM-S03,F-S004,mean,19.37805,"[19.3838, 19.3998, 19.3614, 19.3672]",0.02174999999999727,0.014503686694126635,1.937805e-05,True
MM-S03,F-S004,var,4.206928197499999,"[4.3704975600000004, 4.0599599600000005, 4.25599004, 4.14036416]",0.16356936250000143,0.046876917060434786,4.2069281974999985e-06,True
MM-S03,F-S004,q90,22.0,"[22.0, 22.0, 22.0, 22.0]",0.0,0.0036742346141747668,2.2e-05,True
MM-S03,F-S004,q95,22.0,"[22.0, 22.0, 22.0, 22.0]",0.0,0.002669269563007829,2.2e-05,True
MM-S03,F-S004,q99,23.0,"[23.0, 23.0, 23.0, 23.0]",0.0,0.0012186057606953945,2.3e-05,True
MM-S03,F-S005,mean,8.94435,"[8.9368, 8.9532, 8.9428, 8.9446]",0.00885000000000069,0.006416752497224007,8.94435e-06,True
MM-S03,F-S005,var,0.8234530775,"[0.80200576, 0.8402097600000001, 0.8175281600000001, 0.83393084]",0.02144731749999995,0.01056098459927652,1e-06,True
MM-S03,F-S005,q90,10.0,"[10.0, 10.0, 10.0, 10.0]",0.0,0.0036742346141747668,9.999999999999999e-06,True
MM-S03,F-S005,q95,11.0,"[11.0, 11.0, 11.0, 11.0]",0.0,0.002669269563007829,1.1e-05,True
MM-S03,F-S005,q99,12.0,"[11.0, 12.0, 12.0, 12.0]",1.0,0.0012186057606953945,1.2e-05,True
MM-S03,F-S006,mean,151.023,"[150.9414, 151.21, 151.1106, 150.83]",0.19299999999998363,0.07883184174534835,0.000151023,True
MM-S03,F-S006,var,124.28297099999999,"[123.52596604, 124.5183, 122.34196764, 126.6591]",2.376129000000006,1.2371123725596362,0.000124282971,True
MM-S03,F-S006,q90,165.0,"[165.0, 166.0, 166.0, 165.0]",1.0,0.0036742346141747668,0.000165,True
MM-S03,F-S006,q95,169.0,"[169.0, 169.0, 169.0, 169.0]",0.0,0.002669269563007829,0.000169,True
MM-S03,F-S006,q99,178.0,"[177.0, 178.0, 177.0, 177.0]",1.0,0.0012186057606953945,0.000178,True
MM-S03,F-S007,mean,66.9173,"[67.0522, 66.9936, 66.8618, 66.7616]",0.15569999999999595,0.07137634597426679,6.691729999999999e-05,True
MM-S03,F-S007,var,101.88656071,"[101.98027516, 100.67795903999999, 104.70150076, 100.13516544]",2.814940050000004,1.3658008357968952,0.00010188656070999999,True
MM-S03,F-S007,q90,80.0,"[81.0, 80.0, 81.0, 80.0]",1.0,0.0036742346141747668,7.999999999999999e-05,True
MM-S03,F-S007,q95,86.0,"[86.0, 86.0, 86.0, 85.0]",1.0,0.002669269563007829,8.599999999999999e-05,True
MM-S03,F-S007,q99,97.0,"[96.01000000000022, 98.0, 97.0, 97.0]",1.0,0.0012186057606953945,9.7e-05,True
MM-S03,F-S008,mean,3.82805,"[3.8416, 3.8082, 3.834, 3.8284]",0.019850000000000367,0.004510008523699726,3.82805e-06,True
MM-S03,F-S008,var,0.4067831974999999,"[0.39970943999999997, 0.40341276, 0.40124400000000005, 0.42215344000000005]",0.01537024250000013,0.004832612742744363,1e-06,True
MM-S03,F-S008,q90,5.0,"[5.0, 5.0, 5.0, 5.0]",0.0,0.0036742346141747668,4.9999999999999996e-06,True
MM-S03,F-S008,q95,5.0,"[5.0, 5.0, 5.0, 5.0]",0.0,0.002669269563007829,4.9999999999999996e-06,True
MM-S03,F-S008,q99,6.0,"[5.0, 6.0, 6.0, 6.0]",1.0,0.0012186057606953945,6e-06,True
MM-S03,F-S009,mean,51.05820375,"[51.01232999999999, 51.12244, 50.93010499999999, 51.167939999999994]",0.1280987500000066,0.07163177503853688,5.105820375e-05,True
MM-S03,F-S009,var,102.61709279223592,"[100.52949822109998, 103.03739969639999, 103.04796256397498, 103.8188286564]",2.087594571135938,1.0937619440856825,0.00010261709279223591,True
MM-S03,F-S009,q90,64.475,"[64.15, 64.15, 64.79999999999998, 64.8]",0.32500000000000284,0.0036742346141747668,6.4475e-05,True
MM-S03,F-S009,q95,69.02499999999998,"[68.05, 69.35, 68.7, 69.36625000000005]",0.9749999999999801,0.002669269563007829,6.902499999999997e-05,True
MM-S03,F-S009,q99,78.125,"[76.825, 78.125, 78.44999999999999, 78.45325000000007]",1.2999999999999972,0.0012186057606953945,7.8125e-05,True
MM-S03,F-S010,mean,2.598909086039756,"[2.594935692912821, 2.6009724950788815, 2.600202239200847, 2.599525916966475]",0.003973393126935232,0.0038466823409368154,2.598909086039756e-06,True
MM-S03,F-S010,var,0.29592450367647066,"[0.2881401221960785, 0.29325502101960793, 0.3010210603529413, 0.30125971290196085]",0.007784381480392177,0.004069241311789355,1e-06,True
MM-S03,F-S010,q90,3.1937438845342623,"[3.1937438845342623, 3.1937438845342623, 3.1937438845342623, 3.1937438845342623]",0.0,0.0036742346141747668,3.193743884534262e-06,True
MM-S03,F-S010,q95,3.60078967373961,"[3.60078967373961, 3.60078967373961, 3.60078967373961, 3.60078967373961]",0.0,0.002669269563007829,3.60078967373961e-06,True
MM-S03,F-S010,q99,4.4148812521503045,"[4.007835462944957, 4.4148812521503045, 4.4148812521503045, 4.4148812521503045]",0.4070457892053474,0.0012186057606953945,4.414881252150304e-06,True
MM-S03,F-S011,mean,5.99685,"[6.0284, 6.0254, 5.9434, 5.9902]",0.053450000000000664,0.017112616572496967,5.99685e-06,True
MM-S03,F-S011,var,5.8565400775,"[5.98279344, 5.86955484, 5.70739644, 5.86170396]",0.14914363749999993,0.05911762240654015,5.8565400774999995e-06,True
MM-S03,F-S011,q90,9.0,"[9.0, 9.0, 9.0, 9.0]",0.0,0.0036742346141747668,9e-06,True
MM-S03,F-S011,q95,10.0,"[10.0, 10.0, 10.0, 10.0]",0.0,0.002669269563007829,9.999999999999999e-06,True
MM-S03,F-S011,q99,12.0,"[12.0, 12.0, 12.0, 12.0]",0.0,0.0012186057606953945,1.2e-05,True
MM-S03,F-S012,mean,1037.602113744612,"[1037.970767672414, 1038.9684430877744, 1035.5080217260972, 1037.961222492163]",2.094092018514857,0.5463688882220861,0.0010376021137446121,True
MM-S03,F-S012,var,5970.080721378751,"[5878.409981043884, 6013.82129816684, 5883.763757287809, 6097.810906949423]",127.73018557067189,59.44840679122236,0.005970080721378751,True
MM-S03,F-S012,q90,1137.846965125392,"[1136.6368710815048, 1140.1190585815048, 1136.0992221786832, 1138.5993603056427]",2.2720934561127706,0.0036742346141747668,0.001137846965125392,True
MM-S03,F-S012,q95,1167.9363460031345,"[1167.2474985305641, 1169.5566648706897, 1164.6024319161445, 1169.9158145572103]",3.3339140869900348,0.002669269563007829,0.0011679363460031344,True
MM-S03,F-S012,q99,1225.280031347962,"[1226.7215479036051, 1229.9557959443578, 1217.1083504114422, 1226.6062722374606]",8.171680936519806,0.0012186057606953945,0.001225280031347962,True
MM-S03,F-S013,mean,1.1510070224333857,"[1.150509749216301, 1.1516333777429466, 1.1507359972570534, 1.1511489655172413]",0.0006263553095608998,0.0005855973985674061,1.1510070224333856e-06,True
MM-S03,F-S013,var,0.006858143339865062,"[0.006877937938178306, 0.0068307538365286686, 0.0068285115622427756, 0.0068946368183989935]",3.649347853393152e-05,6.965768843382565e-05,1e-06,True
MM-S03,F-S013,q90,1.257983934169279,"[1.2582239420062697, 1.2582680250783698, 1.256269592476489, 1.2590027429467083]",0.0017143416927898336,0.0036742346141747668,1.257983934169279e-06,True
MM-S03,F-S013,q95,1.2901253918495297,"[1.2896292123824453, 1.2914983346394986, 1.2852738048589343, 1.2903609913793106]",0.004851586990595402,0.002669269563007829,1.2901253918495296e-06,True
MM-S03,F-S013,q99,1.3499174177115978,"[1.351693867554859, 1.3507167907523516, 1.3476123628526646, 1.3485983542319753]",0.0023050548589331754,0.0012186057606953945,1.3499174177115976e-06,True
MM-S04,F-S001,mean,50.88392469505177,"[50.60783760644418, 50.98619912543152, 50.900501726121966, 51.04116032220942]",0.27608708860758924,0.06881590813548195,5.0883924695051765e-05,True
MM-S04,F-S001,var,94.70784862100933,"[94.36211849170385, 95.47571050561986, 91.78540717055033, 97.09647633615127]",2.9224414504590044,0.9922641980544702,9.470784862100933e-05,True
MM-S04,F-S001,q90,63.74016110471805,"[63.4308400460299, 64.05205983889527, 63.50817031070194, 63.920598388952804]",0.3118987341772268,0.0036742346141747668,6.374016110471805e-05,True
MM-S04,F-S001,q95,67.91599539700803,"[67.47907940161103, 68.14798619102415, 67.91728423475257, 68.09643268124279]",0.4369159953970012,0.002669269563007829,6.791599539700803e-05,True
MM-S04,F-S001,q99,76.24214499424619,"[76.19084925201379, 75.95963176064444, 75.67608745684697, 77.14510471806675]",0.9029597238205582,0.0012186057606953945,7.624214499424619e-05,True
MM-S04,F-S002,mean,2.5506150083485775,"[2.5493833273753497, 2.550054612624643, 2.555822567399578, 2.547199525994739]",0.005207559051000565,0.003039556783782818,2.5506150083485774e-06,True
MM-S04,F-S002,var,0.18476886993136113,"[0.18347973211958743, 0.1908223426875154, 0.18109998702569993, 0.1836328026202756]",0.006053472756154282,0.0022859413338731606,1e-06,True
MM-S04,F-S002,q90,3.141869885139077,"[3.141869885139077, 3.141869885139077, 3.141869885139077, 3.141869885139077]",0.0,0.0036742346141747668,3.1418698851390767e-06,True
MM-S04,F-S002,q95,3.282075032143257,"[3.282075032143257, 3.3797937709643486, 3.282075032143257, 3.2869609690843293]",0.09771873882109183,0.002669269563007829,3.2820750321432565e-06,True
MM-S04,F-S002,q99,3.7579228037938,"[3.7579228037938, 3.855641542614892, 3.855641542614892, 3.7366795997022564]",0.09771873882109183,0.0012186057606953945,3.7579228037938e-06,True
MM-S04,F-S003,mean,97.6441,"[97.6422, 97.6522, 97.6742, 97.6078]",0.03629999999999711,0.02819302221871737,9.76441e-05,True
MM-S04,F-S003,var,15.89613519,"[15.79617916, 16.36083516, 15.650854359999997, 15.77437916]",0.46469996999999985,0.19320751981806708,1.589613519e-05,True
MM-S04,F-S003,q90,103.0,"[103.0, 103.0, 103.0, 103.0]",0.0,0.0036742346141747668,0.000103,True
MM-S04,F-S003,q95,105.0,"[105.0, 105.0, 105.0, 105.0]",0.0,0.002669269563007829,0.00010499999999999999,True
MM-S04,F-S003,q99,109.0,"[109.0, 110.0, 109.0, 109.0]",1.0,0.0012186057606953945,0.00010899999999999999,True
MM-S04,F-S004,mean,58.8357,"[58.8734, 58.8282, 58.8038, 58.8374]",0.03769999999999385,0.0240826550490952,5.88357e-05,True
MM-S04,F-S004,var,11.598905509999996,"[11.666572439999998, 11.468284759999998, 11.668905559999999, 11.58936124]",0.1306207499999985,0.13053590138930493,1.1598905509999997e-05,True
MM-S04,F-S004,q90,63.0,"[63.0, 63.0, 63.0, 63.0]",0.0,0.0036742346141747668,6.3e-05,True
MM-S04,F-S004,q95,64.0,"[64.0, 64.0, 64.0, 64.0]",0.0,0.002669269563007829,6.4e-05,True
MM-S04,F-S004,q99,65.0,"[65.0, 65.0, 65.0, 65.0]",0.0,0.0012186057606953945,6.5e-05,True
MM-S04,F-S005,mean,15.12185,"[15.1194, 15.1212, 15.1286, 15.1182]",0.006750000000000256,0.00839872941627425,1.512185e-05,True
MM-S04,F-S005,var,1.4107025775000004,"[1.4399436400000003, 1.41531056, 1.4132620400000002, 1.37422876]",0.03647381750000034,0.017978137151606427,1.4107025775000004e-06,True
MM-S04,F-S005,q90,17.0,"[17.0, 17.0, 17.0, 17.0]",0.0,0.0036742346141747668,1.7e-05,True
MM-S04,F-S005,q95,17.0,"[17.0, 17.0, 17.0, 17.0]",0.0,0.002669269563007829,1.7e-05,True
MM-S04,F-S005,q99,19.0,"[19.0, 18.0, 19.0, 19.0]",1.0,0.0012186057606953945,1.8999999999999998e-05,True
MM-S04,F-S006,mean,387.68755,"[387.269, 387.9684, 387.7248, 387.788]",0.418549999999982,0.12763220890085875,0.00038768755,True
MM-S04,F-S006,var,325.7833249975,"[315.45663899999994, 324.23020144, 328.97586496, 334.20505600000007]",10.326685997500078,3.2343623571884352,0.0003257833249975,True
MM-S04,F-S006,q90,411.0,"[410.0, 411.0, 411.0, 411.0]",1.0,0.0036742346141747668,0.00041099999999999996,True
MM-S04,F-S006,q95,417.0,"[417.0, 418.0, 418.0, 418.0]",1.0,0.002669269563007829,0.000417,True
MM-S04,F-S006,q99,430.0,"[428.0, 429.0, 431.0, 431.0]",2.0,0.0012186057606953945,0.00043,True
MM-S04,F-S007,mean,94.34065,"[94.2706, 94.2162, 94.359, 94.5168]",0.1761500000000069,0.09654481562438345,9.434064999999999e-05,True
MM-S04,F-S007,var,186.4087075775,"[185.52617564, 177.48545756000001, 196.509719, 186.06171776]",10.101011422499994,2.748200748379946,0.00018640870757749998,True
MM-S04,F-S007,q90,112.0,"[112.0, 111.0, 112.0, 112.0]",1.0,0.0036742346141747668,0.000112,True
MM-S04,F-S007,q95,120.0,"[120.0, 118.0, 122.0, 119.0]",2.0,0.002669269563007829,0.00011999999999999999,True
MM-S04,F-S007,q99,138.0,"[137.01000000000022, 136.0, 139.0, 136.0]",2.0,0.0012186057606953945,0.000138,True
MM-S04,F-S008,mean,4.1921,"[4.1836, 4.1752, 4.2134, 4.1962]",0.021300000000000097,0.004087874146271113,4.1921e-06,True
MM-S04,F-S008,var,0.33419758999999993,"[0.3142910400000001, 0.33570496, 0.3474604399999999, 0.33850556]",0.019906549999999856,0.005115984721208457,1e-06,True
MM-S04,F-S008,q90,5.0,"[5.0, 5.0, 5.0, 5.0]",0.0,0.0036742346141747668,4.9999999999999996e-06,True
MM-S04,F-S008,q95,5.0,"[5.0, 5.0, 5.0, 5.0]",0.0,0.002669269563007829,4.9999999999999996e-06,True
MM-S04,F-S008,q99,6.0,"[6.0, 6.0, 6.0, 6.0]",0.0,0.0012186057606953945,6e-06,True
MM-S04,F-S009,mean,44.97884349827388,"[45.06624349827388, 45.02226559263522, 44.91904349827388, 44.90782140391255]",0.08739999999999526,0.06661206909260932,4.497884349827388e-05,True
MM-S04,F-S009,var,88.73891780822235,"[90.68147940491716, 88.49237106039449, 88.88957816605806, 86.87409818535355]",1.9425615966948016,0.9633327471795574,8.873891780822234e-05,True
MM-S04,F-S009,q90,57.299194476409674,"[57.51093210586881, 57.1933256616801, 57.299194476409674, 57.193325661680085]",0.21173762945913666,0.0036742346141747668,5.729919447640967e-05,True
MM-S04,F-S009,q95,61.42807825086307,"[61.433371691599575, 61.42807825086307, 61.53394706559263, 61.322209436133484]",0.10586881472958254,0.002669269563007829,6.142807825086306e-05,True
MM-S04,F-S009,q99,70.00345224395859,"[71.4856156501726, 70.3210586881473, 68.94582278481018, 69.36823935558112]",1.4821634062140134,0.0012186057606953945,7.000345224395859e-05,True
MM-S04,F-S010,mean,2.5020121132119346,"[2.5076894881660867, 2.4977375206682946, 2.501572669118663, 2.5010487748946946]",0.0056773749541521035,0.0033464387494940074,2.5020121132119346e-06,True
MM-S04,F-S010,var,0.22396184742999622,"[0.23021028044904743, 0.21645672676537525, 0.2244933270077995, 0.22463542963815372]",0.007505120664620973,0.0030133839233493593,1e-06,True
MM-S04,F-S010,q90,3.0493071144148,"[3.0493071144148, 3.0493071144148, 3.0493071144148, 3.0493071144148]",0.0,0.0036742346141747668,3.0493071144148e-06,True
MM-S04,F-S010,q95,3.281924240887571,"[3.281924240887571, 3.281924240887571, 3.281924240887571, 3.281924240887571]",0.0,0.002669269563007829,3.281924240887571e-06,True
MM-S04,F-S010,q99,3.979775620305883,"[3.979775620305883, 3.979775620305883, 3.979775620305883, 3.979775620305883]",0.0,0.0012186057606953945,3.979775620305883e-06,True
MM-S04,F-S011,mean,18.8993,"[18.8688, 18.9582, 18.8702, 18.9]",0.058900000000001285,0.03017198191906932,1.88993e-05,True
MM-S04,F-S011,var,18.20605951,"[18.135986560000003, 18.03885276, 18.14015196, 18.504]",0.297940490000002,0.18362150956701045,1.8206059509999997e-05,True
MM-S04,F-S011,q90,25.0,"[24.0, 25.0, 24.0, 25.0]",1.0,0.0036742346141747668,2.4999999999999998e-05,True
MM-S04,F-S011,q95,26.0,"[26.0, 26.0, 26.0, 26.0]",0.0,0.002669269563007829,2.6e-05,True
MM-S04,F-S011,q99,29.0,"[29.0, 29.0, 30.0, 29.0]",1.0,0.0012186057606953945,2.9e-05,True
MM-S04,F-S012,mean,1211.358523524179,"[1210.9959992793242, 1210.8438665063395, 1211.760363500077, 1211.833864810975]",0.5146570178394541,0.3867056328197645,0.001211358523524179,True
MM-S04,F-S012,var,2990.6753878442364,"[3019.719511054623, 2994.877310693473, 3023.6242327374257, 2923.6967765121444]",66.97861133209199,29.62552884729602,0.0029906753878442363,True
MM-S04,F-S012,q90,1282.0772512501792,"[1281.8629021652093, 1281.8957706034264, 1282.5435913412844, 1282.2376522619888]",0.4663400911051667,0.0036742346141747668,0.001282077251250179,True
MM-S04,F-S012,q95,1302.2339100772645,"[1302.976744152132, 1301.746148043463, 1303.7100589692056, 1299.6079904068981]",2.6259196703663292,0.002669269563007829,0.0013022339100772645,True
MM-S04,F-S012,q99,1341.0725154184322,"[1339.0899718146286, 1338.919229449603, 1341.56024624416, 1344.1129695396478]",3.040454121215589,0.0012186057606953945,0.0013410725154184321,True
MM-S04,F-S013,mean,1.1590533333244948,"[1.1595846049010197, 1.1585119497489036, 1.159208103493077, 1.15890867515498]",0.0005413835755911922,0.00035916153011303586,1.1590533333244948e-06,True
MM-S04,F-S013,var,0.002579811097258031,"[0.0025412375390156433, 0.002574912781496219, 0.0026148901560505058, 0.0025875836870147217]",3.8573558242387725e-05,2.6363679810920283e-05,1e-06,True
MM-S04,F-S013,q90,1.2244382811961416,"[1.2249155499461748, 1.2226005313592085, 1.224667105046852, 1.223945633786385]",0.001837749836933078,0.0036742346141747668,1.2244382811961416e-06,True
MM-S04,F-S013,q95,1.2439201264231887,"[1.2431331632842455, 1.242818563633182, 1.2460470215778507, 1.2455058518451738]",0.002126895154662023,0.002669269563007829,1.2439201264231887e-06,True
MM-S04,F-S013,q99,1.2822263791741126,"[1.2825431265345515, 1.2779298467967315, 1.2823713097845395, 1.2839199143037445]",0.004296532377381146,0.0012186057606953945,1.2822263791741126e-06,True
MM-S05,F-S001,mean,69.99232746478873,"[70.02712676056339, 69.93204225352113, 70.16001408450705, 69.85012676056338]",0.16768661971832444,0.08181750752483231,6.999232746478873e-05,True
MM-S05,F-S001,var,133.87539664698232,"[136.6483516215037, 130.99800324836346, 131.46569979746084, 136.3363467802024]",2.877393398618864,1.3787763632327625,0.0001338753966469823,True
MM-S05,F-S001,q90,85.14084507042254,"[85.28873239436624, 85.21830985915496, 84.99999999999999, 84.86619718309862]",0.27464788732392265,0.0036742346141747668,8.514084507042254e-05,True
MM-S05,F-S001,q95,90.00000000000001,"[90.49647887323947, 90.00000000000001, 89.92957746478874, 89.71830985915493]",0.49647887323945383,0.002669269563007829,9e-05,True
MM-S05,F-S001,q99,99.7887323943662,"[100.77464788732395, 98.59225352112678, 99.29577464788733, 100.84647887323946]",1.1964788732394283,0.0012186057606953945,9.97887323943662e-05,True
MM-S05,F-S002,mean,2.665885175795633,"[2.6703583558488764, 2.6623404282501846, 2.673691389705309, 2.6571505293781628]",0.008734646417470238,0.0031341668861817225,2.6658851757956327e-06,True
MM-S05,F-S002,var,0.19645021840669022,"[0.20898504410462784, 0.19921507388329984, 0.19198652565392363, 0.18544442438631795]",0.012534825697937624,0.0026465098542228773,1e-06,True
MM-S05,F-S002,q90,3.22426352079185,"[3.22426352079185, 3.22426352079185, 3.22426352079185, 3.22426352079185]",0.0,0.0036742346141747668,3.22426352079185e-06,True
MM-S05,F-S002,q95,3.418496263008227,"[3.5738824567813277, 3.418496263008227, 3.418496263008227, 3.418496263008227]",0.1553861937731007,0.002669269563007829,3.418496263008227e-06,True
MM-S05,F-S002,q99,4.001194489657356,"[4.001194489657356, 4.001194489657356, 4.001194489657356, 4.001194489657356]",0.0,0.0012186057606953945,4.001194489657357e-06,True
MM-S05,F-S003,mean,41.52715,"[41.5668, 41.5068, 41.5488, 41.4862]",0.04095000000000226,0.018038414927472282,4.1527149999999994e-05,True
MM-S05,F-S003,var,6.5073628775,"[6.783937760000001, 6.5887537599999995, 6.48601856, 6.1666095599999995]",0.3407533175000008,0.08169162981592414,6.5073628775e-06,True
MM-S05,F-S003,q90,45.0,"[45.0, 45.0, 45.0, 45.0]",0.0,0.0036742346141747668,4.4999999999999996e-05,True
MM-S05,F-S003,q95,46.0,"[46.0, 46.0, 46.0, 46.0]",0.0,0.002669269563007829,4.6e-05,True
MM-S05,F-S003,q99,49.0,"[49.0, 49.0, 49.0, 49.0]",0.0,0.0012186057606953945,4.9e-05,True
MM-S05,F-S004,mean,16.7245,"[16.7498, 16.723, 16.696, 16.7292]",0.028499999999997527,0.01342531189395511,1.67245e-05,True
MM-S05,F-S004,var,3.604599750000001,"[3.6839999599999995, 3.538671, 3.5943840000000002, 3.59986736]",0.07940020999999842,0.03971710759811175,3.6045997500000008e-06,True
MM-S05,F-S004,q90,19.0,"[19.0, 19.0, 19.0, 19.0]",0.0,0.0036742346141747668,1.8999999999999998e-05,True
MM-S05,F-S004,q95,19.0,"[20.0, 19.0, 19.0, 19.0]",1.0,0.002669269563007829,1.8999999999999998e-05,True
MM-S05,F-S004,q99,20.0,"[20.0, 20.0, 20.0, 20.0]",0.0,0.0012186057606953945,1.9999999999999998e-05,True
MM-S05,F-S005,mean,7.43885,"[7.4314, 7.4438, 7.4448, 7.4354]",0.007450000000000401,0.005393930718819992,7.43885e-06,True
MM-S05,F-S005,var,0.5818606774999998,"[0.56689404, 0.5940415600000001, 0.5857529600000001, 0.58062684]",0.014966637499999824,0.007383023179622842,1e-06,True
MM-S05,F-S005,q90,8.0,"[8.0, 8.0, 8.0, 8.0]",0.0,0.0036742346141747668,8e-06,True
MM-S05,F-S005,q95,9.0,"[9.0, 9.0, 9.0, 9.0]",0.0,0.002669269563007829,9e-06,True
MM-S05,F-S005,q99,10.0,"[10.0, 10.0, 10.0, 10.0]",0.0,0.0012186057606953945,9.999999999999999e-06,True
MM-S05,F-S006,mean,141.57745,"[141.4004, 141.6872, 141.5824, 141.6398]",0.17705000000000837,0.07898051640103113,0.00014157744999999998,True
MM-S05,F-S006,var,124.7522014975,"[124.09167984, 126.29975616000002, 126.22201023999997, 122.34805596000001]",2.4041455374999856,1.2396523431770323,0.0001247522014975,True
MM-S05,F-S006,q90,156.0,"[156.0, 156.0, 156.0, 156.0]",0.0,0.0036742346141747668,0.000156,True
MM-S05,F-S006,q95,160.0,"[160.0, 161.0, 160.0, 160.0]",1.0,0.002669269563007829,0.00015999999999999999,True
MM-S05,F-S006,q99,168.0,"[168.0, 169.0, 169.0, 168.0]",1.0,0.0012186057606953945,0.000168,True
MM-S05,F-S007,mean,115.07945,"[114.941, 115.073, 115.3142, 114.9896]",0.23475000000000534,0.12411275955246981,0.00011507944999999999,True
MM-S05,F-S007,var,308.0641376975,"[301.459119, 321.247271, 301.09347835999995, 308.37429184]",13.183133302500039,4.722678396361544,0.0003080641376975,True
MM-S05,F-S007,q90,138.0,"[137.0, 139.0, 138.0, 137.0]",1.0,0.0036742346141747668,0.000138,True
MM-S05,F-S007,q95,148.0,"[147.0, 149.0, 147.0, 147.0]",1.0,0.002669269563007829,0.000148,True
MM-S05,F-S007,q99,171.0,"[170.0, 169.01000000000022, 170.01000000000022, 172.0]",1.9899999999997817,0.0012186057606953945,0.00017099999999999998,True
MM-S05,F-S008,mean,3.4741,"[3.47, 3.4816, 3.4772, 3.4676]",0.00749999999999984,0.004071521627649572,3.4741e-06,True
MM-S05,F-S008,var,0.3315291899999999,"[0.33470000000000005, 0.33246143999999994, 0.33108015999999996, 0.3277502399999999]",0.003778950000000003,0.0033496377021386627,1e-06,True
MM-S05,F-S008,q90,4.0,"[4.0, 4.0, 4.0, 4.0]",0.0,0.0036742346141747668,4e-06,True
MM-S05,F-S008,q95,4.0,"[4.0, 4.0, 4.0, 4.0]",0.0,0.002669269563007829,4e-06,True
MM-S05,F-S008,q99,5.0,"[5.0, 5.0, 5.0, 5.0]",0.0,0.0012186057606953945,4.9999999999999996e-06,True
MM-S05,F-S009,mean,13.97580633802817,"[13.861070422535208, 14.103154929577466, 13.976450704225357, 13.96254929577465]",0.12734859154929623,0.037349062108581674,1.3975806338028168e-05,True
MM-S05,F-S009,var,27.897653855373438,"[27.30737978655029, 27.919730018647098, 27.952315892878403, 28.38163156496727]",0.5902740688231489,0.32985736589586906,2.7897653855373437e-05,True
MM-S05,F-S009,q90,20.97887323943678,"[20.83098591549296, 21.183098591549296, 21.11267605633803, 20.83098591549296]",0.20422535211251613,0.0036742346141747668,2.097887323943678e-05,True
MM-S05,F-S009,q95,23.5774647887324,"[23.71830985915493, 23.5774647887324, 23.507042253521128, 23.5774647887324]",0.14084507042253236,0.002669269563007829,2.35774647887324e-05,True
MM-S05,F-S009,q99,29.141549295774542,"[28.7887323943662, 29.422535211267608, 28.93028169014087, 29.2823943661972]",0.35281690140834243,0.0012186057606953945,2.914154929577454e-05,True
MM-S05,F-S010,mean,2.0425126705989727,"[2.0409199621127976, 2.0434061412131674, 2.044874540744323, 2.0408500383256003]",0.0023618701453504976,0.0035611943017391963,2.0425126705989725e-06,True
MM-S05,F-S010,var,0.25362941498993974,"[0.25180768008048293, 0.2563152857142858, 0.247757227303823, 0.2586257890744468]",0.005872187686116748,0.002981724632323554,1e-06,True
MM-S05,F-S010,q90,2.641565294142721,"[2.641565294142721, 2.641565294142721, 2.641565294142721, 2.641565294142721]",0.0,0.0036742346141747668,2.6415652941427207e-06,True
MM-S05,F-S010,q95,2.991184230132198,"[2.991184230132198, 2.991184230132198, 2.991184230132198, 2.991184230132198]",0.0,0.002669269563007829,2.9911842301321977e-06,True
MM-S05,F-S010,q99,3.418496263008227,"[3.418496263008227, 3.418496263008227, 3.418496263008227, 3.574270922265769]",0.15577465925754197,0.0012186057606953945,3.418496263008227e-06,True
MM-S05,F-S011,mean,28.35025,"[28.2592, 28.4488, 28.2954, 28.3976]",0.09854999999999947,0.03650062138708165,2.835025e-05,True
MM-S05,F-S011,var,26.6445749375,"[26.860415359999998, 26.11057856, 26.48293884, 27.101114239999994]",0.5339963774999994,0.27068140502602756,2.6644574937499997e-05,True
MM-S05,F-S011,q90,35.0,"[35.0, 35.0, 35.0, 35.0]",0.0,0.0036742346141747668,3.5e-05,True
MM-S05,F-S011,q95,37.0,"[37.0, 37.0, 37.0, 37.0]",0.0,0.002669269563007829,3.7e-05,True
MM-S05,F-S011,q99,41.0,"[41.0, 41.0, 41.0, 41.0]",0.0,0.0012186057606953945,4.1e-05,True
MM-S05,F-S012,mean,2216.0344410684893,"[2216.8636561645953, 2216.1419797094727, 2215.2115411930404, 2215.9205872068487]",0.8292150961060543,0.9974397596183483,0.002216034441068489,True
MM-S05,F-S012,var,19896.7265952761,"[20185.58129006451, 19655.968386200348, 19905.55474700642, 19838.412668691373]",288.8546947884097,200.10280393315608,0.0198967265952761,True
MM-S05,F-S012,q90,2399.550108809721,"[2402.96237945319, 2399.9044004418665, 2399.412072355703, 2394.2321574150787]",5.317951394642478,0.0036742346141747668,0.002399550108809721,True
MM-S05,F-S012,q95,2451.4165432201053,"[2451.061499033416, 2448.529317867992, 2452.8551645954158, 2452.3654393813868]",2.8872253521130915,0.002669269563007829,0.0024514165432201053,True
MM-S05,F-S012,q99,2554.4322243026786,"[2555.048815686275, 2550.698684783209, 2538.5661412869385, 2567.6197376967693]",15.86608301574006,0.0012186057606953945,0.0025544322243026786,True
MM-S05,F-S013,mean,1.18234756614195,"[1.1833390985915493, 1.1825117392985363, 1.1827891621099142, 1.180750264567799]",0.0015973015741510554,0.0005151565739508275,1.1823475661419499e-06,True
MM-S05,F-S013,var,0.005307460527399404,"[0.0053259121191521815, 0.005299176009523137, 0.005367722719281505, 0.005233274792899131]",7.418573450027229e-05,5.3384592659579896e-05,1e-06,True
MM-S05,F-S013,q90,1.276271748135874,"[1.2801071527202432, 1.2758088925711129, 1.2764766639049985, 1.271759182546258]",0.004512565589616102,0.0036742346141747668,1.276271748135874e-06,True
MM-S05,F-S013,q95,1.3042584921292462,"[1.3042584921292462, 1.3047544877105774, 1.304512565589616, 1.302254349627175]",0.002004142502071149,0.002669269563007829,1.3042584921292462e-06,True
MM-S05,F-S013,q99,1.3564657276995304,"[1.3577368130350738, 1.3565432753383042, 1.3589784037558688, 1.351320408726871]",0.005145318972659352,0.0012186057606953945,1.3564657276995303e-06,True
MM-S06,F-S001,mean,65.008609009009,"[65.16628468468468, 64.90277477477477, 64.85765045045045, 65.10772612612612]",0.15767567567567653,0.07845348950359103,6.5008609009009e-05,True
MM-S06,F-S001,var,123.09284535578605,"[121.87960030859833, 123.01433142894246, 126.2651669441896, 121.14360754827042]",3.1723215884035483,1.2744537366037478,0.00012309284535578604,True
MM-S06,F-S001,q90,79.63063063063063,"[79.91891891891892, 79.45405405405407, 79.41801801801803, 79.70630630630633]",0.28828828828828534,0.0036742346141747668,7.963063063063064e-05,True
MM-S06,F-S001,q95,84.38738738738739,"[84.35315315315316, 84.3891891891892, 84.3891891891892, 84.24684684684686]",0.14054054054052756,0.002669269563007829,8.438738738738739e-05,True
MM-S06,F-S001,q99,93.46846846846847,"[93.54090090090092, 93.8655855855856, 93.39711711711713, 93.2540540540541]",0.3971171171171335,0.0012186057606953945,9.346846846846847e-05,True
MM-S06,F-S002,mean,2.6294297400709357,"[2.624519474613681, 2.630871477588172, 2.6312615128585355, 2.6310664952233536]",0.004910265457254592,0.0030376553476244945,2.6294297400709357e-06,True
MM-S06,F-S002,var,0.18453777286902287,"[0.18139496327096327, 0.18766675836451838, 0.18565314893970894, 0.18340399722799725]",0.0031428095980595983,0.0023684691664537065,1e-06,True
MM-S06,F-S002,q90,3.1342119939922415,"[3.1342119939922415, 3.2735103048363414, 3.1342119939922415, 3.1342119939922415]",0.13929831084409994,0.0036742346141747668,3.1342119939922413e-06,True
MM-S06,F-S002,q95,3.412808615680441,"[3.412808615680441, 3.412808615680441, 3.412808615680441, 3.412808615680441]",0.0,0.002669269563007829,3.412808615680441e-06,True
MM-S06,F-S002,q99,3.83070354821274,"[3.9700018590568393, 3.83070354821274, 3.83070354821274, 3.8320965313212114]",0.1392983108440995,0.0012186057606953945,3.830703548212739e-06,True
MM-S06,F-S003,mean,73.34315,"[73.3254, 73.3748, 73.3302, 73.3422]",0.03164999999999907,0.0242187784856414,7.334314999999999e-05,True
MM-S06,F-S003,var,11.730398077499997,"[11.40551484, 11.89752496, 11.879567960000001, 11.73749916]",0.32488323749999637,0.14543045228407941,1.1730398077499996e-05,True
MM-S06,F-S003,q90,78.0,"[78.0, 78.0, 78.0, 78.0]",0.0,0.0036742346141747668,7.8e-05,True
MM-S06,F-S003,q95,80.0,"[79.0, 80.0, 80.0, 80.0]",1.0,0.002669269563007829,7.999999999999999e-05,True
MM-S06,F-S003,q99,83.0,"[83.0, 83.0, 83.0, 83.0]",0.0,0.0012186057606953945,8.3e-05,True
MM-S06,F-S004,mean,39.05165,"[39.0554, 39.064, 39.06, 39.0272]",0.024450000000001637,0.01973964529962045,3.905165e-05,True
MM-S06,F-S004,var,7.792682277500001,"[7.70593084, 7.812704000000001, 7.8448, 7.806460159999999]",0.08675143750000114,0.08679681657331959,7.792682277500001e-06,True
MM-S06,F-S004,q90,42.0,"[42.0, 42.0, 42.0, 42.0]",0.0,0.0036742346141747668,4.2e-05,True
MM-S06,F-S004,q95,43.0,"[43.0, 43.0, 43.0, 43.0]",0.0,0.002669269563007829,4.2999999999999995e-05,True
MM-S06,F-S004,q99,44.0,"[44.0, 44.0, 44.0, 44.0]",0.0,0.0012186057606953945,4.4e-05,True
MM-S06,F-S005,mean,11.0519,"[11.0706, 11.0776, 11.0362, 11.0232]",0.028700000000000614,0.006899470967761351,1.10519e-05,True
MM-S06,F-S005,var,0.9520063900000001,"[0.95561564, 0.96917824, 0.93888956, 0.94226176]",0.017171849999999877,0.012030897397111887,1e-06,True
MM-S06,F-S005,q90,12.0,"[12.0, 12.0, 12.0, 12.0]",0.0,0.0036742346141747668,1.2e-05,True
MM-S06,F-S005,q95,13.0,"[13.0, 13.0, 13.0, 13.0]",0.0,0.002669269563007829,1.3e-05,True
MM-S06,F-S005,q99,14.0,"[14.0, 14.0, 14.0, 14.0]",0.0,0.0012186057606953945,1.4e-05,True
MM-S06,F-S006,mean,277.0628,"[277.3902, 276.7942, 277.0656, 277.0012]",0.32740000000001146,0.11032903712451061,0.00027706279999999996,True
MM-S06,F-S006,var,243.43775616000002,"[244.20434396000002, 249.10944636000005, 245.57089664000003, 234.68319855999997]",8.754557600000055,2.440958838984053,0.00024343775616,True
MM-S06,F-S006,q90,297.0,"[298.0, 297.0, 297.0, 297.0]",1.0,0.0036742346141747668,0.000297,True
MM-S06,F-S006,q95,303.0,"[304.0, 303.0, 303.0, 302.0]",1.0,0.002669269563007829,0.000303,True
MM-S06,F-S006,q99,314.0,"[314.0, 315.0, 315.0, 313.0]",1.0,0.0012186057606953945,0.000314,True
MM-S06,F-S007,mean,117.1624,"[117.4122, 117.0564, 117.233, 116.948]",0.24979999999999336,0.12023959077591499,0.0001171624,True
MM-S06,F-S007,var,289.13672624000003,"[302.69949116000004, 290.90841903999996, 286.085111, 276.72929600000003]",13.562764920000006,4.21405837907504,0.00028913672624,True
MM-S06,F-S007,q90,140.0,"[140.0, 139.0, 140.0, 139.0]",1.0,0.0036742346141747668,0.00014,True
MM-S06,F-S007,q95,149.0,"[150.0, 149.0, 148.0, 149.0]",1.0,0.002669269563007829,0.000149,True
MM-S06,F-S007,q99,170.0,"[173.0, 170.0, 168.0, 168.0]",3.0,0.0012186057606953945,0.00016999999999999999,True
MM-S06,F-S008,mean,3.8266,"[3.8276, 3.8362, 3.8206, 3.822]",0.009599999999999831,0.004196725226308158,3.8266e-06,True
MM-S06,F-S008,var,0.35223244,"[0.35067824000000003, 0.36256956, 0.34361564, 0.351916]",0.010337120000000033,0.004211555430280988,1e-06,True
MM-S06,F-S008,q90,4.0,"[4.0, 4.0, 4.0, 4.0]",0.0,0.0036742346141747668,4e-06,True
MM-S06,F-S008,q95,5.0,"[5.0, 5.0, 5.0, 5.0]",0.0,0.002669269563007829,4.9999999999999996e-06,True
MM-S06,F-S008,q99,5.0,"[5.0, 5.0, 5.0, 5.0]",0.0,0.0012186057606953945,4.9999999999999996e-06,True
MM-S06,F-S009,mean,23.971817889317887,"[24.045984555984557, 23.922882882882885, 23.874285714285715, 24.044118404118407]",0.09753217503217115,0.049111423682912644,2.3971817889317885e-05,True
MM-S06,F-S009,var,48.236226791314905,"[48.482575703834016, 48.829554773085285, 47.65123646139245, 47.9589050080417]",0.5933279817703792,0.5535928508440486,4.8236226791314905e-05,True
MM-S06,F-S009,q90,33.1994851994852,"[33.39253539253539, 33.328185328185334, 33.006435006435005, 33.07078507078508]",0.19305019305019755,0.0036742346141747668,3.31994851994852e-05,True
MM-S06,F-S009,q95,36.48133848133848,"[36.80308880308881, 36.484555984556, 36.15958815958816, 36.352638352638344]",0.32175032175032925,0.002669269563007829,3.648133848133848e-05,True
MM-S06,F-S009,q99,42.916344916344926,"[42.9813384813385, 43.366795366795365, 42.72393822393824, 42.85199485199485]",0.45045045045043963,0.0012186057606953945,4.291634491634492e-05,True
MM-S06,F-S010,mean,2.2558745852103064,"[2.2636998499559726, 2.2504541650673695, 2.2565746556854, 2.252769670132482]",0.00782526474566625,0.0034114938640713477,2.2558745852103063e-06,True
MM-S06,F-S010,var,0.2327541694015445,"[0.24144698759330777, 0.22846227143715156, 0.22740294472543984, 0.23360372753110267]",0.008692818191763263,0.0029300203770397056,1e-06,True
MM-S06,F-S010,q90,2.914519341919521,"[2.914519341919521, 2.914519341919521, 2.914519341919521, 2.914519341919521]",0.0,0.0036742346141747668,2.9145193419195207e-06,True
MM-S06,F-S010,q95,3.0975921649044156,"[3.0975921649044156, 3.0975921649044156, 3.0975921649044156, 3.0975921649044156]",0.0,0.002669269563007829,3.0975921649044154e-06,True
MM-S06,F-S010,q99,3.6468106338590993,"[3.829883456843994, 3.6468106338590993, 3.6468106338590993, 3.6468106338590993]",0.18307282298489458,0.0012186057606953945,3.6468106338590992e-06,True
MM-S06,F-S011,mean,31.0452,"[31.1076, 31.128, 31.0, 30.9452]",0.10000000000000142,0.03851710044060063,3.10452e-05,True
MM-S06,F-S011,var,29.669856959999997,"[29.857622239999998, 29.593615999999997, 29.1896, 30.015796960000007]",0.4802569599999984,0.2959019673813067,2.9669856959999995e-05,True
MM-S06,F-S011,q90,38.0,"[38.0, 38.0, 38.0, 38.0]",0.0,0.0036742346141747668,3.7999999999999995e-05,True
MM-S06,F-S011,q95,40.0,"[40.0, 40.0, 40.0, 40.0]",0.0,0.002669269563007829,3.9999999999999996e-05,True
MM-S06,F-S011,q99,44.0,"[44.0, 44.0, 44.0, 44.0]",0.0,0.0012186057606953945,4.4e-05,True
MM-S06,F-S012,mean,1923.1308152234342,"[1921.8995414235299, 1922.2151683802358, 1923.863988072682, 1924.5445630172883]",1.4137477938540997,0.6468068559169909,0.001923130815223434,True
MM-S06,F-S012,var,8366.763818115602,"[8249.336051351358, 8270.483772992331, 8583.72559295985, 8358.619185595582]",216.9617748442488,83.19311270500786,0.0083667638181156,True
MM-S06,F-S012,q90,2040.7097712587401,"[2040.936218140084, 2038.763346667728, 2040.8251864161657, 2041.4277226047845]",1.9464245910121463,0.0036742346141747668,0.00204070977125874,True
MM-S06,F-S012,q95,2075.986147487694,"[2073.4179042444507, 2075.870273089732, 2076.5946821637544, 2078.707914726214]",2.7217672385199876,0.002669269563007829,0.0020759861474876936,True
MM-S06,F-S012,q99,2139.247975162202,"[2137.8426958696546, 2140.136505924186, 2143.925518880442, 2135.577167767915]",4.677543718240031,0.0012186057606953945,0.002139247975162202,True
MM-S06,F-S013,mean,1.177125120739296,"[1.176201477397869, 1.1777713615677534, 1.17871044792952, 1.1758171960620414]",0.001585327190223973,0.00038355575021914673,1.177125120739296e-06,True
MM-S06,F-S013,var,0.0029421531555099234,"[0.00289244880608781, 0.0029150779909474086, 0.0030317060654163684, 0.002923885086096144]",8.955290990644502e-05,2.9715572800299735e-05,1e-06,True
MM-S06,F-S013,q90,1.2469052262866696,"[1.24465960806167, 1.2466746938396422, 1.2512581432684526, 1.245117355942098]",0.004352916981783084,0.0036742346141747668,1.2469052262866696e-06,True
MM-S06,F-S013,q95,1.2682701110536163,"[1.2654645809284986, 1.2682745890220117, 1.27187752922289, 1.2664109249160795]",0.0036074181692737906,0.002669269563007829,1.2682701110536162e-06,True
MM-S06,F-S013,q99,1.3068738141676284,"[1.305482326951399, 1.3072718226326474, 1.309601693003755, 1.306903866311083]",0.002727878836126685,0.0012186057606953945,1.3068738141676283e-06,True
MM-S07,F-S001,mean,64.93595225806453,"[65.05292903225806, 64.81097290322582, 64.85028129032258, 65.0296258064516]",0.12497935483871458,0.07871370806672764,6.493595225806453e-05,True
MM-S07,F-S001,var,123.91076090444287,"[126.45354968507804, 123.18268850278295, 121.22196221432009, 124.73942556237252]",2.6887986901227805,1.3008674745586213,0.00012391076090444286,True
MM-S07,F-S001,q90,79.54193548387097,"[79.72258064516129, 79.36129032258064, 79.01806451612913, 79.7225806451613]",0.5238709677418427,0.0036742346141747668,7.954193548387097e-05,True
MM-S07,F-S001,q95,84.23870967741938,"[84.96129032258064, 84.05806451612904, 83.8774193548387, 84.23870967741937]",0.7225806451612584,0.002669269563007829,8.423870967741937e-05,True
MM-S07,F-S001,q99,93.63406451612876,"[93.45341935483876, 93.45522580645171, 93.99354838709678, 93.63225806451615]",0.35948387096802037,0.0012186057606953945,9.363406451612876e-05,True
MM-S07,F-S002,mean,2.661328202297198,"[2.6661022268230767, 2.6683121345830734, 2.6520318866898744, 2.6588665610927658]",0.009296315607323358,0.0034375051272314467,2.661328202297198e-06,True
MM-S07,F-S002,var,0.23631701355334994,"[0.24530358114143927, 0.23875650628287848, 0.23420558165756833, 0.22683833734987602]",0.009478676203473924,0.003284563876743383,1e-06,True
MM-S07,F-S002,q90,3.4084262830589647,"[3.4084262830589647, 3.4084262830589647, 3.4084262830589647, 3.4084262830589647]",0.0,0.0036742346141747668,3.4084262830589645e-06,True
MM-S07,F-S002,q95,3.4084262830589647,"[3.720308426606844, 3.4084262830589647, 3.4084262830589647, 3.4084262830589647]",0.31188214354787913,0.002669269563007829,3.4084262830589645e-06,True
MM-S07,F-S002,q99,4.0321905701547225,"[4.344072713702602, 4.0321905701547225, 4.0321905701547225, 4.0321905701547225]",0.31188214354787913,0.0012186057606953945,4.032190570154722e-06,True
MM-S07,F-S003,mean,19.38595,"[19.3994, 19.4108, 19.3548, 19.3788]",0.031150000000000233,0.0120947072710421,1.938595e-05,True
MM-S07,F-S003,var,2.925492597500001,"[3.0186796399999998, 2.9488433599999997, 2.90531696, 2.8273105600000004]",0.09818203750000043,0.03719478405999341,2.9254925975000005e-06,True
MM-S07,F-S003,q90,22.0,"[22.0, 22.0, 22.0, 22.0]",0.0,0.0036742346141747668,2.2e-05,True
MM-S07,F-S003,q95,22.0,"[23.0, 22.0, 22.0, 22.0]",1.0,0.002669269563007829,2.2e-05,True
MM-S07,F-S003,q99,24.0,"[25.0, 24.0, 24.0, 24.0]",1.0,0.0012186057606953945,2.4e-05,True
MM-S07,F-S004,mean,4.21595,"[4.224, 4.2138, 4.2226, 4.2034]",0.012550000000000061,0.0074975723107235,4.21595e-06,True
MM-S07,F-S004,var,1.1242155975,"[1.1514240000000002, 1.14448956, 1.08944924, 1.11122844]",0.03476635750000012,0.011334230540382685,1.1242155975e-06,True
MM-S07,F-S004,q90,5.0,"[5.0, 5.0, 5.0, 5.0]",0.0,0.0036742346141747668,4.9999999999999996e-06,True
MM-S07,F-S004,q95,6.0,"[6.0, 6.0, 6.0, 6.0]",0.0,0.002669269563007829,6e-06,True
MM-S07,F-S004,q99,6.0,"[6.0, 6.0, 6.0, 6.0]",0.0,0.0012186057606953945,6e-06,True
MM-S07,F-S005,mean,4.8244,"[4.8172, 4.8198, 4.8324, 4.8282]",0.008000000000000007,0.004573759718644848,4.8244e-06,True
MM-S07,F-S005,var,0.41836464000000007,"[0.42938415999999996, 0.41372796, 0.40951023999999997, 0.4206847600000001]",0.011019519999999894,0.004874315295457824,1e-06,True
MM-S07,F-S005,q90,6.0,"[6.0, 6.0, 6.0, 6.0]",0.0,0.0036742346141747668,6e-06,True
MM-S07,F-S005,q95,6.0,"[6.0, 6.0, 6.0, 6.0]",0.0,0.002669269563007829,6e-06,True
MM-S07,F-S005,q99,7.0,"[7.0, 6.0, 6.010000000000218, 7.0]",1.0,0.0012186057606953945,7e-06,True
MM-S07,F-S006,mean,54.9774,"[54.9184, 55.0442, 54.979, 54.968]",0.06679999999999353,0.049129015306713104,5.49774e-05,True
MM-S07,F-S006,var,48.270789240000006,"[48.833741440000004, 47.878646360000005, 47.858159, 48.504576]",0.562952199999998,0.481039650173455,4.8270789240000005e-05,True
MM-S07,F-S006,q90,64.0,"[64.0, 64.0, 64.0, 64.0]",0.0,0.0036742346141747668,6.4e-05,True
MM-S07,F-S006,q95,67.0,"[67.0, 67.0, 67.0, 67.0]",0.0,0.002669269563007829,6.7e-05,True
MM-S07,F-S006,q99,72.0,"[72.0, 71.01000000000022, 72.0, 72.0]",0.9899999999997817,0.0012186057606953945,7.2e-05,True
MM-S07,F-S007,mean,88.25665,"[88.3224, 88.2304, 88.079, 88.3948]",0.17764999999999986,0.09953094674192026,8.825665e-05,True
MM-S07,F-S007,var,198.1182807775,"[200.99085824, 202.08691584000002, 189.60675899999998, 199.73293296]",8.511521777500008,2.505929093782267,0.0001981182807775,True
MM-S07,F-S007,q90,107.0,"[107.0, 107.0, 107.0, 107.0]",0.0,0.0036742346141747668,0.000107,True
MM-S07,F-S007,q95,115.0,"[115.0, 116.0, 113.0, 115.0]",2.0,0.002669269563007829,0.00011499999999999999,True
MM-S07,F-S007,q99,132.0,"[134.0, 132.0, 129.01000000000022, 131.0]",2.9899999999997817,0.0012186057606953945,0.00013199999999999998,True
MM-S07,F-S008,mean,3.21885,"[3.2158, 3.2236, 3.2208, 3.2152]",0.004749999999999588,0.003633647484925063,3.21885e-06,True
MM-S07,F-S008,var,0.2640546775,"[0.26203036, 0.27160303999999996, 0.26004735999999995, 0.26248896000000005]",0.007548362499999961,0.00411933336027496,1e-06,True
MM-S07,F-S008,q90,4.0,"[4.0, 4.0, 4.0, 4.0]",0.0,0.0036742346141747668,4e-06,True
MM-S07,F-S008,q95,4.0,"[4.0, 4.0, 4.0, 4.0]",0.0,0.002669269563007829,4e-06,True
MM-S07,F-S008,q99,5.0,"[5.0, 5.0, 5.0, 5.0]",0.0,0.0012186057606953945,4.9999999999999996e-06,True
MM-S07,F-S009,mean,22.985409032258065,"[22.831329032258065, 22.94683870967742, 23.090776774193547, 23.072691612903228]",0.15408000000000044,0.047993594438890515,2.2985409032258064e-05,True
MM-S07,F-S009,var,46.065398758186895,"[45.51562702451613, 46.484084678459936, 46.783025342095314, 45.43490906156754]",0.7176265839084195,0.5232831199553878,4.606539875818689e-05,True
MM-S07,F-S009,q90,31.890322580645165,"[31.89032258064516, 31.890322580645165, 32.199999999999996, 31.89032258064517]",0.3096774193548306,0.0036742346141747668,3.189032258064517e-05,True
MM-S07,F-S009,q95,35.29677419354839,"[34.987096774193546, 35.60645161290322, 35.29677419354839, 34.987096774193546]",0.3096774193548413,0.002669269563007829,3.529677419354838e-05,True
MM-S07,F-S009,q99,41.800000000000004,"[41.800000000000004, 42.11277419354846, 41.8, 41.49032258064517]",0.3127741935484565,0.0012186057606953945,4.18e-05,True
MM-S07,F-S010,mean,2.250335850816461,"[2.240417518942962, 2.253193107516257, 2.2522619031053037, 2.2554708737013223]",0.00991833187349922,0.0038494050414443924,2.250335850816461e-06,True
MM-S07,F-S010,var,0.2963435655427771,"[0.2917802805049089, 0.29919666876858353, 0.2904503450659187, 0.3038103524712483]",0.007466786928471247,0.0041174065602460445,1e-06,True
MM-S07,F-S010,q90,3.0314388198301265,"[3.0314388198301265, 3.0314388198301265, 3.0314388198301265, 3.0314388198301265]",0.0,0.0036742346141747668,3.0314388198301264e-06,True
MM-S07,F-S010,q95,3.4333975583711385,"[3.4333975583711385, 3.4333975583711385, 3.4333975583711385, 3.4333975583711385]",0.0,0.002669269563007829,3.4333975583711383e-06,True
MM-S07,F-S010,q99,3.8353562969121495,"[3.8353562969121495, 3.8353562969121495, 3.8353562969121495, 3.8353562969121495]",0.0,0.0012186057606953945,3.835356296912149e-06,True
MM-S07,F-S011,mean,6.4038,"[6.4136, 6.381, 6.363, 6.4576]",0.05379999999999985,0.017609025580340738,6.4038e-06,True
MM-S07,F-S011,var,6.20124556,"[6.37333504, 6.155439000000001, 6.225231000000001, 6.04580224]",0.17208947999999946,0.06498029737094203,6.20124556e-06,True
MM-S07,F-S011,q90,10.0,"[10.0, 10.0, 10.0, 10.0]",0.0,0.0036742346141747668,9.999999999999999e-06,True
MM-S07,F-S011,q95,11.0,"[11.0, 11.0, 11.0, 11.0]",0.0,0.002669269563007829,1.1e-05,True
MM-S07,F-S011,q99,13.0,"[13.0, 13.0, 13.0, 13.0]",0.0,0.0012186057606953945,1.3e-05,True
MM-S07,F-S012,mean,1922.8474414076247,"[1922.4736468873066, 1923.6219040469211, 1922.9078886971095, 1922.386325999162]",0.7744626392964165,1.4472540347472989,0.0019228474414076247,True
MM-S07,F-S012,var,41888.790277605614,"[41011.58625851693, 43081.97995431949, 42292.87499168016, 41167.76410988811]",1193.189676713875,426.9238160753823,0.041888790277605614,True
MM-S07,F-S012,q90,2186.397612065354,"[2184.7515291160453, 2192.8913950565566, 2182.435039798911, 2186.3992040217845]",6.493782991202352,0.0036742346141747668,0.002186397612065354,True
MM-S07,F-S012,q95,2268.720988688731,"[2271.504147465438, 2273.628357771261, 2268.411617092585, 2263.032899036447]",5.688089652283907,0.002669269563007829,0.002268720988688731,True
MM-S07,F-S012,q99,2434.3039974863846,"[2425.9808085462932, 2443.0876103896103, 2446.1119388353586, 2423.2718056137414]",11.807941348974055,0.0012186057606953945,0.0024343039974863844,True
MM-S07,F-S013,mean,1.1776074821952243,"[1.1733171009635528, 1.1795198324256388, 1.178821013824885, 1.1787719815668205]",0.0042903812316714696,0.0008692994851322876,1.1776074821952241e-06,True
MM-S07,F-S013,var,0.015112876215430357,"[0.01471283773583548, 0.015506019285873895, 0.015263030565476137, 0.01494472410221643]",0.0004000384795948761,0.00015150540419132081,1e-06,True
MM-S07,F-S013,q90,1.3395056556346878,"[1.329451193967323, 1.3416841223292837, 1.3420192710515293, 1.3395056556346878]",0.010054461667364789,0.0036742346141747668,1.3395056556346878e-06,True
MM-S07,F-S013,q95,1.3844155844155843,"[1.381399245915375, 1.3889400921658985, 1.3879346459991622, 1.381399245915375]",0.004524507750314211,0.002669269563007829,1.3844155844155842e-06,True
MM-S07,F-S013,q99,1.4752542940930014,"[1.4581524926686216, 1.4772040217846678, 1.4845412651864263, 1.4845446166736491]",0.01710180142437978,0.0012186057606953945,1.4752542940930013e-06,True
PB-S01,F-S001,mean,40.00692889273356,"[39.98788719723184, 39.896404844290664, 40.18199446366782, 39.96142906574395]",0.17506557093425812,0.06030863561695286,4.000692889273356e-05,True
PB-S01,F-S001,var,72.73899346803796,"[72.58670719938269, 73.69019302066549, 74.29898274095187, 70.3347945713174]",2.4041988967205583,0.7758756768819752,7.273899346803796e-05,True
PB-S01,F-S001,q90,51.28719723183391,"[51.041176470588255, 51.162629757785474, 51.60173010380625, 51.13148788927336]",0.3145328719723395,0.0036742346141747668,5.1287197231833905e-05,True
PB-S01,F-S001,q95,55.117647058823536,"[54.77508650519031, 54.90121107266437, 55.615916955017305, 55.150346020761255]",0.4982698961937686,0.002669269563007829,5.5117647058823535e-05,True
PB-S01,F-S001,q99,62.591695501730115,"[63.310138408304546, 63.02799307958478, 62.12519031141871, 61.688581314878896]",0.9031141868512194,0.0012186057606953945,6.259169550173011e-05,True
PB-S01,F-S002,mean,2.476732352941176,"[2.475908823529412, 2.4728911764705885, 2.4836705882352943, 2.474458823529412]",0.0069382352941183,0.003132900097218937,2.476732352941176e-06,True
PB-S01,F-S002,var,0.19629144532006937,"[0.19820806677335656, 0.19832060476643615, 0.1961633676124569, 0.1924050012456749]",0.0038864440743944795,0.002486215018397838,1e-06,True
PB-S01,F-S002,q90,3.0147058823529425,"[3.0147058823529425, 3.0147058823529425, 3.0735294117647047, 3.0735294117647047]",0.058823529411762276,0.0036742346141747668,3.014705882352942e-06,True
PB-S01,F-S002,q95,3.2794117647058836,"[3.2794117647058836, 3.2794117647058836, 3.2794117647058836, 3.2794117647058836]",0.0,0.002669269563007829,3.2794117647058836e-06,True
PB-S01,F-S002,q99,3.808823529411766,"[3.808823529411766, 3.808823529411766, 3.735294117647058, 3.808823529411766]",0.07352941176470784,0.0012186057606953945,3.8088235294117656e-06,True
PB-S01,F-S003,mean,81.6279,"[81.6322, 81.5962, 81.6788, 81.6044]",0.05089999999999861,0.026215671697901018,8.162789999999999e-05,True
PB-S01,F-S003,var,13.744541589999999,"[14.20292316, 13.732345559999999, 13.753630560000001, 13.285100639999998]",0.4594409500000012,0.169838884953217,1.3744541589999999e-05,True
PB-S01,F-S003,q90,86.0,"[87.0, 86.0, 87.0, 86.0]",1.0,0.0036742346141747668,8.599999999999999e-05,True
PB-S01,F-S003,q95,88.0,"[88.0, 88.0, 88.0, 88.0]",0.0,0.002669269563007829,8.8e-05,True
PB-S01,F-S003,q99,92.0,"[93.0, 92.01000000000022, 92.0, 92.0]",1.0,0.0012186057606953945,9.2e-05,True
PB-S01,F-S004,mean,47.9377,"[47.9486, 47.977, 47.8748, 47.9504]",0.06289999999999907,0.022089031933667628,4.79377e-05,True
PB-S01,F-S004,var,9.75801871,"[9.57555804, 9.812470999999999, 9.843524960000002, 9.794739839999998]",0.18246066999999933,0.11191971182306533,9.758018709999999e-06,True
PB-S01,F-S004,q90,52.0,"[52.0, 52.0, 52.0, 52.0]",0.0,0.0036742346141747668,5.2e-05,True
PB-S01,F-S004,q95,52.0,"[52.0, 52.0, 52.0, 52.0]",0.0,0.002669269563007829,5.2e-05,True
PB-S01,F-S004,q99,54.0,"[54.0, 54.0, 54.0, 54.0]",0.0,0.0012186057606953945,5.4e-05,True
PB-S01,F-S005,mean,15.002,"[14.9844, 15.0096, 15.0108, 15.0032]",0.017599999999999838,0.008701930026109667,1.5002e-05,True
PB-S01,F-S005,var,1.514396,"[1.51975664, 1.5047078399999998, 1.50028336, 1.53238976]",0.01799375999999997,0.01958055400229523,1.514396e-06,True
PB-S01,F-S005,q90,17.0,"[17.0, 17.0, 17.0, 17.0]",0.0,0.0036742346141747668,1.7e-05,True
PB-S01,F-S005,q95,17.0,"[17.0, 17.0, 17.0, 17.0]",0.0,0.002669269563007829,1.7e-05,True
PB-S01,F-S005,q99,19.0,"[19.0, 18.01000000000022, 19.0, 18.0]",1.0,0.0012186057606953945,1.8999999999999998e-05,True
PB-S01,F-S006,mean,320.59435,"[320.2388, 320.4954, 321.1674, 320.4758]",0.5730499999999665,0.11313852093836568,0.00032059435,True
PB-S01,F-S006,var,255.99369807750006,"[256.44417456, 248.08117884, 262.54897724, 256.42181436]",7.9125192375000495,2.534943284041682,0.00025599369807750003,True
PB-S01,F-S006,q90,341.0,"[341.0, 340.0, 342.0, 341.0]",1.0,0.0036742346141747668,0.000341,True
PB-S01,F-S006,q95,347.0,"[347.0, 347.0, 348.0, 347.0]",1.0,0.002669269563007829,0.000347,True
PB-S01,F-S006,q99,358.0,"[357.0, 358.0, 359.0, 358.0]",1.0,0.0012186057606953945,0.000358,True
PB-S01,F-S007,mean,71.04795,"[71.2118, 70.7284, 71.1956, 71.056]",0.31955000000000666,0.07517200330827341,7.104795e-05,True
PB-S01,F-S007,var,113.0109507975,"[111.99254076, 108.50623344, 115.04134064000002, 116.35286400000001]",4.504717357499999,1.6559436637189326,0.0001130109507975,True
PB-S01,F-S007,q90,85.0,"[85.0, 84.0, 85.0, 85.0]",1.0,0.0036742346141747668,8.499999999999999e-05,True
PB-S01,F-S007,q95,91.0,"[91.0, 90.0, 91.0, 92.0]",1.0,0.002669269563007829,9.099999999999999e-05,True
PB-S01,F-S007,q99,104.0,"[103.01000000000022, 104.0, 103.01000000000022, 105.0]",1.0,0.0012186057606953945,0.000104,True
PB-S01,F-S008,mean,4.343,"[4.3428, 4.34, 4.342, 4.3472]",0.0041999999999999815,0.004437739816250367,4.343e-06,True
PB-S01,F-S008,var,0.3938510000000001,"[0.39688816, 0.3856, 0.39543599999999995, 0.39745216000000005]",0.00825100000000012,0.005760334665607545,1e-06,True
PB-S01,F-S008,q90,5.0,"[5.0, 5.0, 5.0, 5.0]",0.0,0.0036742346141747668,4.9999999999999996e-06,True
PB-S01,F-S008,q95,5.0,"[5.0, 5.0, 5.0, 5.0]",0.0,0.002669269563007829,4.9999999999999996e-06,True
PB-S01,F-S008,q99,6.0,"[6.0, 6.0, 6.0, 6.0]",0.0,0.0012186057606953945,6e-06,True
PB-S01,F-S009,mean,44.04992474048443,"[44.133065743944634, 44.01497577854671, 44.029238754325256, 44.02241868512111]",0.08314100346020581,0.06605462525851066,4.404992474048443e-05,True
PB-S01,F-S009,var,87.25990714732747,"[88.2569744143868, 87.19574454826929, 84.47854321068951, 89.0990480664623]",2.781363936637959,0.9239283699176096,8.725990714732747e-05,True
PB-S01,F-S009,q90,56.51557093425605,"[56.515570934256054, 56.35986159169551, 56.35986159169549, 56.515570934256054]",0.1557093425605558,0.0036742346141747668,5.6515570934256046e-05,True
PB-S01,F-S009,q95,60.56401384083044,"[60.719723183391004, 60.408304498269885, 59.941176470588225, 61.0311418685121]",0.6228373702422161,0.002669269563007829,6.056401384083044e-05,True
PB-S01,F-S009,q99,68.6624567474046,"[69.7508650519031, 68.66245674740489, 67.88235294117646, 68.66245674740489]",1.0884083044985005,0.0012186057606953945,6.86624567474046e-05,True
PB-S01,F-S010,mean,2.501934861809376,"[2.505267690654759, 2.4978683716753585, 2.502672912524525, 2.5019304723828633]",0.0040664901340177195,0.0034551394040712616,2.5019348618093763e-06,True
PB-S01,F-S010,var,0.23874782804301667,"[0.24196004069046873, 0.23226774531456432, 0.24307922088078016, 0.23765611645800572]",0.006480082728452352,0.003157109802483592,1e-06,True
PB-S01,F-S010,q90,3.1478458708975423,"[3.1478458708975423, 3.1478458708975423, 3.1478458708975423, 3.1478458708975423]",0.0,0.0036742346141747668,3.1478458708975423e-06,True
PB-S01,F-S010,q95,3.4300232896034974,"[3.4300232896034974, 3.4300232896034974, 3.4300232896034974, 3.4300232896034974]",0.0,0.002669269563007829,3.4300232896034973e-06,True
PB-S01,F-S010,q99,3.9943781270154073,"[3.9943781270154073, 3.9943781270154073, 3.9943781270154073, 3.9943781270154073]",0.0,0.0012186057606953945,3.994378127015407e-06,True
PB-S01,F-S011,mean,12.8115,"[12.7952, 12.8892, 12.7914, 12.7702]",0.0777000000000001,0.024996292289685914,1.28115e-05,True
PB-S01,F-S011,var,12.495667749999999,"[12.543256959999999, 12.17212336, 12.67908604, 12.579791960000001]",0.32354438999999857,0.125875223901775,1.2495667749999998e-05,True
PB-S01,F-S011,q90,17.0,"[17.0, 17.0, 17.0, 17.0]",0.0,0.0036742346141747668,1.7e-05,True
PB-S01,F-S011,q95,19.0,"[19.0, 19.0, 19.0, 19.0]",0.0,0.002669269563007829,1.8999999999999998e-05,True
PB-S01,F-S011,q99,22.0,"[22.0, 22.0, 22.0, 21.0]",1.0,0.0012186057606953945,2.2e-05,True
PB-S01,F-S012,mean,766.8221239694337,"[766.9577936402943, 766.6121605878155, 767.2990080454324, 766.419533604193]",0.4768840759986688,0.30207140709304703,0.0007668221239694337,True
PB-S01,F-S012,var,1824.8514525284838,"[1760.2981176968676, 1882.8263093792893, 1843.1824227411416, 1812.6469719912984]",64.55333483161621,18.540109275105877,0.0018248514525284838,True
PB-S01,F-S012,q90,821.8737977727538,"[820.6782333751115, 824.1681519972655, 821.4784309727561, 821.2502599653379]",2.2943542245116078,0.0036742346141747668,0.0008218737977727538,True
PB-S01,F-S012,q95,838.7495929608463,"[836.7271528848057, 839.668655436484, 838.9769996641741, 838.7206191192962]",2.0224400760405388,0.002669269563007829,0.0008387495929608462,True
PB-S01,F-S012,q99,871.0766297158073,"[869.4192091296709, 872.0951777479269, 870.4527799799704, 872.305599689361]",1.657420586136368,0.0012186057606953945,0.0008710766297158072,True
PB-S01,F-S013,mean,1.136185110762625,"[1.1370667136423334, 1.1351753413731687, 1.1360320126174643, 1.1364663754175337]",0.0010097693894564053,0.0004322802737722082,1.136185110762625e-06,True
PB-S01,F-S013,var,0.003737137835616413,"[0.0037078560771590077, 0.00370551428017194, 0.003759103080199219, 0.0037741784982299378]",3.7040662613524716e-05,3.769052173141121e-05,1e-06,True
PB-S01,F-S013,q90,1.2140381282495667,"[1.2156824764771847, 1.2113431242616322, 1.215682476477185, 1.2153724370775938]",0.002695003987934541,0.0036742346141747668,1.2140381282495666e-06,True
PB-S01,F-S013,q95,1.2382540344101756,"[1.2391121898856394, 1.2367285745983583, 1.2366276768633848, 1.2397408142582145]",0.0016263575467907465,0.002669269563007829,1.2382540344101755e-06,True
PB-S01,F-S013,q99,1.2827258280210847,"[1.286409839703034, 1.2793334752598156, 1.277559834005985, 1.2833534629062144]",0.005165994015099651,0.0012186057606953945,1.2827258280210847e-06,True
PB-S02,F-S001,mean,43.87643509727626,"[43.9278259922179, 43.93414832684825, 43.90440513618677, 43.73936093385214]",0.13707416342411705,0.0628696539494341,4.387643509727625e-05,True
PB-S02,F-S001,var,79.04791516104419,"[80.00474225006224, 78.5465768346189, 79.15717810256484, 78.4576199666251]",0.9568270890180486,0.8428579403863814,7.904791516104419e-05,True
PB-S02,F-S001,q90,55.63735408560311,"[55.82801556420233, 55.789883268482484, 55.599221789883266, 55.25984435797667]",0.377509727626439,0.0036742346141747668,5.5637354085603106e-05,True
PB-S02,F-S001,q95,59.29805447470817,"[59.64315175097277, 59.109299610894944, 59.22178988326848, 59.10739299610894]",0.3450972762646032,0.002669269563007829,5.9298054474708165e-05,True
PB-S02,F-S001,q99,67.42023346303502,"[67.68754085603113, 66.81087937743193, 66.61945525291829, 67.72605447470818]",0.8007782101167322,0.0012186057606953945,6.742023346303501e-05,True
PB-S02,F-S002,mean,2.501898914127185,"[2.4983196868281703, 2.502489504474131, 2.5064220154247936, 2.500364449781645]",0.0045231012976088,0.003094878632397866,2.5018989141271848e-06,True
PB-S02,F-S002,var,0.19155589671170845,"[0.190612254964273, 0.1891300454725857, 0.19508282810010605, 0.19136248561867697]",0.003526931388397603,0.00230157727375345,1e-06,True
PB-S02,F-S002,q90,3.1254302851981097,"[2.9945844882916224, 3.1254302851981097, 3.1254302851981097, 3.1254302851981097]",0.13084579690648734,0.0036742346141747668,3.1254302851981094e-06,True
PB-S02,F-S002,q95,3.286013763219705,"[3.286013763219705, 3.286013763219705, 3.286013763219705, 3.286013763219705]",0.0,0.002669269563007829,3.2860137632197047e-06,True
PB-S02,F-S002,q99,3.7231576756118283,"[3.7231576756118283, 3.7231576756118283, 3.7231576756118283, 3.7231576756118283]",0.0,0.0012186057606953945,3.723157675611828e-06,True
PB-S02,F-S003,mean,68.5258,"[68.496, 68.568, 68.5266, 68.5126]",0.04219999999999402,0.023553438309996507,6.85258e-05,True
PB-S02,F-S003,var,11.094734359999999,"[11.022384, 10.911375999999999, 11.240492439999999, 11.20184124]",0.18335835999999972,0.1294558580837772,1.1094734359999997e-05,True
PB-S02,F-S003,q90,73.0,"[73.0, 73.0, 73.0, 73.0]",0.0,0.0036742346141747668,7.3e-05,True
PB-S02,F-S003,q95,75.0,"[74.0, 75.0, 74.05000000000018, 75.0]",1.0,0.002669269563007829,7.5e-05,True
PB-S02,F-S003,q99,78.0,"[78.0, 78.0, 78.0, 78.0]",0.0,0.0012186057606953945,7.8e-05,True
PB-S02,F-S004,mean,37.5341,"[37.5386, 37.5536, 37.4826, 37.5616]",0.05150000000000432,0.019690384583909305,3.7534100000000004e-05,True
PB-S02,F-S004,var,7.75383719,"[7.76091004, 7.67312704, 8.05249724, 7.525005440000001]",0.2986600499999996,0.08864664510118016,7.75383719e-06,True
PB-S02,F-S004,q90,41.0,"[41.0, 41.0, 41.0, 41.0]",0.0,0.0036742346141747668,4.1e-05,True
PB-S02,F-S004,q95,42.0,"[42.0, 42.0, 42.0, 42.0]",0.0,0.002669269563007829,4.2e-05,True
PB-S02,F-S004,q99,43.0,"[43.0, 43.0, 43.0, 43.0]",0.0,0.0012186057606953945,4.2999999999999995e-05,True
PB-S02,F-S005,mean,12.6287,"[12.6206, 12.6334, 12.6026, 12.6582]",0.029500000000000526,0.007700635070500643,1.26287e-05,True
PB-S02,F-S005,var,1.1859363099999998,"[1.2162556400000002, 1.15660444, 1.16707324, 1.2021727599999998]",0.030319330000000422,0.014776884777405444,1.1859363099999997e-06,True
PB-S02,F-S005,q90,14.0,"[14.0, 14.0, 14.0, 14.0]",0.0,0.0036742346141747668,1.4e-05,True
PB-S02,F-S005,q95,15.0,"[15.0, 15.0, 15.0, 15.0]",0.0,0.002669269563007829,1.4999999999999999e-05,True
PB-S02,F-S005,q99,16.0,"[16.0, 16.0, 16.0, 16.0]",0.0,0.0012186057606953945,1.6e-05,True
PB-S02,F-S006,mean,261.8668,"[262.1034, 261.6046, 261.8054, 261.9538]",0.2622000000000071,0.10439045816734316,0.0002618668,True
PB-S02,F-S006,var,217.93645776000005,"[223.22190844, 210.30305883999998, 220.66313083999995, 217.42166556]",7.633398920000076,2.176582147735928,0.00021793645776000005,True
PB-S02,F-S006,q90,281.0,"[281.0, 280.0, 281.0, 281.0]",1.0,0.0036742346141747668,0.000281,True
PB-S02,F-S006,q95,286.0,"[287.0, 286.0, 286.0, 287.0]",1.0,0.002669269563007829,0.000286,True
PB-S02,F-S006,q99,297.0,"[298.0, 296.0, 297.0, 296.0]",1.0,0.0012186057606953945,0.000297,True
PB-S02,F-S007,mean,76.6087,"[76.4774, 76.6952, 76.6162, 76.646]",0.13129999999999598,0.08237462287880122,7.660869999999999e-05,True
PB-S02,F-S007,var,135.70478431000004,"[133.96508924000003, 135.51149696, 139.16769756, 134.148684]",3.462913249999957,1.9882314406156982,0.00013570478431000003,True
PB-S02,F-S007,q90,92.0,"[91.10000000000036, 92.0, 92.0, 92.0]",0.8999999999996362,0.0036742346141747668,9.2e-05,True
PB-S02,F-S007,q95,98.0,"[98.0, 99.0, 98.0, 98.0]",1.0,0.002669269563007829,9.8e-05,True
PB-S02,F-S007,q99,113.0,"[114.0, 114.0, 113.0, 112.01000000000022]",1.0,0.0012186057606953945,0.000113,True
PB-S02,F-S008,mean,4.16725,"[4.1656, 4.1622, 4.1772, 4.164]",0.009949999999999903,0.004389172486557784,4.16725e-06,True
PB-S02,F-S008,var,0.3852774375000001,"[0.36777664000000004, 0.39149116000000006, 0.40020016, 0.381504]",0.017500797500000054,0.005655894368328205,1e-06,True
PB-S02,F-S008,q90,5.0,"[5.0, 5.0, 5.0, 5.0]",0.0,0.0036742346141747668,4.9999999999999996e-06,True
PB-S02,F-S008,q95,5.0,"[5.0, 5.0, 5.0, 5.0]",0.0,0.002669269563007829,4.9999999999999996e-06,True
PB-S02,F-S008,q99,6.0,"[6.0, 6.0, 6.0, 6.0]",0.0,0.0012186057606953945,6e-06,True
PB-S02,F-S009,mean,40.95336225680935,"[40.723350972762645, 41.06369805447471, 41.10069727626459, 40.925702723735405]",0.23001128404670368,0.06420190216888601,4.095336225680935e-05,True
PB-S02,F-S009,var,82.43356295782208,"[82.0760594201057, 85.06483698472104, 81.23038272505808, 81.27542086464051]",2.6312740268989643,0.8855156548234698,8.243356295782207e-05,True
PB-S02,F-S009,q90,52.9182879377432,"[52.591439688715965, 53.57198443579767, 52.918287937743195, 52.918287937743195]",0.6536964980544653,0.0036742346141747668,5.29182879377432e-05,True
PB-S02,F-S009,q95,56.84046692607005,"[56.5136186770428, 57.16731517509728, 56.84046692607004, 56.84046692607005]",0.3268482490272504,0.002669269563007829,5.6840466926070045e-05,True
PB-S02,F-S009,q99,64.68482490272373,"[63.86933852140083, 65.99385214007786, 64.03112840466926, 64.52140077821012]",1.3090272373541296,0.0012186057606953945,6.468482490272373e-05,True
PB-S02,F-S010,mean,2.470686772949866,"[2.4671267809900286, 2.4682289456834763, 2.4822319481137334, 2.465159417012224]",0.011545175163867327,0.0034788705975749485,2.470686772949866e-06,True
PB-S02,F-S010,var,0.24203871015279493,"[0.24318758185441774, 0.24774637467970015, 0.2376403951864857, 0.23939793169972476]",0.005707664526905215,0.0033664185013277366,1e-06,True
PB-S02,F-S010,q90,3.1136152589906265,"[3.1136152589906265, 3.1136152589906265, 3.1136152589906265, 3.1136152589906265]",0.0,0.0036742346141747668,3.1136152589906264e-06,True
PB-S02,F-S010,q95,3.402933491020729,"[3.402933491020729, 3.402933491020729, 3.402933491020729, 3.402933491020729]",0.0,0.002669269563007829,3.4029334910207287e-06,True
PB-S02,F-S010,q99,3.981569955080934,"[3.981569955080934, 3.981569955080934, 3.981569955080934, 3.981569955080934]",0.0,0.0012186057606953945,3.981569955080934e-06,True
PB-S02,F-S011,mean,12.19965,"[12.2278, 12.1808, 12.1438, 12.2462]",0.05584999999999951,0.024407668479169194,1.219965e-05,True
PB-S02,F-S011,var,11.914089877499999,"[12.018307159999999, 12.028511360000001, 11.743121559999999, 11.85998556]",0.17096831749999986,0.12034436226946989,1.1914089877499999e-05,True
PB-S02,F-S011,q90,17.0,"[17.0, 17.0, 17.0, 17.0]",0.0,0.0036742346141747668,1.7e-05,True
PB-S02,F-S011,q95,18.0,"[18.0, 18.0, 18.0, 18.0]",0.0,0.002669269563007829,1.8e-05,True
PB-S02,F-S011,q99,21.0,"[21.0, 21.0, 21.0, 21.0]",0.0,0.0012186057606953945,2.1e-05,True
PB-S02,F-S012,mean,916.1379829620527,"[915.6111658080566, 916.7162932403427, 916.5664434159328, 915.658029383879]",0.5783102782900187,0.3775496949975518,0.0009161379829620526,True
PB-S02,F-S012,var,2850.7329000826953,"[2802.863731710656, 2857.0182116756046, 2896.1709081361714, 2845.8528359188886]",47.86916837203944,28.323935804825485,0.0028507329000826954,True
PB-S02,F-S012,q90,985.5256513527659,"[984.820056355762, 986.3842495885194, 985.1438497887607, 986.1844236618351]",0.8585982357535613,0.0036742346141747668,0.000985525651352766,True
PB-S02,F-S012,q95,1005.7347617584817,"[1004.1629326233873, 1005.5888852860642, 1007.8000303395758, 1005.9858479152917]",2.065268581094074,0.002669269563007829,0.0010057347617584817,True
PB-S02,F-S012,q99,1042.8005928732334,"[1040.1626693896435, 1044.6551424822326, 1043.6337729537852, 1042.344382703408]",2.6379234835899297,0.0012186057606953945,0.0010428005928732333,True
PB-S02,F-S013,mean,1.1447344028033768,"[1.1443319005468708, 1.145179240903816, 1.1446879225734028, 1.1447385471894176]",0.00044483810043915994,0.00046503340460351053,1.1447344028033768e-06,True
PB-S02,F-S013,var,0.00432490509187525,"[0.004315001065186175, 0.004328130357187675, 0.0042591747813581545, 0.004396952097179188]",7.204700530393827e-05,4.2488781769886386e-05,1e-06,True
PB-S02,F-S013,q90,1.2296819653977138,"[1.2290308022542304, 1.230760537313886, 1.2281915337414004, 1.2323632254002927]",0.0026812600025789557,0.0036742346141747668,1.2296819653977137e-06,True
PB-S02,F-S013,q95,1.2546628135405524,"[1.2512078943575973, 1.2558839814625191, 1.251689535121851, 1.2587213006576103]",0.004058487117057918,0.002669269563007829,1.2546628135405524e-06,True
PB-S02,F-S013,q99,1.3006641333120952,"[1.3014473115343486, 1.3020307794995487, 1.298000015169788, 1.2994956424784405]",0.00266411814230727,0.0012186057606953945,1.3006641333120951e-06,True
PB-S03,F-S001,mean,48.073986357615894,"[48.06909350993377, 48.35359470198675, 47.897977218543055, 47.97528]",0.2796083443708568,0.06663324433805033,4.807398635761589e-05,True
PB-S03,F-S001,var,88.79534503103532,"[90.95045184084319, 91.21101968774, 86.5179123421958, 86.38306932509107]",2.415674656704681,0.9370424176309182,8.879534503103532e-05,True
PB-S03,F-S001,q90,60.62516556291391,"[60.625165562913914, 61.32715231788079, 60.34437086092715, 60.00039735099341]",0.7019867549668817,0.0036742346141747668,6.062516556291391e-05,True
PB-S03,F-S001,q95,64.55629139072846,"[64.62649006622516, 65.04768211920529, 64.27549668874173, 63.994701986754976]",0.5615894039734854,0.002669269563007829,6.455629139072846e-05,True
PB-S03,F-S001,q99,72.55894039735098,"[72.84043708609273, 72.55964238410596, 71.85765562913909, 72.49014569536426]",0.7012847682118917,0.0012186057606953945,7.255894039735098e-05,True
PB-S03,F-S002,mean,2.539352239596098,"[2.537741667460224, 2.547000971473851, 2.536647399583773, 2.536018919866546]",0.0076487318777527236,0.003195203413088243,2.539352239596098e-06,True
PB-S03,F-S002,var,0.20417628769536417,"[0.2101419091479028, 0.2035127179779249, 0.20336703144315665, 0.19960396799061803]",0.005965621452538622,0.002589151816254781,1e-06,True
PB-S03,F-S002,q90,3.053252526958339,"[3.053252526958339, 3.053252526958339, 3.053252526958339, 3.053252526958339]",0.0,0.0036742346141747668,3.0532525269583386e-06,True
PB-S03,F-S002,q95,3.4469809550089274,"[3.4469809550089274, 3.2501167409836333, 3.4469809550089274, 3.4469809550089274]",0.19686421402529408,0.002669269563007829,3.446980955008927e-06,True
PB-S03,F-S002,q99,3.840709383059516,"[3.840709383059516, 3.840709383059516, 3.840709383059516, 3.840709383059516]",0.0,0.0012186057606953945,3.840709383059516e-06,True
PB-S03,F-S003,mean,40.7446,"[40.7704, 40.7862, 40.7022, 40.7196]",0.04240000000000066,0.018084106108533185,4.0744599999999996e-05,True
PB-S03,F-S003,var,6.5403708400000005,"[6.630083840000001, 6.490889559999999, 6.600715159999998, 6.434975840000001]",0.10539499999999968,0.07875155901349219,6.54037084e-06,True
PB-S03,F-S003,q90,44.0,"[44.0, 44.0, 44.0, 44.0]",0.0,0.0036742346141747668,4.4e-05,True
PB-S03,F-S003,q95,45.0,"[46.0, 45.0, 45.0, 45.0]",1.0,0.002669269563007829,4.4999999999999996e-05,True
PB-S03,F-S003,q99,48.0,"[48.0, 48.0, 48.0, 48.0]",0.0,0.0012186057606953945,4.8e-05,True
PB-S03,F-S004,mean,17.511,"[17.534, 17.483, 17.5186, 17.5084]",0.027999999999998693,0.01381171561300075,1.7511e-05,True
PB-S03,F-S004,var,3.8150789999999994,"[3.8032440000000003, 3.9561109999999995, 3.75765404, 3.74192944]",0.14103200000000005,0.04202855066204163,3.815078999999999e-06,True
PB-S03,F-S004,q90,20.0,"[20.0, 20.0, 20.0, 20.0]",0.0,0.0036742346141747668,1.9999999999999998e-05,True
PB-S03,F-S004,q95,20.0,"[20.0, 20.0, 20.0, 20.0]",0.0,0.002669269563007829,1.9999999999999998e-05,True
PB-S03,F-S004,q99,21.0,"[21.0, 21.0, 21.0, 21.0]",0.0,0.0012186057606953945,2.1e-05,True
PB-S03,F-S005,mean,8.50815,"[8.4994, 8.5208, 8.4914, 8.521]",0.016750000000000043,0.006248890406029323,8.508150000000001e-06,True
PB-S03,F-S005,var,0.7809335774999999,"[0.7495996399999999, 0.78116736, 0.7799260399999999, 0.812359]",0.03142542250000013,0.009907797907790119,1e-06,True
PB-S03,F-S005,q90,10.0,"[10.0, 10.0, 10.0, 10.0]",0.0,0.0036742346141747668,9.999999999999999e-06,True
PB-S03,F-S005,q95,10.0,"[10.0, 10.0, 10.0, 10.0]",0.0,0.002669269563007829,9.999999999999999e-06,True
PB-S03,F-S005,q99,11.0,"[11.0, 11.0, 11.0, 11.0]",0.0,0.0012186057606953945,1.1e-05,True
PB-S03,F-S006,mean,141.9528,"[142.1186, 141.8426, 142.0332, 141.8168]",0.16579999999999018,0.07670591761976317,0.0001419528,True
PB-S03,F-S006,var,117.67007216,"[116.97693404, 117.19102524000002, 118.40249775999999, 118.04523776]",0.7324255999999849,1.1696170168570474,0.00011767007216,True
PB-S03,F-S006,q90,156.0,"[156.0, 156.0, 156.0, 156.0]",0.0,0.0036742346141747668,0.000156,True
PB-S03,F-S006,q95,160.0,"[160.0, 160.0, 160.0, 160.0]",0.0,0.002669269563007829,0.00015999999999999999,True
PB-S03,F-S006,q99,168.0,"[168.0, 167.0, 168.0, 168.0]",1.0,0.0012186057606953945,0.000168,True
PB-S03,F-S007,mean,76.7951,"[76.7482, 76.7316, 76.802, 76.8986]",0.10349999999999682,0.08674847009805543,7.67951e-05,True
PB-S03,F-S007,var,150.49841599,"[147.32759676, 151.20316143999997, 151.116796, 152.32911804]",3.1708192300000064,2.1733501138169573,0.00015049841599,True
PB-S03,F-S007,q90,93.0,"[92.10000000000036, 93.0, 93.0, 93.0]",0.8999999999996362,0.0036742346141747668,9.3e-05,True
PB-S03,F-S007,q95,100.0,"[99.0, 100.0, 100.0, 100.0]",1.0,0.002669269563007829,9.999999999999999e-05,True
PB-S03,F-S007,q99,115.0,"[114.0, 116.01000000000022, 115.0, 116.0]",1.0100000000002183,0.0012186057606953945,0.00011499999999999999,True
PB-S03,F-S008,mean,3.78505,"[3.7802, 3.777, 3.7978, 3.7852]",0.012750000000000039,0.004555037024340708,3.78505e-06,True
PB-S03,F-S008,var,0.4149464975,"[0.42388796, 0.4240710000000001, 0.4093151599999999, 0.40226096]",0.01268553750000001,0.004756117399465292,1e-06,True
PB-S03,F-S008,q90,5.0,"[4.0, 5.0, 5.0, 4.0]",1.0,0.0036742346141747668,4.9999999999999996e-06,True
PB-S03,F-S008,q95,5.0,"[5.0, 5.0, 5.0, 5.0]",0.0,0.002669269563007829,4.9999999999999996e-06,True
PB-S03,F-S008,q99,5.0,"[6.0, 5.0, 5.010000000000218, 5.0]",1.0,0.0012186057606953945,4.9999999999999996e-06,True
PB-S03,F-S009,mean,41.0488655629139,"[41.147565562913904, 41.108235761589405, 40.857904635761585, 41.081756291390725]",0.19096092715231805,0.0632901024553322,4.10488655629139e-05,True
PB-S03,F-S009,var,80.10873573906015,"[78.42065138591468, 79.2151418068962, 81.2486382395088, 81.49969713771152]",1.6880843531454701,0.876804927227258,8.010873573906014e-05,True
PB-S03,F-S009,q90,52.913907284768214,"[52.63576158940397, 52.9139072847682, 52.635761589403984, 53.47019867549668]",0.5562913907284681,0.0036742346141747668,5.291390728476821e-05,True
PB-S03,F-S009,q95,56.80794701986755,"[56.80794701986754, 56.80794701986755, 56.80794701986755, 57.086092715231786]",0.2781456953642376,0.002669269563007829,5.680794701986755e-05,True
PB-S03,F-S009,q99,64.59880794701944,"[64.59880794701994, 64.32066225165569, 64.59602649006622, 65.70860927152319]",1.1098013245037492,0.0012186057606953945,6.459880794701944e-05,True
PB-S03,F-S010,mean,2.4951014013762514,"[2.5082239123392918, 2.490969275269686, 2.4911382269243263, 2.4900741909717006]",0.013122510963040401,0.0036606746461236273,2.495101401376251e-06,True
PB-S03,F-S010,var,0.26799737675658214,"[0.2780721174737522, 0.25702955633661767, 0.2652065256016799, 0.2714510532579551]",0.010967820419964469,0.0036007184102818017,1e-06,True
PB-S03,F-S010,q90,3.3251123519552697,"[3.3251123519552697, 3.3251123519552697, 3.3251123519552697, 3.3251123519552697]",0.0,0.0036742346141747668,3.3251123519552695e-06,True
PB-S03,F-S010,q95,3.3251123519552697,"[3.7025575378528948, 3.3251123519552697, 3.3251123519552697, 3.3251123519552697]",0.3774451858976251,0.002669269563007829,3.3251123519552695e-06,True
PB-S03,F-S010,q99,4.08000272375052,"[4.08000272375052, 4.08000272375052, 4.08000272375052, 4.08000272375052]",0.0,0.0012186057606953945,4.08000272375052e-06,True
PB-S03,F-S011,mean,7.1614,"[7.1758, 7.1972, 7.1478, 7.1248]",0.036600000000000854,0.018524434127200392,7.1614e-06,True
PB-S03,F-S011,var,6.862750039999999,"[6.96169436, 6.761512160000001, 6.92395516, 6.80082496]",0.10123787999999756,0.07341293832626508,6.862750039999999e-06,True
PB-S03,F-S011,q90,11.0,"[11.0, 11.0, 10.0, 11.0]",1.0,0.0036742346141747668,1.1e-05,True
PB-S03,F-S011,q95,12.0,"[12.0, 12.0, 12.0, 12.0]",0.0,0.002669269563007829,1.2e-05,True
PB-S03,F-S011,q99,14.0,"[14.0, 14.0, 14.0, 14.0]",0.0,0.0012186057606953945,1.4e-05,True
PB-S03,F-S012,mean,1080.6611381179732,"[1081.0779821170051, 1078.9973994917602, 1081.6928991573343, 1080.876271705793]",1.6637386262129894,0.5894098364312528,0.0010806611381179731,True
PB-S03,F-S012,var,6947.731701683043,"[7208.620051419027, 6898.13209123123, 6882.833383410153, 6797.288682232928]",260.88834973598387,69.97007823012521,0.006947731701683043,True
PB-S03,F-S012,q90,1189.0934995929683,"[1192.6634419484722, 1187.0071021539682, 1188.6185309454138, 1188.7300620448393]",3.5699423555038265,0.0036742346141747668,0.0011890934995929683,True
PB-S03,F-S012,q95,1222.5585537171899,"[1224.6060460715935, 1221.0389166354973, 1222.3017315350596, 1221.6497480803505]",2.04749235440363,0.002669269563007829,0.0012225585537171898,True
PB-S03,F-S012,q99,1282.8186134518494,"[1282.8283284196168, 1282.556033090581, 1281.891629667114, 1281.9022679369]",0.9269837847352846,0.0012186057606953945,0.0012828186134518492,True
PB-S03,F-S013,mean,1.1542512771996214,"[1.153459356229786, 1.157621744296055, 1.1528409935975008, 1.1530830146751447]",0.003370467096433627,0.000602896095375133,1.1542512771996214e-06,True
PB-S03,F-S013,var,0.007269310552669812,"[0.00715041358750403, 0.007306334589364481, 0.007247245154804327, 0.007357907954571296]",0.00011889696516578178,7.244906287167125e-05,1e-06,True
PB-S03,F-S013,q90,1.2652856922839981,"[1.26284350179314, 1.2673879562605883, 1.2641856064773052, 1.26606675320675]",0.0024421904908580316,0.0036742346141747668,1.265285692283998e-06,True
PB-S03,F-S013,q95,1.298893313678467,"[1.2990803282656045, 1.30056544410464, 1.2940485357857914, 1.300125409781963]",0.004844777892675678,0.002669269563007829,1.298893313678467e-06,True
PB-S03,F-S013,q99,1.3565414402323375,"[1.3535455765549713, 1.3584861719214099, 1.3537765945743767, 1.3560695034212669]",0.0029958636773661507,0.0012186057606953945,1.3565414402323374e-06,True
PB-S04,F-S001,mean,49.87836914285714,"[49.87557828571428, 49.93825942857143, 49.719415999999995, 49.980222857142856]",0.15895314285714335,0.06826257004271556,4.9878369142857136e-05,True
PB-S04,F-S001,var,93.19090959826414,"[90.29993053497337, 95.07909961204373, 92.96718685241336, 94.37818647768162]",2.8909790632907715,0.981167878322605,9.319090959826413e-05,True
PB-S04,F-S001,q90,62.611428571428576,"[62.23428571428572, 62.862857142857145, 62.54857142857142, 62.86285714285713]",0.3771428571428572,0.0036742346141747668,6.261142857142858e-05,True
PB-S04,F-S001,q95,66.82285714285715,"[66.63742857142857, 67.13714285714286, 66.69714285714285, 66.75999999999998]",0.3142857142857167,0.002669269563007829,6.682285714285714e-05,True
PB-S04,F-S001,q99,75.18348571428561,"[75.05714285714285, 75.1847428571429, 75.12062857142858, 75.62285714285713]",0.4393714285715191,0.0012186057606953945,7.51834857142856e-05,True
PB-S04,F-S002,mean,2.545055264976718,"[2.5420989153936784, 2.5523692298971388, 2.535844773908687, 2.549908140707369]",0.009210491068031068,0.0031138175450240286,2.545055264976718e-06,True
PB-S04,F-S002,var,0.19390749821428566,"[0.1866844757828571, 0.19655982855999996, 0.19396105406857136, 0.19825401681142854]",0.007223022431428555,0.002446052039591289,1e-06,True
PB-S04,F-S002,q90,3.1270707424955115,"[3.194683082873792, 3.1270707424955115, 3.1270707424955115, 3.1270707424955115]",0.06761234037828068,0.0036742346141747668,3.1270707424955114e-06,True
PB-S04,F-S002,q95,3.380617018914066,"[3.380617018914066, 3.380617018914066, 3.380617018914066, 3.380617018914066]",0.0,0.002669269563007829,3.380617018914066e-06,True
PB-S04,F-S002,q99,3.752484890994613,"[3.752484890994613, 3.752484890994613, 3.752484890994613, 3.8714826100604043]",0.11899771906579115,0.0012186057606953945,3.752484890994613e-06,True
PB-S04,F-S003,mean,44.7696,"[44.7822, 44.7818, 44.6968, 44.8176]",0.07279999999999376,0.018710512985078954,4.476959999999999e-05,True
PB-S04,F-S003,var,7.001315839999998,"[6.783563159999999, 7.003388759999999, 7.073269759999999, 7.1371302399999985]",0.21775267999999937,0.08420821911020936,7.001315839999998e-06,True
PB-S04,F-S003,q90,48.0,"[48.0, 48.0, 48.0, 48.0]",0.0,0.0036742346141747668,4.8e-05,True
PB-S04,F-S003,q95,50.0,"[49.0, 50.0, 50.0, 50.0]",1.0,0.002669269563007829,4.9999999999999996e-05,True
PB-S04,F-S003,q99,52.0,"[52.0, 52.0, 52.0, 52.0]",0.0,0.0012186057606953945,5.2e-05,True
PB-S04,F-S004,mean,20.0958,"[20.112, 20.0612, 20.1128, 20.0972]",0.034600000000001074,0.014805643463014958,2.0095799999999998e-05,True
PB-S04,F-S004,var,4.383922359999999,"[4.3218559999999995, 4.54385456, 4.29167616, 4.37655216]",0.15993220000000097,0.048610084486641315,4.383922359999999e-06,True
PB-S04,F-S004,q90,23.0,"[23.0, 23.0, 23.0, 23.0]",0.0,0.0036742346141747668,2.3e-05,True
PB-S04,F-S004,q95,23.0,"[23.0, 23.0, 23.0, 23.0]",0.0,0.002669269563007829,2.3e-05,True
PB-S04,F-S004,q99,24.0,"[24.0, 24.0, 24.0, 24.0]",0.0,0.0012186057606953945,2.4e-05,True
PB-S04,F-S005,mean,8.91545,"[8.9208, 8.9408, 8.8962, 8.904]",0.02534999999999954,0.006373154299857057,8.91545e-06,True
PB-S04,F-S005,var,0.8123012975000001,"[0.8057273599999999, 0.8292953599999999, 0.8194255599999999, 0.7935840000000002]",0.018717297499999952,0.010331010516448198,1e-06,True
PB-S04,F-S005,q90,10.0,"[10.0, 10.0, 10.0, 10.0]",0.0,0.0036742346141747668,9.999999999999999e-06,True
PB-S04,F-S005,q95,10.0,"[10.0, 11.0, 10.0, 10.0]",1.0,0.002669269563007829,9.999999999999999e-06,True
PB-S04,F-S005,q99,11.0,"[11.0, 12.0, 12.0, 11.0]",1.0,0.0012186057606953945,1.1e-05,True
PB-S04,F-S006,mean,158.7504,"[158.7244, 158.7484, 158.7402, 158.7886]",0.03819999999998913,0.08063646882152764,0.0001587504,True
PB-S04,F-S006,var,130.03829983999998,"[128.12164463999997, 128.64029744, 134.88110396, 128.50791003999998]",4.842804120000011,1.2865471648930913,0.00013003829983999996,True
PB-S04,F-S006,q90,174.0,"[173.0, 174.0, 174.0, 173.0]",1.0,0.0036742346141747668,0.000174,True
PB-S04,F-S006,q95,178.0,"[177.0, 177.0, 178.0, 178.0]",1.0,0.002669269563007829,0.000178,True
PB-S04,F-S006,q99,186.0,"[186.0, 186.0, 186.0, 185.0]",1.0,0.0012186057606953945,0.000186,True
PB-S04,F-S007,mean,81.69305,"[81.4788, 81.6948, 81.7002, 81.8984]",0.21424999999999272,0.09139329418281233,8.169305e-05,True
PB-S04,F-S007,var,167.0463316975,"[166.07515056, 166.74445296, 168.83271996000002, 166.44487744]",1.7863882625000258,2.5618394328705762,0.0001670463316975,True
PB-S04,F-S007,q90,98.0,"[98.0, 98.0, 98.0, 99.0]",1.0,0.0036742346141747668,9.8e-05,True
PB-S04,F-S007,q95,106.0,"[105.0, 105.0, 106.0, 106.0]",1.0,0.002669269563007829,0.000106,True
PB-S04,F-S007,q99,123.0,"[122.0, 122.0, 126.0, 121.0]",3.0,0.0012186057606953945,0.00012299999999999998,True
PB-S04,F-S008,mean,3.81205,"[3.8146, 3.8054, 3.8156, 3.8126]",0.006650000000000045,0.004471827337564237,3.8120499999999998e-06,True
PB-S04,F-S008,var,0.3999247975000001,"[0.39942683999999995, 0.40033083999999997, 0.39559664, 0.40428124000000004]",0.004356442499999946,0.004757481701900365,1e-06,True
PB-S04,F-S008,q90,5.0,"[5.0, 4.0, 5.0, 5.0]",1.0,0.0036742346141747668,4.9999999999999996e-06,True
PB-S04,F-S008,q95,5.0,"[5.0, 5.0, 5.0, 5.0]",0.0,0.002669269563007829,4.9999999999999996e-06,True
PB-S04,F-S008,q99,5.0,"[5.0, 5.0, 5.0, 5.0]",0.0,0.0012186057606953945,4.9999999999999996e-06,True
PB-S04,F-S009,mean,41.060475999999994,"[41.151664, 41.07476799999999, 40.887136, 41.12833599999999]",0.17333999999999605,0.06390466983728614,4.106047599999999e-05,True
PB-S04,F-S009,var,81.672052733424,"[82.347565711104, 82.599086866176, 80.79815963750399, 80.90022747110399]",0.9270341327519986,0.9000831990909842,8.167205273342399e-05,True
PB-S04,F-S009,q90,52.959999999999994,"[52.959999999999994, 53.199999999999996, 52.95999999999999, 52.96]",0.240000000000002,0.0036742346141747668,5.2959999999999994e-05,True
PB-S04,F-S009,q95,56.8,"[57.03999999999999, 57.27999999999999, 56.32, 56.8]",0.4799999999999969,0.002669269563007829,5.679999999999999e-05,True
PB-S04,F-S009,q99,65.20239999999961,"[65.2, 65.68, 64.72240000000005, 65.43999999999998]",0.47999999999956344,0.0012186057606953945,6.520239999999961e-05,True
PB-S04,F-S010,mean,2.490605227383154,"[2.493392570728856, 2.489278755811929, 2.480887508339334, 2.498862074652498]",0.009717719043820239,0.0036386516676266646,2.490605227383154e-06,True
PB-S04,F-S010,var,0.2647824793804878,"[0.2738141711609756, 0.2566307880585366, 0.26054897584390235, 0.26796384405853657]",0.009031691780487794,0.0036352599239932266,1e-06,True
PB-S04,F-S010,q90,3.038613290912043,"[3.038613290912043, 3.038613290912043, 3.038613290912043, 3.038613290912043]",0.0,0.0036742346141747668,3.038613290912043e-06,True
PB-S04,F-S010,q95,3.3892225167865098,"[3.3892225167865098, 3.3892225167865098, 3.3892225167865098, 3.3892225167865098]",0.0,0.002669269563007829,3.3892225167865095e-06,True
PB-S04,F-S010,q99,4.090440968535443,"[4.090440968535443, 4.090440968535443, 4.090440968535443, 4.090440968535443]",0.0,0.0012186057606953945,4.090440968535443e-06,True
PB-S04,F-S011,mean,8.2884,"[8.2942, 8.2654, 8.2872, 8.3068]",0.022999999999999687,0.020136572351751026,8.288399999999998e-06,True
PB-S04,F-S011,var,8.109225440000001,"[8.073246359999999, 8.21336284, 7.88231616, 8.26707376]",0.226909280000001,0.08289971069099916,8.109225440000001e-06,True
PB-S04,F-S011,q90,12.0,"[12.0, 12.0, 12.0, 12.0]",0.0,0.0036742346141747668,1.2e-05,True
PB-S04,F-S011,q95,13.0,"[13.0, 13.0, 13.0, 13.0]",0.0,0.002669269563007829,1.3e-05,True
PB-S04,F-S011,q99,15.0,"[15.0, 16.0, 15.0, 15.0]",1.0,0.0012186057606953945,1.4999999999999999e-05,True
PB-S04,F-S012,mean,1167.1103758489562,"[1166.8263129021693, 1167.5594544363487, 1168.3657670699959, 1165.6899689873107]",1.4204068616454606,0.5862504612836693,0.0011671103758489562,True
PB-S04,F-S012,var,6873.4483775029485,"[6803.161108529064, 6884.101059949133, 6950.585394757686, 6852.070020670045]",77.13701725473766,69.48058877025166,0.006873448377502948,True
PB-S04,F-S012,q90,1273.502969300041,"[1271.5845239459682, 1274.9060008186657, 1273.1884895620137, 1274.283708555055]",1.918445354072901,0.0036742346141747668,0.001273502969300041,True
PB-S04,F-S012,q95,1306.0167237003684,"[1306.0167237003684, 1308.035664756447, 1306.582997953336, 1303.8139795333607]",2.2027441670077224,0.002669269563007829,0.0013060167237003684,True
PB-S04,F-S012,q99,1369.6288599263198,"[1370.549495210806, 1372.390749488334, 1373.7717474416702, 1365.0037144494477]",4.625145476872149,0.0012186057606953945,0.0013696288599263197,True
PB-S04,F-S013,mean,1.1566131031518623,"[1.1554006729431026, 1.1573358542775276, 1.1573538338108884, 1.1563620515759314]",0.0012124302087597183,0.0005653183086345473,1.1566131031518623e-06,True
PB-S04,F-S013,var,0.00639137621675843,"[0.006363174525838929, 0.006497391771558785, 0.0063889071347168905, 0.006313427369915353]",0.00010601555480035506,6.536494197945518e-05,1e-06,True
PB-S04,F-S013,q90,1.2592386410151455,"[1.258174375767499, 1.2604027834629554, 1.262087597216537, 1.2583217355710192]",0.0028489562013915837,0.0036742346141747668,1.2592386410151454e-06,True
PB-S04,F-S013,q95,1.292705689725747,"[1.2882374130167829, 1.296152271796971, 1.293624641833811, 1.290421612771183]",0.004468276708964103,0.002669269563007829,1.2927056897257468e-06,True
PB-S04,F-S013,q99,1.3501841997544002,"[1.3470505935325423, 1.350185755218993, 1.349171101105199, 1.3501894392140812]",0.0031336062218578764,0.0012186057606953945,1.3501841997544001e-06,True
PB-S05,F-S001,mean,53.93423360759493,"[53.89369164556961, 53.945761012658224, 53.930973670886075, 53.96650810126583]",0.040541962025322675,0.07031806808128943,5.3934233607594934e-05,True
PB-S05,F-S001,var,98.88766934299842,"[99.55492474624427, 100.49368259948497, 96.63033866664215, 98.86890255774082]",2.2573306763562755,1.0254821566280514,9.888766934299842e-05,True
PB-S05,F-S001,q90,67.07088607594936,"[67.22025316455695, 67.22025316455695, 66.92151898734177, 67.07088607594937]",0.1493670886075904,0.0036742346141747668,6.707088607594936e-05,True
PB-S05,F-S001,q95,71.32784810126581,"[71.40253164556962, 71.40253164556961, 71.02911392405062, 71.4772151898734]",0.298734177215195,0.002669269563007829,7.132784810126581e-05,True
PB-S05,F-S001,q99,79.69240506329115,"[79.6931518987342, 80.36455696202532, 79.24579746835447, 79.46984810126585]",0.672151898734171,0.0012186057606953945,7.969240506329115e-05,True
PB-S05,F-S002,mean,2.5782914628542706,"[2.5836701762707746, 2.5745971278993034, 2.571878842333328, 2.583019704913677]",0.006412620520942713,0.003151662781655786,2.5782914628542705e-06,True
PB-S05,F-S002,var,0.19864963280719644,"[0.20142800065213315, 0.20081995718893575, 0.19411335537927799, 0.1981311613647445]",0.004536277427918456,0.0025862558921297893,1e-06,True
PB-S05,F-S002,q90,3.187309649777231,"[3.187309649777231, 3.074333045649789, 3.187309649777231, 3.074333045649789]",0.11297660412744204,0.0036742346141747668,3.1873096497772308e-06,True
PB-S05,F-S002,q95,3.478309993741855,"[3.478309993741855, 3.389298123823264, 3.389298123823264, 3.389298123823264]",0.08901186991859111,0.002669269563007829,3.4783099937418547e-06,True
PB-S05,F-S002,q99,3.8822869418339208,"[3.8822869418339208, 3.8822869418339208, 3.8822869418339208, 3.8822869418339208]",0.0,0.0012186057606953945,3.882286941833921e-06,True
PB-S05,F-S003,mean,38.9315,"[38.9642, 38.9252, 38.891, 38.9456]",0.040500000000001535,0.017448513118042512,3.89315e-05,True
PB-S05,F-S003,var,6.088707750000001,"[6.178918360000001, 6.07160496, 5.943119, 6.158240639999999]",0.14558875000000082,0.07469350320488381,6.088707750000001e-06,True
PB-S05,F-S003,q90,42.0,"[42.0, 42.0, 42.0, 42.0]",0.0,0.0036742346141747668,4.2e-05,True
PB-S05,F-S003,q95,43.0,"[44.0, 43.0, 43.0, 43.0]",1.0,0.002669269563007829,4.2999999999999995e-05,True
PB-S05,F-S003,q99,46.0,"[46.0, 46.0, 46.0, 46.0]",0.0,0.0012186057606953945,4.6e-05,True
PB-S05,F-S004,mean,15.9378,"[15.967, 15.9296, 15.9386, 15.916]",0.029200000000001225,0.013196221618829029,1.59378e-05,True
PB-S05,F-S004,var,3.48263116,"[3.502711, 3.54424384, 3.44203004, 3.4401439999999996]",0.061612680000000086,0.038004928288044575,3.48263116e-06,True
PB-S05,F-S004,q90,18.0,"[18.0, 18.0, 18.0, 18.0]",0.0,0.0036742346141747668,1.8e-05,True
PB-S05,F-S004,q95,19.0,"[19.0, 19.0, 19.0, 19.0]",0.0,0.002669269563007829,1.8999999999999998e-05,True
PB-S05,F-S004,q99,19.0099999999984,"[19.01000000000022, 20.0, 19.0, 20.0]",0.9900000000016007,0.0012186057606953945,1.90099999999984e-05,True
PB-S05,F-S005,mean,7.88225,"[7.8882, 7.89, 7.8706, 7.8802]",0.011650000000000382,0.005819445005497397,7.882249999999999e-06,True
PB-S05,F-S005,var,0.6772849375000001,"[0.6645007600000001, 0.6755000000000001, 0.68025564, 0.6886479600000001]",0.012784177499999938,0.008121581961793172,1e-06,True
PB-S05,F-S005,q90,9.0,"[9.0, 9.0, 9.0, 9.0]",0.0,0.0036742346141747668,9e-06,True
PB-S05,F-S005,q95,9.0,"[9.0, 9.0, 9.0, 9.0]",0.0,0.002669269563007829,9e-06,True
PB-S05,F-S005,q99,10.0,"[10.0, 10.0, 10.0, 10.0]",0.0,0.0012186057606953945,9.999999999999999e-06,True
PB-S05,F-S006,mean,133.37555,"[133.3744, 133.33, 133.2844, 133.5134]",0.13784999999998604,0.07637609099213419,0.00013337555,True
PB-S05,F-S006,var,116.6603121975,"[116.07862464, 118.7367, 111.68911664, 120.10742044000001]",4.97119555750001,1.1743678731433527,0.0001166603121975,True
PB-S05,F-S006,q90,147.0,"[147.0, 147.0, 147.0, 148.0]",1.0,0.0036742346141747668,0.000147,True
PB-S05,F-S006,q95,151.0,"[151.0, 151.0, 151.0, 152.0]",1.0,0.002669269563007829,0.00015099999999999998,True
PB-S05,F-S006,q99,159.0,"[159.0, 159.0, 158.0, 160.0]",1.0,0.0012186057606953945,0.000159,True
PB-S05,F-S007,mean,86.29895,"[85.798, 86.301, 86.3718, 86.725]",0.5009500000000031,0.09710682484587053,8.629895e-05,True
PB-S05,F-S007,var,188.5852788975,"[180.088396, 192.244399, 192.34116476, 189.229375]",8.4968828975,2.748553857516585,0.00018858527889749997,True
PB-S05,F-S007,q90,104.0,"[103.0, 104.0, 105.0, 105.0]",1.0,0.0036742346141747668,0.000104,True
PB-S05,F-S007,q95,112.0,"[111.0, 112.0, 113.0, 113.0]",1.0,0.002669269563007829,0.000112,True
PB-S05,F-S007,q99,131.0,"[126.0, 132.0, 130.0, 131.01000000000022]",5.0,0.0012186057606953945,0.00013099999999999999,True
PB-S05,F-S008,mean,3.65805,"[3.6606, 3.6508, 3.6528, 3.668]",0.009950000000000347,0.004404200236590771,3.6580499999999996e-06,True
PB-S05,F-S008,var,0.38792019750000006,"[0.37940764, 0.39525935999999995, 0.3886521600000001, 0.388176]",0.008512557500000073,0.0044070762359315055,1e-06,True
PB-S05,F-S008,q90,4.0,"[4.0, 4.0, 4.0, 4.0]",0.0,0.0036742346141747668,4e-06,True
PB-S05,F-S008,q95,5.0,"[5.0, 5.0, 5.0, 5.0]",0.0,0.002669269563007829,4.9999999999999996e-06,True
PB-S05,F-S008,q99,5.0,"[5.0, 5.0, 5.0, 5.0]",0.0,0.0012186057606953945,4.9999999999999996e-06,True
PB-S05,F-S009,mean,38.02521518987343,"[38.163492405063295, 38.09235443037976, 37.85628101265823, 37.988732911392404]",0.1689341772151991,0.06155989998327915,3.8025215189873424e-05,True
PB-S05,F-S009,var,75.78863609774068,"[77.80089360313886, 75.96935702355385, 72.22888495842967, 77.10191082710936]",3.559751139311004,0.8368448738106613,7.578863609774067e-05,True
PB-S05,F-S009,q90,49.563291139240505,"[49.81012658227849, 49.56329113924051, 49.06962025316456, 49.563291139240505]",0.49367088607594667,0.0036742346141747668,4.95632911392405e-05,True
PB-S05,F-S009,q95,53.265822784810126,"[53.75949367088608, 53.5126582278481, 52.53765822784815, 53.5126582278481]",0.7281645569619783,0.002669269563007829,5.3265822784810125e-05,True
PB-S05,F-S009,q99,61.1645569620253,"[61.6606962025317, 61.658227848101255, 59.930379746835435, 61.16702531645576]",1.2341772151898667,0.0012186057606953945,6.11645569620253e-05,True
PB-S05,F-S010,mean,2.4569857022218753,"[2.462479354303251, 2.4550364595564567, 2.457578870635977, 2.452848124391815]",0.005493652081375533,0.003672382401566594,2.456985702221875e-06,True
PB-S05,F-S010,var,0.26971436367421725,"[0.2806173983177882, 0.2670389036342439, 0.270334142571619, 0.2608155590139907]",0.010903034643570952,0.003706675084780609,1e-06,True
PB-S05,F-S010,q90,3.1666067645140212,"[3.1666067645140212, 3.1666067645140212, 3.1666067645140212, 3.1666067645140212]",0.0,0.0036742346141747668,3.166606764514021e-06,True
PB-S05,F-S010,q95,3.522507812975251,"[3.522507812975251, 3.522507812975251, 3.522507812975251, 3.522507812975251]",0.0,0.002669269563007829,3.522507812975251e-06,True
PB-S05,F-S010,q99,3.8784088614364816,"[4.2343099098977115, 3.8784088614364816, 3.8819678719211717, 3.8784088614364816]",0.35590104846122994,0.0012186057606953945,3.878408861436481e-06,True
PB-S05,F-S011,mean,8.102,"[8.0456, 8.1648, 8.107, 8.0906]",0.0627999999999993,0.019846649452104594,8.102e-06,True
PB-S05,F-S011,var,7.877395999999999,"[7.92272064, 7.883640960000001, 7.920350999999998, 7.77559164]",0.10180435999999915,0.0797249472739669,7.877396e-06,True
PB-S05,F-S011,q90,12.0,"[12.0, 12.0, 12.0, 12.0]",0.0,0.0036742346141747668,1.2e-05,True
PB-S05,F-S011,q95,13.0,"[13.0, 13.0, 13.0, 13.0]",0.0,0.002669269563007829,1.3e-05,True
PB-S05,F-S011,q99,15.0,"[15.0, 15.0, 15.0, 15.0]",0.0,0.0012186057606953945,1.4999999999999999e-05,True
PB-S05,F-S012,mean,1350.1719504063694,"[1349.1319504802088, 1350.9421561744023, 1351.9296818404662, 1348.6840131304]",1.7577314340967405,0.7135481678514232,0.0013501719504063693,True
PB-S05,F-S012,var,10182.51060589461,"[10124.305998946085, 10206.99909115846, 10184.257923705829, 10207.50101586491]",58.20460694852409,103.65156110752477,0.01018251060589461,True
PB-S05,F-S012,q90,1479.881418525216,"[1477.230772553747, 1481.2820805706249, 1482.2713713080173, 1477.2843942133813]",2.6506459714689754,0.0036742346141747668,0.001479881418525216,True
PB-S05,F-S012,q95,1518.13390596745,"[1512.705472674302, 1519.9231027727546, 1519.5611151295961, 1520.7036367289534]",5.4284332931479184,0.002669269563007829,0.0015181339059674498,True
PB-S05,F-S012,q99,1594.4736576250748,"[1588.0870684147078, 1600.4426516978103, 1594.9062729555967, 1594.3362554751861]",6.386589210366992,0.0012186057606953945,0.0015944736576250747,True
PB-S05,F-S013,mean,1.1635957991762105,"[1.164854486638537, 1.1639473417721518, 1.1625660839863372, 1.1630152843078159]",0.001258687462326602,0.0005932133180268142,1.1635957991762105e-06,True
PB-S05,F-S013,var,0.007037688911646959,"[0.007009284098195545, 0.007121073550207733, 0.007074262963622619, 0.0069430298473526775]",9.465906429428125e-05,6.988511543611191e-05,1e-06,True
PB-S05,F-S013,q90,1.2722021297970663,"[1.272011251758087, 1.274141048824593, 1.2701205545509344, 1.271496885674101]",0.0020815752461318393,0.0036742346141747668,1.2722021297970661e-06,True
PB-S05,F-S013,q95,1.304751858549327,"[1.3077416114124973, 1.3095881052843077, 1.3039481615430983, 1.302959111914808]",0.004836246734980731,0.002669269563007829,1.304751858549327e-06,True
PB-S05,F-S013,q99,1.3655664054651389,"[1.36816515973478, 1.3660569620253167, 1.366284910588708, 1.3606891701828412]",0.004877235282297665,0.0012186057606953945,1.3655664054651387e-06,True
PB-S06,F-S001,mean,54.07144951156812,"[54.00667084832905, 54.27020215938303, 54.13726560411311, 53.871659434447295]",0.19979007712082364,0.07109310909077866,5.4071449511568116e-05,True
PB-S06,F-S001,var,101.0795489737069,"[101.58046115988263, 102.74213694811266, 99.49685688919885, 100.41079417445519]",1.6625879744057528,1.0920649663124535,0.0001010795489737069,True
PB-S06,F-S001,q90,67.15784061696658,"[67.2245758354756, 67.52185089974293, 66.85449871465296, 67.10323907455016]",0.3640102827763485,0.0036742346141747668,6.715784061696657e-05,True
PB-S06,F-S001,q95,71.70796915167095,"[71.52596401028278, 72.07501285347045, 71.52899742930593, 71.76863753213368]",0.36704370179950274,0.002669269563007829,7.170796915167095e-05,True
PB-S06,F-S001,q99,80.6262210796915,"[79.777470437018, 80.86950128534704, 81.35484832904886, 80.3847609254499]",0.8487506426735081,0.0012186057606953945,8.06262210796915e-05,True
PB-S06,F-S002,mean,2.57597612013049,"[2.5755648061544334, 2.584800085451775, 2.577145263907891, 2.566394325007859]",0.009581795122630687,0.0031452125965416937,2.57597612013049e-06,True
PB-S06,F-S002,var,0.19783735318661344,"[0.2006238308506142, 0.20743011017461685, 0.19088831937503578, 0.19223594310806444]",0.00959275698800341,0.0025139800633183764,1e-06,True
PB-S06,F-S002,q90,3.1010543581114955,"[3.1010543581114955, 3.1010543581114955, 3.1010543581114955, 3.1010543581114955]",0.0,0.0036742346141747668,3.1010543581114954e-06,True
PB-S06,F-S002,q95,3.4528157479868287,"[3.4528157479868287, 3.465158252894736, 3.4528157479868287, 3.2831063055031158]",0.1697094424837129,0.002669269563007829,3.4528157479868284e-06,True
PB-S06,F-S002,q99,3.829262147677976,"[3.829262147677976, 4.011314095069596, 3.829262147677976, 3.829262147677976]",0.18205194739162023,0.0012186057606953945,3.829262147677976e-06,True
PB-S06,F-S003,mean,46.406,"[46.408, 46.4448, 46.428, 46.3432]",0.06279999999999575,0.019186886324527527,4.6405999999999996e-05,True
PB-S06,F-S003,var,7.362363999999999,"[7.618736000000002, 7.587352959999998, 7.1124160000000005, 7.12501376]",0.2563720000000034,0.08973294491044415,7.362363999999998e-06,True
PB-S06,F-S003,q90,50.0,"[50.0, 50.0, 50.0, 50.0]",0.0,0.0036742346141747668,4.9999999999999996e-05,True
PB-S06,F-S003,q95,51.0,"[51.0, 51.0, 51.0, 51.0]",0.0,0.002669269563007829,5.1e-05,True
PB-S06,F-S003,q99,54.0,"[54.0, 55.0, 54.0, 54.0]",1.0,0.0012186057606953945,5.4e-05,True
PB-S06,F-S004,mean,20.86485,"[20.8826, 20.8466, 20.8532, 20.877]",0.018250000000001876,0.0149820041014994,2.086485e-05,True
PB-S06,F-S004,var,4.488984477500001,"[4.36361724, 4.66986844, 4.42324976, 4.498271000000001]",0.18088396249999938,0.04932126309238046,4.4889844775e-06,True
PB-S06,F-S004,q90,23.0,"[23.0, 23.0, 23.0, 23.0]",0.0,0.0036742346141747668,2.3e-05,True
PB-S06,F-S004,q95,24.0,"[24.0, 24.0, 24.0, 24.0]",0.0,0.002669269563007829,2.4e-05,True
PB-S06,F-S004,q99,25.0,"[25.0, 25.0, 25.0, 25.0]",0.0,0.0012186057606953945,2.4999999999999998e-05,True
PB-S06,F-S005,mean,8.81995,"[8.8318, 8.8242, 8.8238, 8.8]",0.01994999999999969,0.006150893557002712,8.81995e-06,True
PB-S06,F-S005,var,0.7566319975,"[0.79350876, 0.7692943600000001, 0.7239535600000001, 0.7392]",0.03687676250000005,0.009342929997962735,1e-06,True
PB-S06,F-S005,q90,10.0,"[10.0, 10.0, 10.0, 10.0]",0.0,0.0036742346141747668,9.999999999999999e-06,True
PB-S06,F-S005,q95,10.0,"[10.0, 10.0, 10.0, 10.0]",0.0,0.002669269563007829,9.999999999999999e-06,True
PB-S06,F-S005,q99,11.0,"[11.0, 11.0, 11.0, 11.0]",0.0,0.0012186057606953945,1.1e-05,True
PB-S06,F-S006,mean,164.37135,"[164.2566, 164.5664, 164.4392, 164.2232]",0.19504999999998063,0.08299106478842609,0.00016437135,True
PB-S06,F-S006,var,137.74344917750003,"[139.48275644, 137.97239104, 136.57670335999998, 136.86418176]",1.7393072624999775,1.3702367043062191,0.00013774344917750003,True
PB-S06,F-S006,q90,180.0,"[179.0, 180.0, 180.0, 179.0]",1.0,0.0036742346141747668,0.00017999999999999998,True
PB-S06,F-S006,q95,184.0,"[183.05000000000018, 184.0, 184.0, 184.0]",0.9499999999998181,0.002669269563007829,0.000184,True
PB-S06,F-S006,q99,192.0,"[192.0, 192.0, 192.0, 192.0]",0.0,0.0012186057606953945,0.000192,True
PB-S06,F-S007,mean,89.1732,"[89.2134, 89.0782, 89.1512, 89.25]",0.09499999999999886,0.09818381786783682,8.91732e-05,True
PB-S06,F-S007,var,192.79160176,"[191.38306044, 184.01128476, 191.62193856000002, 204.1331]",11.341498240000021,2.7441391850215457,0.00019279160175999998,True
PB-S06,F-S007,q90,107.0,"[107.0, 107.0, 107.0, 108.0]",1.0,0.0036742346141747668,0.000107,True
PB-S06,F-S007,q95,115.0,"[115.0, 115.0, 115.0, 116.0]",1.0,0.002669269563007829,0.00011499999999999999,True
PB-S06,F-S007,q99,132.0,"[132.0, 129.0, 133.01000000000022, 134.01000000000022]",3.0,0.0012186057606953945,0.00013199999999999998,True
PB-S06,F-S008,mean,3.7568,"[3.759, 3.7568, 3.7524, 3.759]",0.0043999999999999595,0.0043896072070940045,3.7567999999999998e-06,True
PB-S06,F-S008,var,0.38535376,"[0.38171900000000003, 0.40325375999999996, 0.37589424, 0.380519]",0.01789999999999997,0.00457697776166462,1e-06,True
PB-S06,F-S008,q90,4.0,"[4.0, 4.0, 4.0, 4.0]",0.0,0.0036742346141747668,4e-06,True
PB-S06,F-S008,q95,5.0,"[5.0, 5.0, 5.0, 5.0]",0.0,0.002669269563007829,4.9999999999999996e-06,True
PB-S06,F-S008,q99,5.0,"[5.0, 5.0, 5.0, 5.0]",0.0,0.0012186057606953945,4.9999999999999996e-06,True
PB-S06,F-S009,mean,33.97031233933162,"[33.94845758354756, 34.0707146529563, 33.859778920308486, 34.00229820051414]",0.11053341902313463,0.058370612012937875,3.397031233933162e-05,True
PB-S06,F-S009,var,68.13915980695178,"[67.43014001691768, 66.70523746166097, 70.3360230099193, 68.06143975234104]",2.1968632029675206,0.751129331357622,6.813915980695178e-05,True
PB-S06,F-S009,q90,44.94601542416452,"[44.76606683804627, 45.12596401028277, 44.94601542416452, 45.12596401028277]",0.17994858611825038,0.0036742346141747668,4.494601542416452e-05,True
PB-S06,F-S009,q95,48.724935732647815,"[48.7249357326478, 48.54498714652957, 48.54498714652957, 48.904884318766065]",0.17994858611825038,0.002669269563007829,4.872493573264781e-05,True
PB-S06,F-S009,q99,56.282776349614394,"[56.282776349614394, 56.102827763496144, 56.28457583547562, 56.46452442159387]",0.1817480719794773,0.0012186057606953945,5.628277634961439e-05,True
PB-S06,F-S010,mean,2.3931503929997895,"[2.3932869095777103, 2.395462479501007, 2.3940729668161835, 2.389779216104257]",0.0033711768955324573,0.0035007862394908305,2.3931503929997893e-06,True
PB-S06,F-S010,var,0.24509783038787242,"[0.24328452785725094, 0.2392031052502647, 0.2468262430485408, 0.2510598650385605]",0.005962034650688064,0.003350521706728575,1e-06,True
PB-S06,F-S010,q90,3.008581908316164,"[3.008581908316164, 3.008581908316164, 3.008581908316164, 3.008581908316164]",0.0,0.0036742346141747668,3.008581908316164e-06,True
PB-S06,F-S010,q95,3.3129182285215566,"[3.3129182285215566, 3.3129182285215566, 3.3129182285215566, 3.3129182285215566]",0.0,0.002669269563007829,3.3129182285215564e-06,True
PB-S06,F-S010,q99,3.921590868932341,"[3.921590868932341, 3.921590868932341, 3.921590868932341, 3.921590868932341]",0.0,0.0012186057606953945,3.92159086893234e-06,True
PB-S06,F-S011,mean,11.0842,"[11.1764, 11.0146, 11.042, 11.1038]",0.09220000000000006,0.023238492192394256,1.1084199999999998e-05,True
PB-S06,F-S011,var,10.80001036,"[10.916483040000001, 10.971986840000001, 10.868236, 10.42782556]",0.3721847999999994,0.11110333688183507,1.080001036e-05,True
PB-S06,F-S011,q90,15.0,"[15.0, 15.0, 15.0, 15.0]",0.0,0.0036742346141747668,1.4999999999999999e-05,True
PB-S06,F-S011,q95,17.0,"[17.0, 17.0, 17.0, 17.0]",0.0,0.002669269563007829,1.7e-05,True
PB-S06,F-S011,q99,19.0,"[19.0, 19.0, 19.0, 19.0]",0.0,0.0012186057606953945,1.8999999999999998e-05,True
PB-S06,F-S012,mean,1349.1308418499718,"[1351.92812768134, 1348.52803337927, 1347.9561313757188, 1348.11107496356]",2.7972858313680717,0.6470712911188361,0.0013491308418499717,True
PB-S06,F-S012,var,8373.60641454816,"[8150.89030358038, 8399.289382513765, 8239.881003379649, 8693.756913443183]",320.1504988950237,84.42012864851452,0.008373606414548158,True
PB-S06,F-S012,q90,1467.5622425993165,"[1468.9535260912198, 1465.6565062412212, 1466.5396907216495, 1469.7502159913076]",2.187973391991136,0.0036742346141747668,0.0014675622425993165,True
PB-S06,F-S012,q95,1502.0614243500381,"[1503.4702992075904, 1500.1548929319165, 1499.0462930326241, 1503.8493381125274]",3.0151313174139887,0.002669269563007829,0.001502061424350038,True
PB-S06,F-S012,q99,1570.9143391726072,"[1573.7527222855326, 1571.966226777622, 1559.1721157872428, 1575.2383087748126]",11.742223385364468,0.0012186057606953945,0.0015709143391726072,True
PB-S06,F-S013,mean,1.1637429736570108,"[1.1641886995468158, 1.1628066546524263, 1.1642165743513635, 1.163759966077439]",0.0009363190045845737,0.0005362090865511176,1.1637429736570107e-06,True
PB-S06,F-S013,var,0.005750116169815179,"[0.005825838797787962, 0.00592417126835854, 0.005558884139621727, 0.005690270522285256]",0.00019123203019345142,5.7776213824142315e-05,1e-06,True
PB-S06,F-S013,q90,1.2609121988710148,"[1.260819441867861, 1.2633980865555348, 1.259746110831368, 1.2610367582752502]",0.0024858876845199607,0.0036742346141747668,1.2609121988710148e-06,True
PB-S06,F-S013,q95,1.2911509818991334,"[1.2912993931041794, 1.2916810219171546, 1.2872459120663613, 1.2916843346672673]",0.0039050698327720568,0.002669269563007829,1.2911509818991333e-06,True
PB-S06,F-S013,q99,1.343575517451567,"[1.3465552699228793, 1.351476293960194, 1.342037738849283, 1.3387799803885192]",0.007900776508627194,0.0012186057606953945,1.3435755174515668e-06,True
PB-S07,F-S001,mean,63.976661612446954,"[63.7427447807638, 64.09798840169732, 64.03653057991514, 64.0293826874116]",0.23391683168315325,0.07792847612255453,6.397666161244696e-05,True
PB-S07,F-S001,var,121.45087496828027,"[120.43443865153131, 123.14841422977568, 118.70189556551779, 123.44295034735073]",2.7489794027624868,1.276400026786676,0.00012145087496828027,True
PB-S07,F-S001,q90,78.51711456859971,"[78.06817538896748, 79.04608203677512, 78.65374823196605, 78.43903818953322]",0.5289674681754093,0.0036742346141747668,7.85171145685997e-05,True
PB-S07,F-S001,q95,83.2612305516266,"[82.73421499292785, 83.63404526166903, 82.9684441301273, 83.3812729844413]",0.5270155586987499,0.002669269563007829,8.326123055162659e-05,True
PB-S07,F-S001,q99,92.5903818953324,"[92.70788684582746, 92.88336350777935, 91.0485685997171, 93.91787553041017]",1.5418132956152988,0.0012186057606953945,9.25903818953324e-05,True
PB-S07,F-S002,mean,2.620278145146992,"[2.6134098067886784, 2.619857877348915, 2.6202643195703303, 2.6275805768800433]",0.007302431733051229,0.002990891980440102,2.620278145146992e-06,True
PB-S07,F-S002,var,0.17889975133837963,"[0.17230204687977374, 0.18168656290655943, 0.17975594226272987, 0.18175377690726666]",0.006597704458605885,0.0022611437148877733,1e-06,True
PB-S07,F-S002,q90,3.132310755387599,"[3.132310755387599, 3.132310755387599, 3.132310755387599, 3.2274545087548545]",0.09514375336725545,0.0036742346141747668,3.132310755387599e-06,True
PB-S07,F-S002,q95,3.337464473585743,"[3.337464473585743, 3.4326082269529983, 3.4326082269529983, 3.4326082269529983]",0.09514375336725545,0.002669269563007829,3.3374644735857428e-06,True
PB-S07,F-S002,q99,3.850348769081102,"[3.7477719099820304, 3.850348769081102, 3.850348769081102, 3.850348769081102]",0.10257685909907144,0.0012186057606953945,3.850348769081101e-06,True
PB-S07,F-S003,mean,126.40025,"[126.3472, 126.4418, 126.398, 126.414]",0.05304999999999893,0.03191642883839747,0.00012640024999999999,True
PB-S07,F-S003,var,20.3721499375,"[19.627052159999998, 20.585412759999997, 20.351995999999996, 20.919403999999997]",0.7450977775000034,0.25310909678571164,2.03721499375e-05,True
PB-S07,F-S003,q90,132.0,"[132.0, 132.0, 132.0, 132.0]",0.0,0.0036742346141747668,0.00013199999999999998,True
PB-S07,F-S003,q95,135.0,"[134.0, 135.0, 135.0, 135.0]",1.0,0.002669269563007829,0.000135,True
PB-S07,F-S003,q99,139.0,"[139.0, 140.0, 139.01000000000022, 139.0]",1.0,0.0012186057606953945,0.000139,True
PB-S07,F-S004,mean,79.90465,"[79.9602, 79.9352, 79.8548, 79.8684]",0.05554999999999666,0.027820704851889047,7.990465e-05,True
PB-S07,F-S004,var,15.479058377500001,"[15.408215960000001, 15.523400960000002, 15.336116960000002, 15.640681440000003]",0.16162306250000213,0.17760678535198038,1.54790583775e-05,True
PB-S07,F-S004,q90,85.0,"[85.0, 85.0, 85.0, 85.0]",0.0,0.0036742346141747668,8.499999999999999e-05,True
PB-S07,F-S004,q95,86.0,"[86.0, 86.0, 86.0, 86.0]",0.0,0.002669269563007829,8.599999999999999e-05,True
PB-S07,F-S004,q99,87.0,"[87.0, 87.0, 87.0, 87.0]",0.0,0.0012186057606953945,8.7e-05,True
PB-S07,F-S005,mean,16.1954,"[16.178, 16.1932, 16.2108, 16.1996]",0.017399999999998528,0.008468443052083798,1.6195399999999997e-05,True
PB-S07,F-S005,var,1.4342188400000002,"[1.398716, 1.40787376, 1.49916336, 1.4305598400000001]",0.06494451999999984,0.018366024822966207,1.4342188400000001e-06,True
PB-S07,F-S005,q90,18.0,"[18.0, 18.0, 18.0, 18.0]",0.0,0.0036742346141747668,1.8e-05,True
PB-S07,F-S005,q95,18.0,"[18.0, 18.0, 18.0, 18.0]",0.0,0.002669269563007829,1.8e-05,True
PB-S07,F-S005,q99,20.0,"[20.0, 20.0, 20.0, 20.0]",0.0,0.0012186057606953945,1.9999999999999998e-05,True
PB-S07,F-S006,mean,512.0887,"[512.0842, 512.0756, 512.7116, 511.4834]",0.6228999999999587,0.14965024682678865,0.0005120887,True
PB-S07,F-S006,var,447.88153230999995,"[443.4235103599999, 457.37748464000003, 450.85562544, 439.11492444000004]",9.49595233000008,4.457212892818256,0.0004478815323099999,True
PB-S07,F-S006,q90,539.0,"[539.0, 539.1000000000004, 540.0, 538.0]",1.0,0.0036742346141747668,0.000539,True
PB-S07,F-S006,q95,547.0,"[547.0, 548.0, 548.0, 546.0]",1.0,0.002669269563007829,0.000547,True
PB-S07,F-S006,q99,561.0099999999984,"[560.0100000000002, 563.0, 562.0, 560.0]",1.9900000000016007,0.0012186057606953945,0.0005610099999999984,True
PB-S07,F-S007,mean,123.9878,"[124.0584, 123.8962, 124.0328, 123.9638]",0.09159999999999968,0.1186326103683643,0.0001239878,True
PB-S07,F-S007,var,281.45985115999997,"[282.95538944000003, 287.19382556, 281.22172416, 274.45248956]",7.007361599999967,4.150170511830826,0.00028145985116,True
PB-S07,F-S007,q90,146.0,"[146.0, 146.0, 146.0, 146.0]",0.0,0.0036742346141747668,0.000146,True
PB-S07,F-S007,q95,155.04999999999927,"[157.0, 154.05000000000018, 156.0, 155.0]",1.9500000000007276,0.002669269563007829,0.00015504999999999927,True
PB-S07,F-S007,q99,176.0,"[176.0, 178.0, 176.0, 174.01000000000022]",2.0,0.0012186057606953945,0.000176,True
PB-S07,F-S008,mean,4.0964,"[4.0964, 4.1028, 4.092, 4.0944]",0.006400000000000183,0.0037571342540412556,4.0963999999999994e-06,True
PB-S07,F-S008,var,0.28230703999999995,"[0.27750704, 0.29303216000000004, 0.28273600000000004, 0.27588863999999996]",0.010725120000000088,0.004426533071523095,1e-06,True
PB-S07,F-S008,q90,5.0,"[5.0, 5.0, 5.0, 5.0]",0.0,0.0036742346141747668,4.9999999999999996e-06,True
PB-S07,F-S008,q95,5.0,"[5.0, 5.0, 5.0, 5.0]",0.0,0.002669269563007829,4.9999999999999996e-06,True
PB-S07,F-S008,q99,6.0,"[6.0, 6.0, 6.0, 6.0]",0.0,0.0012186057606953945,6e-06,True
PB-S07,F-S009,mean,24.967986562942002,"[24.804813578500703, 24.776798302687407, 25.290281753889676, 25.00005261669024]",0.3222951909476741,0.049517812863420364,2.4967986562942e-05,True
PB-S07,F-S009,var,49.03782380174362,"[47.89837437143969, 49.84911404809661, 48.72560429623218, 49.51012169558439]",1.1394494303039338,0.5410862882306254,4.9037823801743616e-05,True
PB-S07,F-S009,q90,34.277227722772274,"[33.9867043847242, 34.240452616690234, 34.53833097595474, 34.314002828854306]",0.2905233380480752,0.0036742346141747668,3.427722772277227e-05,True
PB-S07,F-S009,q95,37.55021216407355,"[36.925035360678926, 37.43988684582744, 37.88118811881188, 37.8076379066478]",0.6251768033946234,0.002669269563007829,3.7550212164073546e-05,True
PB-S07,F-S009,q99,43.9123055162659,"[43.02970297029703, 43.839123055162666, 44.50107496463933, 44.24475247524756]",0.8826025459688722,0.0012186057606953945,4.39123055162659e-05,True
PB-S07,F-S010,mean,2.2666129371250965,"[2.2611463798303912, 2.255968095940408, 2.2792448436973136, 2.2700924290322733]",0.012631906572217133,0.0033143950999148224,2.2666129371250964e-06,True
PB-S07,F-S010,var,0.2196933123519094,"[0.21594592026704376, 0.2266267563224893, 0.21481267373804802, 0.22107303125997163]",0.006933443970579906,0.0027630935696784146,1e-06,True
PB-S07,F-S010,q90,2.850821862193,"[2.850821862193, 2.850821862193, 2.850821862193, 2.850821862193]",0.0,0.0036742346141747668,2.8508218621929996e-06,True
PB-S07,F-S010,q95,3.1273941324057537,"[3.1273941324057537, 3.1273941324057537, 3.1273941324057537, 3.1273941324057537]",0.0,0.002669269563007829,3.1273941324057536e-06,True
PB-S07,F-S010,q99,3.6486264878067134,"[3.5422525377248846, 3.6805386728312617, 3.6486264878067134, 3.6805386728312617]",0.10637395008182882,0.0012186057606953945,3.648626487806713e-06,True
PB-S07,F-S011,mean,54.41115,"[54.348, 54.4826, 54.3048, 54.5092]",0.10634999999999906,0.05130533009073994,5.4411149999999995e-05,True
PB-S07,F-S011,var,52.64210567749999,"[53.680496, 51.58929724, 52.739496960000004, 52.529115360000006]",1.0528084374999906,0.528854286045466,5.264210567749999e-05,True
PB-S07,F-S011,q90,64.0,"[64.0, 64.0, 64.0, 64.0]",0.0,0.0036742346141747668,6.4e-05,True
PB-S07,F-S011,q95,67.0,"[66.0, 67.0, 66.0, 67.0]",1.0,0.002669269563007829,6.7e-05,True
PB-S07,F-S011,q99,72.0,"[72.0, 71.01000000000022, 72.0, 72.0]",0.9899999999997817,0.0012186057606953945,7.2e-05,True
PB-S07,F-S012,mean,1866.535830874227,"[1865.7452807070333, 1866.4146309691478, 1866.71458869159, 1867.2688231291377]",0.7905501671937145,0.4646777309291835,0.001866535830874227,True
PB-S07,F-S012,var,4318.291947036272,"[4348.03543557158, 4298.1930823831235, 4349.241295944083, 4276.489083259434]",41.80286377683842,43.45400762682597,0.004318291947036272,True
PB-S07,F-S012,q90,1950.7947663692667,"[1949.3987519407083, 1950.2731622707313, 1951.8277334330337, 1951.398308393169]",1.3960144285583738,0.0036742346141747668,0.0019507947663692665,True
PB-S07,F-S012,q95,1975.6614622153752,"[1973.9756768829748, 1976.038464385565, 1977.82277800801, 1974.9785364432714]",2.1613157926346958,0.002669269563007829,0.001975661462215375,True
PB-S07,F-S012,q99,2019.012847177802,"[2015.1923199958762, 2019.1111251903174, 2023.4561041440813, 2016.8124627348996]",4.44325696627925,0.0012186057606953945,0.002019012847177802,True
PB-S07,F-S013,mean,1.1761614210488385,"[1.1765028982243084, 1.175610380173595, 1.1768007579647863, 1.1757316478326632]",0.0006393369159478635,0.0002854739403108183,1.1761614210488384e-06,True
PB-S07,F-S013,var,0.0016298259165610969,"[0.0016177791138378209, 0.001634639523625852, 0.0016275626404885493, 0.0016383086788751746]",1.204680272327602e-05,1.6565237908223315e-05,1e-06,True
PB-S07,F-S013,q90,1.2282382924370692,"[1.2288884484444806, 1.2269958888518515, 1.2292921557851872, 1.2278661669624653]",0.0012424035852176551,0.0036742346141747668,1.2282382924370691e-06,True
PB-S07,F-S013,q95,1.2426553142120398,"[1.2431778664672652, 1.2421333125123248, 1.243398589176479, 1.2419297320996887]",0.0007432749644391556,0.002669269563007829,1.2426553142120397e-06,True
PB-S07,F-S013,q99,1.2706286843425014,"[1.2713535957781403, 1.2706484793156299, 1.2709418152916292, 1.2692415997741722]",0.0013870845683292554,0.0012186057606953945,1.2706286843425014e-06,True
