statistical_regime_id,statistic,method,mean,var,pmf
FL-S01,draw_sum,exact,150.0,1075.0,"{""21.0"": 7.151123842018516e-08, ""22.0"": 7.151123842018516e-08, ""23.0"": 1.4302247684037032e-07, ""24.0"": 2.145337152605555e-07, ""25.0"": 3.575561921009258e-07, ""26.0"": 5.005786689412961e-07, ""27.0"": 7.866236226220368e-07, ""28.0"": 1.0011573378825922e-06, ""29.0"": 1.4302247684037033e-06, ""30.0"": 1.8592921989248143e-06, ""31.0"": 2.5028933447064807e-06, ""32.0"": 3.146494490488147e-06, ""33.0"": 4.14765182837074e-06, ""34.0"": 5.077297927833146e-06, ""35.0"": 6.4360114578166645e-06, ""36.0"": 7.866236226220368e-06, ""37.0"": 9.725528425145183e-06, ""38.0"": 1.165633186249018e-05, ""39.0"": 1.4230736445616847e-05, ""40.0"": 1.6805141028743512e-05, ""41.0"": 2.0166169234492217e-05, ""42.0"": 2.367021991708129e-05, ""43.0"": 2.7960894222292398e-05, ""44.0"": 3.2466102242764064e-05, ""45.0"": 3.8043978839538505e-05, ""46.0"": 4.376487791315332e-05, ""47.0"": 5.070146803991128e-05, ""48.0"": 5.7995614358770165e-05, ""49.0"": 6.657696296919239e-05, ""50.0"": 7.558737901013571e-05, ""51.0"": 8.62425535347433e-05, ""52.0"": 9.725528425145182e-05, ""53.0"": 0.00011012730716708515, ""54.0"": 0.00012364293122850013, ""55.0"": 0.00013908935872726015, ""56.0"": 0.00015532240984864217, ""57.0"": 0.00017391533183789033, ""58.0"": 0.00019322336621134032, ""59.0"": 0.00021517731640633716, ""60.0"": 0.00023820393517763678, ""61.0"": 0.0002640194922473236, ""62.0"": 0.0002910507403701536, ""63.0"": 0.0003213715054603121, ""64.0"": 0.00035290796160361375, ""65.0"": 0.0003880199796679247, ""66.0"": 0.0004247767562158999, ""67.0"": 0.00046525211716172464, ""68.0"": 0.0005075152590680541, ""69.0"": 0.0005540690752795946, ""70.0"": 0.0006023391612132197, ""71.0"": 0.0006552574776441567, ""72.0"": 0.0007103211312276993, ""73.0"": 0.0007701045265469741, ""74.0"": 0.0008321762814956947, ""75.0"": 0.0008995398680875092, ""76.0"": 0.0009691203030703493, ""77.0"": 0.001044278614649964, ""78.0"": 0.0011220113308127052, ""79.0"": 0.0012053934348106412, ""80.0"": 0.0012914214546301238, ""81.0"": 0.0013836709521921626, ""82.0"": 0.001478351831860488, ""83.0"": 0.0015794687229866297, ""84.0"": 0.0016833745524111588, ""85.0"": 0.0017936448820550842, ""86.0"": 0.001906704149997397, ""87.0"": 0.0020266284968280474, ""88.0"": 0.0021489842257649844, ""89.0"": 0.0022783480560670992, ""90.0"": 0.002410357802190761, ""91.0"": 0.002549232627202761, ""92.0"": 0.002690610345559467, ""93.0"": 0.0028392106989966115, ""94.0"": 0.0029898133671095216, ""95.0"": 0.00314763867030287, ""96.0"": 0.0033076093106488244, ""97.0"": 0.0034744450298831164, ""98.0"": 0.0036430685300779127, ""99.0"": 0.003818843154114728, ""100.0"": 0.003995690446727846, ""101.0"": 0.004179545840706142, ""102.0"": 0.004364402392022321, ""103.0"": 0.004555694954796316, ""104.0"": 0.004747488096239253, ""105.0"": 0.0049457887603784265, ""106.0"": 0.005143660357087078, ""107.0"": 0.005347681920299867, ""108.0"": 0.005550988371128453, ""109.0"": 0.005759658164838553, ""110.0"": 0.00596689773378025, ""111.0"": 0.00617942913436504, ""112.0"": 0.006389386130366704, ""113.0"": 0.0066040628681041, ""114.0"": 0.006815807645066268, ""115.0"": 0.007031271006426286, ""116.0"": 0.007243015783388454, ""117.0"": 0.007458264611033212, ""118.0"": 0.007668507651988556, ""119.0"": 0.007881611142480708, ""120.0"": 0.008089279778852926, ""121.0"": 0.008298736196185649, ""122.0"": 0.008501899624537394, ""123.0"": 0.008706564788895964, ""124.0"": 0.008903649761981994, ""125.0"": 0.009101521358690646, ""126.0"": 0.009291455207934658, ""127.0"": 0.009481031500986569, ""128.0"": 0.009661811911712797, ""129.0"": 0.009842020232531664, ""130.0"": 0.010012145468733285, ""131.0"": 0.010181055013881762, ""132.0"": 0.010339595429459312, ""133.0"": 0.010495775974168996, ""134.0"": 0.010640872276923553, ""135.0"": 0.0107834656863334, ""136.0"": 0.010913830673973399, ""137.0"": 0.011041120678361329, ""138.0"": 0.011156039238502566, ""139.0"": 0.011266881658053854, ""140.0"": 0.011364780543451086, ""141.0"": 0.01145867479949679, ""142.0"": 0.011538624364050556, ""143.0"": 0.011614140231822272, ""144.0"": 0.011675854430578891, ""145.0"": 0.011732276797692419, ""146.0"": 0.011774611450837167, ""147.0"": 0.011811940317292505, ""148.0"": 0.011834394846156443, ""149.0"": 0.011851700565854127, ""150.0"": 0.011854561015390935, ""151.0"": 0.011851700565854127, ""152.0"": 0.011834394846156443, ""153.0"": 0.011811940317292505, ""154.0"": 0.011774611450837167, ""155.0"": 0.011732276797692419, ""156.0"": 0.011675854430578891, ""157.0"": 0.011614140231822272, ""158.0"": 0.011538624364050556, ""159.0"": 0.01145867479949679, ""160.0"": 0.011364780543451086, ""161.0"": 0.011266881658053854, ""162.0"": 0.011156039238502566, ""163.0"": 0.011041120678361329, ""164.0"": 0.010913830673973399, ""165.0"": 0.0107834656863334, ""166.0"": 0.010640872276923553, ""167.0"": 0.010495775974168996, ""168.0"": 0.010339595429459312, ""169.0"": 0.010181055013881762, ""170.0"": 0.010012145468733285, ""171.0"": 0.009842020232531664, ""172.0"": 0.009661811911712797, ""173.0"": 0.009481031500986569, ""174.0"": 0.009291455207934658, ""175.0"": 0.009101521358690646, ""176.0"": 0.008903649761981994, ""177.0"": 0.008706564788895964, ""178.0"": 0.008501899624537394, ""179.0"": 0.008298736196185649, ""180.0"": 0.008089279778852926, ""181.0"": 0.007881611142480708, ""182.0"": 0.007668507651988556, ""183.0"": 0.007458264611033212, ""184.0"": 0.007243015783388454, ""185.0"": 0.007031271006426286, ""186.0"": 0.006815807645066268, ""187.0"": 0.0066040628681041, ""188.0"": 0.006389386130366704, ""189.0"": 0.00617942913436504, ""190.0"": 0.00596689773378025, ""191.0"": 0.005759658164838553, ""192.0"": 0.005550988371128453, ""193.0"": 0.005347681920299867, ""194.0"": 0.005143660357087078, ""195.0"": 0.0049457887603784265, ""196.0"": 0.004747488096239253, ""197.0"": 0.004555694954796316, ""198.0"": 0.004364402392022321, ""199.0"": 0.004179545840706142, ""200.0"": 0.003995690446727846, ""201.0"": 0.003818843154114728, ""202.0"": 0.0036430685300779127, ""203.0"": 0.0034744450298831164, ""204.0"": 0.0033076093106488244, ""205.0"": 0.00314763867030287, ""206.0"": 0.0029898133671095216, ""207.0"": 0.0028392106989966115, ""208.0"": 0.002690610345559467, ""209.0"": 0.002549232627202761, ""210.0"": 0.002410357802190761, ""211.0"": 0.0022783480560670992, ""212.0"": 0.0021489842257649844, ""213.0"": 0.0020266284968280474, ""214.0"": 0.001906704149997397, ""215.0"": 0.0017936448820550842, ""216.0"": 0.0016833745524111588, ""217.0"": 0.0015794687229866297, ""218.0"": 0.001478351831860488, ""219.0"": 0.0013836709521921626, ""220.0"": 0.0012914214546301238, ""221.0"": 0.0012053934348106412, ""222.0"": 0.0011220113308127052, ""223.0"": 0.001044278614649964, ""224.0"": 0.0009691203030703493, ""225.0"": 0.0008995398680875092, ""226.0"": 0.0008321762814956947, ""227.0"": 0.0007701045265469741, ""228.0"": 0.0007103211312276993, ""229.0"": 0.0006552574776441567, ""230.0"": 0.0006023391612132197, ""231.0"": 0.0005540690752795946, ""232.0"": 0.0005075152590680541, ""233.0"": 0.00046525211716172464, ""234.0"": 0.0004247767562158999, ""235.0"": 0.0003880199796679247, ""236.0"": 0.00035290796160361375, ""237.0"": 0.0003213715054603121, ""238.0"": 0.0002910507403701536, ""239.0"": 0.0002640194922473236, ""240.0"": 0.00023820393517763678, ""241.0"": 0.00021517731640633716, ""242.0"": 0.00019322336621134032, ""243.0"": 0.00017391533183789033, ""244.0"": 0.00015532240984864217, ""245.0"": 0.00013908935872726015, ""246.0"": 0.00012364293122850013, ""247.0"": 0.00011012730716708515, ""248.0"": 9.725528425145182e-05, ""249.0"": 8.62425535347433e-05, ""250.0"": 7.558737901013571e-05, ""251.0"": 6.657696296919239e-05, ""252.0"": 5.7995614358770165e-05, ""253.0"": 5.070146803991128e-05, ""254.0"": 4.376487791315332e-05, ""255.0"": 3.8043978839538505e-05, ""256.0"": 3.2466102242764064e-05, ""257.0"": 2.7960894222292398e-05, ""258.0"": 2.367021991708129e-05, ""259.0"": 2.0166169234492217e-05, ""260.0"": 1.6805141028743512e-05, ""261.0"": 1.4230736445616847e-05, ""262.0"": 1.165633186249018e-05, ""263.0"": 9.725528425145183e-06, ""264.0"": 7.866236226220368e-06, ""265.0"": 6.4360114578166645e-06, ""266.0"": 5.077297927833146e-06, ""267.0"": 4.14765182837074e-06, ""268.0"": 3.146494490488147e-06, ""269.0"": 2.5028933447064807e-06, ""270.0"": 1.8592921989248143e-06, ""271.0"": 1.4302247684037033e-06, ""272.0"": 1.0011573378825922e-06, ""273.0"": 7.866236226220368e-07, ""274.0"": 5.005786689412961e-07, ""275.0"": 3.575561921009258e-07, ""276.0"": 2.145337152605555e-07, ""277.0"": 1.4302247684037032e-07, ""278.0"": 7.151123842018516e-08, ""279.0"": 7.151123842018516e-08}"
FL-S01,range,exact,35.714285714285715,54.84693877551021,"{""5.0"": 3.146494490488147e-06, ""6.0"": 1.537491626033981e-05, ""7.0"": 4.505208020471665e-05, ""8.0"": 0.00010261862713296572, ""9.0"": 0.00020023146757651845, ""10.0"": 0.0003514062255967899, ""11.0"": 0.0005706596825930776, ""12.0"": 0.0008731522211104609, ""13.0"": 0.0012743302686476995, ""14.0"": 0.0017895687414651337, ""15.0"": 0.002433813488392582, ""16.0"": 0.003221223734637241, ""17.0"": 0.0041648145255915835, ""18.0"": 0.005276099170641261, ""19.0"": 0.006564731686972998, ""20.0"": 0.008038149243382493, ""21.0"": 0.009701214604082319, ""22.0"": 0.011555858572509821, ""23.0"": 0.013600722435135016, ""24.0"": 0.01583080040526849, ""25.0"": 0.0182370820668693, ""26.0"": 0.02080619481835287, ""27.0"": 0.0235200463163989, ""28.0"": 0.026355466919759242, ""29.0"": 0.029283852133065825, ""30.0"": 0.03227080505063854, ""31.0"": 0.03527577880029314, ""32.0"": 0.038251718987149144, ""33.0"": 0.04114470613743774, ""34.0"": 0.043893598142309656, ""35.0"": 0.046429672701643096, ""36.0"": 0.04867626976785164, ""37.0"": 0.05054843398969208, ""38.0"": 0.05195255715607242, ""39.0"": 0.052786020639859675, ""40.0"": 0.052936837841687845, ""41.0"": 0.052283296633765776, ""42.0"": 0.05069360180368506, ""43.0"": 0.04802551749822795, ""44.0"": 0.04412600966717525, ""45.0"": 0.038830888507114227, ""46.0"": 0.031964450905246466, ""47.0"": 0.023339122883195833, ""48.0"": 0.012755102040816327}"
FL-S01,odd_count,exact,3.061224489795918,1.3431903373594336,"{""0.0"": 0.009625126646403243, ""1.0"": 0.07598784194528875, ""2.0"": 0.22796352583586627, ""3.0"": 0.33289911709364595, ""4.0"": 0.2496743378202345, ""5.0"": 0.0911854103343465, ""6.0"": 0.012664640324214792}"
FL-S01,adjacent_overlap,exact,0.7346938775510203,0.5775718450645565,"{""0.0"": 0.4359649755116915, ""1.0"": 0.4130194504847604, ""2.0"": 0.13237802900152576, ""3.0"": 0.017650403866870102, ""4.0"": 0.000968619724401408, ""5.0"": 1.8449899512407772e-05, ""6.0"": 7.151123842018516e-08}"
FL-S01,has_consecutive_pair,exact,0.4951984494075151,0.2499769451119078,"{""0.0"": 0.5048015505924849, ""1.0"": 0.4951984494075151}"
FL-S01,adjacent_pair_count,simulated,0.6093000000000001,0.48943351,"{""0.0"": 0.506035, ""1.0"": 0.38859, ""2.0"": 0.09581, ""3.0"": 0.00917, ""4.0"": 0.000395}"
FL-S01,min_spacing,simulated,1.88258,1.2597925436000001,"{""1.0"": 0.493965, ""2.0"": 0.271535, ""3.0"": 0.13794, ""4.0"": 0.062925, ""5.0"": 0.023765, ""6.0"": 0.00806, ""7.0"": 0.001645, ""8.0"": 0.00016, ""9.0"": 5e-06}"
FL-S01,max_spacing,simulated,15.64239,27.764805087899997,"{""2.0"": 0.00013, ""3.0"": 0.000485, ""4.0"": 0.002045, ""5.0"": 0.00477, ""6.0"": 0.010145, ""7.0"": 0.01696, ""8.0"": 0.02689, ""9.0"": 0.03963, ""10.0"": 0.052405, ""11.0"": 0.06573, ""12.0"": 0.07591, ""13.0"": 0.080635, ""14.0"": 0.083655, ""15.0"": 0.07953, ""16.0"": 0.074485, ""17.0"": 0.06739, ""18.0"": 0.0584, ""19.0"": 0.04972, ""20.0"": 0.04105, ""21.0"": 0.03497, ""22.0"": 0.029345, ""23.0"": 0.02395, ""24.0"": 0.01858, ""25.0"": 0.015155, ""26.0"": 0.011325, ""27.0"": 0.009345, ""28.0"": 0.00735, ""29.0"": 0.005585, ""30.0"": 0.00427, ""31.0"": 0.003235, ""32.0"": 0.00218, ""33.0"": 0.001635, ""34.0"": 0.00114, ""35.0"": 0.00085, ""36.0"": 0.000435, ""37.0"": 0.000265, ""38.0"": 0.000165, ""39.0"": 0.00013, ""40.0"": 7.5e-05, ""41.0"": 3.5e-05, ""42.0"": 1e-05, ""43.0"": 5e-06}"
FL-S01,consecutive_run_count,simulated,0.5589850000000001,0.378200769775,"{""0.0"": 0.506035, ""1.0"": 0.429765, ""2.0"": 0.06338, ""3.0"": 0.00082}"
FL-S02,draw_sum,exact,162.0,1269.0,"{""21.0"": 4.355878781120576e-08, ""22.0"": 4.355878781120576e-08, ""23.0"": 8.711757562241152e-08, ""24.0"": 1.3067636343361728e-07, ""25.0"": 2.177939390560288e-07, ""26.0"": 3.0491151467844034e-07, ""27.0"": 4.791466659232633e-07, ""28.0"": 6.098230293568807e-07, ""29.0"": 8.711757562241152e-07, ""30.0"": 1.1325284830913498e-06, ""31.0"": 1.5245575733922016e-06, ""32.0"": 1.9165866636930534e-06, ""33.0"": 2.5264096930499343e-06, ""34.0"": 3.0926739345956087e-06, ""35.0"": 3.920290903008519e-06, ""36.0"": 4.7914666592326334e-06, ""37.0"": 5.923995142323983e-06, ""38.0"": 7.100082413226539e-06, ""39.0"": 8.668198774429946e-06, ""40.0"": 1.0236315135633353e-05, ""41.0"": 1.2283578162760024e-05, ""42.0"": 1.4417958765509106e-05, ""43.0"": 1.703148603418145e-05, ""44.0"": 1.9775689666287413e-05, ""45.0"": 2.3173275115561463e-05, ""46.0"": 2.6657978140457925e-05, ""47.0"": 3.088318055814488e-05, ""48.0"": 3.532617691488787e-05, ""49.0"": 4.055323145223256e-05, ""50.0"": 4.604163871644449e-05, ""51.0"": 5.2531898100314145e-05, ""52.0"": 5.9239951423239834e-05, ""53.0"": 6.708053322925687e-05, ""54.0"": 7.531314412557476e-05, ""55.0"": 8.472184229279521e-05, ""56.0"": 9.460968712593891e-05, ""57.0"": 0.00010593497195685241, ""58.0"": 0.00011769584466587796, ""59.0"": 0.00013106839252391813, ""60.0"": 0.0001450943221991264, ""61.0"": 0.00016081904459897166, ""62.0"": 0.00017728426639160744, ""63.0"": 0.00019575319242355868, ""64.0"": 0.00021496261784830043, ""65.0"": 0.00023639354145141365, ""66.0"": 0.0002588263171741846, ""67.0"": 0.0002835677086509495, ""68.0"": 0.0003094416286108057, ""69.0"": 0.0003379726346271455, ""70.0"": 0.00036763616912657664, ""71.0"": 0.00040021814240935854, ""72.0"": 0.000434193996902099, ""73.0"": 0.0004711754077538127, ""74.0"": 0.0005096813761789186, ""75.0"": 0.0005515849300532985, ""76.0"": 0.0005950130415010706, ""77.0"": 0.0006420565323371729, ""78.0"": 0.0006908859334735346, ""79.0"": 0.0007434178315738487, ""80.0"": 0.0007978663163378559, ""81.0"": 0.0008564093271561165, ""82.0"": 0.0009167818070624477, ""83.0"": 0.000981466606962088, ""84.0"": 0.0010482422286766666, ""85.0"": 0.0011193737291723656, ""86.0"": 0.001192683169058625, ""87.0"": 0.0012706969580284944, ""88.0"": 0.0013507580100254905, ""89.0"": 0.0014356976462573418, ""90.0"": 0.0015229023394553757, ""91.0"": 0.0016149856168882646, ""92.0"": 0.0017093339512873364, ""93.0"": 0.0018088657814359416, ""94.0"": 0.0019104448746116733, ""95.0"": 0.002017338139900372, ""96.0"": 0.002126452903367443, ""97.0"": 0.0022407511625840465, ""98.0"": 0.0023571838024033995, ""99.0"": 0.0024790612906991534, ""100.0"": 0.002602768248082978, ""101.0"": 0.002731963612731014, ""102.0"": 0.002863032005254932, ""103.0"": 0.002999371011104006, ""104.0"": 0.003137408809677717, ""105.0"": 0.003280891456727829, ""106.0"": 0.003425637308624466, ""107.0"": 0.0035757408914218808, ""108.0"": 0.0037270641202780098, ""109.0"": 0.003883396609732427, ""110.0"": 0.0040406438337308795, ""111.0"": 0.004202987435903244, ""112.0"": 0.004365635949590286, ""113.0"": 0.004533163047512183, ""114.0"": 0.004700820821797514, ""115.0"": 0.004872878033651777, ""116.0"": 0.005044630333991361, ""117.0"": 0.005220694954324255, ""118.0"": 0.00539571416374968, ""119.0"": 0.0055746972228659245, ""120.0"": 0.005752373518347832, ""121.0"": 0.005933403840491204, ""122.0"": 0.006112561134758693, ""123.0"": 0.0062948982205364, ""124.0"": 0.006474534661469813, ""125.0"": 0.006656915306035331, ""126.0"": 0.006836290394241877, ""127.0"": 0.007017669186687737, ""128.0"": 0.007195432599745268, ""129.0"": 0.0073749819231030585, ""130.0"": 0.007550044691316295, ""131.0"": 0.007726414223163867, ""132.0"": 0.007897948729564395, ""133.0"": 0.008070005941418658, ""134.0"": 0.008236618304796519, ""135.0"": 0.00840353557968906, ""136.0"": 0.008564136830348975, ""137.0"": 0.008724520287069834, ""138.0"": 0.008878282808043392, ""139.0"": 0.00903104347689729, ""140.0"": 0.00917661694576234, ""141.0"": 0.009321014327356486, ""142.0"": 0.00945735333320556, ""143.0"": 0.00959203710511781, ""144.0"": 0.009718444707345928, ""145.0"": 0.009842456576244432, ""146.0"": 0.00995771312879288, ""147.0"": 0.010070443271648282, ""148.0"": 0.01017363403997303, ""149.0"": 0.010273906369514424, ""150.0"": 0.010364552206949543, ""151.0"": 0.010451626223784144, ""152.0"": 0.010528681719422166, ""153.0"": 0.01060216539445967, ""154.0"": 0.010664977166483429, ""155.0"": 0.010723955765179802, ""156.0"": 0.010772349578438051, ""157.0"": 0.01081634395412737, ""158.0"": 0.010849535750439508, ""159.0"": 0.01087850234433396, ""160.0"": 0.01089618721218531, ""161.0"": 0.01090955976004335, ""162.0"": 0.010911911934585156, ""163.0"": 0.01090955976004335, ""164.0"": 0.01089618721218531, ""165.0"": 0.01087850234433396, ""166.0"": 0.010849535750439508, ""167.0"": 0.01081634395412737, ""168.0"": 0.010772349578438051, ""169.0"": 0.010723955765179802, ""170.0"": 0.010664977166483429, ""171.0"": 0.01060216539445967, ""172.0"": 0.010528681719422166, ""173.0"": 0.010451626223784144, ""174.0"": 0.010364552206949543, ""175.0"": 0.010273906369514424, ""176.0"": 0.01017363403997303, ""177.0"": 0.010070443271648282, ""178.0"": 0.00995771312879288, ""179.0"": 0.009842456576244432, ""180.0"": 0.009718444707345928, ""181.0"": 0.00959203710511781, ""182.0"": 0.00945735333320556, ""183.0"": 0.009321014327356486, ""184.0"": 0.00917661694576234, ""185.0"": 0.00903104347689729, ""186.0"": 0.008878282808043392, ""187.0"": 0.008724520287069834, ""188.0"": 0.008564136830348975, ""189.0"": 0.00840353557968906, ""190.0"": 0.008236618304796519, ""191.0"": 0.008070005941418658, ""192.0"": 0.007897948729564395, ""193.0"": 0.007726414223163867, ""194.0"": 0.007550044691316295, ""195.0"": 0.0073749819231030585, ""196.0"": 0.007195432599745268, ""197.0"": 0.007017669186687737, ""198.0"": 0.006836290394241877, ""199.0"": 0.006656915306035331, ""200.0"": 0.006474534661469813, ""201.0"": 0.0062948982205364, ""202.0"": 0.006112561134758693, ""203.0"": 0.005933403840491204, ""204.0"": 0.005752373518347832, ""205.0"": 0.0055746972228659245, ""206.0"": 0.00539571416374968, ""207.0"": 0.005220694954324255, ""208.0"": 0.005044630333991361, ""209.0"": 0.004872878033651777, ""210.0"": 0.004700820821797514, ""211.0"": 0.004533163047512183, ""212.0"": 0.004365635949590286, ""213.0"": 0.004202987435903244, ""214.0"": 0.0040406438337308795, ""215.0"": 0.003883396609732427, ""216.0"": 0.0037270641202780098, ""217.0"": 0.0035757408914218808, ""218.0"": 0.003425637308624466, ""219.0"": 0.003280891456727829, ""220.0"": 0.003137408809677717, ""221.0"": 0.002999371011104006, ""222.0"": 0.002863032005254932, ""223.0"": 0.002731963612731014, ""224.0"": 0.002602768248082978, ""225.0"": 0.0024790612906991534, ""226.0"": 0.0023571838024033995, ""227.0"": 0.0022407511625840465, ""228.0"": 0.002126452903367443, ""229.0"": 0.002017338139900372, ""230.0"": 0.0019104448746116733, ""231.0"": 0.0018088657814359416, ""232.0"": 0.0017093339512873364, ""233.0"": 0.0016149856168882646, ""234.0"": 0.0015229023394553757, ""235.0"": 0.0014356976462573418, ""236.0"": 0.0013507580100254905, ""237.0"": 0.0012706969580284944, ""238.0"": 0.001192683169058625, ""239.0"": 0.0011193737291723656, ""240.0"": 0.0010482422286766666, ""241.0"": 0.000981466606962088, ""242.0"": 0.0009167818070624477, ""243.0"": 0.0008564093271561165, ""244.0"": 0.0007978663163378559, ""245.0"": 0.0007434178315738487, ""246.0"": 0.0006908859334735346, ""247.0"": 0.0006420565323371729, ""248.0"": 0.0005950130415010706, ""249.0"": 0.0005515849300532985, ""250.0"": 0.0005096813761789186, ""251.0"": 0.0004711754077538127, ""252.0"": 0.000434193996902099, ""253.0"": 0.00040021814240935854, ""254.0"": 0.00036763616912657664, ""255.0"": 0.0003379726346271455, ""256.0"": 0.0003094416286108057, ""257.0"": 0.0002835677086509495, ""258.0"": 0.0002588263171741846, ""259.0"": 0.00023639354145141365, ""260.0"": 0.00021496261784830043, ""261.0"": 0.00019575319242355868, ""262.0"": 0.00017728426639160744, ""263.0"": 0.00016081904459897166, ""264.0"": 0.0001450943221991264, ""265.0"": 0.00013106839252391813, ""266.0"": 0.00011769584466587796, ""267.0"": 0.00010593497195685241, ""268.0"": 9.460968712593891e-05, ""269.0"": 8.472184229279521e-05, ""270.0"": 7.531314412557476e-05, ""271.0"": 6.708053322925687e-05, ""272.0"": 5.9239951423239834e-05, ""273.0"": 5.2531898100314145e-05, ""274.0"": 4.604163871644449e-05, ""275.0"": 4.055323145223256e-05, ""276.0"": 3.532617691488787e-05, ""277.0"": 3.088318055814488e-05, ""278.0"": 2.6657978140457925e-05, ""279.0"": 2.3173275115561463e-05, ""280.0"": 1.9775689666287413e-05, ""281.0"": 1.703148603418145e-05, ""282.0"": 1.4417958765509106e-05, ""283.0"": 1.2283578162760024e-05, ""284.0"": 1.0236315135633353e-05, ""285.0"": 8.668198774429946e-06, ""286.0"": 7.100082413226539e-06, ""287.0"": 5.923995142323983e-06, ""288.0"": 4.7914666592326334e-06, ""289.0"": 3.920290903008519e-06, ""290.0"": 3.0926739345956087e-06, ""291.0"": 2.5264096930499343e-06, ""292.0"": 1.9165866636930534e-06, ""293.0"": 1.5245575733922016e-06, ""294.0"": 1.1325284830913498e-06, ""295.0"": 8.711757562241152e-07, ""296.0"": 6.098230293568807e-07, ""297.0"": 4.791466659232633e-07, ""298.0"": 3.0491151467844034e-07, ""299.0"": 2.177939390560288e-07, ""300.0"": 1.3067636343361728e-07, ""301.0"": 8.711757562241152e-08, ""302.0"": 4.355878781120576e-08, ""303.0"": 4.355878781120576e-08}"
FL-S02,range,exact,38.57142857142858,64.74489795918367,"{""5.0"": 2.0908218149378765e-06, ""6.0"": 1.0236315135633353e-05, ""7.0"": 3.0055563589731974e-05, ""8.0"": 6.860509080264908e-05, ""9.0"": 0.00013416106645851373, ""10.0"": 0.0002360015123611128, ""11.0"": 0.0003841885084948348, ""12.0"": 0.0005893503990856139, ""13.0"": 0.0008624639986618741, ""14.0"": 0.0012146367981154726, ""15.0"": 0.0016568891707626446, ""16.0"": 0.0021999365784049468, ""17.0"": 0.0028539717773902015, ""18.0"": 0.00362844702467344, ""19.0"": 0.004531856283877847, ""20.0"": 0.005571517431355706, ""21.0"": 0.006753354462249341, ""22.0"": 0.00808167969655206, ""23.0"": 0.009558975985169103, ""24.0"": 0.011185678915978582, ""25.0"": 0.012959959019892428, ""26.0"": 0.014877503976917327, ""27.0"": 0.016931300822215677, ""28.0"": 0.019111418152166527, ""29.0"": 0.02140478833042651, ""30.0"": 0.023794989693990805, ""31.0"": 0.026262028759254066, ""32.0"": 0.028782122428071374, ""33.0"": 0.03132748019381918, ""34.0"": 0.033866086347456255, ""35.0"": 0.036361482183584606, ""36.0"": 0.03877254820651047, ""37.0"": 0.04105328633630521, ""38.0"": 0.04315260211486627, ""39.0"": 0.04501408691197814, ""40.0"": 0.0465758001313733, ""41.0"": 0.047770051416793136, ""42.0"": 0.04852318285804888, ""43.0"": 0.04875535119708261, ""44.0"": 0.04838031003402812, ""45.0"": 0.047305192033271944, ""46.0"": 0.045430291129514216, ""47.0"": 0.04264884473382967, ""48.0"": 0.03884681593972858, ""49.0"": 0.033902675729217666, ""50.0"": 0.027687185178861096, ""51.0"": 0.020063177665841373, ""52.0"": 0.01088534107402032}"
FL-S02,odd_count,exact,3.056603773584906,1.3552865788536845,"{""0.0"": 0.010028539717773902, ""1.0"": 0.0773630206799701, ""2.0"": 0.22857256109991167, ""3.0"": 0.3312645813042198, ""4.0"": 0.24844843597816485, ""5.0"": 0.09142902443996466, ""6.0"": 0.012893836779995017}"
FL-S02,adjacent_overlap,exact,0.679245283018868,0.5444313607360954,"{""0.0"": 0.46771566391433206, ""1.0"": 0.4008991404979989, ""2.0"": 0.11654044781918572, ""3.0"": 0.014126114887174027, ""4.0"": 0.0007063057443587014, ""5.0"": 1.2283578162760024e-05, ""6.0"": 4.355878781120576e-08}"
FL-S02,has_consecutive_pair,exact,0.4654678126693348,0.24880752803815986,"{""0.0"": 0.5345321873306652, ""1.0"": 0.4654678126693348}"
FL-S02,adjacent_pair_count,simulated,0.56729,0.4638720559,"{""0.0"": 0.5334, ""1.0"": 0.37417, ""2.0"": 0.08442, ""3.0"": 0.00776, ""4.0"": 0.00025}"
FL-S02,min_spacing,simulated,1.9872200000000002,1.4924166715999998,"{""1.0"": 0.4666, ""2.0"": 0.26855, ""3.0"": 0.1451, ""4.0"": 0.072165, ""5.0"": 0.031225, ""6.0"": 0.011975, ""7.0"": 0.003585, ""8.0"": 0.00071, ""9.0"": 9e-05}"
FL-S02,max_spacing,simulated,16.964944999999997,32.957076146975005,"{""2.0"": 6e-05, ""3.0"": 0.00043, ""4.0"": 0.00146, ""5.0"": 0.003405, ""6.0"": 0.006845, ""7.0"": 0.012315, ""8.0"": 0.019745, ""9.0"": 0.028955, ""10.0"": 0.03925, ""11.0"": 0.049025, ""12.0"": 0.060585, ""13.0"": 0.069145, ""14.0"": 0.074705, ""15.0"": 0.075775, ""16.0"": 0.07461, ""17.0"": 0.06977, ""18.0"": 0.06493, ""19.0"": 0.05787, ""20.0"": 0.049725, ""21.0"": 0.04293, ""22.0"": 0.03658, ""23.0"": 0.030945, ""24.0"": 0.02655, ""25.0"": 0.02124, ""26.0"": 0.017395, ""27.0"": 0.0146, ""28.0"": 0.011415, ""29.0"": 0.00938, ""30.0"": 0.007865, ""31.0"": 0.005645, ""32.0"": 0.00475, ""33.0"": 0.0034, ""34.0"": 0.00283, ""35.0"": 0.00189, ""36.0"": 0.00134, ""37.0"": 0.00094, ""38.0"": 0.000635, ""39.0"": 0.000435, ""40.0"": 0.00023, ""41.0"": 0.00012, ""42.0"": 0.000165, ""43.0"": 6e-05, ""44.0"": 3e-05, ""45.0"": 2e-05, ""46.0"": 5e-06}"
FL-S02,consecutive_run_count,simulated,0.5237200000000001,0.36540736160000004,"{""0.0"": 0.5334, ""1.0"": 0.410345, ""2.0"": 0.05539, ""3.0"": 0.000865}"
MM-S01,draw_sum,exact,127.5,956.25,"{""15.0"": 4.719741735732221e-07, ""16.0"": 4.719741735732221e-07, ""17.0"": 9.439483471464442e-07, ""18.0"": 1.4159225207196663e-06, ""19.0"": 2.35987086786611e-06, ""20.0"": 3.3038192150125547e-06, ""21.0"": 4.71974173573222e-06, ""22.0"": 6.135664256451887e-06, ""23.0"": 8.495535124317997e-06, ""24.0"": 1.0855405992184108e-05, ""25.0"": 1.4159225207196663e-05, ""26.0"": 1.7463044422209216e-05, ""27.0"": 2.2182786157941438e-05, ""28.0"": 2.6902527893673657e-05, ""29.0"": 3.303819215012555e-05, ""30.0"": 3.9645830580150654e-05, ""31.0"": 4.7669391530895427e-05, ""32.0"": 5.6164926655213425e-05, ""33.0"": 6.654835847382431e-05, ""34.0"": 7.740376446600842e-05, ""35.0"": 9.061904132605864e-05, ""36.0"": 0.00010430629235968208, ""37.0"": 0.00012035341426117164, ""38.0"": 0.00013734448450980762, ""39.0"": 0.00015716739979988295, ""40.0"": 0.0001779342634371047, ""41.0"": 0.00020153297211576582, ""42.0"": 0.0002265476033151466, ""43.0"": 0.00025486605372953994, ""44.0"": 0.0002846004266646529, ""45.0"": 0.0003181105929883517, ""46.0"": 0.00035303668183277013, ""47.0"": 0.00039221053823934756, ""48.0"": 0.00043327229134021786, ""49.0"": 0.0004785818120032472, ""50.0"": 0.0005262512035341426, ""51.0"": 0.0005786403368007703, ""52.0"": 0.000633389340935264, ""53.0"": 0.0006933300609790632, ""54.0"": 0.0007561026260643018, ""55.0"": 0.0008245388812324189, ""56.0"": 0.0008958069814419755, ""57.0"": 0.0009732107459079839, ""58.0"": 0.0010539183295890048, ""59.0"": 0.001141233551700051, ""60.0"": 0.0012323245671996828, ""61.0"": 0.0013295512469557666, ""62.0"": 0.0014310256942740094, ""63.0"": 0.0015395797541958504, ""64.0"": 0.0016519096075062773, ""65.0"": 0.0017713190734203025, ""66.0"": 0.0018949763068964866, ""67.0"": 0.002025713152976269, ""68.0"": 0.002160697766618211, ""69.0"": 0.0023027619928637504, ""70.0"": 0.0024490739866714494, ""71.0"": 0.0026024655930827465, ""72.0"": 0.0027601049670562027, ""73.0"": 0.002924351979459684, ""74.0"": 0.003092846759425324, ""75.0"": 0.003268421151994563, ""76.0"": 0.003447299363778814, ""77.0"": 0.00363278521399309, ""78.0"": 0.0038220468575959525, ""79.0"": 0.004017444165455266, ""80.0"": 0.004216145292529593, ""81.0"": 0.004420510109686798, ""82.0"": 0.004627706771885442, ""83.0"": 0.004840567124166965, ""84.0"": 0.0050557873473163545, ""85.0"": 0.0052757273122014765, ""86.0"": 0.005497555173780891, ""87.0"": 0.005724102777096038, ""88.0"": 0.005951594328758331, ""89.0"": 0.006182861673809209, ""90.0"": 0.006415072967207234, ""91.0"": 0.006650116105646699, ""92.0"": 0.006885159244086164, ""93.0"": 0.007122562253393494, ""94.0"": 0.007359021314353679, ""95.0"": 0.007597368272008156, ""96.0"": 0.00783382733296834, ""97.0"": 0.008070758368102098, ""98.0"": 0.008305329532367988, ""99.0"": 0.00853990069663388, ""100.0"": 0.008770696067511186, ""101.0"": 0.009000075515867772, ""102.0"": 0.009225207196662198, ""103.0"": 0.00944797900658876, ""104.0"": 0.009665087126432442, ""105.0"": 0.009878891427061111, ""106.0"": 0.010085616115086182, ""107.0"": 0.010288093035549095, ""108.0"": 0.010483018369234836, ""109.0"": 0.010671808038664124, ""110.0"": 0.010852574147142668, ""111.0"": 0.011026732617191188, ""112.0"": 0.011191451603768242, ""113.0"": 0.011348619003568124, ""114.0"": 0.011496346919896544, ""115.0"": 0.011635579301100644, ""116.0"": 0.011764428250486134, ""117.0"": 0.011884309690573731, ""118.0"": 0.011993335724669147, ""119.0"": 0.012092922275293096, ""120.0"": 0.012181653419924861, ""121.0"": 0.012259529158564443, ""122.0"": 0.012326549491211841, ""123.0"": 0.012383186392040628, ""124.0"": 0.012428023938530083, ""125.0"": 0.012462006079027355, ""126.0"": 0.01248466083935887, ""127.0"": 0.012495988219524627, ""128.0"": 0.012495988219524627, ""129.0"": 0.01248466083935887, ""130.0"": 0.012462006079027355, ""131.0"": 0.012428023938530083, ""132.0"": 0.012383186392040628, ""133.0"": 0.012326549491211841, ""134.0"": 0.012259529158564443, ""135.0"": 0.012181653419924861, ""136.0"": 0.012092922275293096, ""137.0"": 0.011993335724669147, ""138.0"": 0.011884309690573731, ""139.0"": 0.011764428250486134, ""140.0"": 0.011635579301100644, ""141.0"": 0.011496346919896544, ""142.0"": 0.011348619003568124, ""143.0"": 0.011191451603768242, ""144.0"": 0.011026732617191188, ""145.0"": 0.010852574147142668, ""146.0"": 0.010671808038664124, ""147.0"": 0.010483018369234836, ""148.0"": 0.010288093035549095, ""149.0"": 0.010085616115086182, ""150.0"": 0.009878891427061111, ""151.0"": 0.009665087126432442, ""152.0"": 0.00944797900658876, ""153.0"": 0.009225207196662198, ""154.0"": 0.009000075515867772, ""155.0"": 0.008770696067511186, ""156.0"": 0.00853990069663388, ""157.0"": 0.008305329532367988, ""158.0"": 0.008070758368102098, ""159.0"": 0.00783382733296834, ""160.0"": 0.007597368272008156, ""161.0"": 0.007359021314353679, ""162.0"": 0.007122562253393494, ""163.0"": 0.006885159244086164, ""164.0"": 0.006650116105646699, ""165.0"": 0.006415072967207234, ""166.0"": 0.006182861673809209, ""167.0"": 0.005951594328758331, ""168.0"": 0.005724102777096038, ""169.0"": 0.005497555173780891, ""170.0"": 0.0052757273122014765, ""171.0"": 0.0050557873473163545, ""172.0"": 0.004840567124166965, ""173.0"": 0.004627706771885442, ""174.0"": 0.004420510109686798, ""175.0"": 0.004216145292529593, ""176.0"": 0.004017444165455266, ""177.0"": 0.0038220468575959525, ""178.0"": 0.00363278521399309, ""179.0"": 0.003447299363778814, ""180.0"": 0.003268421151994563, ""181.0"": 0.003092846759425324, ""182.0"": 0.002924351979459684, ""183.0"": 0.0027601049670562027, ""184.0"": 0.0026024655930827465, ""185.0"": 0.0024490739866714494, ""186.0"": 0.0023027619928637504, ""187.0"": 0.002160697766618211, ""188.0"": 0.002025713152976269, ""189.0"": 0.0018949763068964866, ""190.0"": 0.0017713190734203025, ""191.0"": 0.0016519096075062773, ""192.0"": 0.0015395797541958504, ""193.0"": 0.0014310256942740094, ""194.0"": 0.0013295512469557666, ""195.0"": 0.0012323245671996828, ""196.0"": 0.001141233551700051, ""197.0"": 0.0010539183295890048, ""198.0"": 0.0009732107459079839, ""199.0"": 0.0008958069814419755, ""200.0"": 0.0008245388812324189, ""201.0"": 0.0007561026260643018, ""202.0"": 0.0006933300609790632, ""203.0"": 0.000633389340935264, ""204.0"": 0.0005786403368007703, ""205.0"": 0.0005262512035341426, ""206.0"": 0.0004785818120032472, ""207.0"": 0.00043327229134021786, ""208.0"": 0.00039221053823934756, ""209.0"": 0.00035303668183277013, ""210.0"": 0.0003181105929883517, ""211.0"": 0.0002846004266646529, ""212.0"": 0.00025486605372953994, ""213.0"": 0.0002265476033151466, ""214.0"": 0.00020153297211576582, ""215.0"": 0.0001779342634371047, ""216.0"": 0.00015716739979988295, ""217.0"": 0.00013734448450980762, ""218.0"": 0.00012035341426117164, ""219.0"": 0.00010430629235968208, ""220.0"": 9.061904132605864e-05, ""221.0"": 7.740376446600842e-05, ""222.0"": 6.654835847382431e-05, ""223.0"": 5.6164926655213425e-05, ""224.0"": 4.7669391530895427e-05, ""225.0"": 3.9645830580150654e-05, ""226.0"": 3.303819215012555e-05, ""227.0"": 2.6902527893673657e-05, ""228.0"": 2.2182786157941438e-05, ""229.0"": 1.7463044422209216e-05, ""230.0"": 1.4159225207196663e-05, ""231.0"": 1.0855405992184108e-05, ""232.0"": 8.495535124317997e-06, ""233.0"": 6.135664256451887e-06, ""234.0"": 4.71974173573222e-06, ""235.0"": 3.3038192150125547e-06, ""236.0"": 2.35987086786611e-06, ""237.0"": 1.4159225207196663e-06, ""238.0"": 9.439483471464442e-07, ""239.0"": 4.719741735732221e-07, ""240.0"": 4.719741735732221e-07}"
MM-S01,range,exact,34.00000000000001,72.85714285714286,"{""4.0"": 2.1710811984368215e-05, ""5.0"": 8.495535124317997e-05, ""6.0"": 0.00020766863637221772, ""7.0"": 0.000405897789272971, ""8.0"": 0.0006938020351526364, ""9.0"": 0.001083652702524118, ""10.0"": 0.0015858332232060262, ""11.0"": 0.0022088391323226795, ""12.0"": 0.0029592780683041025, ""13.0"": 0.0038418697728860277, ""14.0"": 0.004859446091109895, ""15.0"": 0.006012950971322849, ""16.0"": 0.0073014404651777455, ""17.0"": 0.008722082727633144, ""18.0"": 0.010270158016953312, ""19.0"": 0.011939058694708226, ""20.0"": 0.013720289225773565, ""21.0"": 0.015603466178330722, ""22.0"": 0.01757631822386679, ""23.0"": 0.019624686137174573, ""24.0"": 0.021732522796352585, ""25.0"": 0.023881893182805036, ""26.0"": 0.026052974381241857, ""27.0"": 0.02822405557967868, ""28.0"": 0.03037153806943684, ""29.0"": 0.03246993524514338, ""30.0"": 0.03449187260473107, ""31.0"": 0.03640808774943835, ""32.0"": 0.038187430383809395, ""33.0"": 0.039796862315694084, ""34.0"": 0.041201457456247995, ""35.0"": 0.04236440181993242, ""36.0"": 0.04324699352451434, ""37.0"": 0.04380864279106647, ""38.0"": 0.04400687194396723, ""39.0"": 0.04379731541090071, ""40.0"": 0.04313371972285677, ""41.0"": 0.041967943514130905, ""42.0"": 0.04024995752232438, ""43.0"": 0.037927844588344126, ""44.0"": 0.0349477996564028, ""45.0"": 0.031254129774018764, ""46.0"": 0.026789254092016084, ""47.0"": 0.021493703864524535, ""48.0"": 0.015306122448979591, ""49.0"": 0.00816326530612245}"
MM-S01,odd_count,exact,2.5,1.1479591836734695,"{""0.0"": 0.02507598784194529, ""1.0"": 0.1492618323925315, ""2.0"": 0.32566217976552325, ""3.0"": 0.32566217976552325, ""4.0"": 0.1492618323925315, ""5.0"": 0.02507598784194529}"
MM-S01,adjacent_overlap,exact,0.5,0.413265306122449,"{""0.0"": 0.5766386943306462, ""1.0"": 0.35160895995771113, ""2.0"": 0.06697313523004021, ""3.0"": 0.004672544318374898, ""4.0"": 0.00010619418905397497, ""5.0"": 4.719741735732221e-07}"
MM-S01,has_consecutive_pair,exact,0.3530395136778115,0.22840261545994583,"{""0.0"": 0.6469604863221885, ""1.0"": 0.3530395136778115}"
MM-S01,adjacent_pair_count,simulated,0.40049,0.33738775990000003,"{""0.0"": 0.646035, ""1.0"": 0.30951, ""2.0"": 0.042435, ""3.0"": 0.00197, ""4.0"": 5e-05}"
MM-S01,min_spacing,simulated,2.530325,2.7941303943749998,"{""1.0"": 0.353965, ""2.0"": 0.245135, ""3.0"": 0.163435, ""4.0"": 0.107715, ""5.0"": 0.06261, ""6.0"": 0.03585, ""7.0"": 0.018705, ""8.0"": 0.008445, ""9.0"": 0.00323, ""10.0"": 0.0008, ""11.0"": 0.00011}"
MM-S01,max_spacing,simulated,17.141684999999995,38.299260360775,"{""1.0"": 5e-05, ""2.0"": 0.00032, ""3.0"": 0.00132, ""4.0"": 0.003095, ""5.0"": 0.0064, ""6.0"": 0.010905, ""7.0"": 0.016375, ""8.0"": 0.02361, ""9.0"": 0.031135, ""10.0"": 0.038735, ""11.0"": 0.04805, ""12.0"": 0.055435, ""13.0"": 0.061275, ""14.0"": 0.06662, ""15.0"": 0.067795, ""16.0"": 0.067995, ""17.0"": 0.065125, ""18.0"": 0.061595, ""19.0"": 0.056755, ""20.0"": 0.0498, ""21.0"": 0.044195, ""22.0"": 0.037845, ""23.0"": 0.03313, ""24.0"": 0.028065, ""25.0"": 0.023685, ""26.0"": 0.02071, ""27.0"": 0.01698, ""28.0"": 0.01366, ""29.0"": 0.01134, ""30.0"": 0.00906, ""31.0"": 0.007135, ""32.0"": 0.00592, ""33.0"": 0.00438, ""34.0"": 0.0034, ""35.0"": 0.002495, ""36.0"": 0.00187, ""37.0"": 0.001275, ""38.0"": 0.00097, ""39.0"": 0.000575, ""40.0"": 0.00041, ""41.0"": 0.00025, ""42.0"": 0.000125, ""43.0"": 5.5e-05, ""44.0"": 5e-05, ""45.0"": 3e-05}"
MM-S01,consecutive_run_count,simulated,0.37607999999999997,0.2788738336,"{""0.0"": 0.646035, ""1.0"": 0.33185, ""2.0"": 0.022115}"
MM-S02,draw_sum,exact,127.5,956.25,"{""15.0"": 4.719741735732221e-07, ""16.0"": 4.719741735732221e-07, ""17.0"": 9.439483471464442e-07, ""18.0"": 1.4159225207196663e-06, ""19.0"": 2.35987086786611e-06, ""20.0"": 3.3038192150125547e-06, ""21.0"": 4.71974173573222e-06, ""22.0"": 6.135664256451887e-06, ""23.0"": 8.495535124317997e-06, ""24.0"": 1.0855405992184108e-05, ""25.0"": 1.4159225207196663e-05, ""26.0"": 1.7463044422209216e-05, ""27.0"": 2.2182786157941438e-05, ""28.0"": 2.6902527893673657e-05, ""29.0"": 3.303819215012555e-05, ""30.0"": 3.9645830580150654e-05, ""31.0"": 4.7669391530895427e-05, ""32.0"": 5.6164926655213425e-05, ""33.0"": 6.654835847382431e-05, ""34.0"": 7.740376446600842e-05, ""35.0"": 9.061904132605864e-05, ""36.0"": 0.00010430629235968208, ""37.0"": 0.00012035341426117164, ""38.0"": 0.00013734448450980762, ""39.0"": 0.00015716739979988295, ""40.0"": 0.0001779342634371047, ""41.0"": 0.00020153297211576582, ""42.0"": 0.0002265476033151466, ""43.0"": 0.00025486605372953994, ""44.0"": 0.0002846004266646529, ""45.0"": 0.0003181105929883517, ""46.0"": 0.00035303668183277013, ""47.0"": 0.00039221053823934756, ""48.0"": 0.00043327229134021786, ""49.0"": 0.0004785818120032472, ""50.0"": 0.0005262512035341426, ""51.0"": 0.0005786403368007703, ""52.0"": 0.000633389340935264, ""53.0"": 0.0006933300609790632, ""54.0"": 0.0007561026260643018, ""55.0"": 0.0008245388812324189, ""56.0"": 0.0008958069814419755, ""57.0"": 0.0009732107459079839, ""58.0"": 0.0010539183295890048, ""59.0"": 0.001141233551700051, ""60.0"": 0.0012323245671996828, ""61.0"": 0.0013295512469557666, ""62.0"": 0.0014310256942740094, ""63.0"": 0.0015395797541958504, ""64.0"": 0.0016519096075062773, ""65.0"": 0.0017713190734203025, ""66.0"": 0.0018949763068964866, ""67.0"": 0.002025713152976269, ""68.0"": 0.002160697766618211, ""69.0"": 0.0023027619928637504, ""70.0"": 0.0024490739866714494, ""71.0"": 0.0026024655930827465, ""72.0"": 0.0027601049670562027, ""73.0"": 0.002924351979459684, ""74.0"": 0.003092846759425324, ""75.0"": 0.003268421151994563, ""76.0"": 0.003447299363778814, ""77.0"": 0.00363278521399309, ""78.0"": 0.0038220468575959525, ""79.0"": 0.004017444165455266, ""80.0"": 0.004216145292529593, ""81.0"": 0.004420510109686798, ""82.0"": 0.004627706771885442, ""83.0"": 0.004840567124166965, ""84.0"": 0.0050557873473163545, ""85.0"": 0.0052757273122014765, ""86.0"": 0.005497555173780891, ""87.0"": 0.005724102777096038, ""88.0"": 0.005951594328758331, ""89.0"": 0.006182861673809209, ""90.0"": 0.006415072967207234, ""91.0"": 0.006650116105646699, ""92.0"": 0.006885159244086164, ""93.0"": 0.007122562253393494, ""94.0"": 0.007359021314353679, ""95.0"": 0.007597368272008156, ""96.0"": 0.00783382733296834, ""97.0"": 0.008070758368102098, ""98.0"": 0.008305329532367988, ""99.0"": 0.00853990069663388, ""100.0"": 0.008770696067511186, ""101.0"": 0.009000075515867772, ""102.0"": 0.009225207196662198, ""103.0"": 0.00944797900658876, ""104.0"": 0.009665087126432442, ""105.0"": 0.009878891427061111, ""106.0"": 0.010085616115086182, ""107.0"": 0.010288093035549095, ""108.0"": 0.010483018369234836, ""109.0"": 0.010671808038664124, ""110.0"": 0.010852574147142668, ""111.0"": 0.011026732617191188, ""112.0"": 0.011191451603768242, ""113.0"": 0.011348619003568124, ""114.0"": 0.011496346919896544, ""115.0"": 0.011635579301100644, ""116.0"": 0.011764428250486134, ""117.0"": 0.011884309690573731, ""118.0"": 0.011993335724669147, ""119.0"": 0.012092922275293096, ""120.0"": 0.012181653419924861, ""121.0"": 0.012259529158564443, ""122.0"": 0.012326549491211841, ""123.0"": 0.012383186392040628, ""124.0"": 0.012428023938530083, ""125.0"": 0.012462006079027355, ""126.0"": 0.01248466083935887, ""127.0"": 0.012495988219524627, ""128.0"": 0.012495988219524627, ""129.0"": 0.01248466083935887, ""130.0"": 0.012462006079027355, ""131.0"": 0.012428023938530083, ""132.0"": 0.012383186392040628, ""133.0"": 0.012326549491211841, ""134.0"": 0.012259529158564443, ""135.0"": 0.012181653419924861, ""136.0"": 0.012092922275293096, ""137.0"": 0.011993335724669147, ""138.0"": 0.011884309690573731, ""139.0"": 0.011764428250486134, ""140.0"": 0.011635579301100644, ""141.0"": 0.011496346919896544, ""142.0"": 0.011348619003568124, ""143.0"": 0.011191451603768242, ""144.0"": 0.011026732617191188, ""145.0"": 0.010852574147142668, ""146.0"": 0.010671808038664124, ""147.0"": 0.010483018369234836, ""148.0"": 0.010288093035549095, ""149.0"": 0.010085616115086182, ""150.0"": 0.009878891427061111, ""151.0"": 0.009665087126432442, ""152.0"": 0.00944797900658876, ""153.0"": 0.009225207196662198, ""154.0"": 0.009000075515867772, ""155.0"": 0.008770696067511186, ""156.0"": 0.00853990069663388, ""157.0"": 0.008305329532367988, ""158.0"": 0.008070758368102098, ""159.0"": 0.00783382733296834, ""160.0"": 0.007597368272008156, ""161.0"": 0.007359021314353679, ""162.0"": 0.007122562253393494, ""163.0"": 0.006885159244086164, ""164.0"": 0.006650116105646699, ""165.0"": 0.006415072967207234, ""166.0"": 0.006182861673809209, ""167.0"": 0.005951594328758331, ""168.0"": 0.005724102777096038, ""169.0"": 0.005497555173780891, ""170.0"": 0.0052757273122014765, ""171.0"": 0.0050557873473163545, ""172.0"": 0.004840567124166965, ""173.0"": 0.004627706771885442, ""174.0"": 0.004420510109686798, ""175.0"": 0.004216145292529593, ""176.0"": 0.004017444165455266, ""177.0"": 0.0038220468575959525, ""178.0"": 0.00363278521399309, ""179.0"": 0.003447299363778814, ""180.0"": 0.003268421151994563, ""181.0"": 0.003092846759425324, ""182.0"": 0.002924351979459684, ""183.0"": 0.0027601049670562027, ""184.0"": 0.0026024655930827465, ""185.0"": 0.0024490739866714494, ""186.0"": 0.0023027619928637504, ""187.0"": 0.002160697766618211, ""188.0"": 0.002025713152976269, ""189.0"": 0.0018949763068964866, ""190.0"": 0.0017713190734203025, ""191.0"": 0.0016519096075062773, ""192.0"": 0.0015395797541958504, ""193.0"": 0.0014310256942740094, ""194.0"": 0.0013295512469557666, ""195.0"": 0.0012323245671996828, ""196.0"": 0.001141233551700051, ""197.0"": 0.0010539183295890048, ""198.0"": 0.0009732107459079839, ""199.0"": 0.0008958069814419755, ""200.0"": 0.0008245388812324189, ""201.0"": 0.0007561026260643018, ""202.0"": 0.0006933300609790632, ""203.0"": 0.000633389340935264, ""204.0"": 0.0005786403368007703, ""205.0"": 0.0005262512035341426, ""206.0"": 0.0004785818120032472, ""207.0"": 0.00043327229134021786, ""208.0"": 0.00039221053823934756, ""209.0"": 0.00035303668183277013, ""210.0"": 0.0003181105929883517, ""211.0"": 0.0002846004266646529, ""212.0"": 0.00025486605372953994, ""213.0"": 0.0002265476033151466, ""214.0"": 0.00020153297211576582, ""215.0"": 0.0001779342634371047, ""216.0"": 0.00015716739979988295, ""217.0"": 0.00013734448450980762, ""218.0"": 0.00012035341426117164, ""219.0"": 0.00010430629235968208, ""220.0"": 9.061904132605864e-05, ""221.0"": 7.740376446600842e-05, ""222.0"": 6.654835847382431e-05, ""223.0"": 5.6164926655213425e-05, ""224.0"": 4.7669391530895427e-05, ""225.0"": 3.9645830580150654e-05, ""226.0"": 3.303819215012555e-05, ""227.0"": 2.6902527893673657e-05, ""228.0"": 2.2182786157941438e-05, ""229.0"": 1.7463044422209216e-05, ""230.0"": 1.4159225207196663e-05, ""231.0"": 1.0855405992184108e-05, ""232.0"": 8.495535124317997e-06, ""233.0"": 6.135664256451887e-06, ""234.0"": 4.71974173573222e-06, ""235.0"": 3.3038192150125547e-06, ""236.0"": 2.35987086786611e-06, ""237.0"": 1.4159225207196663e-06, ""238.0"": 9.439483471464442e-07, ""239.0"": 4.719741735732221e-07, ""240.0"": 4.719741735732221e-07}"
MM-S02,range,exact,34.00000000000001,72.85714285714286,"{""4.0"": 2.1710811984368215e-05, ""5.0"": 8.495535124317997e-05, ""6.0"": 0.00020766863637221772, ""7.0"": 0.000405897789272971, ""8.0"": 0.0006938020351526364, ""9.0"": 0.001083652702524118, ""10.0"": 0.0015858332232060262, ""11.0"": 0.0022088391323226795, ""12.0"": 0.0029592780683041025, ""13.0"": 0.0038418697728860277, ""14.0"": 0.004859446091109895, ""15.0"": 0.006012950971322849, ""16.0"": 0.0073014404651777455, ""17.0"": 0.008722082727633144, ""18.0"": 0.010270158016953312, ""19.0"": 0.011939058694708226, ""20.0"": 0.013720289225773565, ""21.0"": 0.015603466178330722, ""22.0"": 0.01757631822386679, ""23.0"": 0.019624686137174573, ""24.0"": 0.021732522796352585, ""25.0"": 0.023881893182805036, ""26.0"": 0.026052974381241857, ""27.0"": 0.02822405557967868, ""28.0"": 0.03037153806943684, ""29.0"": 0.03246993524514338, ""30.0"": 0.03449187260473107, ""31.0"": 0.03640808774943835, ""32.0"": 0.038187430383809395, ""33.0"": 0.039796862315694084, ""34.0"": 0.041201457456247995, ""35.0"": 0.04236440181993242, ""36.0"": 0.04324699352451434, ""37.0"": 0.04380864279106647, ""38.0"": 0.04400687194396723, ""39.0"": 0.04379731541090071, ""40.0"": 0.04313371972285677, ""41.0"": 0.041967943514130905, ""42.0"": 0.04024995752232438, ""43.0"": 0.037927844588344126, ""44.0"": 0.0349477996564028, ""45.0"": 0.031254129774018764, ""46.0"": 0.026789254092016084, ""47.0"": 0.021493703864524535, ""48.0"": 0.015306122448979591, ""49.0"": 0.00816326530612245}"
MM-S02,odd_count,exact,2.5,1.1479591836734695,"{""0.0"": 0.02507598784194529, ""1.0"": 0.1492618323925315, ""2.0"": 0.32566217976552325, ""3.0"": 0.32566217976552325, ""4.0"": 0.1492618323925315, ""5.0"": 0.02507598784194529}"
MM-S02,adjacent_overlap,exact,0.5,0.413265306122449,"{""0.0"": 0.5766386943306462, ""1.0"": 0.35160895995771113, ""2.0"": 0.06697313523004021, ""3.0"": 0.004672544318374898, ""4.0"": 0.00010619418905397497, ""5.0"": 4.719741735732221e-07}"
MM-S02,has_consecutive_pair,exact,0.3530395136778115,0.22840261545994583,"{""0.0"": 0.6469604863221885, ""1.0"": 0.3530395136778115}"
MM-S02,adjacent_pair_count,simulated,0.397945,0.33649477697499997,"{""0.0"": 0.6485, ""1.0"": 0.30705, ""2.0"": 0.04247, ""3.0"": 0.001965, ""4.0"": 1.5e-05}"
MM-S02,min_spacing,simulated,2.53741,2.7999004919,"{""1.0"": 0.3515, ""2.0"": 0.24512, ""3.0"": 0.165905, ""4.0"": 0.106115, ""5.0"": 0.06403, ""6.0"": 0.03594, ""7.0"": 0.01868, ""8.0"": 0.008595, ""9.0"": 0.00308, ""10.0"": 0.00092, ""11.0"": 0.000115}"
MM-S02,max_spacing,simulated,17.141794999999995,38.380339177974996,"{""1.0"": 1.5e-05, ""2.0"": 0.000325, ""3.0"": 0.00122, ""4.0"": 0.003195, ""5.0"": 0.006315, ""6.0"": 0.01129, ""7.0"": 0.016695, ""8.0"": 0.023095, ""9.0"": 0.03127, ""10.0"": 0.03893, ""11.0"": 0.04649, ""12.0"": 0.055785, ""13.0"": 0.062385, ""14.0"": 0.06576, ""15.0"": 0.06881, ""16.0"": 0.068275, ""17.0"": 0.06575, ""18.0"": 0.0613, ""19.0"": 0.05539, ""20.0"": 0.05047, ""21.0"": 0.044255, ""22.0"": 0.03821, ""23.0"": 0.03255, ""24.0"": 0.02824, ""25.0"": 0.02369, ""26.0"": 0.01965, ""27.0"": 0.016865, ""28.0"": 0.013445, ""29.0"": 0.011305, ""30.0"": 0.009025, ""31.0"": 0.00765, ""32.0"": 0.005905, ""33.0"": 0.00478, ""34.0"": 0.003695, ""35.0"": 0.00244, ""36.0"": 0.00191, ""37.0"": 0.00133, ""38.0"": 0.00084, ""39.0"": 0.00062, ""40.0"": 0.00034, ""41.0"": 0.000215, ""42.0"": 0.000145, ""43.0"": 8.5e-05, ""44.0"": 3e-05, ""45.0"": 1e-05, ""46.0"": 5e-06}"
MM-S02,consecutive_run_count,simulated,0.374145,0.27945051897500006,"{""0.0"": 0.6485, ""1.0"": 0.328855, ""2.0"": 0.022645}"
MM-S03,draw_sum,exact,132.50000000000003,1037.9166666666665,"{""15.0"": 3.8476929233231754e-07, ""16.0"": 3.8476929233231754e-07, ""17.0"": 7.695385846646351e-07, ""18.0"": 1.1543078769969526e-06, ""19.0"": 1.9238464616615878e-06, ""20.0"": 2.693385046326223e-06, ""21.0"": 3.8476929233231755e-06, ""22.0"": 5.002000800320128e-06, ""23.0"": 6.9258472619817155e-06, ""24.0"": 8.849693723643303e-06, ""25.0"": 1.1543078769969527e-05, ""26.0"": 1.4236463816295748e-05, ""27.0"": 1.8084156739618926e-05, ""28.0"": 2.19318496629421e-05, ""29.0"": 2.6933850463262227e-05, ""30.0"": 3.2320620555914674e-05, ""31.0"": 3.886169852556407e-05, ""32.0"": 4.578754578754579e-05, ""33.0"": 5.425247021885677e-05, ""34.0"": 6.310216394250007e-05, ""35.0"": 7.387570412780497e-05, ""36.0"": 8.503401360544217e-05, ""37.0"": 9.811616954474098e-05, ""38.0"": 0.0001119678640687044, ""39.0"": 0.00012812817434666173, ""40.0"": 0.00014505802320928372, ""41.0"": 0.0001642964878258996, ""42.0"": 0.00018468926031951243, ""43.0"": 0.00020777541785945146, ""44.0"": 0.0002320158832763875, ""45.0"": 0.000259334503031982, ""46.0"": 0.0002878074306645735, ""47.0"": 0.0003197432819281559, ""48.0"": 0.0003532182103610675, ""49.0"": 0.00039015606242497, ""50.0"": 0.00042901776095053405, ""51.0"": 0.0004717271523994213, ""52.0"": 0.0005163603903099701, ""53.0"": 0.0005652260904361744, ""54.0"": 0.0006164004063163727, ""55.0"": 0.0006721919537045587, ""56.0"": 0.0007302921168467387, ""57.0"": 0.0007933942807892388, ""58.0"": 0.0008591898297780651, ""59.0"": 0.0009303721488595438, ""60.0"": 0.001004632622279681, ""61.0"": 0.0010842798657924708, ""62.0"": 0.0011673900329362515, ""63.0"": 0.0012562717394650168, ""64.0"": 0.001348616369624773, ""65.0"": 0.0014471173084618463, ""66.0"": 0.0015490811709299105, ""67.0"": 0.0016572013420752916, ""68.0"": 0.001769169206143996, ""69.0"": 0.0018872933788900176, ""70.0"": 0.002009265244559362, ""71.0"": 0.002137393418906024, ""72.0"": 0.002269369286176009, ""73.0"": 0.002407501462123311, ""74.0"": 0.002549481330993936, ""75.0"": 0.002697617508541878, ""76.0"": 0.0028492166097208115, ""77.0"": 0.0030069720195770614, ""78.0"": 0.0031681903530643026, ""79.0"": 0.0033351802259365283, ""80.0"": 0.003505633022439745, ""81.0"": 0.0036814725890356144, ""82.0"": 0.003860390309970142, ""83.0"": 0.004044694800997322, ""84.0"": 0.004231692677070829, ""85.0"": 0.004423692553944655, ""86.0"": 0.004618001046572475, ""87.0"": 0.004816926770708284, ""88.0"": 0.0050177763413057535, ""89.0"": 0.005222858374118879, ""90.0"": 0.005429479484101333, ""91.0"": 0.005639563517714778, ""92.0"": 0.005850801859205221, ""93.0"": 0.006065118355034322, ""94.0"": 0.006279819620155755, ""95.0"": 0.006497214270323514, ""96.0"": 0.006714224151198941, ""97.0"": 0.00693315787853603, ""98.0"": 0.007151322067288454, ""99.0"": 0.0073706405639178746, ""100.0"": 0.007588419983377967, ""101.0"": 0.007806584172130391, ""102.0"": 0.00802243974512882, ""103.0"": 0.008237910548834918, ""104.0"": 0.008450303198202358, ""105.0"": 0.008661541539692801, ""106.0"": 0.008868547418967587, ""107.0"": 0.009073629451780712, ""108.0"": 0.009273709483793517, ""109.0"": 0.009470711361467665, ""110.0"": 0.009661941699756826, ""111.0"": 0.009848939575830332, ""112.0"": 0.010029396373934189, ""113.0"": 0.010204851171237726, ""114.0"": 0.01037299535198695, ""115.0"": 0.010535367993351186, ""116.0"": 0.010689660479576446, ""117.0"": 0.010837411887832056, ""118.0"": 0.010976698371656355, ""119.0"": 0.01110867423892634, ""120.0"": 0.011231800412472681, ""121.0"": 0.011346846430880044, ""122.0"": 0.011452657986271432, ""123.0"": 0.011550004617231508, ""124.0"": 0.011637732015883277, ""125.0"": 0.011716609720811401, ""126.0"": 0.011785483424138887, ""127.0"": 0.011845122664450395, ""128.0"": 0.011894757903161265, ""129.0"": 0.011934773909563826, ""130.0"": 0.011964785914365747, ""131.0"": 0.011984793917567026, ""132.0"": 0.011994797919167667, ""133.0"": 0.011994797919167667, ""134.0"": 0.011984793917567026, ""135.0"": 0.011964785914365747, ""136.0"": 0.011934773909563826, ""137.0"": 0.011894757903161265, ""138.0"": 0.011845122664450395, ""139.0"": 0.011785483424138887, ""140.0"": 0.011716609720811401, ""141.0"": 0.011637732015883277, ""142.0"": 0.011550004617231508, ""143.0"": 0.011452657986271432, ""144.0"": 0.011346846430880044, ""145.0"": 0.011231800412472681, ""146.0"": 0.01110867423892634, ""147.0"": 0.010976698371656355, ""148.0"": 0.010837411887832056, ""149.0"": 0.010689660479576446, ""150.0"": 0.010535367993351186, ""151.0"": 0.01037299535198695, ""152.0"": 0.010204851171237726, ""153.0"": 0.010029396373934189, ""154.0"": 0.009848939575830332, ""155.0"": 0.009661941699756826, ""156.0"": 0.009470711361467665, ""157.0"": 0.009273709483793517, ""158.0"": 0.009073629451780712, ""159.0"": 0.008868547418967587, ""160.0"": 0.008661541539692801, ""161.0"": 0.008450303198202358, ""162.0"": 0.008237910548834918, ""163.0"": 0.00802243974512882, ""164.0"": 0.007806584172130391, ""165.0"": 0.007588419983377967, ""166.0"": 0.0073706405639178746, ""167.0"": 0.007151322067288454, ""168.0"": 0.00693315787853603, ""169.0"": 0.006714224151198941, ""170.0"": 0.006497214270323514, ""171.0"": 0.006279819620155755, ""172.0"": 0.006065118355034322, ""173.0"": 0.005850801859205221, ""174.0"": 0.005639563517714778, ""175.0"": 0.005429479484101333, ""176.0"": 0.005222858374118879, ""177.0"": 0.0050177763413057535, ""178.0"": 0.004816926770708284, ""179.0"": 0.004618001046572475, ""180.0"": 0.004423692553944655, ""181.0"": 0.004231692677070829, ""182.0"": 0.004044694800997322, ""183.0"": 0.003860390309970142, ""184.0"": 0.0036814725890356144, ""185.0"": 0.003505633022439745, ""186.0"": 0.0033351802259365283, ""187.0"": 0.0031681903530643026, ""188.0"": 0.0030069720195770614, ""189.0"": 0.0028492166097208115, ""190.0"": 0.002697617508541878, ""191.0"": 0.002549481330993936, ""192.0"": 0.002407501462123311, ""193.0"": 0.002269369286176009, ""194.0"": 0.002137393418906024, ""195.0"": 0.002009265244559362, ""196.0"": 0.0018872933788900176, ""197.0"": 0.001769169206143996, ""198.0"": 0.0016572013420752916, ""199.0"": 0.0015490811709299105, ""200.0"": 0.0014471173084618463, ""201.0"": 0.001348616369624773, ""202.0"": 0.0012562717394650168, ""203.0"": 0.0011673900329362515, ""204.0"": 0.0010842798657924708, ""205.0"": 0.001004632622279681, ""206.0"": 0.0009303721488595438, ""207.0"": 0.0008591898297780651, ""208.0"": 0.0007933942807892388, ""209.0"": 0.0007302921168467387, ""210.0"": 0.0006721919537045587, ""211.0"": 0.0006164004063163727, ""212.0"": 0.0005652260904361744, ""213.0"": 0.0005163603903099701, ""214.0"": 0.0004717271523994213, ""215.0"": 0.00042901776095053405, ""216.0"": 0.00039015606242497, ""217.0"": 0.0003532182103610675, ""218.0"": 0.0003197432819281559, ""219.0"": 0.0002878074306645735, ""220.0"": 0.000259334503031982, ""221.0"": 0.0002320158832763875, ""222.0"": 0.00020777541785945146, ""223.0"": 0.00018468926031951243, ""224.0"": 0.0001642964878258996, ""225.0"": 0.00014505802320928372, ""226.0"": 0.00012812817434666173, ""227.0"": 0.0001119678640687044, ""228.0"": 9.811616954474098e-05, ""229.0"": 8.503401360544217e-05, ""230.0"": 7.387570412780497e-05, ""231.0"": 6.310216394250007e-05, ""232.0"": 5.425247021885677e-05, ""233.0"": 4.578754578754579e-05, ""234.0"": 3.886169852556407e-05, ""235.0"": 3.2320620555914674e-05, ""236.0"": 2.6933850463262227e-05, ""237.0"": 2.19318496629421e-05, ""238.0"": 1.8084156739618926e-05, ""239.0"": 1.4236463816295748e-05, ""240.0"": 1.1543078769969527e-05, ""241.0"": 8.849693723643303e-06, ""242.0"": 6.9258472619817155e-06, ""243.0"": 5.002000800320128e-06, ""244.0"": 3.8476929233231755e-06, ""245.0"": 2.693385046326223e-06, ""246.0"": 1.9238464616615878e-06, ""247.0"": 1.1543078769969526e-06, ""248.0"": 7.695385846646351e-07, ""249.0"": 3.8476929233231754e-07, ""250.0"": 3.8476929233231754e-07}"
MM-S03,range,exact,35.33333333333333,79.07936507936509,"{""4.0"": 1.846892603195124e-05, ""5.0"": 7.23366269584757e-05, ""6.0"": 0.00017699387447286607, ""7.0"": 0.0003462923630990858, ""8.0"": 0.000592544710191769, ""9.0"": 0.0009265244559362206, ""10.0"": 0.0013574660633484162, ""11.0"": 0.0018930649182750023, ""12.0"": 0.0025394773293932957, ""13.0"": 0.0033013205282112846, ""14.0"": 0.004181672669067627, ""15.0"": 0.0051820728291316525, ""16.0"": 0.0063025210084033615, ""17.0"": 0.007541478129713424, ""18.0"": 0.008895866038723181, ""19.0"": 0.010361067503924647, ""20.0"": 0.011930926216640502, ""21.0"": 0.013597746791024101, ""22.0"": 0.01535229476405947, ""23.0"": 0.017183796595561303, ""24.0"": 0.019079939668174964, ""25.0"": 0.02102687228737649, ""26.0"": 0.02300920368147259, ""27.0"": 0.02501000400160064, ""28.0"": 0.02701080432172869, ""29.0"": 0.028991596638655463, ""30.0"": 0.030930833872010344, ""31.0"": 0.032805429864253395, ""32.0"": 0.034590759380675344, ""33.0"": 0.0362606581093976, ""34.0"": 0.03778742266137224, ""35.0"": 0.039141810570382, ""36.0"": 0.040293040293040296, ""37.0"": 0.04120879120879121, ""38.0"": 0.0418552036199095, ""39.0"": 0.0421968787515006, ""40.0"": 0.0421968787515006, ""41.0"": 0.04181672669067627, ""42.0"": 0.04101640656262505, ""43.0"": 0.039754363283775046, ""44.0"": 0.03798750269338504, ""45.0"": 0.03567119155354449, ""46.0"": 0.03275925754917351, ""47.0"": 0.0292039892880229, ""48.0"": 0.024956136300674114, ""49.0"": 0.019964909040539294, ""50.0"": 0.014177978883861237, ""51.0"": 0.007541478129713424}"
MM-S03,odd_count,exact,2.4999999999999996,1.1519607843137254,"{""0.0"": 0.025310124049619846, ""1.0"": 0.14955982392957182, ""2.0"": 0.3251300520208083, ""3.0"": 0.3251300520208083, ""4.0"": 0.14955982392957182, ""5.0"": 0.025310124049619846}"
MM-S03,adjacent_overlap,exact,0.4807692307692308,0.4004597401090613,"{""0.0"": 0.5902126235109428, ""1.0"": 0.3431468741342691, ""2.0"": 0.06239034075168529, ""3.0"": 0.004159356050112353, ""4.0"": 9.042078369809462e-05, ""5.0"": 3.8476929233231754e-07}"
MM-S03,has_consecutive_pair,exact,0.34115800166220334,0.22476921956405543,"{""0.0"": 0.6588419983377967, ""1.0"": 0.34115800166220334}"
MM-S03,adjacent_pair_count,simulated,0.383965,0.32750587877500004,"{""0.0"": 0.659855, ""1.0"": 0.297985, ""2.0"": 0.040505, ""3.0"": 0.00165, ""4.0"": 5e-06}"
MM-S03,min_spacing,simulated,2.6193350000000004,3.047869157775,"{""1.0"": 0.340145, ""2.0"": 0.241105, ""3.0"": 0.164405, ""4.0"": 0.10877, ""5.0"": 0.067395, ""6.0"": 0.04036, ""7.0"": 0.021175, ""8.0"": 0.01052, ""9.0"": 0.004405, ""10.0"": 0.00142, ""11.0"": 0.00028, ""12.0"": 2e-05}"
MM-S03,max_spacing,simulated,17.869045,41.609515787975,"{""1.0"": 5e-06, ""2.0"": 0.00023, ""3.0"": 0.00096, ""4.0"": 0.002705, ""5.0"": 0.005555, ""6.0"": 0.00966, ""7.0"": 0.01369, ""8.0"": 0.020225, ""9.0"": 0.02747, ""10.0"": 0.034645, ""11.0"": 0.041735, ""12.0"": 0.04911, ""13.0"": 0.056365, ""14.0"": 0.06145, ""15.0"": 0.064065, ""16.0"": 0.06551, ""17.0"": 0.065385, ""18.0"": 0.061235, ""19.0"": 0.05729, ""20.0"": 0.05298, ""21.0"": 0.04649, ""22.0"": 0.042825, ""23.0"": 0.036785, ""24.0"": 0.031755, ""25.0"": 0.02684, ""26.0"": 0.023515, ""27.0"": 0.01963, ""28.0"": 0.016485, ""29.0"": 0.013385, ""30.0"": 0.011365, ""31.0"": 0.00921, ""32.0"": 0.007545, ""33.0"": 0.005755, ""34.0"": 0.00476, ""35.0"": 0.00382, ""36.0"": 0.00278, ""37.0"": 0.00216, ""38.0"": 0.001545, ""39.0"": 0.001145, ""40.0"": 0.00072, ""41.0"": 0.000595, ""42.0"": 0.00027, ""43.0"": 0.000165, ""44.0"": 0.000105, ""45.0"": 4.5e-05, ""46.0"": 3.5e-05}"
MM-S03,consecutive_run_count,simulated,0.36154,0.27361882839999996,"{""0.0"": 0.659855, ""1.0"": 0.31875, ""2.0"": 0.021395}"
MM-S04,draw_sum,exact,142.5,1211.25,"{""15.0"": 2.617927146229033e-07, ""16.0"": 2.617927146229033e-07, ""17.0"": 5.235854292458066e-07, ""18.0"": 7.853781438687099e-07, ""19.0"": 1.3089635731145165e-06, ""20.0"": 1.832549002360323e-06, ""21.0"": 2.617927146229033e-06, ""22.0"": 3.403305290097743e-06, ""23.0"": 4.71226886321226e-06, ""24.0"": 6.0212324363267755e-06, ""25.0"": 7.853781438687099e-06, ""26.0"": 9.686330441047423e-06, ""27.0"": 1.2304257587276456e-05, ""28.0"": 1.4922184733505488e-05, ""29.0"": 1.8325490023603232e-05, ""30.0"": 2.1990588028323877e-05, ""31.0"": 2.6441064176913234e-05, ""32.0"": 3.115333304012549e-05, ""33.0"": 3.691277276182937e-05, ""34.0"": 4.293400519815614e-05, ""35.0"": 5.0264201207597437e-05, ""36.0"": 5.785618993166163e-05, ""37.0"": 6.675714222884034e-05, ""38.0"": 7.618167995526486e-05, ""39.0"": 8.71769739694268e-05, ""40.0"": 9.869585341283454e-05, ""41.0"": 0.00011178548914397972, ""42.0"": 0.00012566050301899358, ""43.0"": 0.0001413680658963678, ""44.0"": 0.0001578610069176107, ""45.0"": 0.00017644828965583683, ""46.0"": 0.00019582095053793168, ""47.0"": 0.00021754974585163264, ""48.0"": 0.00024032571202382524, ""49.0"": 0.00026545781262762397, ""50.0"": 0.0002918988768045372, ""51.0"": 0.00032095786812767947, ""52.0"": 0.0003513258230239362, ""53.0"": 0.00038457349778104493, ""54.0"": 0.0004193919288258911, ""55.0"": 0.00045735187244621206, ""56.0"": 0.0004968825723542705, ""57.0"": 0.0005398165775524266, ""58.0"": 0.000584583131752943, ""59.0"": 0.0006330147839581802, ""60.0"": 0.0006835407778804006, ""61.0"": 0.0007377318698073415, ""62.0"": 0.0007942790961658886, ""63.0"": 0.0008550150059584022, ""64.0"": 0.0009181070501825219, ""65.0"": 0.000985649570555231, ""66.0"": 0.001055810018074169, ""67.0"": 0.0011304209417416964, ""68.0"": 0.0012079115852700758, ""69.0"": 0.0012901144976616675, ""70.0"": 0.001375197129914111, ""71.0"": 0.001464992031029767, ""72.0"": 0.0015579284447208976, ""73.0"": 0.0016555771272752406, ""74.0"": 0.0017563673224050582, ""75.0"": 0.0018621315791127113, ""76.0"": 0.001970775555681216, ""77.0"": 0.002084393593827556, ""78.0"": 0.002201153144549371, ""79.0"": 0.002322624964134398, ""80.0"": 0.0024472382962949, ""81.0"": 0.0025765638973186144, ""82.0"": 0.0027087692182031805, ""83.0"": 0.002845686807950959, ""84.0"": 0.0029854841175595893, ""85.0"": 0.003129731903316809, ""86.0"": 0.0032765976162202576, ""87.0"": 0.0034279138052722958, ""88.0"": 0.0035815861287559403, ""89.0"": 0.003739447135673551, ""90.0"": 0.0038996642770227677, ""91.0"": 0.004063546516376705, ""92.0"": 0.004229523097447626, ""93.0"": 0.004399164776523267, ""94.0"": 0.004570377211886646, ""95.0"": 0.004744992952540122, ""96.0"": 0.004920917656766713, ""97.0"": 0.005099722080854156, ""98.0"": 0.005279573675800091, ""99.0"": 0.005462043197892254, ""100.0"": 0.005645036305413664, ""101.0"": 0.0058301237546520565, ""102.0"": 0.006015472996605072, ""103.0"": 0.006202392994845825, ""104.0"": 0.006389051200371955, ""105.0"": 0.0065770183694712, ""106.0"": 0.006763938367711953, ""107.0"": 0.006951643744096575, ""108.0"": 0.007138040156908081, ""109.0"": 0.0073244365697195885, ""110.0"": 0.0075090004335287355, ""111.0"": 0.007693040711908636, ""112.0"": 0.007874463063142309, ""113.0"": 0.008054838243517489, ""114.0"": 0.008232071911317194, ""115.0"": 0.00840747303011454, ""116.0"": 0.008578947258192542, ""117.0"": 0.008748065351838938, ""118.0"": 0.00891247117662212, ""119.0"": 0.009073735488829828, ""120.0"": 0.009230025739459701, ""121.0"": 0.009382127306655608, ""122.0"": 0.009528731226844434, ""123.0"": 0.00967088467088467, ""124.0"": 0.009806755089773958, ""125.0"": 0.009937651447085409, ""126.0"": 0.010062002986531288, ""127.0"": 0.010180595086255463, ""128.0"": 0.010292380575399444, ""129.0"": 0.010398144832107097, ""130.0"": 0.010496578892805308, ""131.0"": 0.010588468135637947, ""132.0"": 0.010673027182461145, ""133.0"": 0.010750517825989524, ""134.0"": 0.01082041648079384, ""135.0"": 0.010883246732303335, ""136.0"": 0.010937961409659523, ""137.0"": 0.010985345891006268, ""138.0"": 0.011024876590914327, ""139.0"": 0.011056553509383699, ""140.0"": 0.011080376646414382, ""141.0"": 0.01109634600200638, ""142.0"": 0.011104199783445066, ""143.0"": 0.011104199783445066, ""144.0"": 0.01109634600200638, ""145.0"": 0.011080376646414382, ""146.0"": 0.011056553509383699, ""147.0"": 0.011024876590914327, ""148.0"": 0.010985345891006268, ""149.0"": 0.010937961409659523, ""150.0"": 0.010883246732303335, ""151.0"": 0.01082041648079384, ""152.0"": 0.010750517825989524, ""153.0"": 0.010673027182461145, ""154.0"": 0.010588468135637947, ""155.0"": 0.010496578892805308, ""156.0"": 0.010398144832107097, ""157.0"": 0.010292380575399444, ""158.0"": 0.010180595086255463, ""159.0"": 0.010062002986531288, ""160.0"": 0.009937651447085409, ""161.0"": 0.009806755089773958, ""162.0"": 0.00967088467088467, ""163.0"": 0.009528731226844434, ""164.0"": 0.009382127306655608, ""165.0"": 0.009230025739459701, ""166.0"": 0.009073735488829828, ""167.0"": 0.00891247117662212, ""168.0"": 0.008748065351838938, ""169.0"": 0.008578947258192542, ""170.0"": 0.00840747303011454, ""171.0"": 0.008232071911317194, ""172.0"": 0.008054838243517489, ""173.0"": 0.007874463063142309, ""174.0"": 0.007693040711908636, ""175.0"": 0.0075090004335287355, ""176.0"": 0.0073244365697195885, ""177.0"": 0.007138040156908081, ""178.0"": 0.006951643744096575, ""179.0"": 0.006763938367711953, ""180.0"": 0.0065770183694712, ""181.0"": 0.006389051200371955, ""182.0"": 0.006202392994845825, ""183.0"": 0.006015472996605072, ""184.0"": 0.0058301237546520565, ""185.0"": 0.005645036305413664, ""186.0"": 0.005462043197892254, ""187.0"": 0.005279573675800091, ""188.0"": 0.005099722080854156, ""189.0"": 0.004920917656766713, ""190.0"": 0.004744992952540122, ""191.0"": 0.004570377211886646, ""192.0"": 0.004399164776523267, ""193.0"": 0.004229523097447626, ""194.0"": 0.004063546516376705, ""195.0"": 0.0038996642770227677, ""196.0"": 0.003739447135673551, ""197.0"": 0.0035815861287559403, ""198.0"": 0.0034279138052722958, ""199.0"": 0.0032765976162202576, ""200.0"": 0.003129731903316809, ""201.0"": 0.0029854841175595893, ""202.0"": 0.002845686807950959, ""203.0"": 0.0027087692182031805, ""204.0"": 0.0025765638973186144, ""205.0"": 0.0024472382962949, ""206.0"": 0.002322624964134398, ""207.0"": 0.002201153144549371, ""208.0"": 0.002084393593827556, ""209.0"": 0.001970775555681216, ""210.0"": 0.0018621315791127113, ""211.0"": 0.0017563673224050582, ""212.0"": 0.0016555771272752406, ""213.0"": 0.0015579284447208976, ""214.0"": 0.001464992031029767, ""215.0"": 0.001375197129914111, ""216.0"": 0.0012901144976616675, ""217.0"": 0.0012079115852700758, ""218.0"": 0.0011304209417416964, ""219.0"": 0.001055810018074169, ""220.0"": 0.000985649570555231, ""221.0"": 0.0009181070501825219, ""222.0"": 0.0008550150059584022, ""223.0"": 0.0007942790961658886, ""224.0"": 0.0007377318698073415, ""225.0"": 0.0006835407778804006, ""226.0"": 0.0006330147839581802, ""227.0"": 0.000584583131752943, ""228.0"": 0.0005398165775524266, ""229.0"": 0.0004968825723542705, ""230.0"": 0.00045735187244621206, ""231.0"": 0.0004193919288258911, ""232.0"": 0.00038457349778104493, ""233.0"": 0.0003513258230239362, ""234.0"": 0.00032095786812767947, ""235.0"": 0.0002918988768045372, ""236.0"": 0.00026545781262762397, ""237.0"": 0.00024032571202382524, ""238.0"": 0.00021754974585163264, ""239.0"": 0.00019582095053793168, ""240.0"": 0.00017644828965583683, ""241.0"": 0.0001578610069176107, ""242.0"": 0.0001413680658963678, ""243.0"": 0.00012566050301899358, ""244.0"": 0.00011178548914397972, ""245.0"": 9.869585341283454e-05, ""246.0"": 8.71769739694268e-05, ""247.0"": 7.618167995526486e-05, ""248.0"": 6.675714222884034e-05, ""249.0"": 5.785618993166163e-05, ""250.0"": 5.0264201207597437e-05, ""251.0"": 4.293400519815614e-05, ""252.0"": 3.691277276182937e-05, ""253.0"": 3.115333304012549e-05, ""254.0"": 2.6441064176913234e-05, ""255.0"": 2.1990588028323877e-05, ""256.0"": 1.8325490023603232e-05, ""257.0"": 1.4922184733505488e-05, ""258.0"": 1.2304257587276456e-05, ""259.0"": 9.686330441047423e-06, ""260.0"": 7.853781438687099e-06, ""261.0"": 6.0212324363267755e-06, ""262.0"": 4.71226886321226e-06, ""263.0"": 3.403305290097743e-06, ""264.0"": 2.617927146229033e-06, ""265.0"": 1.832549002360323e-06, ""266.0"": 1.3089635731145165e-06, ""267.0"": 7.853781438687099e-07, ""268.0"": 5.235854292458066e-07, ""269.0"": 2.617927146229033e-07, ""270.0"": 2.617927146229033e-07}"
MM-S04,range,exact,37.99999999999999,92.28571428571428,"{""4.0"": 1.3613221160390972e-05, ""5.0"": 5.3405713783072275e-05, ""6.0"": 0.00013089635731145164, ""7.0"": 0.00025655686033044525, ""8.0"": 0.00043981176056647755, ""9.0"": 0.0006890384248874815, ""10.0"": 0.0010115670493028985, ""11.0"": 0.0014136806589636777, ""12.0"": 0.001900615108162278, ""13.0"": 0.002476559080332665, ""14.0"": 0.0031446540880503146, ""15.0"": 0.0039069944730322085, ""16.0"": 0.00476462740613684, ""17.0"": 0.005717552887364208, ""18.0"": 0.006764723745855821, ""19.0"": 0.007904045639894696, ""20.0"": 0.00913237705690536, ""21.0"": 0.010445529313453841, ""22.0"": 0.011838266555247688, ""23.0"": 0.013304305757135947, ""24.0"": 0.014836316723109175, ""25.0"": 0.016425922086299446, ""26.0"": 0.018063697308980328, ""27.0"": 0.01973917068256691, ""28.0"": 0.02144082332761578, ""29.0"": 0.023156089193825044, ""30.0"": 0.024871355060034305, ""31.0"": 0.026571960534224684, ""32.0"": 0.028242198053518807, ""33.0"": 0.02986531288418081, ""34.0"": 0.03142350312161633, ""35.0"": 0.03289791969037252, ""36.0"": 0.03426866634413804, ""37.0"": 0.035514799665743065, ""38.0"": 0.03661432906715926, ""39.0"": 0.03754421678949981, ""40.0"": 0.038280377903019414, ""41.0"": 0.03879768030711427, ""42.0"": 0.03906994473032209, ""43.0"": 0.03906994473032209, ""44.0"": 0.038769406693935, ""45.0"": 0.038139009837123046, ""46.0"": 0.03714838620498998, ""47.0"": 0.035766120671781046, ""48.0"": 0.033959750940883014, ""49.0"": 0.03169576754482415, ""50.0"": 0.02893961384527422, ""51.0"": 0.025655686033044522, ""52.0"": 0.021807333128087844, ""53.0"": 0.01735685697949849, ""54.0"": 0.012265512265512266, ""55.0"": 0.006493506493506494}"
MM-S04,odd_count,exact,2.5,1.1590909090909092,"{""0.0"": 0.025728987993138937, ""1.0"": 0.15008576329331047, ""2.0"": 0.3241852487135506, ""3.0"": 0.3241852487135506, ""4.0"": 0.15008576329331047, ""5.0"": 0.025728987993138937}"
MM-S04,adjacent_overlap,exact,0.44642857142857145,0.37700023191094617,"{""0.0"": 0.6149667942120772, ""1.0"": 0.3271099969213177, ""2.0"": 0.05451833282021961, ""3.0"": 0.003337857111442017, ""4.0"": 6.675714222884034e-05, ""5.0"": 2.617927146229033e-07}"
MM-S04,has_consecutive_pair,exact,0.31961120640365925,0.21745988314485679,"{""0.0"": 0.6803887935963407, ""1.0"": 0.31961120640365925}"
MM-S04,adjacent_pair_count,simulated,0.35691500000000004,0.30835668277499995,"{""0.0"": 0.68104, ""1.0"": 0.28244, ""2.0"": 0.03511, ""3.0"": 0.001385, ""4.0"": 2.5e-05}"
MM-S04,min_spacing,simulated,2.778,3.543016,"{""1.0"": 0.31896, ""2.0"": 0.232435, ""3.0"": 0.16493, ""4.0"": 0.111725, ""5.0"": 0.07374, ""6.0"": 0.04609, ""7.0"": 0.026375, ""8.0"": 0.014475, ""9.0"": 0.007155, ""10.0"": 0.003035, ""11.0"": 0.000895, ""12.0"": 0.00018, ""13.0"": 5e-06}"
MM-S04,max_spacing,simulated,19.243139999999997,48.7241429404,"{""1.0"": 2.5e-05, ""2.0"": 0.00021, ""3.0"": 0.000745, ""4.0"": 0.00222, ""5.0"": 0.00412, ""6.0"": 0.00696, ""7.0"": 0.01115, ""8.0"": 0.015325, ""9.0"": 0.02056, ""10.0"": 0.027225, ""11.0"": 0.033885, ""12.0"": 0.040185, ""13.0"": 0.047125, ""14.0"": 0.05245, ""15.0"": 0.05605, ""16.0"": 0.06037, ""17.0"": 0.059905, ""18.0"": 0.060195, ""19.0"": 0.057645, ""20.0"": 0.055215, ""21.0"": 0.0521, ""22.0"": 0.046035, ""23.0"": 0.04169, ""24.0"": 0.03604, ""25.0"": 0.033005, ""26.0"": 0.0291, ""27.0"": 0.02519, ""28.0"": 0.02154, ""29.0"": 0.0183, ""30.0"": 0.0162, ""31.0"": 0.01342, ""32.0"": 0.011245, ""33.0"": 0.00929, ""34.0"": 0.00742, ""35.0"": 0.0062, ""36.0"": 0.00524, ""37.0"": 0.00401, ""38.0"": 0.00326, ""39.0"": 0.00271, ""40.0"": 0.001865, ""41.0"": 0.001535, ""42.0"": 0.00092, ""43.0"": 0.00076, ""44.0"": 0.000495, ""45.0"": 0.000345, ""46.0"": 0.000275, ""47.0"": 8.5e-05, ""48.0"": 7.5e-05, ""49.0"": 5e-05, ""50.0"": 3e-05, ""52.0"": 5e-06}"
MM-S04,consecutive_run_count,simulated,0.337555,0.26080162197499995,"{""0.0"": 0.68104, ""1.0"": 0.300365, ""2.0"": 0.018595}"
MM-S05,draw_sum,exact,190.0,2216.666666666667,"{""15.0"": 5.7939475265348313e-08, ""16.0"": 5.7939475265348313e-08, ""17.0"": 1.1587895053069663e-07, ""18.0"": 1.7381842579604493e-07, ""19.0"": 2.8969737632674155e-07, ""20.0"": 4.055763268574382e-07, ""21.0"": 5.793947526534831e-07, ""22.0"": 7.53213178449528e-07, ""23.0"": 1.0429105547762697e-06, ""24.0"": 1.332607931103011e-06, ""25.0"": 1.7381842579604493e-06, ""26.0"": 2.1437605848178877e-06, ""27.0"": 2.7231553374713706e-06, ""28.0"": 3.302550090124854e-06, ""29.0"": 4.055763268574382e-06, ""30.0"": 4.866915922289258e-06, ""31.0"": 5.85188700180018e-06, ""32.0"": 6.894797556576449e-06, ""33.0"": 8.169466012414112e-06, ""34.0"": 9.502073943517123e-06, ""35.0"": 1.1124379250946876e-05, ""36.0"": 1.2804624033641977e-05, ""37.0"": 1.477456619266382e-05, ""38.0"": 1.6860387302216358e-05, ""39.0"": 1.9293845263360986e-05, ""40.0"": 2.1843182175036315e-05, ""41.0"": 2.474015593830373e-05, ""42.0"": 2.781094812736719e-05, ""43.0"": 3.128731664328809e-05, ""44.0"": 3.493750358500503e-05, ""45.0"": 3.905120632884476e-05, ""46.0"": 4.3338727498480536e-05, ""47.0"": 4.8147703945504445e-05, ""48.0"": 5.318843829358975e-05, ""49.0"": 5.8750627919063186e-05, ""50.0"": 6.460251492086337e-05, ""51.0"": 7.103379667531703e-05, ""52.0"": 7.775477580609744e-05, ""53.0"": 8.511308916479666e-05, ""54.0"": 9.2819039375088e-05, ""55.0"": 0.0001012202632885635, ""56.0"": 0.0001099691240536311, ""57.0"": 0.00011947119799714821, ""58.0"": 0.00012937884826752277, ""59.0"": 0.0001400976511916122, ""60.0"": 0.00015127996991782445, ""61.0"": 0.00016327344129775154, ""62.0"": 0.00017578836795506677, ""63.0"": 0.00018923032621662758, ""64.0"": 0.00020319373975557654, ""65.0"": 0.0002181421243740364, ""66.0"": 0.00023366990374514975, ""67.0"": 0.00025024059367103935, ""68.0"": 0.0002674486178248478, ""69.0"": 0.00028575749200869787, ""70.0"": 0.0003047616398957321, ""71.0"": 0.00032492457728807334, ""72.0"": 0.0003458407278588641, ""73.0"": 0.0003679736074102271, ""74.0"": 0.00039091763961530507, ""75.0"": 0.000415194279751486, ""76.0"": 0.0004402820725413818, ""77.0"": 0.000466760412737646, ""78.0"": 0.0004941657845381558, ""79.0"": 0.0005230196432202992, ""80.0"": 0.0005528584729819536, ""81.0"": 0.000584203729100507, ""82.0"": 0.0006165918957738367, ""83.0"": 0.0006506023677545962, ""84.0"": 0.0006857136897653973, ""85.0"": 0.0007225052565588934, ""86.0"": 0.0007603976733824312, ""87.0"": 0.0008000862139391948, ""88.0"": 0.0008409335440012653, ""89.0"": 0.0008835769977965618, ""90.0"": 0.0009274371805724304, ""91.0"": 0.0009731514265567902, ""92.0"": 0.0010200824015217224, ""93.0"": 0.001068925379170411, ""94.0"": 0.001118985085799672, ""95.0"": 0.0011710147345879547, ""96.0"": 0.0012242611123568098, ""97.0"": 0.0012794774322846868, ""98.0"": 0.001335910481193136, ""99.0"": 0.0013943714117358725, ""100.0"": 0.0014540490712591813, ""101.0"": 0.0015156966729415117, ""102.0"": 0.0015785610036044148, ""103.0"": 0.0016434532159016048, ""104.0"": 0.0017095042177041019, ""105.0"": 0.0017775831011408861, ""106.0"": 0.001846762834607712, ""107.0"": 0.0019179704497088253, ""108.0"": 0.0019902789148399797, ""109.0"": 0.0020645573221301566, ""110.0"": 0.0021398786399751094, ""111.0"": 0.002217169899979084, ""112.0"": 0.0022954461310625692, ""113.0"": 0.0023756343648298115, ""114.0"": 0.002456749630201299, ""115.0"": 0.0025397768982565435, ""116.0"": 0.002623615318965502, ""117.0"": 0.0027093078028829526, ""118.0"": 0.002795753499978852, ""119.0"": 0.0028839953208079777, ""120.0"": 0.002972932415340287, ""121.0"": 0.003063549754655292, ""122.0"": 0.00315474648872295, ""123.0"": 0.0032476234675733037, ""124.0"": 0.0033409639622257797, ""125.0"": 0.00343586882271042, ""126.0"": 0.0035311213200466527, ""127.0"": 0.0036278802437397844, ""128.0"": 0.0037248709253339778, ""129.0"": 0.003823252154334539, ""130.0"": 0.003921749262285631, ""131.0"": 0.0040215210386925606, ""132.0"": 0.004121292815099491, ""133.0"": 0.004222223381011727, ""134.0"": 0.004322980128498168, ""135.0"": 0.00442483772601465, ""136.0"": 0.0045263476866795405, ""137.0"": 0.004628784678948676, ""138.0"": 0.00473075815541569, ""139.0"": 0.004833542784536417, ""140.0"": 0.004935690079429227, ""141.0"": 0.005038474708549954, ""142.0"": 0.005140448185016968, ""143.0"": 0.005242943116761369, ""144.0"": 0.005344453077426259, ""145.0"": 0.005446310674942742, ""146.0"": 0.0055469515434786515, ""147.0"": 0.0056478241699156224, ""148.0"": 0.005747306248946225, ""149.0"": 0.005846788327976829, ""150.0"": 0.005944706041175267, ""151.0"": 0.00604244993594791, ""152.0"": 0.006138397706987327, ""153.0"": 0.006233997841175152, ""154.0"": 0.006327570093728689, ""155.0"": 0.006420620891004839, ""156.0"": 0.00651141204874564, ""157.0"": 0.00660144999330799, ""158.0"": 0.006689054479909197, ""159.0"": 0.006775731934906159, ""160.0"": 0.006859802113516179, ""161.0"": 0.0069427135026208925, ""162.0"": 0.007022843796912869, ""163.0"": 0.007101699422749008, ""164.0"": 0.007177600135346614, ""165.0"": 0.007252052361062587, ""166.0"": 0.00732337585511423, ""167.0"": 0.00739313498333371, ""168.0"": 0.0074596495009383295, ""169.0"": 0.00752442583428499, ""170.0"": 0.007585841678066259, ""171.0"": 0.007645403458639037, ""172.0"": 0.007701488870695893, ""173.0"": 0.007755604340593729, ""174.0"": 0.007806127563025113, ""175.0"": 0.007854622903822208, ""176.0"": 0.007899410118202324, ""177.0"": 0.00794205357199762, ""178.0"": 0.007980930959900668, ""179.0"": 0.008017606647743635, ""180.0"": 0.008050458330219086, ""181.0"": 0.008080992433683926, ""182.0"": 0.008107644592305986, ""183.0"": 0.008131979171917431, ""184.0"": 0.008152373867210834, ""185.0"": 0.008170393044018358, ""186.0"": 0.008184414397032571, ""187.0"": 0.008196060231560907, ""188.0"": 0.008203708242295932, ""189.0"": 0.008208922795069814, ""190.0"": 0.008210139524050386, ""191.0"": 0.008208922795069814, ""192.0"": 0.008203708242295932, ""193.0"": 0.008196060231560907, ""194.0"": 0.008184414397032571, ""195.0"": 0.008170393044018358, ""196.0"": 0.008152373867210834, ""197.0"": 0.008131979171917431, ""198.0"": 0.008107644592305986, ""199.0"": 0.008080992433683926, ""200.0"": 0.008050458330219086, ""201.0"": 0.008017606647743635, ""202.0"": 0.007980930959900668, ""203.0"": 0.00794205357199762, ""204.0"": 0.007899410118202324, ""205.0"": 0.007854622903822208, ""206.0"": 0.007806127563025113, ""207.0"": 0.007755604340593729, ""208.0"": 0.007701488870695893, ""209.0"": 0.007645403458639037, ""210.0"": 0.007585841678066259, ""211.0"": 0.00752442583428499, ""212.0"": 0.0074596495009383295, ""213.0"": 0.00739313498333371, ""214.0"": 0.00732337585511423, ""215.0"": 0.007252052361062587, ""216.0"": 0.007177600135346614, ""217.0"": 0.007101699422749008, ""218.0"": 0.007022843796912869, ""219.0"": 0.0069427135026208925, ""220.0"": 0.006859802113516179, ""221.0"": 0.006775731934906159, ""222.0"": 0.006689054479909197, ""223.0"": 0.00660144999330799, ""224.0"": 0.00651141204874564, ""225.0"": 0.006420620891004839, ""226.0"": 0.006327570093728689, ""227.0"": 0.006233997841175152, ""228.0"": 0.006138397706987327, ""229.0"": 0.00604244993594791, ""230.0"": 0.005944706041175267, ""231.0"": 0.005846788327976829, ""232.0"": 0.005747306248946225, ""233.0"": 0.0056478241699156224, ""234.0"": 0.0055469515434786515, ""235.0"": 0.005446310674942742, ""236.0"": 0.005344453077426259, ""237.0"": 0.005242943116761369, ""238.0"": 0.005140448185016968, ""239.0"": 0.005038474708549954, ""240.0"": 0.004935690079429227, ""241.0"": 0.004833542784536417, ""242.0"": 0.00473075815541569, ""243.0"": 0.004628784678948676, ""244.0"": 0.0045263476866795405, ""245.0"": 0.00442483772601465, ""246.0"": 0.004322980128498168, ""247.0"": 0.004222223381011727, ""248.0"": 0.004121292815099491, ""249.0"": 0.0040215210386925606, ""250.0"": 0.003921749262285631, ""251.0"": 0.003823252154334539, ""252.0"": 0.0037248709253339778, ""253.0"": 0.0036278802437397844, ""254.0"": 0.0035311213200466527, ""255.0"": 0.00343586882271042, ""256.0"": 0.0033409639622257797, ""257.0"": 0.0032476234675733037, ""258.0"": 0.00315474648872295, ""259.0"": 0.003063549754655292, ""260.0"": 0.002972932415340287, ""261.0"": 0.0028839953208079777, ""262.0"": 0.002795753499978852, ""263.0"": 0.0027093078028829526, ""264.0"": 0.002623615318965502, ""265.0"": 0.0025397768982565435, ""266.0"": 0.002456749630201299, ""267.0"": 0.0023756343648298115, ""268.0"": 0.0022954461310625692, ""269.0"": 0.002217169899979084, ""270.0"": 0.0021398786399751094, ""271.0"": 0.0020645573221301566, ""272.0"": 0.0019902789148399797, ""273.0"": 0.0019179704497088253, ""274.0"": 0.001846762834607712, ""275.0"": 0.0017775831011408861, ""276.0"": 0.0017095042177041019, ""277.0"": 0.0016434532159016048, ""278.0"": 0.0015785610036044148, ""279.0"": 0.0015156966729415117, ""280.0"": 0.0014540490712591813, ""281.0"": 0.0013943714117358725, ""282.0"": 0.001335910481193136, ""283.0"": 0.0012794774322846868, ""284.0"": 0.0012242611123568098, ""285.0"": 0.0011710147345879547, ""286.0"": 0.001118985085799672, ""287.0"": 0.001068925379170411, ""288.0"": 0.0010200824015217224, ""289.0"": 0.0009731514265567902, ""290.0"": 0.0009274371805724304, ""291.0"": 0.0008835769977965618, ""292.0"": 0.0008409335440012653, ""293.0"": 0.0008000862139391948, ""294.0"": 0.0007603976733824312, ""295.0"": 0.0007225052565588934, ""296.0"": 0.0006857136897653973, ""297.0"": 0.0006506023677545962, ""298.0"": 0.0006165918957738367, ""299.0"": 0.000584203729100507, ""300.0"": 0.0005528584729819536, ""301.0"": 0.0005230196432202992, ""302.0"": 0.0004941657845381558, ""303.0"": 0.000466760412737646, ""304.0"": 0.0004402820725413818, ""305.0"": 0.000415194279751486, ""306.0"": 0.00039091763961530507, ""307.0"": 0.0003679736074102271, ""308.0"": 0.0003458407278588641, ""309.0"": 0.00032492457728807334, ""310.0"": 0.0003047616398957321, ""311.0"": 0.00028575749200869787, ""312.0"": 0.0002674486178248478, ""313.0"": 0.00025024059367103935, ""314.0"": 0.00023366990374514975, ""315.0"": 0.0002181421243740364, ""316.0"": 0.00020319373975557654, ""317.0"": 0.00018923032621662758, ""318.0"": 0.00017578836795506677, ""319.0"": 0.00016327344129775154, ""320.0"": 0.00015127996991782445, ""321.0"": 0.0001400976511916122, ""322.0"": 0.00012937884826752277, ""323.0"": 0.00011947119799714821, ""324.0"": 0.0001099691240536311, ""325.0"": 0.0001012202632885635, ""326.0"": 9.2819039375088e-05, ""327.0"": 8.511308916479666e-05, ""328.0"": 7.775477580609744e-05, ""329.0"": 7.103379667531703e-05, ""330.0"": 6.460251492086337e-05, ""331.0"": 5.8750627919063186e-05, ""332.0"": 5.318843829358975e-05, ""333.0"": 4.8147703945504445e-05, ""334.0"": 4.3338727498480536e-05, ""335.0"": 3.905120632884476e-05, ""336.0"": 3.493750358500503e-05, ""337.0"": 3.128731664328809e-05, ""338.0"": 2.781094812736719e-05, ""339.0"": 2.474015593830373e-05, ""340.0"": 2.1843182175036315e-05, ""341.0"": 1.9293845263360986e-05, ""342.0"": 1.6860387302216358e-05, ""343.0"": 1.477456619266382e-05, ""344.0"": 1.2804624033641977e-05, ""345.0"": 1.1124379250946876e-05, ""346.0"": 9.502073943517123e-06, ""347.0"": 8.169466012414112e-06, ""348.0"": 6.894797556576449e-06, ""349.0"": 5.85188700180018e-06, ""350.0"": 4.866915922289258e-06, ""351.0"": 4.055763268574382e-06, ""352.0"": 3.302550090124854e-06, ""353.0"": 2.7231553374713706e-06, ""354.0"": 2.1437605848178877e-06, ""355.0"": 1.7381842579604493e-06, ""356.0"": 1.332607931103011e-06, ""357.0"": 1.0429105547762697e-06, ""358.0"": 7.53213178449528e-07, ""359.0"": 5.793947526534831e-07, ""360.0"": 4.055763268574382e-07, ""361.0"": 2.8969737632674155e-07, ""362.0"": 1.7381842579604493e-07, ""363.0"": 1.1587895053069663e-07, ""364.0"": 5.7939475265348313e-08, ""365.0"": 5.7939475265348313e-08}"
MM-S05,range,exact,50.666666666666664,168.88888888888889,"{""4.0"": 4.11370274383973e-06, ""5.0"": 1.6223053074297527e-05, ""6.0"": 3.997823793309033e-05, ""7.0"": 7.87976863608737e-05, ""8.0"": 0.0001358680694972418, ""9.0"": 0.00021414430058072737, ""10.0"": 0.0003163495349488018, ""11.0"": 0.000444975170037875, ""12.0"": 0.0006022808453832957, ""13.0"": 0.000790294442619351, ""14.0"": 0.0010108120854792667, ""15.0"": 0.0012653981397952071, ""16.0"": 0.0015553852134982755, ""17.0"": 0.0018818741566185133, ""18.0"": 0.0022457340612849004, ""19.0"": 0.0026476022617253564, ""20.0"": 0.0030878843342667384, ""21.0"": 0.003566754097334842, ""22.0"": 0.004084153611454403, ""23.0"": 0.004639793179249093, ""24.0"": 0.0052331513454415245, ""25.0"": 0.005863474896853249, ""26.0"": 0.006529778862404754, ""27.0"": 0.007230846513115469, ""28.0"": 0.00796522936210376, ""29.0"": 0.008731247164586928, ""30.0"": 0.009526987917881223, ""31.0"": 0.010350307861401823, ""32.0"": 0.01119883147666285, ""33.0"": 0.01206995148727736, ""34.0"": 0.012960828858957356, ""35.0"": 0.013868392799513771, ""36.0"": 0.014789340758856483, ""37.0"": 0.015720138428994303, ""38.0"": 0.016657019744034985, ""39.0"": 0.01759598688018522, ""40.0"": 0.018532810255750636, ""41.0"": 0.019463028531135806, ""42.0"": 0.02038194860884423, ""43.0"": 0.021284645633478354, ""44.0"": 0.02216596299173957, ""45.0"": 0.02302051231242819, ""46.0"": 0.023842673466443483, ""47.0"": 0.024626594566783646, ""48.0"": 0.025366191968545816, ""49.0"": 0.026055150268926075, ""50.0"": 0.026686922307219432, ""51.0"": 0.027254729164819847, ""52.0"": 0.027751560165220207, ""53.0"": 0.02817017287401235, ""54.0"": 0.02850309309888704, ""55.0"": 0.02874261488963399, ""56.0"": 0.028880800538141845, ""57.0"": 0.028909480578398195, ""58.0"": 0.028820253786489558, ""59.0"": 0.0286044871806014, ""60.0"": 0.028253316021018125, ""61.0"": 0.027757643810123068, ""62.0"": 0.027108142292398513, ""63.0"": 0.026295251454425676, ""64.0"": 0.025309179524884717, ""65.0"": 0.02413990297455472, ""66.0"": 0.02277716651631373, ""67.0"": 0.02121048310513871, ""68.0"": 0.019429133938105577, ""69.0"": 0.017422168454389177, ""70.0"": 0.015178404335263298, ""71.0"": 0.012686427504100666, ""72.0"": 0.009934592126372948, ""73.0"": 0.006911020609650747, ""74.0"": 0.0036036036036036037}"
MM-S05,odd_count,exact,2.533333333333333,1.182222222222222,"{""0.0"": 0.02525564344973953, ""1.0"": 0.14541128046819732, ""2.0"": 0.31648337513666475, ""3.0"": 0.3255257572834266, ""4.0"": 0.15824168756833237, ""5.0"": 0.02908225609363946}"
MM-S05,adjacent_overlap,exact,0.33333333333333326,0.2942942942942943,"{""0.0"": 0.7012422802891644, ""1.0"": 0.2656220758671077, ""2.0"": 0.03171606876025167, ""3.0"": 0.0013992383276581618, ""4.0"": 2.027881634287191e-05, ""5.0"": 5.7939475265348313e-08}"
MM-S05,has_consecutive_pair,exact,0.24563330453741417,0.18529758423944412,"{""0.0"": 0.7543666954625858, ""1.0"": 0.24563330453741417}"
MM-S05,adjacent_pair_count,simulated,0.266805,0.23703009197500002,"{""0.0"": 0.753335, ""1.0"": 0.227085, ""2.0"": 0.019025, ""3.0"": 0.00055, ""4.0"": 5e-06}"
MM-S05,min_spacing,simulated,3.55628,6.5408025616000005,"{""1.0"": 0.246665, ""2.0"": 0.195295, ""3.0"": 0.152775, ""4.0"": 0.11563, ""5.0"": 0.08849, ""6.0"": 0.065875, ""7.0"": 0.0466, ""8.0"": 0.03302, ""9.0"": 0.022575, ""10.0"": 0.01442, ""11.0"": 0.00867, ""12.0"": 0.00529, ""13.0"": 0.00282, ""14.0"": 0.001125, ""15.0"": 0.000555, ""16.0"": 0.000155, ""17.0"": 4e-05}"
MM-S05,max_spacing,simulated,25.852445000000003,88.82989252197498,"{""1.0"": 5e-06, ""2.0"": 5.5e-05, ""3.0"": 0.000315, ""4.0"": 0.00058, ""5.0"": 0.001295, ""6.0"": 0.00234, ""7.0"": 0.00347, ""8.0"": 0.00524, ""9.0"": 0.00744, ""10.0"": 0.009835, ""11.0"": 0.01257, ""12.0"": 0.01511, ""13.0"": 0.01839, ""14.0"": 0.023195, ""15.0"": 0.02627, ""16.0"": 0.02984, ""17.0"": 0.0324, ""18.0"": 0.0362, ""19.0"": 0.039115, ""20.0"": 0.04196, ""21.0"": 0.043845, ""22.0"": 0.044505, ""23.0"": 0.044295, ""24.0"": 0.04474, ""25.0"": 0.04403, ""26.0"": 0.042055, ""27.0"": 0.0412, ""28.0"": 0.037345, ""29.0"": 0.0368, ""30.0"": 0.032725, ""31.0"": 0.030505, ""32.0"": 0.02825, ""33.0"": 0.026135, ""34.0"": 0.02326, ""35.0"": 0.02082, ""36.0"": 0.019415, ""37.0"": 0.01762, ""38.0"": 0.015265, ""39.0"": 0.013435, ""40.0"": 0.012065, ""41.0"": 0.0111, ""42.0"": 0.00958, ""43.0"": 0.008535, ""44.0"": 0.00758, ""45.0"": 0.006115, ""46.0"": 0.005565, ""47.0"": 0.00488, ""48.0"": 0.00433, ""49.0"": 0.00326, ""50.0"": 0.002815, ""51.0"": 0.002415, ""52.0"": 0.0022, ""53.0"": 0.00174, ""54.0"": 0.00145, ""55.0"": 0.00108, ""56.0"": 0.00084, ""57.0"": 0.00065, ""58.0"": 0.00051, ""59.0"": 0.000395, ""60.0"": 0.000335, ""61.0"": 0.00024, ""62.0"": 0.00014, ""63.0"": 0.000145, ""64.0"": 7e-05, ""65.0"": 3e-05, ""66.0"": 3.5e-05, ""67.0"": 2.5e-05, ""68.0"": 5e-06}"
MM-S05,consecutive_run_count,simulated,0.256495,0.210365314975,"{""0.0"": 0.753335, ""1.0"": 0.236835, ""2.0"": 0.00983}"
MM-S06,draw_sum,exact,177.5,1922.9166666666667,"{""15.0"": 8.26240472001437e-08, ""16.0"": 8.26240472001437e-08, ""17.0"": 1.652480944002874e-07, ""18.0"": 2.478721416004311e-07, ""19.0"": 4.131202360007185e-07, ""20.0"": 5.783683304010059e-07, ""21.0"": 8.26240472001437e-07, ""22.0"": 1.074112613601868e-06, ""23.0"": 1.4872328496025866e-06, ""24.0"": 1.9003530856033052e-06, ""25.0"": 2.478721416004311e-06, ""26.0"": 3.057089746405317e-06, ""27.0"": 3.8833302184067536e-06, ""28.0"": 4.709570690408191e-06, ""29.0"": 5.783683304010059e-06, ""30.0"": 6.9404199648120705e-06, ""31.0"": 8.345028767214514e-06, ""32.0"": 9.832261616817101e-06, ""33.0"": 1.1649990655220262e-05, ""34.0"": 1.3550343740823566e-05, ""35.0"": 1.586381706242759e-05, ""36.0"": 1.8259914431231757e-05, ""37.0"": 2.1069132036036643e-05, ""38.0"": 2.4043597735241816e-05, ""39.0"": 2.751380771764785e-05, ""40.0"": 3.114926579445418e-05, ""41.0"": 3.528046815446136e-05, ""42.0"": 3.965954265606897e-05, ""43.0"": 4.46169854880776e-05, ""44.0"": 4.982230046168665e-05, ""45.0"": 5.5688607812896855e-05, ""46.0"": 6.180278730570749e-05, ""47.0"": 6.866058322331941e-05, ""48.0"": 7.584887532973191e-05, ""49.0"": 8.378078386094572e-05, ""50.0"": 9.212581262816023e-05, ""51.0"": 0.00010129708186737618, ""52.0"": 0.00011088147134259284, ""53.0"": 0.0001213747253370111, ""54.0"": 0.00013236372361463022, ""55.0"": 0.00014434421045865105, ""56.0"": 0.00015682044158587275, ""57.0"": 0.00017037078532669632, ""58.0"": 0.0001844994973979209, ""59.0"": 0.00019978494612994747, ""60.0"": 0.0002157313872395752, ""61.0"": 0.00023283456501000494, ""62.0"": 0.00025068135920523597, ""63.0"": 0.00026985013815566933, ""64.0"": 0.00028976253353090397, ""65.0"": 0.000311079537708541, ""66.0"": 0.00033322278235817953, ""67.0"": 0.00035685325985742065, ""68.0"": 0.0003813926018758633, ""69.0"": 0.0004075018007911087, ""70.0"": 0.00043460248827275586, ""71.0"": 0.00046335565669840587, ""72.0"": 0.0004931829377376577, ""73.0"": 0.0005247453237681127, ""74.0"": 0.0005574644464593695, ""75.0"": 0.0005920839222362297, ""76.0"": 0.000627860134673892, ""77.0"": 0.0006656193242443576, ""78.0"": 0.0007047004985700256, ""79.0"": 0.0007458472740756971, ""80.0"": 0.0007883986583837712, ""81.0"": 0.0008330156438718487, ""82.0"": 0.000879119862209529, ""83.0"": 0.000927454929821613, ""84.0"": 0.0009772772302832997, ""85.0"": 0.0010293303800193903, ""86.0"": 0.0010829533866522835, ""87.0"": 0.0011388898666067808, ""88.0"": 0.0011963962034580809, ""89.0"": 0.001256216013630985, ""90.0"": 0.0013176883047478917, ""91.0"": 0.0013814740691864026, ""92.0"": 0.0014469123145689166, ""93.0"": 0.0015146640332730343, ""94.0"": 0.001584068232921155, ""95.0"": 0.00165586852993808, ""96.0"": 0.0017292386838518076, ""97.0"": 0.0018049223110871392, ""98.0"": 0.0018822584192664737, ""99.0"": 0.0019619080007674122, ""100.0"": 0.0020431274391651535, ""101.0"": 0.0021265777268372984, ""102.0"": 0.0022115978714062462, ""103.0"": 0.002298848865249598, ""104.0"": 0.0023875870919425526, ""105.0"": 0.0024784735438627106, ""106.0"": 0.002570764604585271, ""107.0"": 0.002665203890535035, ""108.0"": 0.002760965161240002, ""109.0"": 0.0028587094090777717, ""110.0"": 0.002957775641670744, ""111.0"": 0.0030587422273493196, ""112.0"": 0.0031608655496886975, ""113.0"": 0.003264806601066478, ""114.0"": 0.0033698217650578607, ""115.0"": 0.0034765720340404465, ""116.0"": 0.0035842311675422338, ""117.0"": 0.0036934601579408236, ""118.0"": 0.0038035153888114153, ""119.0"": 0.003915057852531609, ""120.0"": 0.004027261308629404, ""121.0"": 0.0041407041254352015, ""122.0"": 0.0042547253105714, ""123.0"": 0.0043699032323684, ""124.0"": 0.004485411650354201, ""125.0"": 0.004601911556906404, ""126.0"": 0.004718576711553006, ""127.0"": 0.004836068106671611, ""128.0"": 0.004953559501790215, ""129.0"": 0.005071629265239221, ""130.0"": 0.005189533780593825, ""131.0"": 0.005307851416184431, ""132.0"": 0.005425755931539037, ""133.0"": 0.0055438256949880416, ""134.0"": 0.005661317090106646, ""135.0"": 0.0057788084852252505, ""136.0"": 0.005895391015824653, ""137.0"": 0.006011725674282455, ""138.0"": 0.006126986220126656, ""139.0"": 0.006241751021687655, ""140.0"": 0.006355193838493453, ""141.0"": 0.006467810414827249, ""142.0"": 0.006578857134264242, ""143.0"": 0.006688912365134833, ""144.0"": 0.006797067242919822, ""145.0"": 0.006903900135949608, ""146.0"": 0.007008584803752189, ""147.0"": 0.007111699614657969, ""148.0"": 0.007212418328194944, ""149.0"": 0.007311236688646316, ""150.0"": 0.007407493703634483, ""151.0"": 0.0075016024933954465, ""152.0"": 0.007592902065551605, ""153.0"": 0.00768180554033896, ""154.0"": 0.00776773454942711, ""155.0"": 0.007851102213052054, ""156.0"": 0.007931247538836193, ""157.0"": 0.00800858364701553, ""158.0"": 0.008082614793306858, ""159.0"": 0.00815367147389898, ""160.0"": 0.008221257944508698, ""161.0"": 0.00828562207727761, ""162.0"": 0.008346433376016916, ""163.0"": 0.008403939712868217, ""164.0"": 0.008457727967595509, ""165.0"": 0.008508046012340398, ""166.0"": 0.008554563350914078, ""167.0"": 0.008597527855458153, ""168.0"": 0.008636609029783821, ""169.0"": 0.008671972121985482, ""170.0"": 0.008703451883968738, ""171.0"": 0.008731130939780785, ""172.0"": 0.008754844041327226, ""173.0"": 0.008774673812655261, ""174.0"": 0.008790537629717689, ""175.0"": 0.008802518116561709, ""176.0"": 0.008810450025092923, ""177.0"": 0.00881441597935853, ""178.0"": 0.00881441597935853, ""179.0"": 0.008810450025092923, ""180.0"": 0.008802518116561709, ""181.0"": 0.008790537629717689, ""182.0"": 0.008774673812655261, ""183.0"": 0.008754844041327226, ""184.0"": 0.008731130939780785, ""185.0"": 0.008703451883968738, ""186.0"": 0.008671972121985482, ""187.0"": 0.008636609029783821, ""188.0"": 0.008597527855458153, ""189.0"": 0.008554563350914078, ""190.0"": 0.008508046012340398, ""191.0"": 0.008457727967595509, ""192.0"": 0.008403939712868217, ""193.0"": 0.008346433376016916, ""194.0"": 0.00828562207727761, ""195.0"": 0.008221257944508698, ""196.0"": 0.00815367147389898, ""197.0"": 0.008082614793306858, ""198.0"": 0.00800858364701553, ""199.0"": 0.007931247538836193, ""200.0"": 0.007851102213052054, ""201.0"": 0.00776773454942711, ""202.0"": 0.00768180554033896, ""203.0"": 0.007592902065551605, ""204.0"": 0.0075016024933954465, ""205.0"": 0.007407493703634483, ""206.0"": 0.007311236688646316, ""207.0"": 0.007212418328194944, ""208.0"": 0.007111699614657969, ""209.0"": 0.007008584803752189, ""210.0"": 0.006903900135949608, ""211.0"": 0.006797067242919822, ""212.0"": 0.006688912365134833, ""213.0"": 0.006578857134264242, ""214.0"": 0.006467810414827249, ""215.0"": 0.006355193838493453, ""216.0"": 0.006241751021687655, ""217.0"": 0.006126986220126656, ""218.0"": 0.006011725674282455, ""219.0"": 0.005895391015824653, ""220.0"": 0.0057788084852252505, ""221.0"": 0.005661317090106646, ""222.0"": 0.0055438256949880416, ""223.0"": 0.005425755931539037, ""224.0"": 0.005307851416184431, ""225.0"": 0.005189533780593825, ""226.0"": 0.005071629265239221, ""227.0"": 0.004953559501790215, ""228.0"": 0.004836068106671611, ""229.0"": 0.004718576711553006, ""230.0"": 0.004601911556906404, ""231.0"": 0.004485411650354201, ""232.0"": 0.0043699032323684, ""233.0"": 0.0042547253105714, ""234.0"": 0.0041407041254352015, ""235.0"": 0.004027261308629404, ""236.0"": 0.003915057852531609, ""237.0"": 0.0038035153888114153, ""238.0"": 0.0036934601579408236, ""239.0"": 0.0035842311675422338, ""240.0"": 0.0034765720340404465, ""241.0"": 0.0033698217650578607, ""242.0"": 0.003264806601066478, ""243.0"": 0.0031608655496886975, ""244.0"": 0.0030587422273493196, ""245.0"": 0.002957775641670744, ""246.0"": 0.0028587094090777717, ""247.0"": 0.002760965161240002, ""248.0"": 0.002665203890535035, ""249.0"": 0.002570764604585271, ""250.0"": 0.0024784735438627106, ""251.0"": 0.0023875870919425526, ""252.0"": 0.002298848865249598, ""253.0"": 0.0022115978714062462, ""254.0"": 0.0021265777268372984, ""255.0"": 0.0020431274391651535, ""256.0"": 0.0019619080007674122, ""257.0"": 0.0018822584192664737, ""258.0"": 0.0018049223110871392, ""259.0"": 0.0017292386838518076, ""260.0"": 0.00165586852993808, ""261.0"": 0.001584068232921155, ""262.0"": 0.0015146640332730343, ""263.0"": 0.0014469123145689166, ""264.0"": 0.0013814740691864026, ""265.0"": 0.0013176883047478917, ""266.0"": 0.001256216013630985, ""267.0"": 0.0011963962034580809, ""268.0"": 0.0011388898666067808, ""269.0"": 0.0010829533866522835, ""270.0"": 0.0010293303800193903, ""271.0"": 0.0009772772302832997, ""272.0"": 0.000927454929821613, ""273.0"": 0.000879119862209529, ""274.0"": 0.0008330156438718487, ""275.0"": 0.0007883986583837712, ""276.0"": 0.0007458472740756971, ""277.0"": 0.0007047004985700256, ""278.0"": 0.0006656193242443576, ""279.0"": 0.000627860134673892, ""280.0"": 0.0005920839222362297, ""281.0"": 0.0005574644464593695, ""282.0"": 0.0005247453237681127, ""283.0"": 0.0004931829377376577, ""284.0"": 0.00046335565669840587, ""285.0"": 0.00043460248827275586, ""286.0"": 0.0004075018007911087, ""287.0"": 0.0003813926018758633, ""288.0"": 0.00035685325985742065, ""289.0"": 0.00033322278235817953, ""290.0"": 0.000311079537708541, ""291.0"": 0.00028976253353090397, ""292.0"": 0.00026985013815566933, ""293.0"": 0.00025068135920523597, ""294.0"": 0.00023283456501000494, ""295.0"": 0.0002157313872395752, ""296.0"": 0.00019978494612994747, ""297.0"": 0.0001844994973979209, ""298.0"": 0.00017037078532669632, ""299.0"": 0.00015682044158587275, ""300.0"": 0.00014434421045865105, ""301.0"": 0.00013236372361463022, ""302.0"": 0.0001213747253370111, ""303.0"": 0.00011088147134259284, ""304.0"": 0.00010129708186737618, ""305.0"": 9.212581262816023e-05, ""306.0"": 8.378078386094572e-05, ""307.0"": 7.584887532973191e-05, ""308.0"": 6.866058322331941e-05, ""309.0"": 6.180278730570749e-05, ""310.0"": 5.5688607812896855e-05, ""311.0"": 4.982230046168665e-05, ""312.0"": 4.46169854880776e-05, ""313.0"": 3.965954265606897e-05, ""314.0"": 3.528046815446136e-05, ""315.0"": 3.114926579445418e-05, ""316.0"": 2.751380771764785e-05, ""317.0"": 2.4043597735241816e-05, ""318.0"": 2.1069132036036643e-05, ""319.0"": 1.8259914431231757e-05, ""320.0"": 1.586381706242759e-05, ""321.0"": 1.3550343740823566e-05, ""322.0"": 1.1649990655220262e-05, ""323.0"": 9.832261616817101e-06, ""324.0"": 8.345028767214514e-06, ""325.0"": 6.9404199648120705e-06, ""326.0"": 5.783683304010059e-06, ""327.0"": 4.709570690408191e-06, ""328.0"": 3.8833302184067536e-06, ""329.0"": 3.057089746405317e-06, ""330.0"": 2.478721416004311e-06, ""331.0"": 1.9003530856033052e-06, ""332.0"": 1.4872328496025866e-06, ""333.0"": 1.074112613601868e-06, ""334.0"": 8.26240472001437e-07, ""335.0"": 5.783683304010059e-07, ""336.0"": 4.131202360007185e-07, ""337.0"": 2.478721416004311e-07, ""338.0"": 1.652480944002874e-07, ""339.0"": 8.26240472001437e-08, ""340.0"": 8.26240472001437e-08}"
MM-S06,range,exact,47.333333333333336,146.50793650793648,"{""4.0"": 5.4531871152094845e-06, ""5.0"": 2.148225227203736e-05, ""6.0"": 5.2879390208091966e-05, ""7.0"": 0.00010410629947218106, ""8.0"": 0.00017929418242431183, ""9.0"": 0.00028224374523569087, ""10.0"": 0.00041642519788872423, ""11.0"": 0.0005849782541770174, ""12.0"": 0.0007907121317053752, ""13.0"": 0.001036105551889802, ""14.0"": 0.0013233067399575015, ""15.0"": 0.0016541334249468769, ""16.0"": 0.002030072839707531, ""17.0"": 0.002452281720900265, ""18.0"": 0.0029215863089970813, ""19.0"": 0.00343848234828118, ""20.0"": 0.0040031350868469625, ""21.0"": 0.004615379276600027, ""22.0"": 0.005274719173257174, ""23.0"": 0.005980328536346401, ""24.0"": 0.006731050629206907, ""25.0"": 0.007525398218989088, ""26.0"": 0.008361553576654543, ""27.0"": 0.009237368476976066, ""28.0"": 0.010150364198537654, ""29.0"": 0.011097731523734502, ""30.0"": 0.012076330738773003, ""31.0"": 0.013082691633670753, ""32.0"": 0.014113013502256546, ""33.0"": 0.015163165142170372, ""34.0"": 0.016228684854863423, ""35.0"": 0.017304780445598095, ""36.0"": 0.01838632922344798, ""37.0"": 0.01946787800129786, ""38.0"": 0.02054364309584373, ""39.0"": 0.02160751032759278, ""40.0"": 0.0226530350208634, ""41.0"": 0.023673442003785173, ""42.0"": 0.02466162560829889, ""43.0"": 0.02561014967015654, ""44.0"": 0.026511247528921308, ""45.0"": 0.02735682202796758, ""46.0"": 0.02813844551448094, ""47.0"": 0.028847359839458173, ""48.0"": 0.029474476357707263, ""49.0"": 0.030010375927847395, ""50.0"": 0.03044530891230895, ""51.0"": 0.030769195177333515, ""52.0"": 0.030971624092973864, ""53.0"": 0.031041854533093986, ""54.0"": 0.03096881487536906, ""55.0"": 0.030741103001285464, ""56.0"": 0.030346986296140778, ""57.0"": 0.029774401649043783, ""58.0"": 0.029010955452914457, ""59.0"": 0.028043923604483975, ""60.0"": 0.026860251504294715, ""61.0"": 0.025446554056700255, ""62.0"": 0.023789115669865375, ""63.0"": 0.021873890255766044, ""64.0"": 0.01968650123018944, ""65.0"": 0.017212241512733935, ""66.0"": 0.014436073526809107, ""67.0"": 0.011342629199635726, ""68.0"": 0.007916209962245768, ""69.0"": 0.004140786749482402}"
MM-S06,odd_count,exact,2.5,1.177536231884058,"{""0.0"": 0.02682240969067705, ""1.0"": 0.15141682889898334, ""2.0"": 0.3217607614103396, ""3.0"": 0.3217607614103396, ""4.0"": 0.15141682889898334, ""5.0"": 0.02682240969067705}"
MM-S06,adjacent_overlap,exact,0.3571428571428572,0.3124075717243419,"{""0.0"": 0.6824653759799005, ""1.0"": 0.27969892458192647, ""2.0"": 0.03609018381702277, ""3.0"": 0.001718580181762989, ""4.0"": 2.6852815340046702e-05, ""5.0"": 8.26240472001437e-08}"
MM-S06,has_consecutive_pair,exact,0.26159483910371417,0.19316297925801607,"{""0.0"": 0.7384051608962858, ""1.0"": 0.26159483910371417}"
MM-S06,adjacent_pair_count,simulated,0.28582,0.25294692760000004,"{""0.0"": 0.73788, ""1.0"": 0.239125, ""2.0"": 0.022295, ""3.0"": 0.000695, ""4.0"": 5e-06}"
MM-S06,min_spacing,simulated,3.35248,5.666967849600001,"{""1.0"": 0.26212, ""2.0"": 0.204105, ""3.0"": 0.156175, ""4.0"": 0.11669, ""5.0"": 0.086035, ""6.0"": 0.06186, ""7.0"": 0.0433, ""8.0"": 0.02848, ""9.0"": 0.018205, ""10.0"": 0.011145, ""11.0"": 0.006485, ""12.0"": 0.00318, ""13.0"": 0.001465, ""14.0"": 0.00059, ""15.0"": 0.000145, ""16.0"": 2e-05}"
MM-S06,max_spacing,simulated,24.090489999999996,77.12414155989998,"{""1.0"": 5e-06, ""2.0"": 6e-05, ""3.0"": 0.00032, ""4.0"": 0.000835, ""5.0"": 0.00188, ""6.0"": 0.00298, ""7.0"": 0.0047, ""8.0"": 0.00702, ""9.0"": 0.0091, ""10.0"": 0.01259, ""11.0"": 0.016095, ""12.0"": 0.019735, ""13.0"": 0.024265, ""14.0"": 0.02782, ""15.0"": 0.03206, ""16.0"": 0.036175, ""17.0"": 0.03929, ""18.0"": 0.042975, ""19.0"": 0.04578, ""20.0"": 0.0468, ""21.0"": 0.04829, ""22.0"": 0.04885, ""23.0"": 0.04706, ""24.0"": 0.047065, ""25.0"": 0.04339, ""26.0"": 0.04083, ""27.0"": 0.03813, ""28.0"": 0.03598, ""29.0"": 0.03244, ""30.0"": 0.0299, ""31.0"": 0.027155, ""32.0"": 0.02445, ""33.0"": 0.021795, ""34.0"": 0.02036, ""35.0"": 0.01708, ""36.0"": 0.01485, ""37.0"": 0.01352, ""38.0"": 0.011815, ""39.0"": 0.01026, ""40.0"": 0.008955, ""41.0"": 0.008035, ""42.0"": 0.0068, ""43.0"": 0.005655, ""44.0"": 0.0049, ""45.0"": 0.004155, ""46.0"": 0.00339, ""47.0"": 0.00304, ""48.0"": 0.00245, ""49.0"": 0.002095, ""50.0"": 0.00157, ""51.0"": 0.001295, ""52.0"": 0.00107, ""53.0"": 0.000845, ""54.0"": 0.00065, ""55.0"": 0.000455, ""56.0"": 0.000345, ""57.0"": 0.000225, ""58.0"": 0.000145, ""59.0"": 8e-05, ""60.0"": 6e-05, ""61.0"": 6e-05, ""62.0"": 5e-06, ""63.0"": 1.5e-05}"
MM-S06,consecutive_run_count,simulated,0.273765,0.222107724775,"{""0.0"": 0.73788, ""1.0"": 0.250475, ""2.0"": 0.011645}"
MM-S07,draw_sum,exact,177.5,1922.9166666666667,"{""15.0"": 8.26240472001437e-08, ""16.0"": 8.26240472001437e-08, ""17.0"": 1.652480944002874e-07, ""18.0"": 2.478721416004311e-07, ""19.0"": 4.131202360007185e-07, ""20.0"": 5.783683304010059e-07, ""21.0"": 8.26240472001437e-07, ""22.0"": 1.074112613601868e-06, ""23.0"": 1.4872328496025866e-06, ""24.0"": 1.9003530856033052e-06, ""25.0"": 2.478721416004311e-06, ""26.0"": 3.057089746405317e-06, ""27.0"": 3.8833302184067536e-06, ""28.0"": 4.709570690408191e-06, ""29.0"": 5.783683304010059e-06, ""30.0"": 6.9404199648120705e-06, ""31.0"": 8.345028767214514e-06, ""32.0"": 9.832261616817101e-06, ""33.0"": 1.1649990655220262e-05, ""34.0"": 1.3550343740823566e-05, ""35.0"": 1.586381706242759e-05, ""36.0"": 1.8259914431231757e-05, ""37.0"": 2.1069132036036643e-05, ""38.0"": 2.4043597735241816e-05, ""39.0"": 2.751380771764785e-05, ""40.0"": 3.114926579445418e-05, ""41.0"": 3.528046815446136e-05, ""42.0"": 3.965954265606897e-05, ""43.0"": 4.46169854880776e-05, ""44.0"": 4.982230046168665e-05, ""45.0"": 5.5688607812896855e-05, ""46.0"": 6.180278730570749e-05, ""47.0"": 6.866058322331941e-05, ""48.0"": 7.584887532973191e-05, ""49.0"": 8.378078386094572e-05, ""50.0"": 9.212581262816023e-05, ""51.0"": 0.00010129708186737618, ""52.0"": 0.00011088147134259284, ""53.0"": 0.0001213747253370111, ""54.0"": 0.00013236372361463022, ""55.0"": 0.00014434421045865105, ""56.0"": 0.00015682044158587275, ""57.0"": 0.00017037078532669632, ""58.0"": 0.0001844994973979209, ""59.0"": 0.00019978494612994747, ""60.0"": 0.0002157313872395752, ""61.0"": 0.00023283456501000494, ""62.0"": 0.00025068135920523597, ""63.0"": 0.00026985013815566933, ""64.0"": 0.00028976253353090397, ""65.0"": 0.000311079537708541, ""66.0"": 0.00033322278235817953, ""67.0"": 0.00035685325985742065, ""68.0"": 0.0003813926018758633, ""69.0"": 0.0004075018007911087, ""70.0"": 0.00043460248827275586, ""71.0"": 0.00046335565669840587, ""72.0"": 0.0004931829377376577, ""73.0"": 0.0005247453237681127, ""74.0"": 0.0005574644464593695, ""75.0"": 0.0005920839222362297, ""76.0"": 0.000627860134673892, ""77.0"": 0.0006656193242443576, ""78.0"": 0.0007047004985700256, ""79.0"": 0.0007458472740756971, ""80.0"": 0.0007883986583837712, ""81.0"": 0.0008330156438718487, ""82.0"": 0.000879119862209529, ""83.0"": 0.000927454929821613, ""84.0"": 0.0009772772302832997, ""85.0"": 0.0010293303800193903, ""86.0"": 0.0010829533866522835, ""87.0"": 0.0011388898666067808, ""88.0"": 0.0011963962034580809, ""89.0"": 0.001256216013630985, ""90.0"": 0.0013176883047478917, ""91.0"": 0.0013814740691864026, ""92.0"": 0.0014469123145689166, ""93.0"": 0.0015146640332730343, ""94.0"": 0.001584068232921155, ""95.0"": 0.00165586852993808, ""96.0"": 0.0017292386838518076, ""97.0"": 0.0018049223110871392, ""98.0"": 0.0018822584192664737, ""99.0"": 0.0019619080007674122, ""100.0"": 0.0020431274391651535, ""101.0"": 0.0021265777268372984, ""102.0"": 0.0022115978714062462, ""103.0"": 0.002298848865249598, ""104.0"": 0.0023875870919425526, ""105.0"": 0.0024784735438627106, ""106.0"": 0.002570764604585271, ""107.0"": 0.002665203890535035, ""108.0"": 0.002760965161240002, ""109.0"": 0.0028587094090777717, ""110.0"": 0.002957775641670744, ""111.0"": 0.0030587422273493196, ""112.0"": 0.0031608655496886975, ""113.0"": 0.003264806601066478, ""114.0"": 0.0033698217650578607, ""115.0"": 0.0034765720340404465, ""116.0"": 0.0035842311675422338, ""117.0"": 0.0036934601579408236, ""118.0"": 0.0038035153888114153, ""119.0"": 0.003915057852531609, ""120.0"": 0.004027261308629404, ""121.0"": 0.0041407041254352015, ""122.0"": 0.0042547253105714, ""123.0"": 0.0043699032323684, ""124.0"": 0.004485411650354201, ""125.0"": 0.004601911556906404, ""126.0"": 0.004718576711553006, ""127.0"": 0.004836068106671611, ""128.0"": 0.004953559501790215, ""129.0"": 0.005071629265239221, ""130.0"": 0.005189533780593825, ""131.0"": 0.005307851416184431, ""132.0"": 0.005425755931539037, ""133.0"": 0.0055438256949880416, ""134.0"": 0.005661317090106646, ""135.0"": 0.0057788084852252505, ""136.0"": 0.005895391015824653, ""137.0"": 0.006011725674282455, ""138.0"": 0.006126986220126656, ""139.0"": 0.006241751021687655, ""140.0"": 0.006355193838493453, ""141.0"": 0.006467810414827249, ""142.0"": 0.006578857134264242, ""143.0"": 0.006688912365134833, ""144.0"": 0.006797067242919822, ""145.0"": 0.006903900135949608, ""146.0"": 0.007008584803752189, ""147.0"": 0.007111699614657969, ""148.0"": 0.007212418328194944, ""149.0"": 0.007311236688646316, ""150.0"": 0.007407493703634483, ""151.0"": 0.0075016024933954465, ""152.0"": 0.007592902065551605, ""153.0"": 0.00768180554033896, ""154.0"": 0.00776773454942711, ""155.0"": 0.007851102213052054, ""156.0"": 0.007931247538836193, ""157.0"": 0.00800858364701553, ""158.0"": 0.008082614793306858, ""159.0"": 0.00815367147389898, ""160.0"": 0.008221257944508698, ""161.0"": 0.00828562207727761, ""162.0"": 0.008346433376016916, ""163.0"": 0.008403939712868217, ""164.0"": 0.008457727967595509, ""165.0"": 0.008508046012340398, ""166.0"": 0.008554563350914078, ""167.0"": 0.008597527855458153, ""168.0"": 0.008636609029783821, ""169.0"": 0.008671972121985482, ""170.0"": 0.008703451883968738, ""171.0"": 0.008731130939780785, ""172.0"": 0.008754844041327226, ""173.0"": 0.008774673812655261, ""174.0"": 0.008790537629717689, ""175.0"": 0.008802518116561709, ""176.0"": 0.008810450025092923, ""177.0"": 0.00881441597935853, ""178.0"": 0.00881441597935853, ""179.0"": 0.008810450025092923, ""180.0"": 0.008802518116561709, ""181.0"": 0.008790537629717689, ""182.0"": 0.008774673812655261, ""183.0"": 0.008754844041327226, ""184.0"": 0.008731130939780785, ""185.0"": 0.008703451883968738, ""186.0"": 0.008671972121985482, ""187.0"": 0.008636609029783821, ""188.0"": 0.008597527855458153, ""189.0"": 0.008554563350914078, ""190.0"": 0.008508046012340398, ""191.0"": 0.008457727967595509, ""192.0"": 0.008403939712868217, ""193.0"": 0.008346433376016916, ""194.0"": 0.00828562207727761, ""195.0"": 0.008221257944508698, ""196.0"": 0.00815367147389898, ""197.0"": 0.008082614793306858, ""198.0"": 0.00800858364701553, ""199.0"": 0.007931247538836193, ""200.0"": 0.007851102213052054, ""201.0"": 0.00776773454942711, ""202.0"": 0.00768180554033896, ""203.0"": 0.007592902065551605, ""204.0"": 0.0075016024933954465, ""205.0"": 0.007407493703634483, ""206.0"": 0.007311236688646316, ""207.0"": 0.007212418328194944, ""208.0"": 0.007111699614657969, ""209.0"": 0.007008584803752189, ""210.0"": 0.006903900135949608, ""211.0"": 0.006797067242919822, ""212.0"": 0.006688912365134833, ""213.0"": 0.006578857134264242, ""214.0"": 0.006467810414827249, ""215.0"": 0.006355193838493453, ""216.0"": 0.006241751021687655, ""217.0"": 0.006126986220126656, ""218.0"": 0.006011725674282455, ""219.0"": 0.005895391015824653, ""220.0"": 0.0057788084852252505, ""221.0"": 0.005661317090106646, ""222.0"": 0.0055438256949880416, ""223.0"": 0.005425755931539037, ""224.0"": 0.005307851416184431, ""225.0"": 0.005189533780593825, ""226.0"": 0.005071629265239221, ""227.0"": 0.004953559501790215, ""228.0"": 0.004836068106671611, ""229.0"": 0.004718576711553006, ""230.0"": 0.004601911556906404, ""231.0"": 0.004485411650354201, ""232.0"": 0.0043699032323684, ""233.0"": 0.0042547253105714, ""234.0"": 0.0041407041254352015, ""235.0"": 0.004027261308629404, ""236.0"": 0.003915057852531609, ""237.0"": 0.0038035153888114153, ""238.0"": 0.0036934601579408236, ""239.0"": 0.0035842311675422338, ""240.0"": 0.0034765720340404465, ""241.0"": 0.0033698217650578607, ""242.0"": 0.003264806601066478, ""243.0"": 0.0031608655496886975, ""244.0"": 0.0030587422273493196, ""245.0"": 0.002957775641670744, ""246.0"": 0.0028587094090777717, ""247.0"": 0.002760965161240002, ""248.0"": 0.002665203890535035, ""249.0"": 0.002570764604585271, ""250.0"": 0.0024784735438627106, ""251.0"": 0.0023875870919425526, ""252.0"": 0.002298848865249598, ""253.0"": 0.0022115978714062462, ""254.0"": 0.0021265777268372984, ""255.0"": 0.0020431274391651535, ""256.0"": 0.0019619080007674122, ""257.0"": 0.0018822584192664737, ""258.0"": 0.0018049223110871392, ""259.0"": 0.0017292386838518076, ""260.0"": 0.00165586852993808, ""261.0"": 0.001584068232921155, ""262.0"": 0.0015146640332730343, ""263.0"": 0.0014469123145689166, ""264.0"": 0.0013814740691864026, ""265.0"": 0.0013176883047478917, ""266.0"": 0.001256216013630985, ""267.0"": 0.0011963962034580809, ""268.0"": 0.0011388898666067808, ""269.0"": 0.0010829533866522835, ""270.0"": 0.0010293303800193903, ""271.0"": 0.0009772772302832997, ""272.0"": 0.000927454929821613, ""273.0"": 0.000879119862209529, ""274.0"": 0.0008330156438718487, ""275.0"": 0.0007883986583837712, ""276.0"": 0.0007458472740756971, ""277.0"": 0.0007047004985700256, ""278.0"": 0.0006656193242443576, ""279.0"": 0.000627860134673892, ""280.0"": 0.0005920839222362297, ""281.0"": 0.0005574644464593695, ""282.0"": 0.0005247453237681127, ""283.0"": 0.0004931829377376577, ""284.0"": 0.00046335565669840587, ""285.0"": 0.00043460248827275586, ""286.0"": 0.0004075018007911087, ""287.0"": 0.0003813926018758633, ""288.0"": 0.00035685325985742065, ""289.0"": 0.00033322278235817953, ""290.0"": 0.000311079537708541, ""291.0"": 0.00028976253353090397, ""292.0"": 0.00026985013815566933, ""293.0"": 0.00025068135920523597, ""294.0"": 0.00023283456501000494, ""295.0"": 0.0002157313872395752, ""296.0"": 0.00019978494612994747, ""297.0"": 0.0001844994973979209, ""298.0"": 0.00017037078532669632, ""299.0"": 0.00015682044158587275, ""300.0"": 0.00014434421045865105, ""301.0"": 0.00013236372361463022, ""302.0"": 0.0001213747253370111, ""303.0"": 0.00011088147134259284, ""304.0"": 0.00010129708186737618, ""305.0"": 9.212581262816023e-05, ""306.0"": 8.378078386094572e-05, ""307.0"": 7.584887532973191e-05, ""308.0"": 6.866058322331941e-05, ""309.0"": 6.180278730570749e-05, ""310.0"": 5.5688607812896855e-05, ""311.0"": 4.982230046168665e-05, ""312.0"": 4.46169854880776e-05, ""313.0"": 3.965954265606897e-05, ""314.0"": 3.528046815446136e-05, ""315.0"": 3.114926579445418e-05, ""316.0"": 2.751380771764785e-05, ""317.0"": 2.4043597735241816e-05, ""318.0"": 2.1069132036036643e-05, ""319.0"": 1.8259914431231757e-05, ""320.0"": 1.586381706242759e-05, ""321.0"": 1.3550343740823566e-05, ""322.0"": 1.1649990655220262e-05, ""323.0"": 9.832261616817101e-06, ""324.0"": 8.345028767214514e-06, ""325.0"": 6.9404199648120705e-06, ""326.0"": 5.783683304010059e-06, ""327.0"": 4.709570690408191e-06, ""328.0"": 3.8833302184067536e-06, ""329.0"": 3.057089746405317e-06, ""330.0"": 2.478721416004311e-06, ""331.0"": 1.9003530856033052e-06, ""332.0"": 1.4872328496025866e-06, ""333.0"": 1.074112613601868e-06, ""334.0"": 8.26240472001437e-07, ""335.0"": 5.783683304010059e-07, ""336.0"": 4.131202360007185e-07, ""337.0"": 2.478721416004311e-07, ""338.0"": 1.652480944002874e-07, ""339.0"": 8.26240472001437e-08, ""340.0"": 8.26240472001437e-08}"
MM-S07,range,exact,47.333333333333336,146.50793650793648,"{""4.0"": 5.4531871152094845e-06, ""5.0"": 2.148225227203736e-05, ""6.0"": 5.2879390208091966e-05, ""7.0"": 0.00010410629947218106, ""8.0"": 0.00017929418242431183, ""9.0"": 0.00028224374523569087, ""10.0"": 0.00041642519788872423, ""11.0"": 0.0005849782541770174, ""12.0"": 0.0007907121317053752, ""13.0"": 0.001036105551889802, ""14.0"": 0.0013233067399575015, ""15.0"": 0.0016541334249468769, ""16.0"": 0.002030072839707531, ""17.0"": 0.002452281720900265, ""18.0"": 0.0029215863089970813, ""19.0"": 0.00343848234828118, ""20.0"": 0.0040031350868469625, ""21.0"": 0.004615379276600027, ""22.0"": 0.005274719173257174, ""23.0"": 0.005980328536346401, ""24.0"": 0.006731050629206907, ""25.0"": 0.007525398218989088, ""26.0"": 0.008361553576654543, ""27.0"": 0.009237368476976066, ""28.0"": 0.010150364198537654, ""29.0"": 0.011097731523734502, ""30.0"": 0.012076330738773003, ""31.0"": 0.013082691633670753, ""32.0"": 0.014113013502256546, ""33.0"": 0.015163165142170372, ""34.0"": 0.016228684854863423, ""35.0"": 0.017304780445598095, ""36.0"": 0.01838632922344798, ""37.0"": 0.01946787800129786, ""38.0"": 0.02054364309584373, ""39.0"": 0.02160751032759278, ""40.0"": 0.0226530350208634, ""41.0"": 0.023673442003785173, ""42.0"": 0.02466162560829889, ""43.0"": 0.02561014967015654, ""44.0"": 0.026511247528921308, ""45.0"": 0.02735682202796758, ""46.0"": 0.02813844551448094, ""47.0"": 0.028847359839458173, ""48.0"": 0.029474476357707263, ""49.0"": 0.030010375927847395, ""50.0"": 0.03044530891230895, ""51.0"": 0.030769195177333515, ""52.0"": 0.030971624092973864, ""53.0"": 0.031041854533093986, ""54.0"": 0.03096881487536906, ""55.0"": 0.030741103001285464, ""56.0"": 0.030346986296140778, ""57.0"": 0.029774401649043783, ""58.0"": 0.029010955452914457, ""59.0"": 0.028043923604483975, ""60.0"": 0.026860251504294715, ""61.0"": 0.025446554056700255, ""62.0"": 0.023789115669865375, ""63.0"": 0.021873890255766044, ""64.0"": 0.01968650123018944, ""65.0"": 0.017212241512733935, ""66.0"": 0.014436073526809107, ""67.0"": 0.011342629199635726, ""68.0"": 0.007916209962245768, ""69.0"": 0.004140786749482402}"
MM-S07,odd_count,exact,2.5,1.177536231884058,"{""0.0"": 0.02682240969067705, ""1.0"": 0.15141682889898334, ""2.0"": 0.3217607614103396, ""3.0"": 0.3217607614103396, ""4.0"": 0.15141682889898334, ""5.0"": 0.02682240969067705}"
MM-S07,adjacent_overlap,exact,0.3571428571428572,0.3124075717243419,"{""0.0"": 0.6824653759799005, ""1.0"": 0.27969892458192647, ""2.0"": 0.03609018381702277, ""3.0"": 0.001718580181762989, ""4.0"": 2.6852815340046702e-05, ""5.0"": 8.26240472001437e-08}"
MM-S07,has_consecutive_pair,exact,0.26159483910371417,0.19316297925801607,"{""0.0"": 0.7384051608962858, ""1.0"": 0.26159483910371417}"
MM-S07,adjacent_pair_count,simulated,0.284505,0.25296190497500004,"{""0.0"": 0.73956, ""1.0"": 0.237005, ""2.0"": 0.02281, ""3.0"": 0.00062, ""4.0"": 5e-06}"
MM-S07,min_spacing,simulated,3.357635,5.659492206775,"{""1.0"": 0.26044, ""2.0"": 0.204375, ""3.0"": 0.156285, ""4.0"": 0.11789, ""5.0"": 0.086145, ""6.0"": 0.061785, ""7.0"": 0.042385, ""8.0"": 0.029015, ""9.0"": 0.01889, ""10.0"": 0.011185, ""11.0"": 0.006225, ""12.0"": 0.003355, ""13.0"": 0.001345, ""14.0"": 0.000505, ""15.0"": 0.00017, ""16.0"": 5e-06}"
MM-S07,max_spacing,simulated,24.105555000000003,76.96035314197499,"{""1.0"": 5e-06, ""2.0"": 8e-05, ""3.0"": 0.00036, ""4.0"": 0.00083, ""5.0"": 0.001645, ""6.0"": 0.00333, ""7.0"": 0.004635, ""8.0"": 0.007235, ""9.0"": 0.00936, ""10.0"": 0.01245, ""11.0"": 0.015795, ""12.0"": 0.0201, ""13.0"": 0.023545, ""14.0"": 0.02795, ""15.0"": 0.031795, ""16.0"": 0.035165, ""17.0"": 0.040025, ""18.0"": 0.04192, ""19.0"": 0.04562, ""20.0"": 0.04768, ""21.0"": 0.047715, ""22.0"": 0.048225, ""23.0"": 0.04757, ""24.0"": 0.045585, ""25.0"": 0.04456, ""26.0"": 0.041895, ""27.0"": 0.038775, ""28.0"": 0.035895, ""29.0"": 0.03296, ""30.0"": 0.029755, ""31.0"": 0.026565, ""32.0"": 0.024465, ""33.0"": 0.02175, ""34.0"": 0.019995, ""35.0"": 0.01758, ""36.0"": 0.015055, ""37.0"": 0.01374, ""38.0"": 0.011745, ""39.0"": 0.010575, ""40.0"": 0.009175, ""41.0"": 0.00777, ""42.0"": 0.006835, ""43.0"": 0.005935, ""44.0"": 0.00504, ""45.0"": 0.004135, ""46.0"": 0.00342, ""47.0"": 0.002985, ""48.0"": 0.00226, ""49.0"": 0.00185, ""50.0"": 0.001605, ""51.0"": 0.00134, ""52.0"": 0.00094, ""53.0"": 0.00073, ""54.0"": 0.00062, ""55.0"": 0.00044, ""56.0"": 0.000385, ""57.0"": 0.000185, ""58.0"": 0.000185, ""59.0"": 0.000105, ""60.0"": 5.5e-05, ""61.0"": 4e-05, ""62.0"": 2e-05, ""63.0"": 5e-06, ""64.0"": 1e-05}"
MM-S07,consecutive_run_count,simulated,0.272055,0.22127107697500004,"{""0.0"": 0.73956, ""1.0"": 0.248825, ""2.0"": 0.011615}"
PB-S01,draw_sum,exact,115.0,766.6666666666667,"{""15.0"": 8.184920266599223e-07, ""16.0"": 8.184920266599223e-07, ""17.0"": 1.6369840533198445e-06, ""18.0"": 2.455476079979767e-06, ""19.0"": 4.092460133299611e-06, ""20.0"": 5.729444186619456e-06, ""21.0"": 8.184920266599222e-06, ""22.0"": 1.064039634657899e-05, ""23.0"": 1.4732856479878602e-05, ""24.0"": 1.8825316613178214e-05, ""25.0"": 2.455476079979767e-05, ""26.0"": 3.0284204986417126e-05, ""27.0"": 3.846912525301635e-05, ""28.0"": 4.665404551961557e-05, ""29.0"": 5.729444186619456e-05, ""30.0"": 6.875333023943347e-05, ""31.0"": 8.266769469265216e-05, ""32.0"": 9.740055117253075e-05, ""33.0"": 0.00011540737575904904, ""34.0"": 0.00013423269237222726, ""35.0"": 0.0001571504691187051, ""36.0"": 0.00018088673789184282, ""37.0"": 0.00020871546679828017, ""38.0"": 0.00023818117975803738, ""39.0"": 0.0002725578448777541, ""40.0"": 0.0003085714940507907, ""41.0"": 0.00034949609538378684, ""42.0"": 0.0003928761727967627, ""43.0"": 0.00044198569439635806, ""44.0"": 0.0004935506920759332, ""45.0"": 0.0005516636259687876, ""46.0"": 0.0006122320359416218, ""47.0"": 0.0006801668741543954, ""48.0"": 0.0007513756804738087, ""49.0"": 0.0008299509150331612, ""50.0"": 0.0009126186097258134, ""51.0"": 0.0010034712246850647, ""52.0"": 0.0010984162997776158, ""53.0"": 0.0012023647871634258, ""54.0"": 0.0013112242267091954, ""55.0"": 0.0014299055705748842, ""56.0"": 0.0015526793745738725, ""57.0"": 0.00168609357491944, ""58.0"": 0.0018244187274249668, ""59.0"": 0.0019733842762770727, ""60.0"": 0.002127260777289138, ""61.0"": 0.0022917776746477826, ""62.0"": 0.0024612055241663862, ""63.0"": 0.0026420922620582292, ""64.0"": 0.0028270714600833716, ""65.0"": 0.003023509546481753, ""66.0"": 0.003224040093013434, ""67.0"": 0.0034360295279183537, ""68.0"": 0.0036512929309299134, ""69.0"": 0.0038780152223147116, ""70.0"": 0.00410801148180615, ""71.0"": 0.004348648137644167, ""72.0"": 0.004591740269562164, ""73.0"": 0.0048454727978267395, ""74.0"": 0.005100842310144636, ""75.0"": 0.005366852218809111, ""76.0"": 0.005632862127473585, ""77.0"": 0.005908693940457979, ""78.0"": 0.0061845257534423725, ""79.0"": 0.0064693609787200256, ""80.0"": 0.006752559219944359, ""81.0"": 0.007043942381435291, ""82.0"": 0.007332870066846244, ""83.0"": 0.007629164180497135, ""84.0"": 0.007921365834014728, ""85.0"": 0.0082201154237456, ""86.0"": 0.008513135569289851, ""87.0"": 0.008811885159020724, ""88.0"": 0.009103268320511657, ""89.0"": 0.009398743942135888, ""90.0"": 0.00968603464349352, ""91.0"": 0.009975780820931132, ""92.0"": 0.010254886602022166, ""93.0"": 0.010535629367166519, ""94.0"": 0.010804094751910975, ""95.0"": 0.011072560136655429, ""96.0"": 0.011326292664920004, ""97.0"": 0.011578388209131261, ""98.0"": 0.011814932404835977, ""99.0"": 0.012048202632434056, ""100.0"": 0.012264284527472276, ""101.0"": 0.012475455470350536, ""102.0"": 0.012668619588642278, ""103.0"": 0.012856054262747399, ""104.0"": 0.013023845128212683, ""105.0"": 0.013185088057464689, ""106.0"": 0.013325868686050195, ""107.0"": 0.013459282886395762, ""108.0"": 0.013571416294048172, ""109.0"": 0.013675364781433982, ""110.0"": 0.013758032476126635, ""111.0"": 0.013831696758526028, ""112.0"": 0.013883261756205603, ""113.0"": 0.013925823341591918, ""114.0"": 0.013946285642258416, ""115.0"": 0.013957744530631654, ""116.0"": 0.013946285642258416, ""117.0"": 0.013925823341591918, ""118.0"": 0.013883261756205603, ""119.0"": 0.013831696758526028, ""120.0"": 0.013758032476126635, ""121.0"": 0.013675364781433982, ""122.0"": 0.013571416294048172, ""123.0"": 0.013459282886395762, ""124.0"": 0.013325868686050195, ""125.0"": 0.013185088057464689, ""126.0"": 0.013023845128212683, ""127.0"": 0.012856054262747399, ""128.0"": 0.012668619588642278, ""129.0"": 0.012475455470350536, ""130.0"": 0.012264284527472276, ""131.0"": 0.012048202632434056, ""132.0"": 0.011814932404835977, ""133.0"": 0.011578388209131261, ""134.0"": 0.011326292664920004, ""135.0"": 0.011072560136655429, ""136.0"": 0.010804094751910975, ""137.0"": 0.010535629367166519, ""138.0"": 0.010254886602022166, ""139.0"": 0.009975780820931132, ""140.0"": 0.00968603464349352, ""141.0"": 0.009398743942135888, ""142.0"": 0.009103268320511657, ""143.0"": 0.008811885159020724, ""144.0"": 0.008513135569289851, ""145.0"": 0.0082201154237456, ""146.0"": 0.007921365834014728, ""147.0"": 0.007629164180497135, ""148.0"": 0.007332870066846244, ""149.0"": 0.007043942381435291, ""150.0"": 0.006752559219944359, ""151.0"": 0.0064693609787200256, ""152.0"": 0.0061845257534423725, ""153.0"": 0.005908693940457979, ""154.0"": 0.005632862127473585, ""155.0"": 0.005366852218809111, ""156.0"": 0.005100842310144636, ""157.0"": 0.0048454727978267395, ""158.0"": 0.004591740269562164, ""159.0"": 0.004348648137644167, ""160.0"": 0.00410801148180615, ""161.0"": 0.0038780152223147116, ""162.0"": 0.0036512929309299134, ""163.0"": 0.0034360295279183537, ""164.0"": 0.003224040093013434, ""165.0"": 0.003023509546481753, ""166.0"": 0.0028270714600833716, ""167.0"": 0.0026420922620582292, ""168.0"": 0.0024612055241663862, ""169.0"": 0.0022917776746477826, ""170.0"": 0.002127260777289138, ""171.0"": 0.0019733842762770727, ""172.0"": 0.0018244187274249668, ""173.0"": 0.00168609357491944, ""174.0"": 0.0015526793745738725, ""175.0"": 0.0014299055705748842, ""176.0"": 0.0013112242267091954, ""177.0"": 0.0012023647871634258, ""178.0"": 0.0010984162997776158, ""179.0"": 0.0010034712246850647, ""180.0"": 0.0009126186097258134, ""181.0"": 0.0008299509150331612, ""182.0"": 0.0007513756804738087, ""183.0"": 0.0006801668741543954, ""184.0"": 0.0006122320359416218, ""185.0"": 0.0005516636259687876, ""186.0"": 0.0004935506920759332, ""187.0"": 0.00044198569439635806, ""188.0"": 0.0003928761727967627, ""189.0"": 0.00034949609538378684, ""190.0"": 0.0003085714940507907, ""191.0"": 0.0002725578448777541, ""192.0"": 0.00023818117975803738, ""193.0"": 0.00020871546679828017, ""194.0"": 0.00018088673789184282, ""195.0"": 0.0001571504691187051, ""196.0"": 0.00013423269237222726, ""197.0"": 0.00011540737575904904, ""198.0"": 9.740055117253075e-05, ""199.0"": 8.266769469265216e-05, ""200.0"": 6.875333023943347e-05, ""201.0"": 5.729444186619456e-05, ""202.0"": 4.665404551961557e-05, ""203.0"": 3.846912525301635e-05, ""204.0"": 3.0284204986417126e-05, ""205.0"": 2.455476079979767e-05, ""206.0"": 1.8825316613178214e-05, ""207.0"": 1.4732856479878602e-05, ""208.0"": 1.064039634657899e-05, ""209.0"": 8.184920266599222e-06, ""210.0"": 5.729444186619456e-06, ""211.0"": 4.092460133299611e-06, ""212.0"": 2.455476079979767e-06, ""213.0"": 1.6369840533198445e-06, ""214.0"": 8.184920266599223e-07, ""215.0"": 8.184920266599223e-07}"
PB-S01,range,exact,30.666666666666664,58.41269841269841,"{""4.0"": 3.3558173093056814e-05, ""5.0"": 0.00013095872426558756, ""6.0"": 0.0003192118903973697, ""7.0"": 0.000622053940261541, ""8.0"": 0.0010599471745245993, ""9.0"": 0.0016500799257464034, ""10.0"": 0.0024063665583801716, ""11.0"": 0.003339447468772483, ""12.0"": 0.004456689085163277, ""13.0"": 0.005762183867685853, ""14.0"": 0.007256750308366871, ""15.0"": 0.008937932931126352, ""16.0"": 0.010800002291777674, ""17.0"": 0.012833954978027582, ""18.0"": 0.015027513609476174, ""19.0"": 0.01736512683761691, ""20.0"": 0.019827969345836617, ""21.0"": 0.022393941849415473, ""22.0"": 0.02503767109552702, ""23.0"": 0.02773050986323817, ""24.0"": 0.03044053696350917, ""25.0"": 0.03313255723919365, ""26.0"": 0.0357681015650386, ""27.0"": 0.038305426847684364, ""28.0"": 0.040699516025664635, ""29.0"": 0.042902078069406484, ""30.0"": 0.04486154798123034, ""31.0"": 0.046523086795349985, ""32.0"": 0.04782858157787256, ""33.0"": 0.04871664542679857, ""34.0"": 0.049122617472021894, ""35.0"": 0.04897856287532975, ""36.0"": 0.04821327283040272, ""37.0"": 0.04675226456281476, ""38.0"": 0.044517781330033174, ""39.0"": 0.04142879242141863, ""40.0"": 0.03740099315822515, ""41.0"": 0.03234680489360013, ""42.0"": 0.026175375012584316, ""43.0"": 0.018792576932111817, ""44.0"": 0.010101010101010102}"
PB-S01,odd_count,exact,2.5555555555555554,1.1358024691358024,"{""0.0"": 0.021554169030062395, ""1.0"": 0.13770719102539863, ""2.0"": 0.31890086342723895, ""3.0"": 0.33484590659860086, ""4.0"": 0.15945043171361947, ""5.0"": 0.027541438205079725}"
PB-S01,adjacent_overlap,exact,0.5555555555555556,0.44893378226711556,"{""0.0"": 0.5385743014784421, ""1.0"": 0.3740099315822515, ""2.0"": 0.08086701223400032, ""3.0"": 0.006384237807947394, ""4.0"": 0.00016369840533198447, ""5.0"": 8.184920266599223e-07}"
PB-S01,has_consecutive_pair,exact,0.3866237122051076,0.23714581736584972,"{""0.0"": 0.6133762877948924, ""1.0"": 0.3866237122051076}"
PB-S01,adjacent_pair_count,simulated,0.4437,0.36838031000000004,"{""0.0"": 0.614315, ""1.0"": 0.33039, ""2.0"": 0.052615, ""3.0"": 0.00264, ""4.0"": 4e-05}"
PB-S01,min_spacing,simulated,2.3259150000000006,2.2152544127750002,"{""1.0"": 0.385685, ""2.0"": 0.257705, ""3.0"": 0.163505, ""4.0"": 0.09676, ""5.0"": 0.05313, ""6.0"": 0.026965, ""7.0"": 0.01133, ""8.0"": 0.003885, ""9.0"": 0.00092, ""10.0"": 0.00011, ""11.0"": 5e-06}"
PB-S01,max_spacing,simulated,15.401715,30.762550058775002,"{""1.0"": 4e-05, ""2.0"": 0.000495, ""3.0"": 0.00207, ""4.0"": 0.004645, ""5.0"": 0.00946, ""6.0"": 0.0162, ""7.0"": 0.02356, ""8.0"": 0.034015, ""9.0"": 0.043775, ""10.0"": 0.05443, ""11.0"": 0.062705, ""12.0"": 0.071215, ""13.0"": 0.076135, ""14.0"": 0.076725, ""15.0"": 0.07364, ""16.0"": 0.069135, ""17.0"": 0.06447, ""18.0"": 0.055585, ""19.0"": 0.048135, ""20.0"": 0.04017, ""21.0"": 0.034585, ""22.0"": 0.028805, ""23.0"": 0.023585, ""24.0"": 0.019605, ""25.0"": 0.015955, ""26.0"": 0.0125, ""27.0"": 0.01002, ""28.0"": 0.00797, ""29.0"": 0.006, ""30.0"": 0.0045, ""31.0"": 0.003115, ""32.0"": 0.002415, ""33.0"": 0.00163, ""34.0"": 0.00113, ""35.0"": 0.00069, ""36.0"": 0.000415, ""37.0"": 0.000255, ""38.0"": 0.00013, ""39.0"": 7e-05, ""40.0"": 2e-05}"
PB-S01,consecutive_run_count,simulated,0.4128,0.29662615999999997,"{""0.0"": 0.614315, ""1.0"": 0.35857, ""2.0"": 0.027115}"
PB-S02,draw_sum,exact,125.0,916.6666666666667,"{""15.0"": 5.244157484146912e-07, ""16.0"": 5.244157484146912e-07, ""17.0"": 1.0488314968293824e-06, ""18.0"": 1.5732472452440736e-06, ""19.0"": 2.622078742073456e-06, ""20.0"": 3.6709102389028384e-06, ""21.0"": 5.244157484146912e-06, ""22.0"": 6.817404729390985e-06, ""23.0"": 9.43948347146444e-06, ""24.0"": 1.2061562213537898e-05, ""25.0"": 1.5732472452440737e-05, ""26.0"": 1.9403382691343574e-05, ""27.0"": 2.4647540175490485e-05, ""28.0"": 2.98916976596374e-05, ""29.0"": 3.6709102389028385e-05, ""30.0"": 4.405092286683406e-05, ""31.0"": 5.296599058988381e-05, ""32.0"": 6.240547406134825e-05, ""33.0"": 7.394262052647145e-05, ""34.0"": 8.600418274000936e-05, ""35.0"": 0.00010068782369562071, ""36.0"": 0.00011589588039964675, ""37.0"": 0.00013372601584574626, ""38.0"": 0.00015260498278867513, ""39.0"": 0.00017463044422209216, ""40.0"": 0.0001977047371523386, ""41.0"": 0.00022392552457307314, ""42.0"": 0.0002517195592390518, ""43.0"": 0.00028318450414393327, ""44.0"": 0.00031622269629405877, ""45.0"": 0.00035345621443150184, ""46.0"": 0.00039226297981418903, ""47.0"": 0.0004357894869326084, ""48.0"": 0.00048141365704468654, ""49.0"": 0.0005317575688924969, ""50.0"": 0.0005847235594823807, ""51.0"": 0.0006429337075564114, ""52.0"": 0.0007037659343725156, ""53.0"": 0.0007703667344211814, ""54.0"": 0.0008401140289603353, ""55.0"": 0.0009161543124804655, ""56.0"": 0.0009953410904910839, ""57.0"": 0.0010813452732310932, ""58.0"": 0.0011710203662100055, ""59.0"": 0.0012680372796667232, ""60.0"": 0.001368725103362344, ""61.0"": 0.0014767547475357703, ""62.0"": 0.0015889797176965143, ""63.0"": 0.0017090709240834786, ""64.0"": 0.0018328330407093457, ""65.0"": 0.0019649858093098477, ""66.0"": 0.0021008094881492527, ""67.0"": 0.002245023818963293, ""68.0"": 0.002392909060016236, ""69.0"": 0.002549184953043814, ""70.0"": 0.002709131756310295, ""71.0"": 0.0028774692115514106, ""72.0"": 0.003048953161283015, ""73.0"": 0.0032288277629892535, ""74.0"": 0.003411848859185981, ""75.0"": 0.0036032606073573433, ""76.0"": 0.0037967700185223643, ""77.0"": 0.00399867008166202, ""78.0"": 0.004202667807795335, ""79.0"": 0.004414531770154871, ""80.0"": 0.00462796897975965, ""81.0"": 0.004848748009842235, ""82.0"": 0.005070575871421649, ""83.0"": 0.005299745553478869, ""84.0"": 0.0055289152355360895, ""85.0"": 0.0057649023223227, ""86.0"": 0.006000364993360896, ""87.0"": 0.006242120653380069, ""88.0"": 0.006482303066153998, ""89.0"": 0.006728254052160488, ""90.0"": 0.0069721073751733195, ""91.0"": 0.007220680439921883, ""92.0"": 0.007466107010179959, ""93.0"": 0.007715728906425351, ""94.0"": 0.007961155476683426, ""95.0"": 0.008210252957180406, ""96.0"": 0.008453581864444821, ""97.0"": 0.008699532850451313, ""98.0"": 0.008939190847476826, ""99.0"": 0.009180422091747584, ""100.0"": 0.009413787099792122, ""101.0"": 0.009647676523585074, ""102.0"": 0.009872650879654976, ""103.0"": 0.010097100819976465, ""104.0"": 0.010311062445329658, ""105.0"": 0.010523450823437608, ""106.0"": 0.010724302055080435, ""107.0"": 0.010922531207981189, ""108.0"": 0.01110817438291999, ""109.0"": 0.011290146647619887, ""110.0"": 0.011459008518609417, ""111.0"": 0.011623150647863215, ""112.0"": 0.011773133551909818, ""113.0"": 0.011917872298472272, ""114.0"": 0.012047927404079116, ""115.0"": 0.012172213936453397, ""116.0"": 0.012280767996375239, ""117.0"": 0.012383029067316103, ""118.0"": 0.012469557665804527, ""119.0"": 0.01254926885956356, ""120.0"": 0.012612723165121738, ""121.0"": 0.012668835650202109, ""122.0"": 0.012708691247081627, ""123.0"": 0.012741205023483337, ""124.0"": 0.012756937495935778, ""125.0"": 0.012765328147910412, ""126.0"": 0.012756937495935778, ""127.0"": 0.012741205023483337, ""128.0"": 0.012708691247081627, ""129.0"": 0.012668835650202109, ""130.0"": 0.012612723165121738, ""131.0"": 0.01254926885956356, ""132.0"": 0.012469557665804527, ""133.0"": 0.012383029067316103, ""134.0"": 0.012280767996375239, ""135.0"": 0.012172213936453397, ""136.0"": 0.012047927404079116, ""137.0"": 0.011917872298472272, ""138.0"": 0.011773133551909818, ""139.0"": 0.011623150647863215, ""140.0"": 0.011459008518609417, ""141.0"": 0.011290146647619887, ""142.0"": 0.01110817438291999, ""143.0"": 0.010922531207981189, ""144.0"": 0.010724302055080435, ""145.0"": 0.010523450823437608, ""146.0"": 0.010311062445329658, ""147.0"": 0.010097100819976465, ""148.0"": 0.009872650879654976, ""149.0"": 0.009647676523585074, ""150.0"": 0.009413787099792122, ""151.0"": 0.009180422091747584, ""152.0"": 0.008939190847476826, ""153.0"": 0.008699532850451313, ""154.0"": 0.008453581864444821, ""155.0"": 0.008210252957180406, ""156.0"": 0.007961155476683426, ""157.0"": 0.007715728906425351, ""158.0"": 0.007466107010179959, ""159.0"": 0.007220680439921883, ""160.0"": 0.0069721073751733195, ""161.0"": 0.006728254052160488, ""162.0"": 0.006482303066153998, ""163.0"": 0.006242120653380069, ""164.0"": 0.006000364993360896, ""165.0"": 0.0057649023223227, ""166.0"": 0.0055289152355360895, ""167.0"": 0.005299745553478869, ""168.0"": 0.005070575871421649, ""169.0"": 0.004848748009842235, ""170.0"": 0.00462796897975965, ""171.0"": 0.004414531770154871, ""172.0"": 0.004202667807795335, ""173.0"": 0.00399867008166202, ""174.0"": 0.0037967700185223643, ""175.0"": 0.0036032606073573433, ""176.0"": 0.003411848859185981, ""177.0"": 0.0032288277629892535, ""178.0"": 0.003048953161283015, ""179.0"": 0.0028774692115514106, ""180.0"": 0.002709131756310295, ""181.0"": 0.002549184953043814, ""182.0"": 0.002392909060016236, ""183.0"": 0.002245023818963293, ""184.0"": 0.0021008094881492527, ""185.0"": 0.0019649858093098477, ""186.0"": 0.0018328330407093457, ""187.0"": 0.0017090709240834786, ""188.0"": 0.0015889797176965143, ""189.0"": 0.0014767547475357703, ""190.0"": 0.001368725103362344, ""191.0"": 0.0012680372796667232, ""192.0"": 0.0011710203662100055, ""193.0"": 0.0010813452732310932, ""194.0"": 0.0009953410904910839, ""195.0"": 0.0009161543124804655, ""196.0"": 0.0008401140289603353, ""197.0"": 0.0007703667344211814, ""198.0"": 0.0007037659343725156, ""199.0"": 0.0006429337075564114, ""200.0"": 0.0005847235594823807, ""201.0"": 0.0005317575688924969, ""202.0"": 0.00048141365704468654, ""203.0"": 0.0004357894869326084, ""204.0"": 0.00039226297981418903, ""205.0"": 0.00035345621443150184, ""206.0"": 0.00031622269629405877, ""207.0"": 0.00028318450414393327, ""208.0"": 0.0002517195592390518, ""209.0"": 0.00022392552457307314, ""210.0"": 0.0001977047371523386, ""211.0"": 0.00017463044422209216, ""212.0"": 0.00015260498278867513, ""213.0"": 0.00013372601584574626, ""214.0"": 0.00011589588039964675, ""215.0"": 0.00010068782369562071, ""216.0"": 8.600418274000936e-05, ""217.0"": 7.394262052647145e-05, ""218.0"": 6.240547406134825e-05, ""219.0"": 5.296599058988381e-05, ""220.0"": 4.405092286683406e-05, ""221.0"": 3.6709102389028385e-05, ""222.0"": 2.98916976596374e-05, ""223.0"": 2.4647540175490485e-05, ""224.0"": 1.9403382691343574e-05, ""225.0"": 1.5732472452440737e-05, ""226.0"": 1.2061562213537898e-05, ""227.0"": 9.43948347146444e-06, ""228.0"": 6.817404729390985e-06, ""229.0"": 5.244157484146912e-06, ""230.0"": 3.6709102389028384e-06, ""231.0"": 2.622078742073456e-06, ""232.0"": 1.5732472452440736e-06, ""233.0"": 1.0488314968293824e-06, ""234.0"": 5.244157484146912e-07, ""235.0"": 5.244157484146912e-07}"
PB-S02,range,exact,33.333333333333336,69.84126984126985,"{""4.0"": 2.3598708678661104e-05, ""5.0"": 9.229717172098564e-05, ""6.0"": 0.0002254987718183172, ""7.0"": 0.0004405092286683406, ""8.0"": 0.0007525365989750818, ""9.0"": 0.0011746912764489083, ""10.0"": 0.0017179859918065284, ""11.0"": 0.0023913358127709916, ""12.0"": 0.0032015581440716897, ""13.0"": 0.0041533727274443545, ""14.0"": 0.005249401641631059, ""15.0"": 0.006490169302380219, ""16.0"": 0.007874102462446589, ""17.0"": 0.009397530211591267, ""18.0"": 0.01105468397658169, ""19.0"": 0.01283769752119164, ""20.0"": 0.014736606946201236, ""21.0"": 0.016739350689396942, ""22.0"": 0.01883176952557156, ""23.0"": 0.020997606566524236, ""24.0"": 0.023218507261060454, ""25.0"": 0.02547401939499204, ""26.0"": 0.027741593091137166, ""27.0"": 0.029996580809320335, ""28.0"": 0.03221223734637241, ""29.0"": 0.034359719836130564, ""30.0"": 0.03640808774943835, ""31.0"": 0.03832430289414563, ""32.0"": 0.04007322941510863, ""33.0"": 0.041617633794189896, ""34.0"": 0.04291818485025833, ""35.0"": 0.04393345373918917, ""36.0"": 0.044619913953864, ""37.0"": 0.04493194132417074, ""38.0"": 0.04482181401700366, ""39.0"": 0.04423971253626335, ""40.0"": 0.04313371972285677, ""41.0"": 0.04144982075469719, ""42.0"": 0.039131903146704256, ""43.0"": 0.03612175675080393, ""44.0"": 0.03235907375592852, ""45.0"": 0.027781448688016682, ""46.0"": 0.022324378410013404, ""47.0"": 0.015921262121870023, ""48.0"": 0.008503401360544218}"
PB-S02,odd_count,exact,2.5510204081632653,1.1453561016243232,"{""0.0"": 0.022289766970618033, ""1.0"": 0.1393110435663627, ""2.0"": 0.3184252424374005, ""3.0"": 0.33289911709364595, ""4.0"": 0.15921262121870025, ""5.0"": 0.027862208713272545}"
PB-S02,adjacent_overlap,exact,0.510204081632653,0.4199639039289185,"{""0.0"": 0.569519698104342, ""1.0"": 0.3559498113152137, ""2.0"": 0.0694536217200417, ""3.0"": 0.004960972980002979, ""4.0"": 0.00011537146465123206, ""5.0"": 5.244157484146912e-07}"
PB-S02,has_consecutive_pair,exact,0.35929033963261525,0.23020079147929523,"{""0.0"": 0.6407096603673847, ""1.0"": 0.35929033963261525}"
PB-S02,adjacent_pair_count,simulated,0.40711,0.34473144789999993,"{""0.0"": 0.64225, ""1.0"": 0.31069, ""2.0"": 0.04478, ""3.0"": 0.00226, ""4.0"": 2e-05}"
PB-S02,min_spacing,simulated,2.4938149999999997,2.6701117457750003,"{""1.0"": 0.35775, ""2.0"": 0.24835, ""3.0"": 0.165165, ""4.0"": 0.104035, ""5.0"": 0.062755, ""6.0"": 0.03417, ""7.0"": 0.017215, ""8.0"": 0.007305, ""9.0"": 0.00262, ""10.0"": 0.000575, ""11.0"": 6e-05}"
PB-S02,max_spacing,simulated,16.83294,36.9817709564,"{""1.0"": 2e-05, ""2.0"": 0.00027, ""3.0"": 0.00147, ""4.0"": 0.003485, ""5.0"": 0.00703, ""6.0"": 0.011815, ""7.0"": 0.017785, ""8.0"": 0.02488, ""9.0"": 0.033145, ""10.0"": 0.04203, ""11.0"": 0.05001, ""12.0"": 0.05768, ""13.0"": 0.0631, ""14.0"": 0.067275, ""15.0"": 0.07002, ""16.0"": 0.068765, ""17.0"": 0.065495, ""18.0"": 0.060785, ""19.0"": 0.05472, ""20.0"": 0.04863, ""21.0"": 0.043245, ""22.0"": 0.03721, ""23.0"": 0.03142, ""24.0"": 0.02696, ""25.0"": 0.022745, ""26.0"": 0.018775, ""27.0"": 0.01551, ""28.0"": 0.01271, ""29.0"": 0.01013, ""30.0"": 0.008165, ""31.0"": 0.006505, ""32.0"": 0.00492, ""33.0"": 0.003895, ""34.0"": 0.002985, ""35.0"": 0.00209, ""36.0"": 0.00152, ""37.0"": 0.00112, ""38.0"": 0.000745, ""39.0"": 0.000405, ""40.0"": 0.00025, ""41.0"": 0.00013, ""42.0"": 9.5e-05, ""43.0"": 4.5e-05, ""44.0"": 1e-05, ""45.0"": 5e-06}"
PB-S02,consecutive_run_count,simulated,0.38141,0.2832564119,"{""0.0"": 0.64225, ""1.0"": 0.33409, ""2.0"": 0.02366}"
PB-S03,draw_sum,exact,135.0,1080.0,"{""15.0"": 3.4847030248964606e-07, ""16.0"": 3.4847030248964606e-07, ""17.0"": 6.969406049792921e-07, ""18.0"": 1.0454109074689382e-06, ""19.0"": 1.7423515124482305e-06, ""20.0"": 2.4392921174275227e-06, ""21.0"": 3.484703024896461e-06, ""22.0"": 4.530113932365399e-06, ""23.0"": 6.2724654448136294e-06, ""24.0"": 8.01481695726186e-06, ""25.0"": 1.0454109074689382e-05, ""26.0"": 1.2893401192116905e-05, ""27.0"": 1.6378104217013364e-05, ""28.0"": 1.9862807241909826e-05, ""29.0"": 2.4392921174275225e-05, ""30.0"": 2.927150540913027e-05, ""31.0"": 3.519550055145425e-05, ""32.0"": 4.146796599626788e-05, ""33.0"": 4.9134312651040095e-05, ""34.0"": 5.714912960830195e-05, ""35.0"": 6.690629807801205e-05, ""36.0"": 7.701193685021179e-05, ""37.0"": 8.885992713485975e-05, ""38.0"": 0.00010140485802448701, ""39.0"": 0.00011604061072905215, ""40.0"": 0.00013137330403859658, ""41.0"": 0.00014879681916307887, ""42.0"": 0.0001672657451950301, ""43.0"": 0.00018817396334440889, ""44.0"": 0.00021012759240125658, ""45.0"": 0.00023486898387802146, ""46.0"": 0.00026065578626225527, ""47.0"": 0.0002895788213688959, ""48.0"": 0.0003198957376854951, ""49.0"": 0.00035334888672450114, ""50.0"": 0.0003885443872759554, ""51.0"": 0.0004272245908523061, ""52.0"": 0.00046764714594110503, ""53.0"": 0.0005119028743572901, ""54.0"": 0.0005582494245884131, ""55.0"": 0.0006087776184494117, ""56.0"": 0.0006613966341253482, ""57.0"": 0.0007185457637336502, ""58.0"": 0.0007781341854593797, ""59.0"": 0.0008426011914199642, ""60.0"": 0.0009098559598004659, ""61.0"": 0.0009819893124158225, ""62.0"": 0.0010572588977535863, ""63.0"": 0.0011381040079311842, ""64.0"": 0.0012217368805286992, ""65.0"": 0.0013112937482685381, ""66.0"": 0.001403986848730784, ""67.0"": 0.001502603944335354, ""68.0"": 0.0016043572726623305, ""69.0"": 0.0017123830664341208, ""70.0"": 0.001823545092928318, ""71.0"": 0.0019409795848673286, ""72.0"": 0.002061550309528746, ""73.0"": 0.0021883934996349773, ""74.0"": 0.0023183729224636154, ""75.0"": 0.0024549732810395567, ""76.0"": 0.0025940129317329253, ""77.0"": 0.0027396735181735975, ""78.0"": 0.0028881218670341866, ""79.0"": 0.0030428426813395894, ""80.0"": 0.00320000278776242, ""81.0"": 0.003363435359630064, ""82.0"": 0.0035289587533126458, ""83.0"": 0.0037007546124400415, ""84.0"": 0.003874292823079885, ""85.0"": 0.0040537550288620525, ""86.0"": 0.004234611115854179, ""87.0"": 0.004421391197988629, ""88.0"": 0.0046088682207280594, ""89.0"": 0.004801920768307323, ""90.0"": 0.0049956702564915665, ""91.0"": 0.005194298328910664, ""92.0"": 0.005392926401329763, ""93.0"": 0.005596433057983716, ""94.0"": 0.00579924277403269, ""95.0"": 0.00600658260401403, ""96.0"": 0.0062125285527854105, ""97.0"": 0.0064223076748841776, ""98.0"": 0.006630344445470496, ""99.0"": 0.006841865919081711, ""100.0"": 0.007050599630273009, ""101.0"": 0.007262121103884224, ""102.0"": 0.007470506344773032, ""103.0"": 0.007680982407476779, ""104.0"": 0.00788727682655065, ""105.0"": 0.008095313597136968, ""106.0"": 0.008298123313185942, ""107.0"": 0.008501978440142385, ""108.0"": 0.008699909571956503, ""109.0"": 0.008897840703770622, ""110.0"": 0.009089150899837438, ""111.0"": 0.009279764155299275, ""112.0"": 0.00946236259380385, ""113.0"": 0.009643567151098466, ""114.0"": 0.00981640842113333, ""115.0"": 0.009986810399050767, ""116.0"": 0.010147803678800983, ""117.0"": 0.010306009196131283, ""118.0"": 0.010454109074689383, ""119.0"": 0.010598724250222586, ""120.0"": 0.010732885316681099, ""121.0"": 0.010862516269207248, ""122.0"": 0.010981344642356217, ""123.0"": 0.011095642901572821, ""124.0"": 0.011198093170504776, ""125.0"": 0.011295664855201877, ""126.0"": 0.01138138854961433, ""127.0"": 0.01146153671918695, ""128.0"": 0.01152948842817243, ""129.0"": 0.011591864612318077, ""130.0"": 0.011641695865574096, ""131.0"": 0.011685603123687792, ""132.0"": 0.01171696545091186, ""133.0"": 0.011742055312691114, ""134.0"": 0.011754600243580741, ""135.0"": 0.011761221179328044, ""136.0"": 0.011754600243580741, ""137.0"": 0.011742055312691114, ""138.0"": 0.01171696545091186, ""139.0"": 0.011685603123687792, ""140.0"": 0.011641695865574096, ""141.0"": 0.011591864612318077, ""142.0"": 0.01152948842817243, ""143.0"": 0.01146153671918695, ""144.0"": 0.01138138854961433, ""145.0"": 0.011295664855201877, ""146.0"": 0.011198093170504776, ""147.0"": 0.011095642901572821, ""148.0"": 0.010981344642356217, ""149.0"": 0.010862516269207248, ""150.0"": 0.010732885316681099, ""151.0"": 0.010598724250222586, ""152.0"": 0.010454109074689383, ""153.0"": 0.010306009196131283, ""154.0"": 0.010147803678800983, ""155.0"": 0.009986810399050767, ""156.0"": 0.00981640842113333, ""157.0"": 0.009643567151098466, ""158.0"": 0.00946236259380385, ""159.0"": 0.009279764155299275, ""160.0"": 0.009089150899837438, ""161.0"": 0.008897840703770622, ""162.0"": 0.008699909571956503, ""163.0"": 0.008501978440142385, ""164.0"": 0.008298123313185942, ""165.0"": 0.008095313597136968, ""166.0"": 0.00788727682655065, ""167.0"": 0.007680982407476779, ""168.0"": 0.007470506344773032, ""169.0"": 0.007262121103884224, ""170.0"": 0.007050599630273009, ""171.0"": 0.006841865919081711, ""172.0"": 0.006630344445470496, ""173.0"": 0.0064223076748841776, ""174.0"": 0.0062125285527854105, ""175.0"": 0.00600658260401403, ""176.0"": 0.00579924277403269, ""177.0"": 0.005596433057983716, ""178.0"": 0.005392926401329763, ""179.0"": 0.005194298328910664, ""180.0"": 0.0049956702564915665, ""181.0"": 0.004801920768307323, ""182.0"": 0.0046088682207280594, ""183.0"": 0.004421391197988629, ""184.0"": 0.004234611115854179, ""185.0"": 0.0040537550288620525, ""186.0"": 0.003874292823079885, ""187.0"": 0.0037007546124400415, ""188.0"": 0.0035289587533126458, ""189.0"": 0.003363435359630064, ""190.0"": 0.00320000278776242, ""191.0"": 0.0030428426813395894, ""192.0"": 0.0028881218670341866, ""193.0"": 0.0027396735181735975, ""194.0"": 0.0025940129317329253, ""195.0"": 0.0024549732810395567, ""196.0"": 0.0023183729224636154, ""197.0"": 0.0021883934996349773, ""198.0"": 0.002061550309528746, ""199.0"": 0.0019409795848673286, ""200.0"": 0.001823545092928318, ""201.0"": 0.0017123830664341208, ""202.0"": 0.0016043572726623305, ""203.0"": 0.001502603944335354, ""204.0"": 0.001403986848730784, ""205.0"": 0.0013112937482685381, ""206.0"": 0.0012217368805286992, ""207.0"": 0.0011381040079311842, ""208.0"": 0.0010572588977535863, ""209.0"": 0.0009819893124158225, ""210.0"": 0.0009098559598004659, ""211.0"": 0.0008426011914199642, ""212.0"": 0.0007781341854593797, ""213.0"": 0.0007185457637336502, ""214.0"": 0.0006613966341253482, ""215.0"": 0.0006087776184494117, ""216.0"": 0.0005582494245884131, ""217.0"": 0.0005119028743572901, ""218.0"": 0.00046764714594110503, ""219.0"": 0.0004272245908523061, ""220.0"": 0.0003885443872759554, ""221.0"": 0.00035334888672450114, ""222.0"": 0.0003198957376854951, ""223.0"": 0.0002895788213688959, ""224.0"": 0.00026065578626225527, ""225.0"": 0.00023486898387802146, ""226.0"": 0.00021012759240125658, ""227.0"": 0.00018817396334440889, ""228.0"": 0.0001672657451950301, ""229.0"": 0.00014879681916307887, ""230.0"": 0.00013137330403859658, ""231.0"": 0.00011604061072905215, ""232.0"": 0.00010140485802448701, ""233.0"": 8.885992713485975e-05, ""234.0"": 7.701193685021179e-05, ""235.0"": 6.690629807801205e-05, ""236.0"": 5.714912960830195e-05, ""237.0"": 4.9134312651040095e-05, ""238.0"": 4.146796599626788e-05, ""239.0"": 3.519550055145425e-05, ""240.0"": 2.927150540913027e-05, ""241.0"": 2.4392921174275225e-05, ""242.0"": 1.9862807241909826e-05, ""243.0"": 1.6378104217013364e-05, ""244.0"": 1.2893401192116905e-05, ""245.0"": 1.0454109074689382e-05, ""246.0"": 8.01481695726186e-06, ""247.0"": 6.2724654448136294e-06, ""248.0"": 4.530113932365399e-06, ""249.0"": 3.484703024896461e-06, ""250.0"": 2.4392921174275227e-06, ""251.0"": 1.7423515124482305e-06, ""252.0"": 1.0454109074689382e-06, ""253.0"": 6.969406049792921e-07, ""254.0"": 3.4847030248964606e-07, ""255.0"": 3.4847030248964606e-07}"
PB-S03,range,exact,36.0,82.28571428571429,"{""4.0"": 1.7075044821992656e-05, ""5.0"": 6.690629807801205e-05, ""6.0"": 0.00016378104217013365, ""7.0"": 0.0003205926782904744, ""8.0"": 0.0005488407264211926, ""9.0"": 0.0008586308253344879, ""10.0"": 0.0012586747325926016, ""11.0"": 0.0017562903245478161, ""12.0"": 0.0023574015963424557, ""13.0"": 0.0030665386619088855, ""14.0"": 0.0038868377539695124, ""15.0"": 0.0048200412240367845, ""16.0"": 0.005866497542413192, ""17.0"": 0.0070251612981912645, ""18.0"": 0.008293593199253577, ""19.0"": 0.009667960072272741, ""20.0"": 0.011143034862711412, ""21.0"": 0.012712196634822289, ""22.0"": 0.014367430571648108, ""23.0"": 0.01609932797502165, ""24.0"": 0.017897086265565732, ""25.0"": 0.019748508982693223, ""26.0"": 0.021640005784607022, ""27.0"": 0.023556592448300075, ""28.0"": 0.02548189086955537, ""29.0"": 0.027398129062945933, ""30.0"": 0.029286141161834835, ""31.0"": 0.031125367418375186, ""32.0"": 0.03289385420351014, ""33.0"": 0.034568254006972894, ""34.0"": 0.03612382543728667, ""35.0"": 0.03753443322176476, ""36.0"": 0.03877254820651047, ""37.0"": 0.039809247356417166, ""38.0"": 0.04061421375516825, ""39.0"": 0.04115573660523716, ""40.0"": 0.04140071122788738, ""41.0"": 0.04131463906317244, ""42.0"": 0.040861627669935896, ""43.0"": 0.04000439072581137, ""44.0"": 0.0387042480272225, ""45.0"": 0.03692112548938298, ""46.0"": 0.03461355514629654, ""47.0"": 0.03173867515075696, ""48.0"": 0.028252229774348055, ""49.0"": 0.024108569407443676, ""50.0"": 0.01926065055920772, ""51.0"": 0.013660035857594127, ""52.0"": 0.00725689404934688}"
PB-S03,odd_count,exact,2.547169811320755,1.153435386258455,"{""0.0"": 0.022922376497768918, ""1.0"": 0.14066003759994564, ""2.0"": 0.318013998052051, ""3.0"": 0.3312645813042198, ""4.0"": 0.1590069990260255, ""5.0"": 0.02813200751998913}"
PB-S03,adjacent_overlap,exact,0.4716981132075472,0.3943368841909247,"{""0.0"": 0.5966870928342309, ""1.0"": 0.3390267572921767, ""2.0"": 0.06027142351860919, ""3.0"": 0.003930745012083208, ""4.0"": 8.363287259751505e-05, ""5.0"": 3.4847030248964606e-07}"
PB-S03,has_consecutive_pair,exact,0.3355075557073337,0.22294223577062408,"{""0.0"": 0.6644924442926663, ""1.0"": 0.3355075557073337}"
PB-S03,adjacent_pair_count,simulated,0.37718500000000005,0.3215764757749999,"{""0.0"": 0.66442, ""1.0"": 0.29568, ""2.0"": 0.038215, ""3.0"": 0.001665, ""4.0"": 2e-05}"
PB-S03,min_spacing,simulated,2.6574850000000003,3.175508474775,"{""1.0"": 0.33558, ""2.0"": 0.23863, ""3.0"": 0.164205, ""4.0"": 0.10906, ""5.0"": 0.06974, ""6.0"": 0.041595, ""7.0"": 0.022295, ""8.0"": 0.01144, ""9.0"": 0.00527, ""10.0"": 0.00161, ""11.0"": 0.0005, ""12.0"": 7e-05, ""13.0"": 5e-06}"
PB-S03,max_spacing,simulated,18.16713,43.2059675631,"{""1.0"": 2e-05, ""2.0"": 0.000255, ""3.0"": 0.00102, ""4.0"": 0.00255, ""5.0"": 0.005015, ""6.0"": 0.00881, ""7.0"": 0.01371, ""8.0"": 0.01889, ""9.0"": 0.02534, ""10.0"": 0.03263, ""11.0"": 0.039375, ""12.0"": 0.04721, ""13.0"": 0.0545, ""14.0"": 0.05939, ""15.0"": 0.06352, ""16.0"": 0.064035, ""17.0"": 0.06464, ""18.0"": 0.061615, ""19.0"": 0.0581, ""20.0"": 0.05333, ""21.0"": 0.048625, ""22.0"": 0.042765, ""23.0"": 0.03804, ""24.0"": 0.03316, ""25.0"": 0.02747, ""26.0"": 0.02431, ""27.0"": 0.02113, ""28.0"": 0.01666, ""29.0"": 0.01474, ""30.0"": 0.012185, ""31.0"": 0.00994, ""32.0"": 0.00875, ""33.0"": 0.006815, ""34.0"": 0.005225, ""35.0"": 0.004065, ""36.0"": 0.00338, ""37.0"": 0.0027, ""38.0"": 0.00198, ""39.0"": 0.00135, ""40.0"": 0.000935, ""41.0"": 0.00067, ""42.0"": 0.000435, ""43.0"": 0.000325, ""44.0"": 0.0002, ""45.0"": 0.000105, ""46.0"": 5.5e-05, ""47.0"": 2.5e-05, ""48.0"": 5e-06}"
PB-S03,consecutive_run_count,simulated,0.35595,0.26998959749999996,"{""0.0"": 0.66442, ""1.0"": 0.31521, ""2.0"": 0.02037}"
PB-S04,draw_sum,exact,140.0,1166.6666666666665,"{""15.0"": 2.874586670369134e-07, ""16.0"": 2.874586670369134e-07, ""17.0"": 5.749173340738268e-07, ""18.0"": 8.623760011107403e-07, ""19.0"": 1.437293335184567e-06, ""20.0"": 2.012210669258394e-06, ""21.0"": 2.874586670369134e-06, ""22.0"": 3.7369626714798744e-06, ""23.0"": 5.174256006664442e-06, ""24.0"": 6.6115493418490085e-06, ""25.0"": 8.623760011107403e-06, ""26.0"": 1.0635970680365797e-05, ""27.0"": 1.3510557350734932e-05, ""28.0"": 1.6385144021104067e-05, ""29.0"": 2.012210669258394e-05, ""30.0"": 2.414652803110073e-05, ""31.0"": 2.9033325370728256e-05, ""32.0"": 3.42075813773927e-05, ""33.0"": 4.0531672052204796e-05, ""34.0"": 4.7143221394053805e-05, ""35.0"": 5.519206407108738e-05, ""36.0"": 6.352836541515787e-05, ""37.0"": 7.330196009441293e-05, ""38.0"": 8.36504721077418e-05, ""39.0"": 9.572373612329217e-05, ""40.0"": 0.00010837191747291636, ""41.0"": 0.00012274485082476203, ""42.0"": 0.00013798016017771845, ""43.0"": 0.00015522768019993324, ""44.0"": 0.0001733375762232588, ""45.0"": 0.00019374714158287964, ""46.0"": 0.00021501908294361126, ""47.0"": 0.00023887815230767506, ""48.0"": 0.0002638870563398865, ""49.0"": 0.0002914830883754302, ""50.0"": 0.0003205164137461585, ""51.0"": 0.00035242432578725584, ""52.0"": 0.00038576953116353785, ""53.0"": 0.00042227678187722585, ""54.0"": 0.0004605087845931353, ""55.0"": 0.0005021902913134878, ""56.0"": 0.0005455965500360617, ""57.0"": 0.0005927397714301155, ""58.0"": 0.0006418952034934277, ""59.0"": 0.0006950750568952567, ""60.0"": 0.000750554579633381, ""61.0"": 0.0008100585237100221, ""62.0"": 0.0008721495957899954, ""63.0"": 0.0009388400065425593, ""64.0"": 0.0010081175452984555, ""65.0"": 0.0010822818813939791, ""66.0"": 0.001159033345492835, ""67.0"": 0.0012409590655983553, ""68.0"": 0.0013257593723742446, ""69.0"": 0.0014157339351567985, ""70.0"": 0.0015085830846097218, ""71.0"": 0.001606893948736346, ""72.0"": 0.0017080793995333395, ""73.0"": 0.0018147265650040345, ""74.0"": 0.0019242483171450985, ""75.0"": 0.002039519242626901, ""76.0"": 0.0021573772961120353, ""77.0"": 0.002280984522937908, ""78.0"": 0.002407178877767113, ""79.0"": 0.0025391224059370565, ""80.0"": 0.002673653062110332, ""81.0"": 0.0028136454329573085, ""82.0"": 0.0029559374731405806, ""83.0"": 0.0031039786866645914, ""84.0"": 0.0032540321108578602, ""85.0"": 0.00340954724972483, ""86.0"": 0.0035667871405940218, ""87.0"": 0.003729488746136915, ""88.0"": 0.0038936276450149926, ""89.0"": 0.004062940799899734, ""90.0"": 0.004233403789452624, ""91.0"": 0.004408753576345141, ""92.0"": 0.004584965739238769, ""93.0"": 0.004765777240804988, ""94.0"": 0.004946876201038244, ""95.0"": 0.00513257449994409, ""96.0"": 0.005317985340182898, ""97.0"": 0.005507420601760225, ""98.0"": 0.005696280946003477, ""99.0"": 0.005888878252918208, ""100.0"": 0.006080325725164793, ""101.0"": 0.0062749352427487835, ""102.0"": 0.006467820008330552, ""103.0"": 0.006663579360582691, ""104.0"": 0.006857039043498533, ""105.0"": 0.007052798395750671, ""106.0"": 0.007245395702665403, ""107.0"": 0.007440005220249394, ""108.0"": 0.007630877775161904, ""109.0"": 0.007822900164742562, ""110.0"": 0.008010610674317667, ""111.0"": 0.008198896101226845, ""112.0"": 0.00838200727212936, ""113.0"": 0.008565118443031873, ""114.0"": 0.00874219298192661, ""115.0"": 0.008918692603487276, ""116.0"": 0.009088293217039054, ""117.0"": 0.00925645653725565, ""118.0"": 0.009417145932129284, ""119.0"": 0.00957582311633366, ""120.0"": 0.009726451457861003, ""121.0"": 0.009874205212717976, ""122.0"": 0.010013335207563843, ""123.0"": 0.010149303157072303, ""124.0"": 0.010276072429235582, ""125.0"": 0.01039910473872738, ""126.0"": 0.010512363453539925, ""127.0"": 0.01062159774701395, ""128.0"": 0.010720770987141687, ""129.0"": 0.01081534488859683, ""130.0"": 0.010899570278038647, ""131.0"": 0.010978908870140835, ""132.0"": 0.011047611491562657, ""133.0"": 0.011111139856977814, ""134.0"": 0.01116374479304557, ""135.0"": 0.01121117547310666, ""136.0"": 0.011247395265153311, ""137.0"": 0.011278153342526262, ""138.0"": 0.011297700531884771, ""139.0"": 0.01131178600656958, ""140.0"": 0.01131466059323995, ""141.0"": 0.01131178600656958, ""142.0"": 0.011297700531884771, ""143.0"": 0.011278153342526262, ""144.0"": 0.011247395265153311, ""145.0"": 0.01121117547310666, ""146.0"": 0.01116374479304557, ""147.0"": 0.011111139856977814, ""148.0"": 0.011047611491562657, ""149.0"": 0.010978908870140835, ""150.0"": 0.010899570278038647, ""151.0"": 0.01081534488859683, ""152.0"": 0.010720770987141687, ""153.0"": 0.01062159774701395, ""154.0"": 0.010512363453539925, ""155.0"": 0.01039910473872738, ""156.0"": 0.010276072429235582, ""157.0"": 0.010149303157072303, ""158.0"": 0.010013335207563843, ""159.0"": 0.009874205212717976, ""160.0"": 0.009726451457861003, ""161.0"": 0.00957582311633366, ""162.0"": 0.009417145932129284, ""163.0"": 0.00925645653725565, ""164.0"": 0.009088293217039054, ""165.0"": 0.008918692603487276, ""166.0"": 0.00874219298192661, ""167.0"": 0.008565118443031873, ""168.0"": 0.00838200727212936, ""169.0"": 0.008198896101226845, ""170.0"": 0.008010610674317667, ""171.0"": 0.007822900164742562, ""172.0"": 0.007630877775161904, ""173.0"": 0.007440005220249394, ""174.0"": 0.007245395702665403, ""175.0"": 0.007052798395750671, ""176.0"": 0.006857039043498533, ""177.0"": 0.006663579360582691, ""178.0"": 0.006467820008330552, ""179.0"": 0.0062749352427487835, ""180.0"": 0.006080325725164793, ""181.0"": 0.005888878252918208, ""182.0"": 0.005696280946003477, ""183.0"": 0.005507420601760225, ""184.0"": 0.005317985340182898, ""185.0"": 0.00513257449994409, ""186.0"": 0.004946876201038244, ""187.0"": 0.004765777240804988, ""188.0"": 0.004584965739238769, ""189.0"": 0.004408753576345141, ""190.0"": 0.004233403789452624, ""191.0"": 0.004062940799899734, ""192.0"": 0.0038936276450149926, ""193.0"": 0.003729488746136915, ""194.0"": 0.0035667871405940218, ""195.0"": 0.00340954724972483, ""196.0"": 0.0032540321108578602, ""197.0"": 0.0031039786866645914, ""198.0"": 0.0029559374731405806, ""199.0"": 0.0028136454329573085, ""200.0"": 0.002673653062110332, ""201.0"": 0.0025391224059370565, ""202.0"": 0.002407178877767113, ""203.0"": 0.002280984522937908, ""204.0"": 0.0021573772961120353, ""205.0"": 0.002039519242626901, ""206.0"": 0.0019242483171450985, ""207.0"": 0.0018147265650040345, ""208.0"": 0.0017080793995333395, ""209.0"": 0.001606893948736346, ""210.0"": 0.0015085830846097218, ""211.0"": 0.0014157339351567985, ""212.0"": 0.0013257593723742446, ""213.0"": 0.0012409590655983553, ""214.0"": 0.001159033345492835, ""215.0"": 0.0010822818813939791, ""216.0"": 0.0010081175452984555, ""217.0"": 0.0009388400065425593, ""218.0"": 0.0008721495957899954, ""219.0"": 0.0008100585237100221, ""220.0"": 0.000750554579633381, ""221.0"": 0.0006950750568952567, ""222.0"": 0.0006418952034934277, ""223.0"": 0.0005927397714301155, ""224.0"": 0.0005455965500360617, ""225.0"": 0.0005021902913134878, ""226.0"": 0.0004605087845931353, ""227.0"": 0.00042227678187722585, ""228.0"": 0.00038576953116353785, ""229.0"": 0.00035242432578725584, ""230.0"": 0.0003205164137461585, ""231.0"": 0.0002914830883754302, ""232.0"": 0.0002638870563398865, ""233.0"": 0.00023887815230767506, ""234.0"": 0.00021501908294361126, ""235.0"": 0.00019374714158287964, ""236.0"": 0.0001733375762232588, ""237.0"": 0.00015522768019993324, ""238.0"": 0.00013798016017771845, ""239.0"": 0.00012274485082476203, ""240.0"": 0.00010837191747291636, ""241.0"": 9.572373612329217e-05, ""242.0"": 8.36504721077418e-05, ""243.0"": 7.330196009441293e-05, ""244.0"": 6.352836541515787e-05, ""245.0"": 5.519206407108738e-05, ""246.0"": 4.7143221394053805e-05, ""247.0"": 4.0531672052204796e-05, ""248.0"": 3.42075813773927e-05, ""249.0"": 2.9033325370728256e-05, ""250.0"": 2.414652803110073e-05, ""251.0"": 2.012210669258394e-05, ""252.0"": 1.6385144021104067e-05, ""253.0"": 1.3510557350734932e-05, ""254.0"": 1.0635970680365797e-05, ""255.0"": 8.623760011107403e-06, ""256.0"": 6.6115493418490085e-06, ""257.0"": 5.174256006664442e-06, ""258.0"": 3.7369626714798744e-06, ""259.0"": 2.874586670369134e-06, ""260.0"": 2.012210669258394e-06, ""261.0"": 1.437293335184567e-06, ""262.0"": 8.623760011107403e-07, ""263.0"": 5.749173340738268e-07, ""264.0"": 2.874586670369134e-07, ""265.0"": 2.874586670369134e-07}"
PB-S04,range,exact,37.333333333333336,88.8888888888889,"{""4.0"": 1.4660392018882585e-05, ""5.0"": 5.7491733407382685e-05, ""6.0"": 0.00014085474684808757, ""7.0"": 0.0002759603203554369, ""8.0"": 0.00047286950727572257, ""9.0"": 0.0007404935262870889, ""10.0"": 0.0010865937613995327, ""11.0"": 0.001517781761954903, ""12.0"": 0.002039519242626901, ""13.0"": 0.0026561180834210802, ""14.0"": 0.003370740329674847, ""15.0"": 0.004185398192057459, ""16.0"": 0.005100954046570029, ""17.0"": 0.006117120434545518, ""18.0"": 0.007232460062648742, ""19.0"": 0.008444385802876368, ""20.0"": 0.00974916069255692, ""21.0"": 0.011141897934350765, ""22.0"": 0.01261656089625013, ""23.0"": 0.014165963111579093, ""24.0"": 0.015781768278993583, ""25.0"": 0.017454490262481383, ""26.0"": 0.019173493091362126, ""27.0"": 0.020926990960287297, ""28.0"": 0.022702048229240237, ""29.0"": 0.02448457942353614, ""30.0"": 0.026259349233822043, ""31.0"": 0.028009972516076845, ""32.0"": 0.029718914291611297, ""33.0"": 0.031367489747067996, ""34.0"": 0.032935864234421394, ""35.0"": 0.0344030532709778, ""36.0"": 0.03574692253937537, ""37.0"": 0.036944187887584114, ""38.0"": 0.037970415328905896, ""39.0"": 0.03880002104197443, ""40.0"": 0.03940627137075528, ""41.0"": 0.039761282824545864, ""42.0"": 0.039836022077975465, ""43.0"": 0.039600305971005195, ""44.0"": 0.039022801508928034, ""45.0"": 0.03807102586236882, ""46.0"": 0.036711346367284216, ""47.0"": 0.03490898052496277, ""48.0"": 0.03262799600202486, ""49.0"": 0.029831310630422728, ""50.0"": 0.026480692407440463, ""51.0"": 0.022536759495694014, ""52.0"": 0.017958980223131166, ""53.0"": 0.012705673083031574, ""54.0"": 0.006734006734006734}"
PB-S04,odd_count,exact,2.5454545454545454,1.1570247933884297,"{""0.0"": 0.023206538189890023, ""1.0"": 0.14125718898193926, ""2.0"": 0.3178286752093633, ""3.0"": 0.33054182221773787, ""4.0"": 0.15891433760468165, ""5.0"": 0.028251437796387852}"
PB-S04,adjacent_overlap,exact,0.45454545454545453,0.3826140189776553,"{""0.0"": 0.6090559253711307, ""1.0"": 0.3310086550930058, ""2.0"": 0.056341898739235036, ""3.0"": 0.0035213686712021897, ""4.0"": 7.186466675922836e-05, ""5.0"": 2.874586670369134e-07}"
PB-S04,has_consecutive_pair,exact,0.3247423436102681,0.21928475387677868,"{""0.0"": 0.6752576563897319, ""1.0"": 0.3247423436102681}"
PB-S04,adjacent_pair_count,simulated,0.36411499999999997,0.31298526677500005,"{""0.0"": 0.67503, ""1.0"": 0.287395, ""2.0"": 0.036015, ""3.0"": 0.00155, ""4.0"": 1e-05}"
PB-S04,min_spacing,simulated,2.738725,3.4322803743749994,"{""1.0"": 0.32497, ""2.0"": 0.2341, ""3.0"": 0.164645, ""4.0"": 0.11068, ""5.0"": 0.071935, ""6.0"": 0.04428, ""7.0"": 0.02581, ""8.0"": 0.01356, ""9.0"": 0.00672, ""10.0"": 0.002535, ""11.0"": 0.000625, ""12.0"": 0.00013, ""13.0"": 1e-05}"
PB-S04,max_spacing,simulated,18.87735,46.587326977500005,"{""1.0"": 1e-05, ""2.0"": 0.000235, ""3.0"": 0.000865, ""4.0"": 0.00219, ""5.0"": 0.004285, ""6.0"": 0.00754, ""7.0"": 0.011645, ""8.0"": 0.01698, ""9.0"": 0.0221, ""10.0"": 0.028785, ""11.0"": 0.03492, ""12.0"": 0.042345, ""13.0"": 0.048815, ""14.0"": 0.05561, ""15.0"": 0.05883, ""16.0"": 0.06172, ""17.0"": 0.062275, ""18.0"": 0.06081, ""19.0"": 0.05799, ""20.0"": 0.054415, ""21.0"": 0.050795, ""22.0"": 0.04529, ""23.0"": 0.040315, ""24.0"": 0.035945, ""25.0"": 0.031815, ""26.0"": 0.02762, ""27.0"": 0.023325, ""28.0"": 0.02042, ""29.0"": 0.017255, ""30.0"": 0.014425, ""31.0"": 0.012335, ""32.0"": 0.010105, ""33.0"": 0.008155, ""34.0"": 0.00668, ""35.0"": 0.00552, ""36.0"": 0.00429, ""37.0"": 0.00351, ""38.0"": 0.00266, ""39.0"": 0.001985, ""40.0"": 0.00156, ""41.0"": 0.00127, ""42.0"": 0.000855, ""43.0"": 0.00057, ""44.0"": 0.00045, ""45.0"": 0.000255, ""46.0"": 0.000155, ""47.0"": 4.5e-05, ""48.0"": 2.5e-05, ""49.0"": 5e-06}"
PB-S04,consecutive_run_count,simulated,0.34360500000000005,0.262810603975,"{""0.0"": 0.67503, ""1.0"": 0.306335, ""2.0"": 0.018635}"
PB-S05,draw_sum,exact,150.0,1350.0,"{""15.0"": 1.997448858318156e-07, ""16.0"": 1.997448858318156e-07, ""17.0"": 3.994897716636312e-07, ""18.0"": 5.992346574954468e-07, ""19.0"": 9.98724429159078e-07, ""20.0"": 1.3982142008227092e-06, ""21.0"": 1.997448858318156e-06, ""22.0"": 2.5966835158136028e-06, ""23.0"": 3.595407944972681e-06, ""24.0"": 4.594132374131759e-06, ""25.0"": 5.992346574954468e-06, ""26.0"": 7.390560775777177e-06, ""27.0"": 9.388009634095334e-06, ""28.0"": 1.138545849241349e-05, ""29.0"": 1.3982142008227093e-05, ""30.0"": 1.677857040987251e-05, ""31.0"": 2.0174233469013376e-05, ""32.0"": 2.3769641413986058e-05, ""33.0"": 2.8164028902286e-05, ""34.0"": 3.275816127641776e-05, ""35.0"": 3.8351018079708594e-05, ""36.0"": 4.414361976883125e-05, ""37.0"": 5.0934945887112977e-05, ""38.0"": 5.812576177705834e-05, ""39.0"": 6.65150469819946e-05, ""40.0"": 7.530382195859448e-05, ""41.0"": 8.529106625018526e-05, ""42.0"": 9.587754519927149e-05, ""43.0"": 0.00010786223834918043, ""44.0"": 0.00012044616615658481, ""45.0"": 0.0001346280530506437, ""46.0"": 0.00014940917460219808, ""47.0"": 0.00016598800012623878, ""48.0"": 0.00018336580519360673, ""49.0"": 0.000202541314233461, ""50.0"": 0.0002227155477024744, ""51.0"": 0.0002448872300298059, ""52.0"": 0.00026805763678629653, ""53.0"": 0.0002934252372869371, ""54.0"": 0.0003199913071025686, ""55.0"": 0.0003489543155481819, ""56.0"": 0.00037911579330878603, ""57.0"": 0.0004118739545852038, ""58.0"": 0.00044603033006244426, ""59.0"": 0.0004829831339413301, ""60.0"": 0.0005215338969068705, ""61.0"": 0.0005628810882740564, ""62.0"": 0.0006060259836137285, ""63.0"": 0.0006523667971267097, ""64.0"": 0.0007005053146121774, ""65.0"": 0.0007520394951567857, ""66.0"": 0.0008055711245597123, ""67.0"": 0.0008626981619076116, ""68.0"": 0.0009220223929996608, ""69.0"": 0.0009851417769225145, ""70.0"": 0.0010504583545895183, ""71.0"": 0.0011197698299731582, ""72.0"": 0.0011914782439867802, ""73.0"": 0.0012671815557170382, ""74.0"": 0.001345281806077278, ""75.0"": 0.001427776443925818, ""76.0"": 0.0015124682755185079, ""77.0"": 0.0016015544945994975, ""78.0"": 0.001693037652310469, ""79.0"": 0.0017889151975097406, ""80.0"": 0.0018871896813389937, ""81.0"": 0.001989858552656547, ""82.0"": 0.0020947246177182503, ""83.0"": 0.0022041848151540854, ""84.0"": 0.0023158422063340703, ""85.0"": 0.002431893985002355, ""86.0"": 0.002549943212528958, ""87.0"": 0.002672586572429693, ""88.0"": 0.002797027636302914, ""89.0"": 0.002925863087664435, ""90.0"": 0.0030564962429984422, ""91.0"": 0.003191324040934918, ""92.0"": 0.003327749797958048, ""93.0"": 0.003468370197583646, ""94.0"": 0.003610189066524235, ""95.0"": 0.0037562025780672925, ""96.0"": 0.003903214814039509, ""97.0"": 0.004054022202842529, ""98.0"": 0.004205628571188878, ""99.0"": 0.00436103009236603, ""100.0"": 0.004516831103314846, ""101.0"": 0.0046760277773228035, ""102.0"": 0.004835424196216592, ""103.0"": 0.00499801653328369, ""104.0"": 0.0051604091254649565, ""105.0"": 0.005325797890933699, ""106.0"": 0.005490387676859116, ""107.0"": 0.005657773891186177, ""108.0"": 0.00582416138108408, ""109.0"": 0.005992746064726132, ""110.0"": 0.006159932534167361, ""111.0"": 0.0063291164524669095, ""112.0"": 0.006496302921908139, ""113.0"": 0.006665087350436023, ""114.0"": 0.006831474840333925, ""115.0"": 0.006999060799546819, ""116.0"": 0.007163650585472235, ""117.0"": 0.007329039350940978, ""118.0"": 0.007490832708464749, ""119.0"": 0.0076530255557601835, ""120.0"": 0.007811223505338981, ""121.0"": 0.007969021965146116, ""122.0"": 0.008122226292579119, ""123.0"": 0.008274831385354625, ""124.0"": 0.008422043366212674, ""125.0"": 0.00856805687775573, ""126.0"": 0.008708277787609665, ""127.0"": 0.008846700993491113, ""128.0"": 0.008978932107911775, ""129.0"": 0.009108966028588288, ""130.0"": 0.009232208623146517, ""131.0"": 0.009352854534188933, ""132.0"": 0.009466509374227237, ""133.0"": 0.00957696829609223, ""134.0"": 0.009680036657181448, ""135.0"": 0.009779909100097356, ""136.0"": 0.00987179174757999, ""137.0"": 0.009960078987117654, ""138.0"": 0.010040376431222043, ""139.0"": 0.010116678977609797, ""140.0"": 0.010184791983678446, ""141.0"": 0.010248710347144627, ""142.0"": 0.01030403968052004, ""143.0"": 0.010355174371292984, ""144.0"": 0.010397720031975161, ""145.0"": 0.010435671560283206, ""146.0"": 0.01046483431361465, ""147.0"": 0.010489602679457796, ""148.0"": 0.01050538252543851, ""149.0"": 0.010516568239045091, ""150.0"": 0.010518965177675074, ""151.0"": 0.010516568239045091, ""152.0"": 0.01050538252543851, ""153.0"": 0.010489602679457796, ""154.0"": 0.01046483431361465, ""155.0"": 0.010435671560283206, ""156.0"": 0.010397720031975161, ""157.0"": 0.010355174371292984, ""158.0"": 0.01030403968052004, ""159.0"": 0.010248710347144627, ""160.0"": 0.010184791983678446, ""161.0"": 0.010116678977609797, ""162.0"": 0.010040376431222043, ""163.0"": 0.009960078987117654, ""164.0"": 0.00987179174757999, ""165.0"": 0.009779909100097356, ""166.0"": 0.009680036657181448, ""167.0"": 0.00957696829609223, ""168.0"": 0.009466509374227237, ""169.0"": 0.009352854534188933, ""170.0"": 0.009232208623146517, ""171.0"": 0.009108966028588288, ""172.0"": 0.008978932107911775, ""173.0"": 0.008846700993491113, ""174.0"": 0.008708277787609665, ""175.0"": 0.00856805687775573, ""176.0"": 0.008422043366212674, ""177.0"": 0.008274831385354625, ""178.0"": 0.008122226292579119, ""179.0"": 0.007969021965146116, ""180.0"": 0.007811223505338981, ""181.0"": 0.0076530255557601835, ""182.0"": 0.007490832708464749, ""183.0"": 0.007329039350940978, ""184.0"": 0.007163650585472235, ""185.0"": 0.006999060799546819, ""186.0"": 0.006831474840333925, ""187.0"": 0.006665087350436023, ""188.0"": 0.006496302921908139, ""189.0"": 0.0063291164524669095, ""190.0"": 0.006159932534167361, ""191.0"": 0.005992746064726132, ""192.0"": 0.00582416138108408, ""193.0"": 0.005657773891186177, ""194.0"": 0.005490387676859116, ""195.0"": 0.005325797890933699, ""196.0"": 0.0051604091254649565, ""197.0"": 0.00499801653328369, ""198.0"": 0.004835424196216592, ""199.0"": 0.0046760277773228035, ""200.0"": 0.004516831103314846, ""201.0"": 0.00436103009236603, ""202.0"": 0.004205628571188878, ""203.0"": 0.004054022202842529, ""204.0"": 0.003903214814039509, ""205.0"": 0.0037562025780672925, ""206.0"": 0.003610189066524235, ""207.0"": 0.003468370197583646, ""208.0"": 0.003327749797958048, ""209.0"": 0.003191324040934918, ""210.0"": 0.0030564962429984422, ""211.0"": 0.002925863087664435, ""212.0"": 0.002797027636302914, ""213.0"": 0.002672586572429693, ""214.0"": 0.002549943212528958, ""215.0"": 0.002431893985002355, ""216.0"": 0.0023158422063340703, ""217.0"": 0.0022041848151540854, ""218.0"": 0.0020947246177182503, ""219.0"": 0.001989858552656547, ""220.0"": 0.0018871896813389937, ""221.0"": 0.0017889151975097406, ""222.0"": 0.001693037652310469, ""223.0"": 0.0016015544945994975, ""224.0"": 0.0015124682755185079, ""225.0"": 0.001427776443925818, ""226.0"": 0.001345281806077278, ""227.0"": 0.0012671815557170382, ""228.0"": 0.0011914782439867802, ""229.0"": 0.0011197698299731582, ""230.0"": 0.0010504583545895183, ""231.0"": 0.0009851417769225145, ""232.0"": 0.0009220223929996608, ""233.0"": 0.0008626981619076116, ""234.0"": 0.0008055711245597123, ""235.0"": 0.0007520394951567857, ""236.0"": 0.0007005053146121774, ""237.0"": 0.0006523667971267097, ""238.0"": 0.0006060259836137285, ""239.0"": 0.0005628810882740564, ""240.0"": 0.0005215338969068705, ""241.0"": 0.0004829831339413301, ""242.0"": 0.00044603033006244426, ""243.0"": 0.0004118739545852038, ""244.0"": 0.00037911579330878603, ""245.0"": 0.0003489543155481819, ""246.0"": 0.0003199913071025686, ""247.0"": 0.0002934252372869371, ""248.0"": 0.00026805763678629653, ""249.0"": 0.0002448872300298059, ""250.0"": 0.0002227155477024744, ""251.0"": 0.000202541314233461, ""252.0"": 0.00018336580519360673, ""253.0"": 0.00016598800012623878, ""254.0"": 0.00014940917460219808, ""255.0"": 0.0001346280530506437, ""256.0"": 0.00012044616615658481, ""257.0"": 0.00010786223834918043, ""258.0"": 9.587754519927149e-05, ""259.0"": 8.529106625018526e-05, ""260.0"": 7.530382195859448e-05, ""261.0"": 6.65150469819946e-05, ""262.0"": 5.812576177705834e-05, ""263.0"": 5.0934945887112977e-05, ""264.0"": 4.414361976883125e-05, ""265.0"": 3.8351018079708594e-05, ""266.0"": 3.275816127641776e-05, ""267.0"": 2.8164028902286e-05, ""268.0"": 2.3769641413986058e-05, ""269.0"": 2.0174233469013376e-05, ""270.0"": 1.677857040987251e-05, ""271.0"": 1.3982142008227093e-05, ""272.0"": 1.138545849241349e-05, ""273.0"": 9.388009634095334e-06, ""274.0"": 7.390560775777177e-06, ""275.0"": 5.992346574954468e-06, ""276.0"": 4.594132374131759e-06, ""277.0"": 3.595407944972681e-06, ""278.0"": 2.5966835158136028e-06, ""279.0"": 1.997448858318156e-06, ""280.0"": 1.3982142008227092e-06, ""281.0"": 9.98724429159078e-07, ""282.0"": 5.992346574954468e-07, ""283.0"": 3.994897716636312e-07, ""284.0"": 1.997448858318156e-07, ""285.0"": 1.997448858318156e-07}"
PB-S05,range,exact,40.000000000000014,102.85714285714288,"{""4.0"": 1.0985968720749857e-05, ""5.0"": 4.314489533967217e-05, ""6.0"": 0.00010586478949086227, ""7.0"": 0.00020773468126508823, ""8.0"": 0.00035654462120979084, ""9.0"": 0.0005592856803290837, ""10.0"": 0.000822149950083753, ""11.0"": 0.0011505305423912579, ""12.0"": 0.00154902158962573, ""13.0"": 0.002021418244617974, ""14.0"": 0.0025707166806554667, ""15.0"": 0.003199114091482359, ""16.0"": 0.003908008691299473, ""17.0"": 0.004697999714764303, ""18.0"": 0.005568887416991019, ""19.0"": 0.006519673073550461, ""20.0"": 0.007548558980470144, ""21.0"": 0.008652948454234251, ""22.0"": 0.009829445831783646, ""23.0"": 0.011073856470515857, ""24.0"": 0.01238118674828509, ""25.0"": 0.013745644063402222, ""26.0"": 0.015160636834634804, ""27.0"": 0.016618774501207058, ""28.0"": 0.01811186752279988, ""29.0"": 0.019630927379550838, ""30.0"": 0.02116616657205417, ""31.0"": 0.0227069986213608, ""32.0"": 0.0242420380689783, ""33.0"": 0.025759100476870942, ""34.0"": 0.027245202427459647, ""35.0"": 0.02868656152362203, ""36.0"": 0.030068596388692363, ""37.0"": 0.03137592666646159, ""38.0"": 0.03259237302117735, ""39.0"": 0.03370095713754393, ""40.0"": 0.03468390172072229, ""41.0"": 0.03552263049633009, ""42.0"": 0.03619776821044162, ""43.0"": 0.03668914062958789, ""44.0"": 0.03697577454075655, ""45.0"": 0.03703589775139192, ""46.0"": 0.03684693908939502, ""47.0"": 0.03638552840312353, ""48.0"": 0.03562749656139179, ""49.0"": 0.03454787545347083, ""50.0"": 0.033120897989088335, ""51.0"": 0.031319998098428684, ""52.0"": 0.02911781073213292, ""53.0"": 0.02648617186129875, ""54.0"": 0.023396118477480563, ""55.0"": 0.019817888592689417, ""56.0"": 0.015720921239393046, ""57.0"": 0.011073856470515857, ""58.0"": 0.0058445353594389245}"
PB-S05,odd_count,exact,2.542372881355932,1.1634587762137316,"{""0.0"": 0.023720703916957263, ""1.0"": 0.14232422350174356, ""2.0"": 0.3174924985808126, ""3.0"": 0.3292514800097316, ""4.0"": 0.1587462492904063, ""5.0"": 0.028464844700348716}"
PB-S05,adjacent_overlap,exact,0.423728813559322,0.3610734133077098,"{""0.0"": 0.6316951988919751, ""1.0"": 0.31584759944598756, ""2.0"": 0.04954472148172354, ""3.0"": 0.0028583493162532814, ""4.0"": 5.3931119174590216e-05, ""5.0"": 1.997448858318156e-07}"
PB-S05,has_consecutive_pair,exact,0.30513528121882727,0.21202774137433444,"{""0.0"": 0.6948647187811727, ""1.0"": 0.30513528121882727}"
PB-S05,adjacent_pair_count,simulated,0.33902,0.2932854396,"{""0.0"": 0.694405, ""1.0"": 0.273335, ""2.0"": 0.031105, ""3.0"": 0.001145, ""4.0"": 1e-05}"
PB-S05,min_spacing,simulated,2.89548,3.9613055696000004,"{""1.0"": 0.305595, ""2.0"": 0.22773, ""3.0"": 0.162025, ""4.0"": 0.11369, ""5.0"": 0.076915, ""6.0"": 0.049655, ""7.0"": 0.0303, ""8.0"": 0.017905, ""9.0"": 0.009205, ""10.0"": 0.004575, ""11.0"": 0.00179, ""12.0"": 0.000535, ""13.0"": 8e-05}"
PB-S05,max_spacing,simulated,20.28084,54.164088894399995,"{""1.0"": 1e-05, ""2.0"": 0.00019, ""3.0"": 0.000735, ""4.0"": 0.001675, ""5.0"": 0.003375, ""6.0"": 0.0059, ""7.0"": 0.008785, ""8.0"": 0.01265, ""9.0"": 0.01774, ""10.0"": 0.02255, ""11.0"": 0.02797, ""12.0"": 0.03424, ""13.0"": 0.039495, ""14.0"": 0.04568, ""15.0"": 0.05129, ""16.0"": 0.05529, ""17.0"": 0.0577, ""18.0"": 0.057045, ""19.0"": 0.057185, ""20.0"": 0.054475, ""21.0"": 0.053065, ""22.0"": 0.0495, ""23.0"": 0.043755, ""24.0"": 0.04054, ""25.0"": 0.036895, ""26.0"": 0.033105, ""27.0"": 0.02844, ""28.0"": 0.02442, ""29.0"": 0.022075, ""30.0"": 0.01888, ""31.0"": 0.01651, ""32.0"": 0.01411, ""33.0"": 0.01197, ""34.0"": 0.01014, ""35.0"": 0.008435, ""36.0"": 0.007065, ""37.0"": 0.005815, ""38.0"": 0.004715, ""39.0"": 0.00404, ""40.0"": 0.00301, ""41.0"": 0.002545, ""42.0"": 0.001915, ""43.0"": 0.001475, ""44.0"": 0.001165, ""45.0"": 0.00082, ""46.0"": 0.000515, ""47.0"": 0.000405, ""48.0"": 0.00028, ""49.0"": 0.0002, ""50.0"": 0.00011, ""51.0"": 7e-05, ""52.0"": 1.5e-05, ""53.0"": 2e-05}"
PB-S05,consecutive_run_count,simulated,0.32206,0.2512673564,"{""0.0"": 0.694405, ""1.0"": 0.28913, ""2.0"": 0.016465}"
PB-S06,draw_sum,exact,150.0,1350.0,"{""15.0"": 1.997448858318156e-07, ""16.0"": 1.997448858318156e-07, ""17.0"": 3.994897716636312e-07, ""18.0"": 5.992346574954468e-07, ""19.0"": 9.98724429159078e-07, ""20.0"": 1.3982142008227092e-06, ""21.0"": 1.997448858318156e-06, ""22.0"": 2.5966835158136028e-06, ""23.0"": 3.595407944972681e-06, ""24.0"": 4.594132374131759e-06, ""25.0"": 5.992346574954468e-06, ""26.0"": 7.390560775777177e-06, ""27.0"": 9.388009634095334e-06, ""28.0"": 1.138545849241349e-05, ""29.0"": 1.3982142008227093e-05, ""30.0"": 1.677857040987251e-05, ""31.0"": 2.0174233469013376e-05, ""32.0"": 2.3769641413986058e-05, ""33.0"": 2.8164028902286e-05, ""34.0"": 3.275816127641776e-05, ""35.0"": 3.8351018079708594e-05, ""36.0"": 4.414361976883125e-05, ""37.0"": 5.0934945887112977e-05, ""38.0"": 5.812576177705834e-05, ""39.0"": 6.65150469819946e-05, ""40.0"": 7.530382195859448e-05, ""41.0"": 8.529106625018526e-05, ""42.0"": 9.587754519927149e-05, ""43.0"": 0.00010786223834918043, ""44.0"": 0.00012044616615658481, ""45.0"": 0.0001346280530506437, ""46.0"": 0.00014940917460219808, ""47.0"": 0.00016598800012623878, ""48.0"": 0.00018336580519360673, ""49.0"": 0.000202541314233461, ""50.0"": 0.0002227155477024744, ""51.0"": 0.0002448872300298059, ""52.0"": 0.00026805763678629653, ""53.0"": 0.0002934252372869371, ""54.0"": 0.0003199913071025686, ""55.0"": 0.0003489543155481819, ""56.0"": 0.00037911579330878603, ""57.0"": 0.0004118739545852038, ""58.0"": 0.00044603033006244426, ""59.0"": 0.0004829831339413301, ""60.0"": 0.0005215338969068705, ""61.0"": 0.0005628810882740564, ""62.0"": 0.0006060259836137285, ""63.0"": 0.0006523667971267097, ""64.0"": 0.0007005053146121774, ""65.0"": 0.0007520394951567857, ""66.0"": 0.0008055711245597123, ""67.0"": 0.0008626981619076116, ""68.0"": 0.0009220223929996608, ""69.0"": 0.0009851417769225145, ""70.0"": 0.0010504583545895183, ""71.0"": 0.0011197698299731582, ""72.0"": 0.0011914782439867802, ""73.0"": 0.0012671815557170382, ""74.0"": 0.001345281806077278, ""75.0"": 0.001427776443925818, ""76.0"": 0.0015124682755185079, ""77.0"": 0.0016015544945994975, ""78.0"": 0.001693037652310469, ""79.0"": 0.0017889151975097406, ""80.0"": 0.0018871896813389937, ""81.0"": 0.001989858552656547, ""82.0"": 0.0020947246177182503, ""83.0"": 0.0022041848151540854, ""84.0"": 0.0023158422063340703, ""85.0"": 0.002431893985002355, ""86.0"": 0.002549943212528958, ""87.0"": 0.002672586572429693, ""88.0"": 0.002797027636302914, ""89.0"": 0.002925863087664435, ""90.0"": 0.0030564962429984422, ""91.0"": 0.003191324040934918, ""92.0"": 0.003327749797958048, ""93.0"": 0.003468370197583646, ""94.0"": 0.003610189066524235, ""95.0"": 0.0037562025780672925, ""96.0"": 0.003903214814039509, ""97.0"": 0.004054022202842529, ""98.0"": 0.004205628571188878, ""99.0"": 0.00436103009236603, ""100.0"": 0.004516831103314846, ""101.0"": 0.0046760277773228035, ""102.0"": 0.004835424196216592, ""103.0"": 0.00499801653328369, ""104.0"": 0.0051604091254649565, ""105.0"": 0.005325797890933699, ""106.0"": 0.005490387676859116, ""107.0"": 0.005657773891186177, ""108.0"": 0.00582416138108408, ""109.0"": 0.005992746064726132, ""110.0"": 0.006159932534167361, ""111.0"": 0.0063291164524669095, ""112.0"": 0.006496302921908139, ""113.0"": 0.006665087350436023, ""114.0"": 0.006831474840333925, ""115.0"": 0.006999060799546819, ""116.0"": 0.007163650585472235, ""117.0"": 0.007329039350940978, ""118.0"": 0.007490832708464749, ""119.0"": 0.0076530255557601835, ""120.0"": 0.007811223505338981, ""121.0"": 0.007969021965146116, ""122.0"": 0.008122226292579119, ""123.0"": 0.008274831385354625, ""124.0"": 0.008422043366212674, ""125.0"": 0.00856805687775573, ""126.0"": 0.008708277787609665, ""127.0"": 0.008846700993491113, ""128.0"": 0.008978932107911775, ""129.0"": 0.009108966028588288, ""130.0"": 0.009232208623146517, ""131.0"": 0.009352854534188933, ""132.0"": 0.009466509374227237, ""133.0"": 0.00957696829609223, ""134.0"": 0.009680036657181448, ""135.0"": 0.009779909100097356, ""136.0"": 0.00987179174757999, ""137.0"": 0.009960078987117654, ""138.0"": 0.010040376431222043, ""139.0"": 0.010116678977609797, ""140.0"": 0.010184791983678446, ""141.0"": 0.010248710347144627, ""142.0"": 0.01030403968052004, ""143.0"": 0.010355174371292984, ""144.0"": 0.010397720031975161, ""145.0"": 0.010435671560283206, ""146.0"": 0.01046483431361465, ""147.0"": 0.010489602679457796, ""148.0"": 0.01050538252543851, ""149.0"": 0.010516568239045091, ""150.0"": 0.010518965177675074, ""151.0"": 0.010516568239045091, ""152.0"": 0.01050538252543851, ""153.0"": 0.010489602679457796, ""154.0"": 0.01046483431361465, ""155.0"": 0.010435671560283206, ""156.0"": 0.010397720031975161, ""157.0"": 0.010355174371292984, ""158.0"": 0.01030403968052004, ""159.0"": 0.010248710347144627, ""160.0"": 0.010184791983678446, ""161.0"": 0.010116678977609797, ""162.0"": 0.010040376431222043, ""163.0"": 0.009960078987117654, ""164.0"": 0.00987179174757999, ""165.0"": 0.009779909100097356, ""166.0"": 0.009680036657181448, ""167.0"": 0.00957696829609223, ""168.0"": 0.009466509374227237, ""169.0"": 0.009352854534188933, ""170.0"": 0.009232208623146517, ""171.0"": 0.009108966028588288, ""172.0"": 0.008978932107911775, ""173.0"": 0.008846700993491113, ""174.0"": 0.008708277787609665, ""175.0"": 0.00856805687775573, ""176.0"": 0.008422043366212674, ""177.0"": 0.008274831385354625, ""178.0"": 0.008122226292579119, ""179.0"": 0.007969021965146116, ""180.0"": 0.007811223505338981, ""181.0"": 0.0076530255557601835, ""182.0"": 0.007490832708464749, ""183.0"": 0.007329039350940978, ""184.0"": 0.007163650585472235, ""185.0"": 0.006999060799546819, ""186.0"": 0.006831474840333925, ""187.0"": 0.006665087350436023, ""188.0"": 0.006496302921908139, ""189.0"": 0.0063291164524669095, ""190.0"": 0.006159932534167361, ""191.0"": 0.005992746064726132, ""192.0"": 0.00582416138108408, ""193.0"": 0.005657773891186177, ""194.0"": 0.005490387676859116, ""195.0"": 0.005325797890933699, ""196.0"": 0.0051604091254649565, ""197.0"": 0.00499801653328369, ""198.0"": 0.004835424196216592, ""199.0"": 0.0046760277773228035, ""200.0"": 0.004516831103314846, ""201.0"": 0.00436103009236603, ""202.0"": 0.004205628571188878, ""203.0"": 0.004054022202842529, ""204.0"": 0.003903214814039509, ""205.0"": 0.0037562025780672925, ""206.0"": 0.003610189066524235, ""207.0"": 0.003468370197583646, ""208.0"": 0.003327749797958048, ""209.0"": 0.003191324040934918, ""210.0"": 0.0030564962429984422, ""211.0"": 0.002925863087664435, ""212.0"": 0.002797027636302914, ""213.0"": 0.002672586572429693, ""214.0"": 0.002549943212528958, ""215.0"": 0.002431893985002355, ""216.0"": 0.0023158422063340703, ""217.0"": 0.0022041848151540854, ""218.0"": 0.0020947246177182503, ""219.0"": 0.001989858552656547, ""220.0"": 0.0018871896813389937, ""221.0"": 0.0017889151975097406, ""222.0"": 0.001693037652310469, ""223.0"": 0.0016015544945994975, ""224.0"": 0.0015124682755185079, ""225.0"": 0.001427776443925818, ""226.0"": 0.001345281806077278, ""227.0"": 0.0012671815557170382, ""228.0"": 0.0011914782439867802, ""229.0"": 0.0011197698299731582, ""230.0"": 0.0010504583545895183, ""231.0"": 0.0009851417769225145, ""232.0"": 0.0009220223929996608, ""233.0"": 0.0008626981619076116, ""234.0"": 0.0008055711245597123, ""235.0"": 0.0007520394951567857, ""236.0"": 0.0007005053146121774, ""237.0"": 0.0006523667971267097, ""238.0"": 0.0006060259836137285, ""239.0"": 0.0005628810882740564, ""240.0"": 0.0005215338969068705, ""241.0"": 0.0004829831339413301, ""242.0"": 0.00044603033006244426, ""243.0"": 0.0004118739545852038, ""244.0"": 0.00037911579330878603, ""245.0"": 0.0003489543155481819, ""246.0"": 0.0003199913071025686, ""247.0"": 0.0002934252372869371, ""248.0"": 0.00026805763678629653, ""249.0"": 0.0002448872300298059, ""250.0"": 0.0002227155477024744, ""251.0"": 0.000202541314233461, ""252.0"": 0.00018336580519360673, ""253.0"": 0.00016598800012623878, ""254.0"": 0.00014940917460219808, ""255.0"": 0.0001346280530506437, ""256.0"": 0.00012044616615658481, ""257.0"": 0.00010786223834918043, ""258.0"": 9.587754519927149e-05, ""259.0"": 8.529106625018526e-05, ""260.0"": 7.530382195859448e-05, ""261.0"": 6.65150469819946e-05, ""262.0"": 5.812576177705834e-05, ""263.0"": 5.0934945887112977e-05, ""264.0"": 4.414361976883125e-05, ""265.0"": 3.8351018079708594e-05, ""266.0"": 3.275816127641776e-05, ""267.0"": 2.8164028902286e-05, ""268.0"": 2.3769641413986058e-05, ""269.0"": 2.0174233469013376e-05, ""270.0"": 1.677857040987251e-05, ""271.0"": 1.3982142008227093e-05, ""272.0"": 1.138545849241349e-05, ""273.0"": 9.388009634095334e-06, ""274.0"": 7.390560775777177e-06, ""275.0"": 5.992346574954468e-06, ""276.0"": 4.594132374131759e-06, ""277.0"": 3.595407944972681e-06, ""278.0"": 2.5966835158136028e-06, ""279.0"": 1.997448858318156e-06, ""280.0"": 1.3982142008227092e-06, ""281.0"": 9.98724429159078e-07, ""282.0"": 5.992346574954468e-07, ""283.0"": 3.994897716636312e-07, ""284.0"": 1.997448858318156e-07, ""285.0"": 1.997448858318156e-07}"
PB-S06,range,exact,40.000000000000014,102.85714285714288,"{""4.0"": 1.0985968720749857e-05, ""5.0"": 4.314489533967217e-05, ""6.0"": 0.00010586478949086227, ""7.0"": 0.00020773468126508823, ""8.0"": 0.00035654462120979084, ""9.0"": 0.0005592856803290837, ""10.0"": 0.000822149950083753, ""11.0"": 0.0011505305423912579, ""12.0"": 0.00154902158962573, ""13.0"": 0.002021418244617974, ""14.0"": 0.0025707166806554667, ""15.0"": 0.003199114091482359, ""16.0"": 0.003908008691299473, ""17.0"": 0.004697999714764303, ""18.0"": 0.005568887416991019, ""19.0"": 0.006519673073550461, ""20.0"": 0.007548558980470144, ""21.0"": 0.008652948454234251, ""22.0"": 0.009829445831783646, ""23.0"": 0.011073856470515857, ""24.0"": 0.01238118674828509, ""25.0"": 0.013745644063402222, ""26.0"": 0.015160636834634804, ""27.0"": 0.016618774501207058, ""28.0"": 0.01811186752279988, ""29.0"": 0.019630927379550838, ""30.0"": 0.02116616657205417, ""31.0"": 0.0227069986213608, ""32.0"": 0.0242420380689783, ""33.0"": 0.025759100476870942, ""34.0"": 0.027245202427459647, ""35.0"": 0.02868656152362203, ""36.0"": 0.030068596388692363, ""37.0"": 0.03137592666646159, ""38.0"": 0.03259237302117735, ""39.0"": 0.03370095713754393, ""40.0"": 0.03468390172072229, ""41.0"": 0.03552263049633009, ""42.0"": 0.03619776821044162, ""43.0"": 0.03668914062958789, ""44.0"": 0.03697577454075655, ""45.0"": 0.03703589775139192, ""46.0"": 0.03684693908939502, ""47.0"": 0.03638552840312353, ""48.0"": 0.03562749656139179, ""49.0"": 0.03454787545347083, ""50.0"": 0.033120897989088335, ""51.0"": 0.031319998098428684, ""52.0"": 0.02911781073213292, ""53.0"": 0.02648617186129875, ""54.0"": 0.023396118477480563, ""55.0"": 0.019817888592689417, ""56.0"": 0.015720921239393046, ""57.0"": 0.011073856470515857, ""58.0"": 0.0058445353594389245}"
PB-S06,odd_count,exact,2.542372881355932,1.1634587762137316,"{""0.0"": 0.023720703916957263, ""1.0"": 0.14232422350174356, ""2.0"": 0.3174924985808126, ""3.0"": 0.3292514800097316, ""4.0"": 0.1587462492904063, ""5.0"": 0.028464844700348716}"
PB-S06,adjacent_overlap,exact,0.423728813559322,0.3610734133077098,"{""0.0"": 0.6316951988919751, ""1.0"": 0.31584759944598756, ""2.0"": 0.04954472148172354, ""3.0"": 0.0028583493162532814, ""4.0"": 5.3931119174590216e-05, ""5.0"": 1.997448858318156e-07}"
PB-S06,has_consecutive_pair,exact,0.30513528121882727,0.21202774137433444,"{""0.0"": 0.6948647187811727, ""1.0"": 0.30513528121882727}"
PB-S06,adjacent_pair_count,simulated,0.33884,0.2935674543999999,"{""0.0"": 0.6948, ""1.0"": 0.27269, ""2.0"": 0.03138, ""3.0"": 0.00113}"
PB-S06,min_spacing,simulated,2.89904,3.9526570784,"{""1.0"": 0.3052, ""2.0"": 0.22622, ""3.0"": 0.162915, ""4.0"": 0.11332, ""5.0"": 0.078485, ""6.0"": 0.049465, ""7.0"": 0.030565, ""8.0"": 0.018085, ""9.0"": 0.009025, ""10.0"": 0.004285, ""11.0"": 0.001865, ""12.0"": 0.000485, ""13.0"": 7.5e-05, ""14.0"": 1e-05}"
PB-S06,max_spacing,simulated,20.287385,54.145904861775,"{""2.0"": 0.00017, ""3.0"": 0.000585, ""4.0"": 0.001625, ""5.0"": 0.00321, ""6.0"": 0.00578, ""7.0"": 0.00876, ""8.0"": 0.01334, ""9.0"": 0.017335, ""10.0"": 0.023285, ""11.0"": 0.02863, ""12.0"": 0.03376, ""13.0"": 0.03981, ""14.0"": 0.045435, ""15.0"": 0.050345, ""16.0"": 0.054925, ""17.0"": 0.057035, ""18.0"": 0.056925, ""19.0"": 0.056875, ""20.0"": 0.054725, ""21.0"": 0.052345, ""22.0"": 0.049885, ""23.0"": 0.045405, ""24.0"": 0.041705, ""25.0"": 0.036365, ""26.0"": 0.03163, ""27.0"": 0.02919, ""28.0"": 0.02487, ""29.0"": 0.021995, ""30.0"": 0.01913, ""31.0"": 0.01665, ""32.0"": 0.013975, ""33.0"": 0.01179, ""34.0"": 0.01004, ""35.0"": 0.008425, ""36.0"": 0.006755, ""37.0"": 0.005795, ""38.0"": 0.005075, ""39.0"": 0.00382, ""40.0"": 0.003205, ""41.0"": 0.00236, ""42.0"": 0.00202, ""43.0"": 0.001325, ""44.0"": 0.001035, ""45.0"": 0.000875, ""46.0"": 0.00061, ""47.0"": 0.00042, ""48.0"": 0.00028, ""49.0"": 0.000245, ""50.0"": 0.00012, ""51.0"": 5.5e-05, ""52.0"": 3.5e-05, ""53.0"": 1e-05, ""54.0"": 5e-06}"
PB-S06,consecutive_run_count,simulated,0.32145999999999997,0.2506434684,"{""0.0"": 0.6948, ""1.0"": 0.28894, ""2.0"": 0.01626}"
PB-S07,draw_sum,exact,175.0,1866.6666666666665,"{""15.0"": 8.89797431386163e-08, ""16.0"": 8.89797431386163e-08, ""17.0"": 1.779594862772326e-07, ""18.0"": 2.6693922941584886e-07, ""19.0"": 4.4489871569308144e-07, ""20.0"": 6.22858201970314e-07, ""21.0"": 8.897974313861629e-07, ""22.0"": 1.1567366608020117e-06, ""23.0"": 1.6016353764950933e-06, ""24.0"": 2.0465340921881745e-06, ""25.0"": 2.6693922941584888e-06, ""26.0"": 3.292250496128803e-06, ""27.0"": 4.182047927514965e-06, ""28.0"": 5.071845358901129e-06, ""29.0"": 6.228582019703141e-06, ""30.0"": 7.474298423643768e-06, ""31.0"": 8.986954057000245e-06, ""32.0"": 1.0588589433495339e-05, ""33.0"": 1.2546143782544898e-05, ""34.0"": 1.4592677874733071e-05, ""35.0"": 1.7084110682614327e-05, ""36.0"": 1.9664523233634202e-05, ""37.0"": 2.2689834500347153e-05, ""38.0"": 2.589310525333734e-05, ""39.0"": 2.9630254465159226e-05, ""40.0"": 3.354536316325834e-05, ""41.0"": 3.7994350320189154e-05, ""42.0"": 4.271027670653582e-05, ""43.0"": 4.80490612948528e-05, ""44.0"": 5.3654785112585626e-05, ""45.0"": 5.997234687542738e-05, ""46.0"": 6.655684786768499e-05, ""47.0"": 7.394216654819013e-05, ""48.0"": 8.168340420124975e-05, ""49.0"": 9.022545954255692e-05, ""50.0"": 9.921241359955716e-05, ""51.0"": 0.00010908916508794357, ""52.0"": 0.00011941081529202306, ""53.0"": 0.00013071124267062734, ""54.0"": 0.0001425455485080633, ""55.0"": 0.00015544761126316266, ""56.0"": 0.0001688835524770937, ""57.0"": 0.0001834762303518268, ""58.0"": 0.00019869176642853018, ""59.0"": 0.00021515301890917419, ""60.0"": 0.00023232610933492714, ""61.0"": 0.0002507449161646207, ""62.0"": 0.00026996454068256185, ""63.0"": 0.0002906078410907208, ""64.0"": 0.00031205195918712733, ""65.0"": 0.00033500873291689035, ""66.0"": 0.0003588553040780395, ""67.0"": 0.00038430351061568375, ""68.0"": 0.0004107304943278528, ""69.0"": 0.00043884809315965554, ""70.0"": 0.0004680334489091217, ""71.0"": 0.0004989983995213602, ""72.0"": 0.0005311200867944006, ""73.0"": 0.0005651103486733521, ""74.0"": 0.0006003463269562442, ""75.0"": 0.0006376288393313244, ""76.0"": 0.0006761570681103452, ""77.0"": 0.0007168208107246928, ""78.0"": 0.0007589082292292584, ""79.0"": 0.0008032201413122892, ""80.0"": 0.0008489557292855381, ""81.0"": 0.0008970047905803908, ""82.0"": 0.0009465665075086001, ""83.0"": 0.0009985306775015521, ""84.0"": 0.0010520075031278603, ""85.0"": 0.0011079757615620502, ""86.0"": 0.0011654566756295962, ""87.0"": 0.0012255180022481623, ""88.0"": 0.0012870919845000847, ""89.0"": 0.001351246379303027, ""90.0"": 0.0014170024094824645, ""91.0"": 0.0014853388522129219, ""92.0"": 0.0015551879505767356, ""93.0"": 0.0016277064412347079, ""94.0"": 0.0017017375875260365, ""95.0"": 0.0017784381261115238, ""96.0"": 0.001856562340587229, ""97.0"": 0.0019373559473570925, ""98.0"": 0.002019573230017174, ""99.0"": 0.0021044599049714137, ""100.0"": 0.002190681276072733, ""101.0"": 0.0022794830597250722, ""102.0"": 0.0023696195395244905, ""103.0"": 0.0024623364318749285, ""104.0"": 0.0025562100608861687, ""105.0"": 0.002652664102448429, ""106.0"": 0.0027501859009283524, ""107.0"": 0.002850199132216157, ""108.0"": 0.0029511911406784864, ""109.0"": 0.0030545856022055587, ""110.0"": 0.003158869861164017, ""111.0"": 0.0032654675934440792, ""112.0"": 0.0033727771636692504, ""113.0"": 0.0034823112274728874, ""114.0"": 0.0035924681494784944, ""115.0"": 0.003704760585319428, ""116.0"": 0.003817408940132916, ""117.0"": 0.003932103829038592, ""118.0"": 0.004047065657173685, ""119.0"": 0.004163896059914688, ""120.0"": 0.00428081544239883, ""121.0"": 0.004399425440002606, ""122.0"": 0.004517946457863242, ""123.0"": 0.004638069111100374, ""124.0"": 0.004757835845364952, ""125.0"": 0.004879026255519748, ""126.0"": 0.004999682787215711, ""127.0"": 0.0051215850353156156, ""128.0"": 0.005242686465727272, ""129.0"": 0.005364855653056592, ""130.0"": 0.005486046063211387, ""131.0"": 0.00560803729105443, ""132.0"": 0.0057287828024935325, ""133.0"": 0.005850151172134606, ""134.0"": 0.005970006886142322, ""135.0"": 0.0060903074988657305, ""136.0"": 0.006208739536983229, ""137.0"": 0.006327349534587004, ""138.0"": 0.006443912998098592, ""139.0"": 0.00656038748186704, ""140.0"": 0.006674459512570747, ""141.0"": 0.006788175624301898, ""142.0"": 0.0068992223437388915, ""143.0"": 0.007009646204973914, ""144.0"": 0.0071170447549422245, ""145.0"": 0.007223553507479148, ""146.0"": 0.007326770009519943, ""147.0"": 0.0074288297748999355, ""148.0"": 0.007527330350554384, ""149.0"": 0.0076244072503186145, ""150.0"": 0.0077177470008710225, ""151.0"": 0.007809396136303798, ""152.0"": 0.007897041183295334, ""153.0"": 0.00798281765568096, ""154.0"": 0.008064412080139072, ""155.0"": 0.008143959970504995, ""156.0"": 0.008219058873713986, ""157.0"": 0.008291933283344514, ""158.0"": 0.008360269726074971, ""159.0"": 0.008426203715740686, ""160.0"": 0.008487421779020054, ""161.0"": 0.008546059429748402, ""162.0"": 0.008599892174347265, ""163.0"": 0.00865105552665197, ""164.0"": 0.00869723601334091, ""165.0"": 0.008740658127992556, ""166.0"": 0.0087790083972853, ""167.0"": 0.008814511314797607, ""168.0"": 0.008844853407207875, ""169.0"": 0.00887225916809457, ""170.0"": 0.008894504103879224, ""171.0"": 0.008913723728397164, ""172.0"": 0.008927693548069927, ""173.0"": 0.008938638056475977, ""174.0"": 0.008944332760036849, ""175.0"": 0.008947002152331006, ""176.0"": 0.008944332760036849, ""177.0"": 0.008938638056475977, ""178.0"": 0.008927693548069927, ""179.0"": 0.008913723728397164, ""180.0"": 0.008894504103879224, ""181.0"": 0.00887225916809457, ""182.0"": 0.008844853407207875, ""183.0"": 0.008814511314797607, ""184.0"": 0.0087790083972853, ""185.0"": 0.008740658127992556, ""186.0"": 0.00869723601334091, ""187.0"": 0.00865105552665197, ""188.0"": 0.008599892174347265, ""189.0"": 0.008546059429748402, ""190.0"": 0.008487421779020054, ""191.0"": 0.008426203715740686, ""192.0"": 0.008360269726074971, ""193.0"": 0.008291933283344514, ""194.0"": 0.008219058873713986, ""195.0"": 0.008143959970504995, ""196.0"": 0.008064412080139072, ""197.0"": 0.00798281765568096, ""198.0"": 0.007897041183295334, ""199.0"": 0.007809396136303798, ""200.0"": 0.0077177470008710225, ""201.0"": 0.0076244072503186145, ""202.0"": 0.007527330350554384, ""203.0"": 0.0074288297748999355, ""204.0"": 0.007326770009519943, ""205.0"": 0.007223553507479148, ""206.0"": 0.0071170447549422245, ""207.0"": 0.007009646204973914, ""208.0"": 0.0068992223437388915, ""209.0"": 0.006788175624301898, ""210.0"": 0.006674459512570747, ""211.0"": 0.00656038748186704, ""212.0"": 0.006443912998098592, ""213.0"": 0.006327349534587004, ""214.0"": 0.006208739536983229, ""215.0"": 0.0060903074988657305, ""216.0"": 0.005970006886142322, ""217.0"": 0.005850151172134606, ""218.0"": 0.0057287828024935325, ""219.0"": 0.00560803729105443, ""220.0"": 0.005486046063211387, ""221.0"": 0.005364855653056592, ""222.0"": 0.005242686465727272, ""223.0"": 0.0051215850353156156, ""224.0"": 0.004999682787215711, ""225.0"": 0.004879026255519748, ""226.0"": 0.004757835845364952, ""227.0"": 0.004638069111100374, ""228.0"": 0.004517946457863242, ""229.0"": 0.004399425440002606, ""230.0"": 0.00428081544239883, ""231.0"": 0.004163896059914688, ""232.0"": 0.004047065657173685, ""233.0"": 0.003932103829038592, ""234.0"": 0.003817408940132916, ""235.0"": 0.003704760585319428, ""236.0"": 0.0035924681494784944, ""237.0"": 0.0034823112274728874, ""238.0"": 0.0033727771636692504, ""239.0"": 0.0032654675934440792, ""240.0"": 0.003158869861164017, ""241.0"": 0.0030545856022055587, ""242.0"": 0.0029511911406784864, ""243.0"": 0.002850199132216157, ""244.0"": 0.0027501859009283524, ""245.0"": 0.002652664102448429, ""246.0"": 0.0025562100608861687, ""247.0"": 0.0024623364318749285, ""248.0"": 0.0023696195395244905, ""249.0"": 0.0022794830597250722, ""250.0"": 0.002190681276072733, ""251.0"": 0.0021044599049714137, ""252.0"": 0.002019573230017174, ""253.0"": 0.0019373559473570925, ""254.0"": 0.001856562340587229, ""255.0"": 0.0017784381261115238, ""256.0"": 0.0017017375875260365, ""257.0"": 0.0016277064412347079, ""258.0"": 0.0015551879505767356, ""259.0"": 0.0014853388522129219, ""260.0"": 0.0014170024094824645, ""261.0"": 0.001351246379303027, ""262.0"": 0.0012870919845000847, ""263.0"": 0.0012255180022481623, ""264.0"": 0.0011654566756295962, ""265.0"": 0.0011079757615620502, ""266.0"": 0.0010520075031278603, ""267.0"": 0.0009985306775015521, ""268.0"": 0.0009465665075086001, ""269.0"": 0.0008970047905803908, ""270.0"": 0.0008489557292855381, ""271.0"": 0.0008032201413122892, ""272.0"": 0.0007589082292292584, ""273.0"": 0.0007168208107246928, ""274.0"": 0.0006761570681103452, ""275.0"": 0.0006376288393313244, ""276.0"": 0.0006003463269562442, ""277.0"": 0.0005651103486733521, ""278.0"": 0.0005311200867944006, ""279.0"": 0.0004989983995213602, ""280.0"": 0.0004680334489091217, ""281.0"": 0.00043884809315965554, ""282.0"": 0.0004107304943278528, ""283.0"": 0.00038430351061568375, ""284.0"": 0.0003588553040780395, ""285.0"": 0.00033500873291689035, ""286.0"": 0.00031205195918712733, ""287.0"": 0.0002906078410907208, ""288.0"": 0.00026996454068256185, ""289.0"": 0.0002507449161646207, ""290.0"": 0.00023232610933492714, ""291.0"": 0.00021515301890917419, ""292.0"": 0.00019869176642853018, ""293.0"": 0.0001834762303518268, ""294.0"": 0.0001688835524770937, ""295.0"": 0.00015544761126316266, ""296.0"": 0.0001425455485080633, ""297.0"": 0.00013071124267062734, ""298.0"": 0.00011941081529202306, ""299.0"": 0.00010908916508794357, ""300.0"": 9.921241359955716e-05, ""301.0"": 9.022545954255692e-05, ""302.0"": 8.168340420124975e-05, ""303.0"": 7.394216654819013e-05, ""304.0"": 6.655684786768499e-05, ""305.0"": 5.997234687542738e-05, ""306.0"": 5.3654785112585626e-05, ""307.0"": 4.80490612948528e-05, ""308.0"": 4.271027670653582e-05, ""309.0"": 3.7994350320189154e-05, ""310.0"": 3.354536316325834e-05, ""311.0"": 2.9630254465159226e-05, ""312.0"": 2.589310525333734e-05, ""313.0"": 2.2689834500347153e-05, ""314.0"": 1.9664523233634202e-05, ""315.0"": 1.7084110682614327e-05, ""316.0"": 1.4592677874733071e-05, ""317.0"": 1.2546143782544898e-05, ""318.0"": 1.0588589433495339e-05, ""319.0"": 8.986954057000245e-06, ""320.0"": 7.474298423643768e-06, ""321.0"": 6.228582019703141e-06, ""322.0"": 5.071845358901129e-06, ""323.0"": 4.182047927514965e-06, ""324.0"": 3.292250496128803e-06, ""325.0"": 2.6693922941584888e-06, ""326.0"": 2.0465340921881745e-06, ""327.0"": 1.6016353764950933e-06, ""328.0"": 1.1567366608020117e-06, ""329.0"": 8.897974313861629e-07, ""330.0"": 6.22858201970314e-07, ""331.0"": 4.4489871569308144e-07, ""332.0"": 2.6693922941584886e-07, ""333.0"": 1.779594862772326e-07, ""334.0"": 8.89797431386163e-08, ""335.0"": 8.89797431386163e-08}"
PB-S07,range,exact,46.66666666666667,142.22222222222223,"{""4.0"": 5.783683304010059e-06, ""5.0"": 2.277881424348577e-05, ""6.0"": 5.6057238177328265e-05, ""7.0"": 0.0001103348814918842, ""8.0"": 0.00018997175160094578, ""9.0"": 0.00029897193694575073, ""10.0"": 0.00044098360699498237, ""11.0"": 0.0006192990122447693, ""12.0"": 0.0008368544842186862, ""13.0"": 0.0010962304354677527, ""14.0"": 0.0013996513595704342, ""15.0"": 0.0017489858311326419, ""16.0"": 0.002145746505787732, ""17.0"": 0.0025910901201965063, ""18.0"": 0.003085817492047213, ""19.0"": 0.0036303735200555447, ""20.0"": 0.00422484718396464, ""21.0"": 0.004868971544545083, ""22.0"": 0.005562123743594905, ""23.0"": 0.006303325003939578, ""24.0"": 0.007091240629432025, ""25.0"": 0.007924180004952612, ""26.0"": 0.008800096596409152, ""27.0"": 0.0097165879507369, ""28.0"": 0.010670895695898559, ""29.0"": 0.011659905540884278, ""30.0"": 0.012680147275711654, ""31.0"": 0.013727794771425722, ""32.0"": 0.014798665980098968, ""33.0"": 0.015888222934831324, ""34.0"": 0.01699157174975017, ""35.0"": 0.018103462620010315, ""36.0"": 0.01921828982179404, ""37.0"": 0.020330091712311052, ""38.0"": 0.021432550729798508, ""39.0"": 0.022518993393521012, ""40.0"": 0.023582390303770615, ""41.0"": 0.02461535614186681, ""42.0"": 0.02561014967015654, ""43.0"": 0.02655867373201419, ""44.0"": 0.027452475251841593, ""45.0"": 0.02828274523506802, ""46.0"": 0.0290403187681502, ""47.0"": 0.029715675018572297, ""48.0"": 0.030298937234845925, ""49.0"": 0.03077987274651015, ""50.0"": 0.031147892964131466, ""51.0"": 0.03139205337930383, ""52.0"": 0.031501053564648634, ""53.0"": 0.03146323717381472, ""54.0"": 0.03126659194147838, ""55.0"": 0.03089874968334334, ""56.0"": 0.030346986296140778, ""57.0"": 0.029598221757629325, ""58.0"": 0.02863902012659504, ""59.0"": 0.027455589542851443, ""60.0"": 0.026033782227239493, ""61.0"": 0.024359094481627597, ""62.0"": 0.022416666688911603, ""63.0"": 0.02019128331301481, ""64.0"": 0.017667372898887958, ""65.0"": 0.014829008072509238, ""66.0"": 0.011659905540884278, ""67.0"": 0.008143426092046163, ""68.0"": 0.004262574595055414}"
PB-S07,odd_count,exact,2.536231884057971,1.1762234824616677,"{""0.0"": 0.024759147406778814, ""1.0"": 0.14442835987287642, ""2.0"": 0.3168105958501805, ""3.0"": 0.3267109269704987, ""4.0"": 0.15840529792509025, ""5.0"": 0.028885671974575283}"
PB-S07,adjacent_overlap,exact,0.3623188405797102,0.316295390241793,"{""0.0"": 0.6784271193172976, ""1.0"": 0.2826779663822073, ""2.0"": 0.03707252018127309, ""3.0"": 0.0017938316216745045, ""4.0"": 2.8473517804357212e-05, ""5.0"": 8.89797431386163e-08}"
PB-S07,has_consecutive_pair,exact,0.265037287406261,0.194792523690592,"{""0.0"": 0.734962712593739, ""1.0"": 0.265037287406261}"
PB-S07,adjacent_pair_count,simulated,0.29069,0.2573493239,"{""0.0"": 0.734195, ""1.0"": 0.24161, ""2.0"": 0.02351, ""3.0"": 0.00068, ""4.0"": 5e-06}"
PB-S07,min_spacing,simulated,3.31812,5.5293496656,"{""1.0"": 0.265805, ""2.0"": 0.20429, ""3.0"": 0.15727, ""4.0"": 0.11658, ""5.0"": 0.08575, ""6.0"": 0.061265, ""7.0"": 0.041735, ""8.0"": 0.02802, ""9.0"": 0.01791, ""10.0"": 0.010695, ""11.0"": 0.00585, ""12.0"": 0.003, ""13.0"": 0.001285, ""14.0"": 0.00043, ""15.0"": 0.0001, ""16.0"": 1e-05, ""17.0"": 5e-06}"
PB-S07,max_spacing,simulated,23.749285000000004,74.84337698877499,"{""1.0"": 5e-06, ""2.0"": 9.5e-05, ""3.0"": 0.00036, ""4.0"": 0.0008, ""5.0"": 0.001905, ""6.0"": 0.003255, ""7.0"": 0.00484, ""8.0"": 0.007305, ""9.0"": 0.01037, ""10.0"": 0.01332, ""11.0"": 0.017365, ""12.0"": 0.020465, ""13.0"": 0.02485, ""14.0"": 0.028795, ""15.0"": 0.03285, ""16.0"": 0.037235, ""17.0"": 0.04116, ""18.0"": 0.044005, ""19.0"": 0.04699, ""20.0"": 0.048555, ""21.0"": 0.048715, ""22.0"": 0.04931, ""23.0"": 0.047505, ""24.0"": 0.046505, ""25.0"": 0.043685, ""26.0"": 0.040175, ""27.0"": 0.03804, ""28.0"": 0.03532, ""29.0"": 0.032405, ""30.0"": 0.029195, ""31.0"": 0.026075, ""32.0"": 0.02339, ""33.0"": 0.020775, ""34.0"": 0.01849, ""35.0"": 0.016495, ""36.0"": 0.014795, ""37.0"": 0.012905, ""38.0"": 0.011275, ""39.0"": 0.00981, ""40.0"": 0.008345, ""41.0"": 0.007395, ""42.0"": 0.006175, ""43.0"": 0.005275, ""44.0"": 0.00465, ""45.0"": 0.003655, ""46.0"": 0.003155, ""47.0"": 0.00258, ""48.0"": 0.00212, ""49.0"": 0.00174, ""50.0"": 0.001325, ""51.0"": 0.001195, ""52.0"": 0.00089, ""53.0"": 0.000535, ""54.0"": 0.00043, ""55.0"": 0.00035, ""56.0"": 0.0003, ""57.0"": 0.000225, ""58.0"": 0.000135, ""59.0"": 6e-05, ""60.0"": 4.5e-05, ""61.0"": 1e-05, ""62.0"": 1e-05, ""63.0"": 1e-05}"
PB-S07,consecutive_run_count,simulated,0.277855,0.22475159897500002,"{""0.0"": 0.734195, ""1.0"": 0.253755, ""2.0"": 0.01205}"
